date,price,ticker,vol,momentum,z,regime,position,ema_fast,ema_medium,ema_slow,atr
2024-01-02,112.296875,TY1 COMB Comdty,,,,neutral,0,112.296875,112.296875,112.296875,
2024-01-03,112.515625,TY1 COMB Comdty,,,,neutral,0,112.31770833333333,112.30404713114753,112.30049070247934,0.21875
2024-01-04,111.984375,TY1 COMB Comdty,,,,neutral,0,112.28596230158729,112.29356607766728,112.2952656495458,0.26041666666666663
2024-01-05,111.71875,TY1 COMB Comdty,,,,neutral,0,112.2319420823885,112.2747196488913,112.2857364652558,0.26111111111111107
2024-01-08,112.046875,TY1 COMB Comdty,,,,neutral,0,112.21431664597054,112.26724933253422,112.28178834186315,0.2700462962962963
2024-01-09,111.90625,TY1 COMB Comdty,,,,neutral,0,112.18497696540192,112.25541328884458,112.2755810965431,0.25279012345679014
2024-01-10,111.875,TY1 COMB Comdty,,,,neutral,0,112.15545534964934,112.24294072199721,112.26895992139364,0.22325144032921815
2024-01-11,112.34375,TY1 COMB Comdty,,,,neutral,0,112.17338817349226,112.24624594422681,112.27019612104003,0.2559845816186557
2024-01-12,112.59375,TY1 COMB Comdty,,,,neutral,0,112.21342263315967,112.25763951982593,112.27554411903938,0.255186637402835
2024-01-16,111.84375,TY1 COMB Comdty,,,,neutral,0,112.17821571571588,112.24406937163491,112.26840702616269,0.32116175241579037
2024-01-17,111.421875,TY1 COMB Comdty,,,,neutral,0,112.10618326660008,112.21711217912228,112.25441476126745,0.33459018542701835
2024-01-18,111.203125,TY1 COMB Comdty,,,,neutral,0,112.02017771740007,112.18386669783959,112.23703807099858,0.3191448273700826
2024-01-19,111.125,TY1 COMB Comdty,,,,neutral,0,111.9349226966953,112.1491497569268,112.21865727643662,0.2870088503874049
2024-01-22,111.5,TY1 COMB Comdty,,,,neutral,0,111.89350148748622,112.12786615833905,112.20677864376825,0.2987410036690843
2024-01-23,111.21875,TY1 COMB Comdty,,,,neutral,0,111.82923944105896,112.09805907118039,112.19044759180514,0.2964088698465397
2024-01-24,110.96875,TY1 COMB Comdty,,,,neutral,0,111.74728806572001,112.06103254425643,112.17025424318027,0.2902210205336677
2024-01-25,111.3125,TY1 COMB Comdty,,,,neutral,0,111.7058796785086,112.03649049362507,112.15607648709465,0.29735821779584537
2024-01-26,111.03125,TY1 COMB Comdty,,,,neutral,0,111.64162923293634,112.00353178891605,112.13748431375424,0.29521045542306595
2024-01-29,111.515625,TY1 COMB Comdty,,,,neutral,0,111.62962882979954,111.98753484501715,112.1272056474112,0.3204323946999905
2024-01-30,111.625,TY1 COMB Comdty,,,,neutral,0,111.62918798886625,111.97564845665593,112.11890472761928,0.2922914087399918
2024-01-31,112.328125,TY1 COMB Comdty,,,,neutral,0,111.69575341849804,111.98720506463442,112.12236291393964,0.3470692209079929
2024-02-01,112.890625,TY1 COMB Comdty,,,,neutral,0,111.80955071197442,112.01682539038411,112.13506146081667,0.37579332478692723
2024-02-02,111.65625,TY1 COMB Comdty,,,,neutral,0,111.79495064416733,112.00500324643708,112.12714722179493,0.4902708814820036
2024-02-05,110.78125,TY1 COMB Comdty,,,,neutral,0,111.69840772567521,111.96488018917685,112.10490098672395,0.5415680972844031
2024-02-06,111.28125,TY1 COMB Comdty,,,,neutral,0,111.65867841846804,111.94246608461368,112.0912869208277,0.5360256843131495
2024-02-07,111.1875,TY1 COMB Comdty,,,,neutral,0,111.61380428337584,111.91771309823291,112.07634829403716,0.4770555930713962
2024-02-08,110.75,TY1 COMB Comdty,,,,neutral,0,111.53153720876863,111.87942742288101,112.05442518173903,0.47178151399521007
2024-02-09,110.578125,TY1 COMB Comdty,,,,neutral,0,111.44073604602876,111.83676176967178,112.03002352584254,0.4317939787958487
2024-02-12,110.71875,TY1 COMB Comdty,,,,neutral,0,111.3719754702165,111.80010564607598,112.00834958326662,0.3929714482897355
2024-02-13,109.625,TY1 COMB Comdty,,,,neutral,0,111.2055968540054,111.72879070686037,111.96895537527875,0.4864085885177708
2024-02-14,110.015625,TY1 COMB Comdty,,,,neutral,0,111.09226620124299,111.67262133942232,111.93666892279481,0.47363744338206804
2024-02-15,110.171875,TY1 COMB Comdty,,,,neutral,0,111.00460989636271,111.62341654140846,111.90749877531061,0.4313191175977923
2024-02-16,109.75,TY1 COMB Comdty,,,,neutral,0,110.88512323956625,111.56199304824753,111.87183763852863,0.4300599019180867
2024-02-20,109.9375,TY1 COMB Comdty,,,,neutral,0,110.79487340722662,111.50873098109187,111.83986511557775,0.3977185816623418
2024-02-21,109.625,TY1 COMB Comdty,,,,neutral,0,110.68345689225265,111.44696930958065,111.80325577482441,0.38635610410736293
2024-02-22,109.5,TY1 COMB Comdty,,,,neutral,0,110.57074671203812,111.38313425025014,111.76518543143888,0.3515086235597146
2024-02-23,109.875,TY1 COMB Comdty,,,,neutral,0,110.50448512041544,111.33368722565176,111.73394269703493,0.35464080708508594
2024-02-26,109.609375,TY1 COMB Comdty,,,,neutral,0,110.41923653751874,111.27715239858121,111.69882587559634,0.34277203280707447
2024-02-27,109.53125,TY1 COMB Comdty,,,,neutral,0,110.33466639108839,111.21990969698838,111.66299817517327,0.30748576176613124
2024-02-28,109.8125,TY1 COMB Comdty,,,,neutral,0,110.28493625860378,111.17376511675926,111.6324114284762,0.3039876601973137
2024-02-29,109.921875,TY1 COMB Comdty,,,,neutral,0,110.25035899587961,111.13271953916059,111.6041380990799,0.2780393055043386
2024-03-01,110.5,TY1 COMB Comdty,,,,neutral,0,110.27413432960536,111.11197463623728,111.58588788256618,0.31805073143709345
2024-03-04,110.21875,TY1 COMB Comdty,,,,neutral,0,110.26885963154771,111.08268858259015,111.5632905621932,0.313143967245481
2024-03-05,110.75,TY1 COMB Comdty,,,,neutral,0,110.31468252378127,111.07178076021015,111.5498477429834,0.3422247716127502
2024-03-06,110.921875,TY1 COMB Comdty,,,,neutral,0,110.37251037865926,111.06686581725243,111.53946802822335,0.3195114687310502
2024-03-07,111.078125,TY1 COMB Comdty,,,,neutral,0,110.43971177116791,111.06723497078514,111.53184252362462,0.2977432729002435
2024-03-08,111.140625,TY1 COMB Comdty,,,,neutral,0,110.50646541200906,111.0696412012512,111.52537611827546,0.2663775031802111
2024-03-11,111.015625,TY1 COMB Comdty,,,,neutral,0,110.55495680134153,111.06787017825935,111.51695047995686,0.2475271694228496
2024-03-12,110.609375,TY1 COMB Comdty,,,,neutral,0,110.56013948692805,111.05283754946396,111.50194923235428,0.26869021349980304
2024-03-13,110.40625,TY1 COMB Comdty,,,,neutral,0,110.54548334531586,111.03163795767826,111.48383850124098,0.25994818503316264
2024-03-14,109.734375,TY1 COMB Comdty,,,,neutral,0,110.46823493147626,110.9891047459511,111.45492174915435,0.3148717603620743
2024-03-15,109.609375,TY1 COMB Comdty,,,,neutral,0,110.38643874752614,110.94386770510023,111.42441684420966,0.2895555256471311
2024-03-18,109.359375,TY1 COMB Comdty,,,,neutral,0,110.28862315252366,110.89191712460513,111.39028392116488,0.28428145556084694
2024-03-19,109.671875,TY1 COMB Comdty,,,,neutral,0,110.22988523323569,110.85191574347054,111.36188046792249,0.28804392815273405
2024-03-20,110.4375,TY1 COMB Comdty,,,,neutral,0,110.24965806816562,110.83832834204529,111.34660145192379,0.3517214043990362
2024-03-21,110.390625,TY1 COMB Comdty,,,,neutral,0,110.26308349024508,110.82364954394544,111.33080018825564,0.31107521714583136
2024-03-22,110.75,TY1 COMB Comdty,,,,neutral,0,110.30945649117412,110.82123480479967,111.32120018514398,0.31751518819305385
2024-03-25,110.515625,TY1 COMB Comdty,,,,neutral,0,110.32909158725278,110.81121481119969,111.30788489282756,0.30642982976731337
2024-03-26,110.640625,TY1 COMB Comdty,,,,neutral,0,110.35876143608584,110.80562170263576,111.29685580368992,0.28223918579833823
2024-03-27,110.875,TY1 COMB Comdty,,,,neutral,0,110.40792701360148,110.80789640091,111.28988298048844,0.2758572943585598
2024-03-28,110.796875,TY1 COMB Comdty,0.05978047411304142,-0.013357450953109806,-0.22344170318642237,neutral,0,110.44496967897277,110.80753504350311,111.28173408824898,0.24949298844408518
2024-04-01,109.921875,TY1 COMB Comdty,0.061633779206254825,-0.023052353839744466,-0.37402142358658136,mod_short,-1,110.39515113811822,110.7784970092899,111.25925707852586,0.33289392331820716
2024-04-02,109.71875,TY1 COMB Comdty,0.061048008118211344,-0.020231617134086832,-0.3314050328212347,mod_short,-1,110.33073198210697,110.74375120570662,111.2337941516081,0.3155914002091129
2024-04-03,109.796875,TY1 COMB Comdty,0.060935193480816226,-0.01720279720279716,-0.28231299877981003,mod_short,-1,110.27988846000154,110.71270608420804,111.21004342182945,0.28392921351456457
2024-04-04,110.125,TY1 COMB Comdty,0.06094688312331662,-0.01715241946729884,-0.2814322667263158,mod_short,-1,110.26513717809664,110.69343703226679,111.19210881981576,0.28982198504595597
2024-04-05,109.65625,TY1 COMB Comdty,0.061460009638165114,-0.020106115610164732,-0.3271414327549884,mod_short,-1,110.20714792303981,110.65943090006131,111.16672272362047,0.3136790537064952
2024-04-08,109.265625,TY1 COMB Comdty,0.061815433329234996,-0.023324022346368767,-0.3773171373262525,mod_short,-1,110.11747907322649,110.61373234596094,111.13529962075071,0.32393851321229583
2024-04-09,109.640625,TY1 COMB Comdty,0.06159492236333243,-0.024061196105702343,-0.3906360326874284,mod_short,-1,110.07206439958588,110.58182718707697,111.11059425511847,0.33074671145065637
2024-04-10,108.203125,TY1 COMB Comdty,0.06661872502749333,-0.03899528170968636,-0.5853501653415483,mod_short,-1,109.89407017105388,110.5038369514351,111.06253691205866,0.4783138165905689
2024-04-11,108.109375,TY1 COMB Comdty,0.06543493605243907,-0.033389214864487315,-0.5102658744516759,mod_short,-1,109.72409920238208,110.42533000220772,111.01372431847092,0.4270386410451597
2024-04-12,108.6875,TY1 COMB Comdty,0.06618617215537391,-0.024540737624456632,-0.37078345559623177,mod_short,-1,109.62537546882189,110.36835196934844,110.97527432973588,0.4471834889058051
2024-04-15,107.890625,TY1 COMB Comdty,0.06762469469330573,-0.02978783195166501,-0.4404874888790256,mod_short,-1,109.4601611384579,110.28711501953373,110.9242883904014,0.49380902371836444
2024-04-16,107.671875,TY1 COMB Comdty,0.06769654676593079,-0.03107424071991005,-0.4590225381414667,mod_short,-1,109.28984817289049,110.20136944512278,110.8705294913865,0.45713448722258254
2024-04-17,108.15625,TY1 COMB Comdty,0.06801100006667635,-0.029988789237668123,-0.4409402774296487,mod_short,-1,109.18188644213902,110.13431634856137,110.82566536756194,0.46076655559290486
2024-04-18,107.703125,TY1 COMB Comdty,0.0683080901022742,-0.03161000280977799,-0.4627563552494288,mod_short,-1,109.04105201907817,110.05460515680525,110.77405313008158,0.4597476815138509
2024-04-19,107.90625,TY1 COMB Comdty,0.06838835135934793,-0.027597859757814702,-0.403546206470181,mod_short,-1,108.93297563630881,109.98416728281164,110.72665142545215,0.42553132397867083
2024-04-22,107.859375,TY1 COMB Comdty,0.06798606186833848,-0.031021897810219023,-0.4562979080961609,mod_short,-1,108.83072795666035,109.91450196206371,110.67925842668436,0.37504381411484805
2024-04-23,108.078125,TY1 COMB Comdty,0.0680515024300354,-0.02659724176752043,-0.39083989063820285,mod_short,-1,108.75905148459746,109.8542928813403,110.63626448574743,0.354204638899535
2024-04-24,107.734375,TY1 COMB Comdty,0.06753159907569875,-0.03390780439960772,-0.5021027913406755,mod_short,-1,108.66146324796914,109.78478737703406,110.58829937028054,0.35281068704626367
2024-04-25,107.359375,TY1 COMB Comdty,0.06771391476590662,-0.03821388577827545,-0.5643431768844623,mod_short,-1,108.53745484340065,109.70526565975426,110.5349287195321,0.35576926210676185
2024-04-26,107.578125,TY1 COMB Comdty,0.06639909105174346,-0.04228682709695364,-0.636858523620457,mod_short,-1,108.4460900964101,109.63552334304102,110.48605593077951,0.33750002715919364
2024-04-29,107.953125,TY1 COMB Comdty,0.06591070718752079,-0.04373702422145331,-0.6635799566983598,mod_short,-1,108.39914103960915,109.58036274162983,110.44418930382449,0.3425000235379678
2024-04-30,107.4375,TY1 COMB Comdty,0.06298457444324561,-0.03778337531486142,-0.5998829975251705,mod_short,-1,108.307556178694,109.5101049468223,110.39449195995962,0.3655833537329055
2024-05-01,108.109375,TY1 COMB Comdty,0.06272134482322092,-0.024118476727785665,-0.38453379460793125,mod_short,-1,108.28868178072314,109.46417937479534,110.35672143169583,0.40642223990185145
2024-05-02,108.359375,TY1 COMB Comdty,0.062144598826604676,-0.0262566694748666,-0.42250927627882406,mod_short,-1,108.29541446827332,109.42795628053975,110.3237074410893,0.38556594124827126
2024-05-03,108.859375,TY1 COMB Comdty,0.06299249785833055,-0.020938729623383945,-0.33240037044530163,mod_short,-1,108.34912499510443,109.40931427134173,110.29950359908783,0.40082381574850173
2024-05-06,108.890625,TY1 COMB Comdty,0.06255754324524011,-0.016788939051918694,-0.26837593327637804,mod_short,-1,108.4006964241421,109.39230806572395,110.27621634951613,0.35154730698203485
2024-05-07,109.015625,TY1 COMB Comdty,0.06256676143778846,-0.01413028119259574,-0.22584325715253453,neutral,0,108.45926105041428,109.37995780127399,110.25538012886298,0.3213409993844302
2024-05-08,108.828125,TY1 COMB Comdty,0.06256056767111044,-0.01707592435788885,-0.2729502783232298,mod_short,-1,108.49439095037482,109.36186492254369,110.23178913499748,0.30349553279983954
2024-05-09,109.09375,TY1 COMB Comdty,0.05950673200700098,-0.004846066134549631,-0.08143727560067474,neutral,0,108.55147276462483,109.35307426934553,110.21297857078267,0.29844612842652757
2024-05-10,108.703125,TY1 COMB Comdty,0.05944265533985436,-0.011930123561994077,-0.2006997078745121,neutral,0,108.56591583466056,109.33176445723583,110.18802231341436,0.3107366446363239
2024-05-13,108.828125,TY1 COMB Comdty,0.059413891649939335,-0.012196851510424045,-0.20528619101887258,neutral,0,108.59088813612145,109.31525168814613,110.16554467187032,0.28597175868481406
2024-05-14,109.09375,TY1 COMB Comdty,0.059165972691193995,-0.005979498861047872,-0.10106313796710105,neutral,0,108.63877974220512,109.30798933771511,110.14782905745926,0.2832588575268389
2024-05-15,109.71875,TY1 COMB Comdty,0.0602526379977208,-0.0019897669130187756,-0.03302373106209961,neutral,0,108.7416340524713,109.32145690041297,110.1407368416335,0.32882434318992704
2024-05-16,109.484375,TY1 COMB Comdty,0.060128872430868736,-0.0012827822120866639,-0.02133388104959896,neutral,0,108.81237128556927,109.3267984774486,110.12988788557345,0.3162310974312701
2024-05-17,109.1875,TY1 COMB Comdty,0.0603404046036343,-0.0028538812785388057,-0.04729635635169269,neutral,0,108.84809782980076,109.32223131425357,110.11431122630778,0.3136502844404341
2024-05-20,109.09375,TY1 COMB Comdty,0.05992688142447964,-0.0071103526734925815,-0.1186504704479426,neutral,0,108.87149327458164,109.3147401236223,110.09744244570766,0.2843302465150429
2024-05-21,109.234375,TY1 COMB Comdty,0.059799086396485755,-0.0034212401995723507,-0.05721224864354129,neutral,0,108.9060534389072,109.31210520153633,110.08317686809265,0.26516954697970385
2024-05-22,109.03125,TY1 COMB Comdty,0.059899460606815495,-0.004564907275320995,-0.07620948885141697,neutral,0,108.91797692091603,109.30289683427283,110.06578964713245,0.25689694071574337
2024-05-23,108.71875,TY1 COMB Comdty,0.05991289358079524,-0.009960159362549792,-0.16624400470857026,neutral,0,108.89900292844784,109.28374447905077,110.04352452899803,0.26431068195364427
2024-05-24,108.703125,TY1 COMB Comdty,0.05986449260204193,-0.011087420042643958,-0.18520861967960245,neutral,0,108.88034788764328,109.26470777481958,110.02136916488237,0.2311525910264917
2024-05-28,108.296875,TY1 COMB Comdty,0.05920948057608783,-0.019937782805429904,-0.336732945660765,mod_short,-1,108.82477904120105,109.23297555269434,109.9928651290992,0.2544989122229595
2024-05-29,107.765625,TY1 COMB Comdty,0.059781679790460056,-0.022256875531613263,-0.3723026119310386,mod_short,-1,108.72390722775334,109.18486569850764,109.95605124266781,0.29139905725989823
2024-05-30,108.234375,TY1 COMB Comdty,0.0596149113356062,-0.022714446952595946,-0.38101955439845275,mod_short,-1,108.67728511082444,109.15370206904836,109.92759378411134,0.3150458496252451
2024-05-31,108.484375,TY1 COMB Comdty,0.059739694911460764,-0.021974926045921994,-0.36784463125382005,mod_short,-1,108.65891271931736,109.13175691924349,109.90373892817561,0.30637306967521244
2024-06-03,109.25,TY1 COMB Comdty,0.06154959994908678,-0.016458010972007275,-0.26739428015163674,mod_short,-1,108.71520674604903,109.13563374156337,109.89293332605702,0.3676066603851841
2024-06-04,109.703125,TY1 COMB Comdty,0.06219166871030065,-0.012934064389146682,-0.20797101376063326,neutral,0,108.80929419880627,109.15424001233178,109.8897959983536,0.37900910566715956
2024-06-05,109.984375,TY1 COMB Comdty,0.06241877396821327,-0.009289232934553082,-0.14882113735978889,neutral,0,108.92120665606282,109.18145755291106,109.89135928763703,0.36597455824487163
2024-06-06,110.0625,TY1 COMB Comdty,0.062009874064839474,-0.004944201158355699,-0.07973248184935655,neutral,0,109.02990126024731,109.21034419052052,109.8941880597422,0.32759461714555543
2024-06-07,109.046875,TY1 COMB Comdty,0.06469841113208662,-0.012312482309651873,-0.1903057910419937,neutral,0,109.03151780689043,109.20498454492969,109.88018288520102,0.419332001526148
2024-06-10,108.828125,TY1 COMB Comdty,0.06364449688370781,-0.008258578954862594,-0.129761084763586,neutral,0,109.01214706337706,109.19262849427625,109.86279349866878,0.39258773465599495
2024-06-11,109.28125,TY1 COMB Comdty,0.06421079328539006,-0.002993585174625779,-0.046621214619176995,neutral,0,109.037775914484,109.19553411741472,109.85318120943458,0.40065937003519564
2024-06-12,110.03125,TY1 COMB Comdty,0.06556909113435502,0.006143734819259894,0.09369864234767279,neutral,0,109.13239249405696,109.22293463815522,109.85612449522907,0.4472381206971696
2024-06-13,110.421875,TY1 COMB Comdty,0.06570823839058244,0.006838580994443566,0.10407494040235445,neutral,0,109.25520035176582,109.26224415821571,109.86547574324182,0.43968970460421364
2024-06-14,110.46875,TY1 COMB Comdty,0.06414016186341459,0.00028296547821171636,0.004411673902761372,neutral,0,109.3707765087405,109.30180172679879,109.87544721856014,0.38731441065698513
2024-06-17,110.0625,TY1 COMB Comdty,0.0645798416440114,-0.002972399150743099,-0.04602673334394487,neutral,0,109.43665493647951,109.32674265378898,109.87853900007156,0.38983915590272045
2024-06-18,110.484375,TY1 COMB Comdty,0.06471648449124086,-0.0023984198645597976,-0.03706041642117342,neutral,0,109.53643779967194,109.36469781268114,109.88855281825221,0.39411060178235774
2024-06-20,110.546875,TY1 COMB Comdty,0.06458079324405419,0.00028276544606242737,0.004378475888238814,neutral,0,109.6326699139889,109.40345772046209,109.8994341766282,0.3498958548780434
2024-06-21,110.5,TY1 COMB Comdty,0.06454441436727543,-0.0012710069199265428,-0.019691973850659867,neutral,0,109.71527277932329,109.43940992634856,109.90936088445254,0.3094930742276376
2024-06-24,110.53125,TY1 COMB Comdty,0.0643949691416677,-0.0031003382187148043,-0.048145658892919406,neutral,0,109.7929848955782,109.47520796155024,109.91964004338722,0.2723939976639526
2024-06-25,110.59375,TY1 COMB Comdty,0.06439189227149433,-0.0018333098293611405,-0.02847112834689483,neutral,0,109.86924823885647,109.51188147100761,109.93078235671966,0.24440813130875894
2024-06-26,110.0625,TY1 COMB Comdty,0.06307455979112972,0.0012793176972281106,0.02028262585525049,neutral,0,109.8876531684892,109.52993453753194,109.93295950784827,0.2826537138009244
2024-06-27,110.25,TY1 COMB Comdty,0.06304308516101755,0.004841925377385259,0.07680343316033088,neutral,0,109.92216239053785,109.55354324121942,109.93819984656153,0.26996655196080116
2024-06-28,109.984375,TY1 COMB Comdty,0.063235419176011,0.0017076988757649403,0.027005417185765622,neutral,0,109.92808740096281,109.56766887265483,109.93896307223821,0.26938767836602767
2024-07-01,109.171875,TY1 COMB Comdty,0.06472416056226996,-0.008654937570942156,-0.13372035258171322,neutral,0,109.85606717229969,109.55469202437106,109.92628393054834,0.3418026545838907
2024-07-02,109.46875,TY1 COMB Comdty,0.06440571914467727,-0.0017098888572242288,-0.02654871151090222,neutral,0,109.81917982255686,109.5518742530802,109.91872138624176,0.33581230063937195
2024-07-03,110.046875,TY1 COMB Comdty,0.0648767961546952,0.007150007150007243,0.11020900497241631,neutral,0,109.84086507755144,109.5681037857661,109.92083962779148,0.36812066055412235
2024-07-05,110.609375,TY1 COMB Comdty,0.0653319273267799,0.008835684765569285,0.13524298344015775,neutral,0,109.91405649873703,109.60224382557703,109.93222037774535,0.39403790581357273
2024-07-08,110.59375,TY1 COMB Comdty,0.059202960675975566,0.022093862815884435,0.37318847847503134,mod_long,1,109.97878921314302,109.63475222473843,109.94315475166692,0.3435828517050964
2024-07-09,110.40625,TY1 COMB Comdty,0.05930126742158499,0.021245844775256595,0.35826965761482776,mod_long,1,110.01949976427225,109.66004723376341,109.95080921858153,0.3227718048110836
2024-07-10,110.5,TY1 COMB Comdty,0.05839407544279466,0.016676250718803853,0.2855812099489549,mod_long,1,110.06526169148441,109.68758666872198,109.9598867521587,0.2922355641696058
2024-07-11,111.15625,TY1 COMB Comdty,0.05732689736620386,0.03026792179580018,0.5279881379668759,mod_long,1,110.16916533991446,109.73573956482944,109.97966135129658,0.34077082228032496
2024-07-12,111.1875,TY1 COMB Comdty,0.0570862783313165,0.03265128428384845,0.5719637930212828,mod_long,1,110.26614959325593,109.78333826762191,109.99962562648177,0.29950137930961496
2024-07-15,110.984375,TY1 COMB Comdty,0.05668419343703387,0.026148511990754075,0.46130165051744904,mod_long,1,110.33455201294585,109.82271652114251,110.01590247563084,0.28665119540166634
2024-07-16,111.328125,TY1 COMB Comdty,0.0561083599913004,0.03365733352676625,0.5998630780151981,mod_long,1,110.4291780117129,109.87207417618701,110.03759210413281,0.29426436934811084
2024-07-17,111.4375,TY1 COMB Comdty,0.05604754523619975,0.03272516652186508,0.583882244689794,mod_long,1,110.52520867726406,109.92339961303334,110.06073107761821,0.26961245343502943
2024-07-18,111.21875,TY1 COMB Comdty,0.05624858194952007,0.031145878603505706,0.5537184676310128,mod_long,1,110.59126023181034,109.96587011752405,110.07987188625263,0.2628307929770255
2024-07-19,110.828125,TY1 COMB Comdty,0.05675675225524502,0.025444556888824632,0.44830889502619914,mod_long,1,110.61381878116173,109.9941407694085,110.09223970631457,0.27987002058008875
2024-07-22,110.71875,TY1 COMB Comdty,0.05633801536342069,0.027701232777374907,0.49169699356077856,mod_long,1,110.6238122305749,110.01789844910002,110.10259524835897,0.2571373511694102
2024-07-23,110.875,TY1 COMB Comdty,0.05576496467206635,0.03274632513462383,0.5872204049118145,mod_long,1,110.64773487528205,110.04600013929345,110.11536226904725,0.2436857043468222
2024-07-24,110.671875,TY1 COMB Comdty,0.05588582428606102,0.02875816993464042,0.5145879174553617,mod_long,1,110.650033934779,110.06652062652974,110.12456082658366,0.2382776104339126
2024-07-25,110.796875,TY1 COMB Comdty,0.055551921778708484,0.02634245187436668,0.47419514988702,mod_long,1,110.66401879813338,110.09046667156154,110.13567345754923,0.22317392904272426
2024-07-26,111.203125,TY1 COMB Comdty,0.05485640872363436,0.03504944735311222,0.6389307679562242,mod_long,1,110.71536224593021,110.12694727249394,110.1533172846972,0.2475840718370277
2024-07-29,111.34375,TY1 COMB Comdty,0.053590795642435726,0.029917618152912162,0.5582603839757508,mod_long,1,110.77520869869876,110.16684244388757,110.17299385850387,0.23332286225875734
2024-07-30,111.5625,TY1 COMB Comdty,0.053545188871184035,0.02956020187454933,0.5520608386621547,mod_long,1,110.85018882263222,110.2126017080224,110.19596090216497,0.23137981395758972
2024-07-31,111.8125,TY1 COMB Comdty,0.05298258184206835,0.02712788861776949,0.5120152260347165,mod_long,1,110.94183750619105,110.26505738972658,110.22268055667465,0.23386250542991108
2024-08-01,112.734375,TY1 COMB Comdty,0.05533473264857247,0.03529918209212224,0.6379208934884569,mod_long,1,111.11255536274427,110.3460186228503,110.26419616730813,0.3255975047059229
2024-08-02,114.140625,TY1 COMB Comdty,0.06045857977985073,0.047011609574315605,0.7775837564411884,mod_long,1,111.40094294724481,110.47043194669126,110.32826937115428,0.4696845040784665
2024-08-05,114.078125,TY1 COMB Comdty,0.060299630618732544,0.048241206030150696,0.8000249012332125,mod_long,1,111.65591266655483,110.58871696483253,110.3902504559286,0.41539323686800433
2024-08-06,113.390625,TY1 COMB Comdty,0.061789607273836804,0.03938699513033517,0.6374372142516038,mod_long,1,111.82112336497818,110.68058280205113,110.4398434235992,0.4516741386189371
2024-08-07,112.890625,TY1 COMB Comdty,0.0620548794413253,0.038522351588328396,0.6207787676834085,mod_long,1,111.9229806635517,110.75304320198389,110.480352209986,0.45811758680307885
2024-08-08,112.65625,TY1 COMB Comdty,0.0622928789756708,0.035175879396984966,0.5646854018534496,mod_long,1,111.99281583845155,110.81544342486966,110.5163174627135,0.4282852418960017
2024-08-09,112.953125,TY1 COMB Comdty,0.062318905629873404,0.03537668289888285,0.5676717609419085,mod_long,1,112.08427385383712,110.88553134536572,110.55659527324717,0.4107638763098681
2024-08-12,113.234375,TY1 COMB Comdty,0.06152592247937295,0.032042153232697324,0.5207911062762157,mod_long,1,112.19380729632883,110.96254261273077,110.60085609517698,0.39349535946855235
2024-08-13,113.625,TY1 COMB Comdty,0.06155579594397853,0.037819323533609284,0.6143909432676067,mod_long,1,112.33011136334513,111.04983629755927,110.65084194484348,0.3931126448727454
2024-08-14,113.765625,TY1 COMB Comdty,0.06117201921381568,0.041929021179164305,0.6854281045163644,mod_long,1,112.46682694778845,111.1388785500983,110.70232596228409,0.3594476255563793
2024-08-15,112.953125,TY1 COMB Comdty,0.06317485147765345,0.03537668289888285,0.559980468041092,mod_long,1,112.51314104799908,111.198362040259,110.7395292521637,0.4198546088155288
2024-08-16,113.109375,TY1 COMB Comdty,0.0631796197036383,0.0354741810899728,0.5614813963169513,mod_long,1,112.56992523390393,111.26101820287346,110.77870025626018,0.38470732764012494
2024-08-19,113.21875,TY1 COMB Comdty,0.0629769810067195,0.03840642017770124,0.6098485440831685,mod_long,1,112.63171806877023,111.32520613064808,110.81903165698316,0.34799635062144163
2024-08-20,113.5625,TY1 COMB Comdty,0.06273624591403232,0.04455303248059783,0.7101641456463461,mod_long,1,112.72036396698259,111.39856002800389,110.86437824116526,0.34743017053858277
2024-08-21,113.890625,TY1 COMB Comdty,0.06286272888108274,0.04772171913180978,0.7591417041739443,mod_long,1,112.83181739869853,111.48026707626605,110.91439884874931,0.3448561478001051
2024-08-22,113.296875,TY1 COMB Comdty,0.06338687536942424,0.0461693839272832,0.7283745043150338,mod_long,1,112.87610859882248,111.5398279917983,110.95377861984437,0.3780419947600911
2024-08-23,113.703125,TY1 COMB Comdty,0.06252794854986862,0.05509641873278226,0.8811486704835773,mod_long,1,112.9548720656013,111.61075576255902,110.99922236166513,0.38180306212541226
2024-08-26,113.59375,TY1 COMB Comdty,0.06222378721899885,0.049516385159520615,0.7957790319841176,mod_long,1,113.01571758316308,111.67577196706529,111.04210711601779,0.3454793205086906
2024-08-27,113.515625,TY1 COMB Comdty,0.062219129357835225,0.0463776465504826,0.7453920848643679,mod_long,1,113.06332781333802,111.73609501732544,111.08299170914147,0.3098320777741986
2024-08-28,113.53125,TY1 COMB Comdty,0.060829925905421196,0.039187643020595075,0.6442165174017194,mod_long,1,113.10789183111535,111.794952557741,111.12345878832922,0.27060446740430544
2024-08-29,113.3125,TY1 COMB Comdty,0.06061075001290423,0.032901296111665035,0.5428293843032834,mod_long,1,113.12737832339009,111.84470821158556,111.15964128769569,0.2636905384170647
2024-08-30,113.046875,TY1 COMB Comdty,0.06074760952630627,0.027844864327319252,0.45836971272525967,mod_long,1,113.11971134021009,111.88412351612374,111.19083523335362,0.2639484666281227
2024-09-03,113.484375,TY1 COMB Comdty,0.06114593788131524,0.03109028960817728,0.5084604257526278,mod_long,1,113.15444121257103,111.93659077789017,111.22874498156266,0.28708867107770636
2024-09-04,114.03125,TY1 COMB Comdty,0.058293674253120834,0.045708554234130894,0.7841083071150524,mod_long,1,113.23794681137379,112.00526812943475,111.27506737856163,0.32172684826734554
2024-09-05,114.234375,TY1 COMB Comdty,0.058044579838274254,0.04967695620961954,0.8558414299497237,mod_long,1,113.33284473410009,112.07835360060082,111.3239815541226,0.30591326849836614
2024-09-06,114.515625,TY1 COMB Comdty,0.05772917221042339,0.04789819845581933,0.8297052706945102,mod_long,1,113.44549047370961,112.15826413828604,111.37673599124454,0.302624832698584
2024-09-09,114.515625,TY1 COMB Comdty,0.05634040027539436,0.040755467196819106,0.7233790849480051,mod_long,1,113.54740804764204,112.23555465834224,111.42861845419918,0.26227485500543946
2024-09-10,114.921875,TY1 COMB Comdty,0.05633983828091331,0.04075279467949633,0.723338865054969,mod_long,1,113.67830966215233,112.3236307351179,111.48635823181573,0.28147154100471417
2024-09-11,114.78125,TY1 COMB Comdty,0.05647187808138575,0.03903818953323901,0.6912854833157527,mod_long,1,113.78335159909021,112.40420841593371,111.54081925277745,0.2626920022040856
2024-09-12,114.6875,TY1 COMB Comdty,0.05583745738160108,0.042021578648495206,0.7525697017561849,mod_long,1,113.86946097060543,112.47907043508343,111.59283050479766,0.24016640191020755
2024-09-13,114.921875,TY1 COMB Comdty,0.055527123515730116,0.040164050346485736,0.7233230861510012,mod_long,1,113.96969087816683,112.55916238803151,111.64785603364399,0.23939421498884655
2024-09-16,115.078125,TY1 COMB Comdty,0.05554504502953032,0.040989399293286155,0.7379487994202596,mod_long,1,114.07525603262714,112.64175132612883,111.70455469424493,0.22830831965700035
2024-09-17,114.921875,TY1 COMB Comdty,0.05565686206879731,0.040016968325791824,0.7189943313068378,mod_long,1,114.15588641047218,112.7165094793705,111.75773354227395,0.21870054370273365
2024-09-18,114.640625,TY1 COMB Comdty,0.0560160042444399,0.03717839977381954,0.6637103141377642,mod_long,1,114.20205199042721,112.77959523414523,111.80538464074877,0.22704047120903584
2024-09-19,114.328125,TY1 COMB Comdty,0.0564329355454558,0.03376660073467086,0.5983491804616901,mod_long,1,114.21405894371986,112.83036670187818,111.847082828505,0.23843507504783107
2024-09-20,114.84375,TY1 COMB Comdty,0.05587737722269376,0.04344122657580929,0.7774385401569329,mod_long,1,114.27402952050845,112.89637926902971,111.89661451729005,0.27539373170812026
2024-09-23,114.765625,TY1 COMB Comdty,0.055910813746215024,0.04095804988662133,0.7325604322722642,mod_long,1,114.32084813760288,112.95766601430742,111.9440361781613,0.24909123414703754
2024-09-24,114.84375,TY1 COMB Comdty,0.05554006880875941,0.04418241227447073,0.795505177111026,mod_long,1,114.37064831497403,113.01950483351045,111.99196533224129,0.22629573626076588
2024-09-25,114.546875,TY1 COMB Comdty,0.05337308692823534,0.049234292257048784,0.9224554001017119,mod_long,1,114.38743180878603,113.06958254388717,112.03419524410508,0.23570630475933044
2024-09-26,114.40625,TY1 COMB Comdty,0.0533819781754136,0.04510419640308316,0.8449330269266234,mod_long,1,114.38922401747307,113.11340770638266,112.07340276073144,0.22302879745808638
2024-09-27,114.734375,TY1 COMB Comdty,0.05273048872131452,0.04259548487860276,0.8077961329682305,mod_long,1,114.42209553961848,113.16655417502585,112.11738577295075,0.23704162446367488
2024-09-30,114.28125,TY1 COMB Comdty,0.05276300031240988,0.033196779206102534,0.6291677692614959,mod_long,1,114.40868167870244,113.20310157912336,112.15315212381107,0.26585274120185154
2024-10-01,114.6875,TY1 COMB Comdty,0.053098865329618335,0.03701610624470186,0.6971167088961208,mod_long,1,114.4352358045403,113.25177037980784,112.19504217135139,0.2845723757082713
2024-10-02,114.421875,TY1 COMB Comdty,0.053229115456093046,0.03637135578828188,0.6832981438191176,mod_long,1,114.43396334696503,113.29013446571577,112.23184932554393,0.2820460589471685
2024-10-03,113.90625,TY1 COMB Comdty,0.05424438747996521,0.03082579185520351,0.5682761532995244,mod_long,1,114.38370493296836,113.31033497503655,112.25952536974984,0.3131899177542127
2024-10-04,112.84375,TY1 COMB Comdty,0.056688613394499876,0.015181332583637852,0.267802150636318,mod_long,1,114.23704255839995,113.29503710700256,112.26918197520853,0.41309792872031764
2024-10-07,112.484375,TY1 COMB Comdty,0.05712571683261929,0.011663856098931946,0.20417872624876685,neutral,0,114.07012183855234,113.26845802152705,112.27273888470921,0.40593487155760866
2024-10-08,112.46875,TY1 COMB Comdty,0.05697449785431536,0.01337463043784326,0.23474766679019074,neutral,0,113.91761023488068,113.24223808639502,112.27597873785453,0.3538935553499275
2024-10-09,112.203125,TY1 COMB Comdty,0.05689854660048888,0.007859649122807122,0.13813444441724265,neutral,0,113.75432592679681,113.20816880487386,112.27477454384041,0.3421244146366038
2024-10-10,112.078125,TY1 COMB Comdty,0.05692767419681098,0.005748738081884364,0.10098318898484704,neutral,0,113.59468774329235,113.17111818832062,112.2715241381571,0.31317449268505665
2024-10-11,112.25,TY1 COMB Comdty,0.05683690527476711,0.009272267490868291,0.16313814846257538,neutral,0,113.46662224393118,113.14091759198223,112.27116836727848,0.2943345603270491
2024-10-14,111.859375,TY1 COMB Comdty,0.05682803828225984,0.009304948540814983,0.16373868995086768,neutral,0,113.3135510778425,113.09889980208116,112.26436186533999,0.30717328561677587
2024-10-15,112.4375,TY1 COMB Comdty,0.05769064688278797,0.015523567598080712,0.26908291788824046,mod_long,1,113.2301176418575,113.07721456266866,112.26722365268975,0.34330018086787245
2024-10-16,112.53125,TY1 COMB Comdty,0.05765369518516562,0.014937993235625724,0.2590986265086664,mod_long,1,113.16355881882345,113.05931408520411,112.27158772454612,0.3100268234188228
2024-10-17,112.046875,TY1 COMB Comdty,0.05825520807132371,0.01242411407595645,0.21327044374719614,neutral,0,113.0572079789355,113.02611936109906,112.26787346463628,0.3332732469629798
2024-10-18,112.21875,TY1 COMB Comdty,0.05828829289339676,0.012833168805528095,0.22016717540516462,neutral,0,112.9773548380845,112.99964823450564,112.26706150654313,0.31175348070124914
2024-10-21,111.515625,TY1 COMB Comdty,0.05932416454935878,0.002810172825628676,0.04736978340909566,neutral,0,112.83814247255263,112.95099173501364,112.25464106841847,0.3639363499410826
2024-10-22,111.34375,TY1 COMB Comdty,0.05935821307838848,0.0,0.0,neutral,0,112.69581937992858,112.89829528468532,112.23958501770082,0.3383281699489382
2024-10-23,111.03125,TY1 COMB Comdty,0.059491307672247286,-0.004761904761904745,-0.08004370635352794,neutral,0,112.53728896279252,112.83708068518743,112.2196125380694,0.3348844139557465
2024-10-24,111.28125,TY1 COMB Comdty,0.05949309264245857,-0.004751257685858046,-0.0798623415731998,neutral,0,112.41766620443133,112.78606984305014,112.20410241347322,0.3235664920949803
2024-10-25,111.0625,TY1 COMB Comdty,0.05702496190710636,-0.01483021483021485,-0.2600653176125442,mod_short,-1,112.28860275639025,112.72955935639276,112.18523295209351,0.3095909598156496
2024-10-28,110.703125,TY1 COMB Comdty,0.0508117534586331,-0.03011635865845308,-0.5927045734206247,mod_short,-1,112.13760487482926,112.66311888569135,112.16073529999281,0.31622883184022965
2024-10-29,110.75,TY1 COMB Comdty,0.050847190654984636,-0.029174085741679234,-0.5737600320858484,mod_short,-1,112.00545202960744,112.60039367632442,112.13741736114996,0.28031498759486567
2024-10-30,110.703125,TY1 COMB Comdty,0.04951981272646161,-0.023701253961692204,-0.47862163963772636,mod_short,-1,111.88142088393055,112.53818814595311,112.11371004939542,0.24918965591555026
2024-10-31,110.46875,TY1 COMB Comdty,0.04894554994567705,-0.02145328719723183,-0.43830924815518635,mod_short,-1,111.74688079974668,112.47033771493825,112.08652062709137,0.24721436846014355
2024-11-01,110.03125,TY1 COMB Comdty,0.049378689467325175,-0.023300970873786353,-0.47188313673664933,mod_short,-1,111.583487390247,112.39036762592389,112.05254921176756,0.2725857859987911
2024-11-04,110.359375,TY1 COMB Comdty,0.04947442750424399,-0.022963065430903318,-0.4641400939694252,mod_short,-1,111.46690525784253,112.32377770376243,112.02456286115982,0.2799910145322856
2024-11-05,110.40625,TY1 COMB Comdty,0.04914224090381784,-0.024975852076721372,-0.5082359212231409,mod_short,-1,111.36589047138133,112.26090794298334,111.99781388824809,0.2489088792613142
2024-11-06,109.546875,TY1 COMB Comdty,0.050733956702240436,-0.03589108910891092,-0.7074372164496674,mod_short,-1,111.19265090267834,112.17192325632814,111.95730250166548,0.3303043620264723
2024-11-07,110.1875,TY1 COMB Comdty,0.05230424129136832,-0.0314517236643318,-0.6013226248541764,mod_short,-1,111.0969222452804,112.10686019874362,111.92804956775366,0.37168044708960934
2024-11-08,110.28125,TY1 COMB Comdty,0.050521389153739035,-0.023654724028219665,-0.4682120666998525,mod_short,-1,111.0192391743013,112.04700412665366,111.90082974018749,0.33462305414432814
2024-11-11,109.90625,TY1 COMB Comdty,0.05075330332322741,-0.02831882856748169,-0.5579701558956752,mod_short,-1,110.91324020532022,111.97681546676337,111.8678614800191,0.34000664692508437
2024-11-12,109.421875,TY1 COMB Comdty,0.05129389389437247,-0.03353574385868063,-0.6537960235138219,mod_short,-1,110.77120542386115,111.89304692686949,111.82743195142375,0.3592557606684065
2024-11-13,109.421875,TY1 COMB Comdty,0.05075851542480273,-0.036461199779856956,-0.7183267570910967,mod_short,-1,110.6426977644458,111.81202489648032,111.78767067949939,0.3113549925792856
2024-11-14,109.546875,TY1 COMB Comdty,0.05036829480145623,-0.03813966250514478,-0.7572156781460487,mod_short,-1,110.53833369164143,111.73775768675965,111.75063273438369,0.2865076602353809
2024-11-15,109.53125,TY1 COMB Comdty,0.04946700873375336,-0.033236794924838,-0.6718982161166979,mod_short,-1,110.44242095910415,111.66541317243966,111.71394872224512,0.2503899722039968
2024-11-18,109.625,TY1 COMB Comdty,0.0488021071608701,-0.03586642847327193,-0.7349360623926071,mod_short,-1,110.36457134395138,111.59851437990064,111.6794206441915,0.22950464257679723
2024-11-19,109.84375,TY1 COMB Comdty,0.04908497321294062,-0.03301237964236592,-0.6725557228920445,mod_short,-1,110.3149693111941,111.54098112154323,111.64907898065115,0.2280706902332243
2024-11-20,109.6875,TY1 COMB Comdty,0.04911656881041699,-0.0337233310392292,-0.6865978600703255,mod_short,-1,110.25521032917561,111.48021124870574,111.61665618758254,0.21849459820212774
2024-11-21,109.5,TY1 COMB Comdty,0.0491492616538454,-0.035507844756399676,-0.7224491998776866,mod_short,-1,110.18328553592079,111.41528628973178,111.58167013489522,0.2143619851085107
2024-11-22,109.640625,TY1 COMB Comdty,0.04921887161944757,-0.032404853833425284,-0.6583827049911755,mod_short,-1,110.13160358011882,111.357100673675,111.5495867442358,0.20453038709404261
2024-11-25,110.53125,TY1 COMB Comdty,0.05217007755807335,-0.022252937111264637,-0.42654598484147704,mod_short,-1,110.16966514391703,111.33002360240697,111.53275473193439,0.2960096688148369
2024-11-26,110.328125,TY1 COMB Comdty,0.05149587896759675,-0.027812198815916234,-0.5400859131546579,mod_short,-1,110.18475655878208,111.29717446790183,111.51284349669581,0.283625046306192
2024-11-27,110.734375,TY1 COMB Comdty,0.051048454269796706,-0.028912030693340696,-0.5663644689521338,mod_short,-1,110.2371011722314,111.27872202633128,111.49997624881654,0.2999750401320331
2024-11-29,111.015625,TY1 COMB Comdty,0.05121560954968287,-0.028176720010942402,-0.5501588335800032,mod_short,-1,110.31124629868556,111.2700958943204,111.49197044305099,0.2974783681144286
2024-12-02,110.953125,TY1 COMB Comdty,0.050849546119265766,-0.031109291854277576,-0.611790944629316,mod_short,-1,110.37237760357266,111.25970340598204,111.48306390680222,0.26614791903250484
2024-12-03,110.8125,TY1 COMB Comdty,0.05086036271117498,-0.032337290216946424,-0.635805340213221,mod_short,-1,110.41429402228003,111.24504099922852,111.47198020586333,0.24941152982817086
2024-12-04,111.109375,TY1 COMB Comdty,0.050592486556929245,-0.03317471108089731,-0.655724067714431,mod_short,-1,110.48049221063432,111.24059293368005,111.46598673138627,0.2557399925177481
2024-12-05,111.0625,TY1 COMB Comdty,0.05057405060914972,-0.032398584263544805,-0.6406167564850608,mod_short,-1,110.53592152390725,111.23475382110037,111.4593175292146,0.22789132684871502
2024-12-06,111.328125,TY1 COMB Comdty,0.05092629562977487,-0.029291553133514947,-0.5751754132375805,mod_short,-1,110.61136947401131,111.23781517122822,111.45714905765735,0.23292248326888637
2024-12-09,111.0625,TY1 COMB Comdty,0.050793856346486005,-0.03358259687287557,-0.6611547003597191,mod_short,-1,110.65433428601023,111.2320671328273,111.4506259327374,0.23728281883303487
2024-12-10,110.875,TY1 COMB Comdty,0.05068476084010065,-0.03652410047522059,-0.7206130574522419,mod_short,-1,110.67535006829496,111.2203600137182,111.44111145451033,0.2306451096552969
2024-12-11,110.609375,TY1 COMB Comdty,0.05079425383099355,-0.03752549286199869,-0.7387743697713588,mod_short,-1,110.66906672845735,111.20032771818646,111.42736374451843,0.23530909503459063
2024-12-12,110.3125,TY1 COMB Comdty,0.050832679140316264,-0.03775385034755352,-0.7427082535496402,mod_short,-1,110.6351079924138,111.17121861267213,111.40893624460904,0.2435178823633119
2024-12-13,109.828125,TY1 COMB Comdty,0.05123795402584961,-0.03936039360393606,-0.7681882376505256,mod_short,-1,110.55825246932677,111.12718275651895,111.3828071331279,0.2756321647148703
2024-12-16,109.8125,TY1 COMB Comdty,0.05010599032562197,-0.043809523809523854,-0.87433705081609,mod_short,-1,110.48722842462898,111.08407840384619,111.35685164332415,0.2409645427528876
2024-12-17,109.890625,TY1 COMB Comdty,0.050194347011132866,-0.04247787610619469,-0.8462681284960895,mod_short,-1,110.43040905085479,111.04494878404796,111.33261649219483,0.21925260371916924
2024-12-18,109.0625,TY1 COMB Comdty,0.05200800605070604,-0.05034013605442178,-0.9679305144931313,mod_short,-1,110.30013199839243,110.9799504632595,111.29509390554699,0.3004355898899467
2024-12-19,108.703125,TY1 COMB Comdty,0.05212910362646746,-0.05101623243759379,-0.9786516338963359,mod_short,-1,110.14803609378363,110.90530044807066,111.25225144429828,0.30829417790462044
2024-12-20,108.96875,TY1 COMB Comdty,0.05256178880919455,-0.04752799781480466,-0.904230980177194,mod_short,-1,110.0357231324709,110.84180699075688,111.21450761877269,0.30260495418400435
2024-12-23,108.46875,TY1 COMB Comdty,0.052557069380931874,-0.05460983249353124,-1.039057792543968,max_short,-2,109.8864875960451,110.76400184351894,111.1691231953219,0.3289242936261371
2024-12-24,108.5625,TY1 COMB Comdty,0.052301191478154936,-0.05004101722723542,-0.9567854156465337,mod_short,-1,109.7603935392789,110.69182145520683,111.1260385144075,0.2975677211426522
2024-12-26,108.65625,TY1 COMB Comdty,0.05161948325760678,-0.05258855585831068,-1.018773388254736,max_short,-2,109.65523701172853,110.62508140749513,111.08521556375614,0.2703920249902986
2024-12-27,108.4375,TY1 COMB Comdty,0.05158758824297059,-0.052300969547999454,-1.0138285453793445,max_short,-2,109.53926205823058,110.55335742692152,111.04145167014033,0.26350642165825877
2024-12-30,108.96875,TY1 COMB Comdty,0.05236644700561501,-0.043347050754458216,-0.8277638303360606,mod_short,-1,109.48492757649433,110.50140308505524,111.00719213840247,0.2992055654371576
2024-12-31,108.75,TY1 COMB Comdty,0.04929346631733731,-0.03627803932428686,-0.7359604027588396,mod_short,-1,109.41493447397106,110.44398003308622,110.96988317743715,0.2884781567122033
2025-01-02,108.8125,TY1 COMB Comdty,0.04905660470250895,-0.0326434226975969,-0.6654236039276356,mod_short,-1,109.3575597621643,110.39048888446044,110.93422395136382,0.25834773581724285
2025-01-03,108.640625,TY1 COMB Comdty,0.04909408685435043,-0.03403723256460123,-0.6933061544780529,mod_short,-1,109.2892802610058,110.33311629808469,110.89631322489501,0.24681803770827715
2025-01-06,108.53125,TY1 COMB Comdty,0.04896149167162653,-0.032725247180058537,-0.6683874625295171,mod_short,-1,109.21708690281477,110.27403871454094,110.85722127076453,0.22849229934717355
2025-01-07,108.171875,TY1 COMB Comdty,0.04927571772890139,-0.03485292067475254,-0.707304170920487,mod_short,-1,109.1175429120705,110.20511531406419,110.81283538199156,0.24594332610088374
2025-01-08,108.140625,TY1 COMB Comdty,0.04908201194175994,-0.036609131403118056,-0.7458767469955787,mod_short,-1,109.02450311092093,110.13742710704568,110.76866661534709,0.2173175492874326
2025-01-09,108.21875,TY1 COMB Comdty,0.048789653489958236,-0.03254644503422266,-0.6670767817795895,mod_short,-1,108.94776471940466,110.07451966091303,110.72651923327524,0.19875854271577492
2025-01-10,107.390625,TY1 COMB Comdty,0.049445745314248654,-0.044886047804335694,-0.9077838248582532,mod_short,-1,108.79946569850898,109.98652311465358,110.6713804856178,0.2826740703536716
2025-01-13,107.234375,TY1 COMB Comdty,0.049352967328925856,-0.047070258261594056,-0.9537472782108909,mod_short,-1,108.65040944150813,109.8962887502387,110.61457047759107,0.2658175276398487
2025-01-14,107.359375,TY1 COMB Comdty,0.04896494317522136,-0.04183516943243615,-0.8543902375772954,mod_short,-1,108.52745378041212,109.81311125023088,110.56076559366396,0.2470418572878689
2025-01-15,108.328125,TY1 COMB Comdty,0.05269293515770634,-0.03467000835421885,-0.657963126374606,mod_short,-1,108.50847008703954,109.76442317645281,110.52386244335548,0.3432696096494864
2025-01-16,108.609375,TY1 COMB Comdty,0.0517316269047065,-0.0260613703236654,-0.5037802188528187,mod_short,-1,108.51808007875006,109.72655274443797,110.49221802280415,0.3350003283628882
2025-01-17,108.546875,TY1 COMB Comdty,0.051681237082610826,-0.025119281504350277,-0.48604257410088497,mod_short,-1,108.52082245220244,109.68787478560394,110.46006359267517,0.29866695124783643
2025-01-21,108.734375,TY1 COMB Comdty,0.051621732418693715,-0.020686743596960322,-0.400737104852937,mod_short,-1,108.54116079008791,109.65661249755135,110.43153981428384,0.28384469108145827
2025-01-22,108.5625,TY1 COMB Comdty,0.05139593754380766,-0.024431339511373218,-0.47535545957399855,mod_short,-1,108.54319309579382,109.62073995664802,110.40064659421303,0.26891539893726385
2025-01-23,108.375,TY1 COMB Comdty,0.05136734569901612,-0.024198086662915008,-0.4710791716726468,mod_short,-1,108.52717470571822,109.57989602364316,110.36716483232522,0.25806001241229537
2025-01-24,108.46875,TY1 COMB Comdty,0.05108816913541645,-0.020183486238532056,-0.39507162969635606,mod_short,-1,108.52161044803077,109.54346500647453,110.33578607476612,0.23615201075732267
2025-01-27,109.15625,TY1 COMB Comdty,0.05287005069385763,-0.014390519187358897,-0.2721865971093303,mod_short,-1,108.58205231012307,109.53076943249177,110.3162896107204,0.2963317426563463
2025-01-28,109.03125,TY1 COMB Comdty,0.05290165507848493,-0.015102328863796699,-0.28547932652373303,mod_short,-1,108.6248330424923,109.51439174618055,110.29504928657627,0.27348751030216684
2025-01-29,108.953125,TY1 COMB Comdty,0.05276800548438801,-0.013719943422913716,-0.26000496507249854,mod_short,-1,108.65609894320733,109.49598955778119,110.27286871985602,0.24743917559521125
2025-01-30,109.234375,TY1 COMB Comdty,0.05249234891205031,-0.007242260721386007,-0.1379679300219589,neutral,0,108.71117285337806,109.48741203129656,110.25570353440385,0.2519472855158498
2025-01-31,108.84375,TY1 COMB Comdty,0.05255983337841387,-0.013733540988248638,-0.2612934650947534,mod_short,-1,108.72379924829444,109.46630835813929,110.23236545945502,0.27043764744706983
2025-02-03,108.953125,TY1 COMB Comdty,0.05260389614264743,-0.013161619020662374,-0.2502023611515704,mod_short,-1,108.74563979607592,109.44948267426587,110.21122098905082,0.24896262778746053
2025-02-04,109.203125,TY1 COMB Comdty,0.05042017066639003,-0.0031379261161033067,-0.062235531427802984,neutral,0,108.78920981549726,109.44140537347026,110.19455824543014,0.2491009440824658
2025-02-05,109.75,TY1 COMB Comdty,0.050028498694389245,-0.003970504821327325,-0.07936486052843761,neutral,0,108.88071364259275,109.4515232300778,110.18721017525775,0.28880415153813704
2025-02-06,109.578125,TY1 COMB Comdty,0.05008542748403207,-0.006375743836780967,-0.12729738283283382,neutral,0,108.94713377186963,109.45567410778015,110.17714265169978,0.2732135979997187
2025-02-07,109.234375,TY1 COMB Comdty,0.0500141987970231,-0.006113164628945178,-0.12222858260220776,neutral,0,108.97449007931061,109.44841839932835,110.16155971530804,0.28261845159975624
2025-02-10,109.21875,TY1 COMB Comdty,0.0492016080367083,-0.0018563472797372693,-0.0377294026315621,neutral,0,108.99775292890007,109.44088828787496,110.14597608365007,0.24701932471978874
2025-02-11,108.953125,TY1 COMB Comdty,0.04944790469186179,-0.0042838783378551515,-0.08663417316770954,neutral,0,108.99350264995721,109.42489604892823,110.1262595368129,0.2495000814238169
2025-02-12,108.265625,TY1 COMB Comdty,0.051003736996366865,-0.011695906432748537,-0.22931469577575597,neutral,0,108.9241809690089,109.38688716207811,110.09550524694822,0.307900070567308
2025-02-13,108.96875,TY1 COMB Comdty,0.05281227223928065,-0.005135520684736106,-0.09724104771459566,neutral,0,108.9284256386271,109.37317774692801,110.07688119327966,0.3605967278250003
2025-02-14,109.3125,TY1 COMB Comdty,0.05319504749044461,-0.002850627137970352,-0.05358820552763691,neutral,0,108.96500414923403,109.3711883126025,110.06424679339075,0.3583504974483336
2025-02-18,108.84375,TY1 COMB Comdty,0.053723159858376585,-0.009103840682788022,-0.16945839944611038,neutral,0,108.95345613502127,109.35389525317291,110.04407329267356,0.3730704311218891
2025-02-19,108.953125,TY1 COMB Comdty,0.05370728688046791,-0.006695156695156745,-0.12466011753782369,neutral,0,108.95342459835257,109.34075524487216,110.02604108948888,0.33791104030563723
2025-02-20,109.171875,TY1 COMB Comdty,0.05377361891477298,-0.0029965753424657793,-0.05572575182665535,neutral,0,108.97422939850946,109.33521818766323,110.01192264172875,0.32202290159821895
2025-02-21,109.6875,TY1 COMB Comdty,0.05459210572219372,0.00042753313381793667,0.007831409471427084,neutral,0,109.04215993198476,109.34676841101853,110.00656028401423,0.34783651471845645
2025-02-24,109.875,TY1 COMB Comdty,0.05204540115634207,-0.00593723494486853,-0.11407799369310923,neutral,0,109.12147803370048,109.36408747950972,110.00438573386523,0.3264583127559956
2025-02-25,110.515625,TY1 COMB Comdty,0.0533053976368556,0.0016994759949016114,0.03188187444880039,neutral,0,109.25425393525282,109.40184280805039,110.01283596966913,0.3683472043885295
2025-02-26,110.84375,TY1 COMB Comdty,0.05311662112188334,0.0009877240016933353,0.018595384661740207,neutral,0,109.4056345128478,109.44911845368809,110.02657008587295,0.3629842438033923
2025-02-27,110.609375,TY1 COMB Comdty,0.053030647948417386,-0.0036593947923997394,-0.06900528154887363,neutral,0,109.52027646400515,109.48715965192781,110.03620322494943,0.34583634462960666
2025-02-28,111.0625,TY1 COMB Comdty,0.053695851111416955,0.0009857766511758292,0.01835852548701348,neutral,0,109.66715489600466,109.5388101551433,110.05316680800813,0.3601414986789925
2025-03-03,111.375,TY1 COMB Comdty,0.05392814133355322,0.0050761421319796,0.09412788956665387,neutral,0,109.82980681067089,109.59901310087629,110.0750152905204,0.35378929885512683
2025-03-04,111.21875,TY1 COMB Comdty,0.05373964150056516,0.0009843903810997645,0.018317769780608083,neutral,0,109.9620871144165,109.65211922871642,110.0939199964622,0.3274507256744432
2025-03-05,110.84375,TY1 COMB Comdty,0.05418193371129754,-0.0019696117051209994,-0.036351816375101306,neutral,0,110.0460550082816,109.69118909006998,110.1063138808182,0.3337906289178508
2025-03-06,110.78125,TY1 COMB Comdty,0.053956477455698405,-0.0049122807017544234,-0.0910415381691236,neutral,0,110.11607357892144,109.7269287920349,110.11746984973031,0.29761854506213736
2025-03-07,110.546875,TY1 COMB Comdty,0.053909881748825404,-0.004642656162070935,-0.08611883408874459,neutral,0,110.15710228569083,109.75381227426327,110.1245674555199,0.28918607238718574
2025-03-10,111.28125,TY1 COMB Comdty,0.05552268136890878,0.00366403607666288,0.06599169900167397,neutral,0,110.2641639727679,109.80389219969726,110.14368617526337,0.3485445960688943
2025-03-11,110.8125,TY1 COMB Comdty,0.055989676228321315,0.0018364175731035992,0.03279921758459254,neutral,0,110.31638645155192,109.8369613079039,110.15474094922595,0.3645719832597084
2025-03-12,110.625,TY1 COMB Comdty,0.05582044873131024,0.0028328611898016387,0.050749523771073855,neutral,0,110.34577821807079,109.86279864207098,110.16251382609825,0.34096238549174734
2025-03-13,110.90625,TY1 COMB Comdty,0.05526848881598705,0.00981647460520696,0.177614311798723,neutral,0,110.39915648301643,109.89701016200307,110.17480698599745,0.3330007340928477
2025-03-14,110.625,TY1 COMB Comdty,0.055543049308691375,0.007398975526465623,0.13321154705324814,neutral,0,110.42066538939582,109.92087868128166,110.18224819284046,0.3261006362138013
2025-03-17,110.59375,TY1 COMB Comdty,0.055535873921003516,0.006398407507464787,0.11521215127659902,neutral,0,110.43714963802478,109.94294003599374,110.18904987560343,0.2867872180519611
2025-03-18,110.78125,TY1 COMB Comdty,0.05328251823712619,0.015759312320916985,0.2957689096221472,mod_long,1,110.46992110107004,109.97042560858411,110.19883830741165,0.27354892231169964
2025-03-19,110.984375,TY1 COMB Comdty,0.05285334827544321,0.020986057208566944,0.39706201959427256,mod_long,1,110.51891671049195,110.00366985092562,110.21182238497511,0.26415906600347305
2025-03-20,111.15625,TY1 COMB Comdty,0.052733743143275905,0.020074562661313466,0.38067774947762606,mod_long,1,110.57961511901652,110.04145936401002,110.22743275877718,0.25185452386967666
2025-03-21,111.09375,TY1 COMB Comdty,0.05176424106638976,0.02420051858254113,0.4675142160686366,mod_long,1,110.62858034577685,110.07596069633755,110.24175205202054,0.22660725402038645
2025-03-24,110.546875,TY1 COMB Comdty,0.05289070664065113,0.01827864133563617,0.3455926853052751,mod_long,1,110.6207988842743,110.09140050957238,110.2467954065326,0.2693096201510016
2025-03-25,110.75,TY1 COMB Comdty,0.052972043735198794,0.019269485188380786,0.3637670708856684,mod_long,1,110.63310375243866,110.11299393548803,110.25511283782959,0.26048500413086806
2025-03-26,110.5625,TY1 COMB Comdty,0.05291574093794287,0.019596541786743416,0.3703348273952231,mod_long,1,110.62637958553974,110.12773183924253,110.2601936173696,0.2507536702467523
2025-03-27,110.421875,TY1 COMB Comdty,0.05214499688904691,0.013335245196443912,0.25573393406885003,mod_long,1,110.60690295834549,110.13737587730014,110.26286603691722,0.23606984754718535
2025-03-28,111.203125,TY1 COMB Comdty,0.05377990287815388,0.022557471264367912,0.41944053553750577,mod_long,1,110.66368600993164,110.17231847148702,110.2784075073814,0.30876053454089397
2025-03-31,111.21875,TY1 COMB Comdty,0.05378046351818328,0.022113727742676614,0.4111851459814942,mod_long,1,110.716549247081,110.20662770193006,110.29395035849906,0.2696757966021081
2025-04-01,111.78125,TY1 COMB Comdty,0.05446841095476828,0.028908384869840376,0.5307367034049609,mod_long,1,110.81794931878757,110.2582546625225,110.31853382364784,0.308719023721827
2025-04-02,111.5,TY1 COMB Comdty,0.05473167025230205,0.027353872732508,0.4997814356187582,mod_long,1,110.88290652652209,110.29896762440701,110.33806219019912,0.30505648722558343
2025-04-03,112.640625,TY1 COMB Comdty,0.057705583549992716,0.04131157012855691,0.7159024757589878,mod_long,1,111.05030828590094,110.3757432760658,110.37612107961733,0.4164656222621723
2025-04-04,113.046875,TY1 COMB Comdty,0.05797741565991694,0.045369166305447184,0.7825317115128582,mod_long,1,111.24045749676752,110.46332136537512,110.42026577251623,0.41510353929388266
2025-04-07,112.0625,TY1 COMB Comdty,0.061129355190452185,0.03551833670228133,0.5810356839463104,mod_long,1,111.31874725898014,110.51575345175627,110.44741013991268,0.49100640072136503
2025-04-08,111.46875,TY1 COMB Comdty,0.05995288741902836,0.03797468354430378,0.6334087510896272,mod_long,1,111.33303323431537,110.54699924022327,110.46429179049264,0.5047055472918497
2025-04-09,110.328125,TY1 COMB Comdty,0.06382920350856033,0.028850356986740433,0.45199305961684483,mod_long,1,111.23732768819009,110.53982303562579,110.4620410997407,0.5894948076529364
2025-04-10,110.59375,TY1 COMB Comdty,0.06393666556493945,0.030126619123853837,0.47119471836163734,mod_long,1,111.17603457502912,110.54159113281838,110.46421810635657,0.5463121666325449
2025-04-11,109.734375,TY1 COMB Comdty,0.06364025062719354,0.012981393336218172,0.2039808644416496,neutral,0,111.03873366312159,110.51512503010302,110.45215458393746,0.5880538777482056
2025-04-14,110.75,TY1 COMB Comdty,0.06611601913452103,0.019709394331750785,0.2981031615295779,mod_long,1,111.01123521901478,110.52282584878816,110.45707764866577,0.6450633607151115
2025-04-15,111.078125,TY1 COMB Comdty,0.06630552936946606,0.023319418454008867,0.3516964373222778,mod_long,1,111.01760567434671,110.54103237833608,110.46734289414238,0.6028049126197633
2025-04-16,111.421875,TY1 COMB Comdty,0.06648204593930644,0.02471619485558274,0.3717724764088478,mod_long,1,111.05610751488511,110.56991246429227,110.48312028432186,0.5682642576037948
2025-04-17,111.171875,TY1 COMB Comdty,0.06658089681799038,0.024035693724812957,0.36099984940903396,mod_long,1,111.06713298965796,110.58964894087285,110.49450465978761,0.5258290232566223
2025-04-21,110.8125,TY1 COMB Comdty,0.06685768305336119,0.02249134948096887,0.33640635531772506,mod_long,1,111.04288222873816,110.59695553297537,110.49976078111344,0.5036351534890726
2025-04-22,110.796875,TY1 COMB Comdty,0.06685826686114359,0.0214635551714204,0.32103068444770744,mod_long,1,111.01945296885833,110.60351026959913,110.50467175993802,0.43856713302386297
2025-04-23,110.65625,TY1 COMB Comdty,0.06576300823933276,0.013741769252791247,0.2089589515549612,neutral,0,110.98486220991946,110.60523944108768,110.5071771853936,0.3988415152873479
2025-04-24,111.21875,TY1 COMB Comdty,0.06643963588538267,0.0200630553167096,0.3019741912993183,mod_long,1,111.00713723754617,110.62535454137988,110.51893871951933,0.4206626465823682
2025-04-25,111.515625,TY1 COMB Comdty,0.06657193511113364,0.023519288684927586,0.353291347857998,mod_long,1,111.05556464349415,110.65454373674447,110.53541287291571,0.40415762703805247
2025-04-28,111.90625,TY1 COMB Comdty,0.06672773221077484,0.02446002002574743,0.36656453344592693,mod_long,1,111.13658229649471,110.69558328635941,110.5580713378262,0.4023532767663121
2025-04-29,112.15625,TY1 COMB Comdty,0.06630580168756985,0.03043353430950324,0.45898750237429864,mod_long,1,111.23369350635235,110.74347399828204,110.58448751406048,0.3820395065308038
2025-04-30,112.21875,TY1 COMB Comdty,0.06629783035835694,0.02997275204359684,0.45209250259904965,mod_long,1,111.32750841050927,110.79184370325639,110.61150011713387,0.33943423899336334
2025-05-01,111.859375,TY1 COMB Comdty,0.06661897981611384,0.024323937616254065,0.3651202357555553,mod_long,1,111.37816237141315,110.82684472937912,110.63212614825564,0.34209300712758156
2025-05-02,111.15625,TY1 COMB Comdty,0.06730630185913783,0.012813211845102535,0.1903716515567695,neutral,0,111.35702785984999,110.83764490218636,110.64078935241672,0.39023060617723737
2025-05-05,111.0625,TY1 COMB Comdty,0.06724060866851,0.013546271210608918,0.20145967561642378,neutral,0,111.32897758748332,110.84501720047533,110.64775977634372,0.3506998586869391
2025-05-06,111.3125,TY1 COMB Comdty,0.06699338184848475,0.01902446002002578,0.2839752150899376,mod_long,1,111.3274082934373,110.86034450537777,110.65874721805704,0.3372732108620139
2025-05-07,111.546875,TY1 COMB Comdty,0.0670850149789774,0.02131616595135899,0.3177485457525632,mod_long,1,111.34830988453851,110.88285370192276,110.67342701610569,0.32355344941374536
2025-05-08,110.796875,TY1 COMB Comdty,0.06841143743393326,0.016922415029399174,0.2473623660625696,neutral,0,111.29579227648722,110.88003472808921,110.67546747864941,0.3804129894919127
2025-05-09,110.8125,TY1 COMB Comdty,0.06701689631505417,0.023524318083417484,0.35102070338839547,mod_long,1,111.2497644406313,110.87782047470924,110.67773247900232,0.331774590892991
2025-05-12,110.15625,TY1 COMB Comdty,0.06702224565180803,0.010897619730427355,0.16259705452190223,neutral,0,111.14562020819022,110.85416242635812,110.66911293389485,0.37503797877392553
2025-05-13,109.96875,TY1 COMB Comdty,0.066843338001299,0.006003430531732468,0.08981344605524937,neutral,0,111.03353733121972,110.82513251073982,110.65753668705362,0.3500329149374022
2025-05-14,109.71875,TY1 COMB Comdty,0.0664033893745556,0.008039046798736793,0.12106380223141423,neutral,0,110.90831949015117,110.78885767432212,110.64201955173043,0.33669519294574857
2025-05-15,110.25,TY1 COMB Comdty,0.0670785163716263,0.011903054639323063,0.17744958122475654,neutral,0,110.84562239585107,110.77119020959023,110.63553988971836,0.3626358338863155
2025-05-16,110.328125,TY1 COMB Comdty,0.06698224304880965,0.010591097752969736,0.1581179917377812,neutral,0,110.79633692957954,110.75666348140695,110.63045865187178,0.32470105603480676
2025-05-19,110.140625,TY1 COMB Comdty,0.06641428190067376,0.00413105413105419,0.06220129184310704,neutral,0,110.73388817438148,110.73646549840998,110.6223622278739,0.30640758189683254
2025-05-20,110.203125,TY1 COMB Comdty,0.06633560852582183,0.002986348122866911,0.04501877934389406,neutral,0,110.68333930063085,110.71897892469161,110.6154326869173,0.2738865709772549
2025-05-21,109.5,TY1 COMB Comdty,0.06651730444429949,-0.009189876997030999,-0.1381576880453184,neutral,0,110.57064031961839,110.67901240257058,110.59699578300132,0.3311183615136209
2025-05-22,109.828125,TY1 COMB Comdty,0.06652283501778461,-0.009162672681139017,-0.1377372548642795,neutral,0,110.49992457489283,110.65111445494531,110.58428717501783,0.33071924664513813
2025-05-23,110.078125,TY1 COMB Comdty,0.06657612032022532,-0.004802938268116952,-0.07214205701706916,neutral,0,110.4597531868078,110.6323279154389,110.5759208580754,0.3199566804257864
2025-05-27,110.515625,TY1 COMB Comdty,0.06654391267482093,-0.004924029262802443,-0.07399668977784064,neutral,0,110.46507431187372,110.62850159034255,110.5749242323221,0.3356291230356816
2025-05-28,110.21875,TY1 COMB Comdty,0.06647921174765861,-0.010381593714927084,-0.15616300858580384,neutral,0,110.44161485360003,110.61506711197066,110.56903705492834,0.330461906630924
2025-05-29,110.640625,TY1 COMB Comdty,0.06692602342679649,-0.005198089350941237,-0.07766917986135684,neutral,0,110.46056820087621,110.6159050755126,110.57022032674772,0.34265031908013416
2025-05-30,110.71875,TY1 COMB Comdty,0.0665898058101108,-0.0011277135607555833,-0.016935228253576833,neutral,0,110.48515694364991,110.61927704024988,110.57267536266924,0.3073802765361163
2025-06-02,110.46875,TY1 COMB Comdty,0.06674031364898594,-0.0028208744710860323,-0.042266425146308746,neutral,0,110.483594377588,110.6143417274548,110.57095758807968,0.2997295729979675
2025-06-03,110.453125,TY1 COMB Comdty,0.06660035293753522,-0.000848056537102515,-0.012733514158669869,neutral,0,110.48069253210343,110.60905593311202,110.56900994199572,0.26184896326490514
2025-06-04,111.09375,TY1 COMB Comdty,0.06626240942164,-0.0016849199663016012,-0.025427991239801485,neutral,0,110.53907895761739,110.62494754186244,110.57768333138422,0.31235243482958447
2025-06-05,110.78125,TY1 COMB Comdty,0.06594552049304298,-0.0002820078962211259,-0.0042763768351919635,neutral,0,110.56214286641574,110.63007221262104,110.58104806970846,0.3123721101856399
2025-06-06,109.9375,TY1 COMB Comdty,0.06769079267466788,-0.006214689265536699,-0.09180996439804494,neutral,0,110.50265306961424,110.60736492696134,110.57041091153147,0.3832224954942212
2025-06-09,110.171875,TY1 COMB Comdty,0.06762768208325073,-0.00662158354466047,-0.09791232437198123,neutral,0,110.47115039631764,110.5930865687003,110.56382354109294,0.3633761627616584
2025-06-10,110.21875,TY1 COMB Comdty,0.06744449364572307,-0.0036723163841807516,-0.0544494618563072,neutral,0,110.44711226333501,110.58081323857898,110.55811984619885,0.32117600772677063
2025-06-11,110.6875,TY1 COMB Comdty,0.0680164685184543,0.0008476970895732183,0.01246311530189516,neutral,0,110.47000633349359,110.58431116518294,110.56025836113771,0.34085254002986787
2025-06-12,111.046875,TY1 COMB Comdty,0.06825327249382361,0.002397743300423194,0.035130085530187156,neutral,0,110.5249462064942,110.59947719255398,110.56830161136685,0.3433222013592188
2025-06-13,110.625,TY1 COMB Comdty,0.06859952642543557,-0.0032380684217936384,-0.047202489441574576,neutral,0,110.53447513920904,110.60031400591286,110.56923877481533,0.35379590784465637
2025-06-16,110.5,TY1 COMB Comdty,0.06855339104069458,-0.005903851560303597,-0.0861204890185368,neutral,0,110.53119179261769,110.59702502211243,110.56809433225641,0.3232897867987022
2025-06-17,110.84375,TY1 COMB Comdty,0.06885782048248335,-0.0022503516174402494,-0.03268113340898894,neutral,0,110.56095924093982,110.60511436564973,110.57265062428525,0.3260178152255419
2025-06-18,111.0625,TY1 COMB Comdty,0.06821154212813078,0.004664310954063611,0.06838008361256541,neutral,0,110.60872502751698,110.62011061595629,110.58074730818137,0.31171543986213635
2025-06-20,110.984375,TY1 COMB Comdty,0.0681316989612971,0.0021162528216704946,0.031061207249105195,neutral,0,110.64450121537251,110.63205371051511,110.58741884027756,0.2805700478805182
2025-06-23,111.453125,TY1 COMB Comdty,0.0685649111254207,0.008055398530243174,0.11748572845822015,neutral,0,110.72151300438465,110.65897408066215,110.60172803300026,0.30566070816311575
2025-06-24,111.65625,TY1 COMB Comdty,0.0685854592162249,0.011178717985000697,0.16298962072643244,neutral,0,110.81053557539563,110.69167165178797,110.61915814815728,0.2919892804080337
2025-06-25,111.6875,TY1 COMB Comdty,0.06707083193742518,0.004355767879724581,0.064942803807598,neutral,0,110.89405599678652,110.72432176156542,110.63681669116295,0.25722404302029583
2025-06-26,112.015625,TY1 COMB Comdty,0.06732591983373175,0.007164933970216447,0.10642162762738311,neutral,0,111.00087209233065,110.76665957266164,110.65960691114374,0.26667750395092304
2025-06-27,111.8125,TY1 COMB Comdty,0.06664618142946588,0.0002795638803465561,0.004194747161057216,neutral,0,111.07816998829915,110.8009494227383,110.67866299525707,0.25820383675746666
2025-06-30,112.125,TY1 COMB Comdty,0.06667401818145056,0.005605381165919354,0.08407144670154036,neutral,0,111.17786808465162,110.84436091707475,110.70256939202969,0.26544332518980446
2025-07-01,111.859375,TY1 COMB Comdty,0.0634198767138785,-0.006935774726036903,-0.10936279105883395,neutral,0,111.242773505161,110.87764006733458,110.72169014588044,0.26546754849783055
2025-07-02,111.625,TY1 COMB Comdty,0.06306895230356782,-0.012577747062888722,-0.1994285080612826,neutral,0,111.279176028479,110.90214367168426,110.73662088727085,0.26132187536478646
2025-07-03,111.21875,TY1 COMB Comdty,0.06097029702371506,-0.007529280535415461,-0.12349096040137161,neutral,0,111.27342116862386,110.91252420703887,110.7445899635143,0.2806456253161483
2025-07-07,110.921875,TY1 COMB Comdty,0.0602501370789095,-0.004906083543594009,-0.08142858724401772,neutral,0,111.23994058113587,110.91283079041465,110.74752029469589,0.2828095419406619
2025-07-08,110.78125,TY1 COMB Comdty,0.056477693376240125,0.00410706698767882,0.07272016157456321,neutral,0,111.19625576388484,110.90851666613875,110.74807781048605,0.2638516030152403
2025-07-09,111.265625,TY1 COMB Comdty,0.05696578325770843,0.0060751624752755085,0.10664581662630675,neutral,0,111.20286235780057,110.92022513610141,110.75663230948628,0.2932547226132083
2025-07-10,111.21875,TY1 COMB Comdty,0.05456534951266753,0.013526982770895701,0.24790426326794382,neutral,0,111.20437546658147,110.9300128365571,110.7642706184204,0.2604040929314472
2025-07-11,110.71875,TY1 COMB Comdty,0.0520707104000451,-0.0002821670428894141,-0.005418920554791771,neutral,0,111.15812542214515,110.92308618617817,110.76351821150436,0.2923502138739209
2025-07-14,110.765625,TY1 COMB Comdty,0.05171253363990662,-0.0028133352088901553,-0.05440335274385205,neutral,0,111.12074442955989,110.91792352433626,110.7635530344547,0.2596201853573981
2025-07-15,110.28125,TY1 COMB Comdty,0.05204158513366731,-0.010236993409059036,-0.19670794774535816,neutral,0,111.04079257912562,110.89704898255474,110.75558108347198,0.2895874939764117
2025-07-16,110.625,TY1 COMB Comdty,0.052286588253025845,-0.004919184820801115,-0.09408119720866354,neutral,0,111.00119328587556,110.88812934378245,110.75342271845591,0.2968091614462235
2025-07-17,110.515625,TY1 COMB Comdty,0.05190900005606047,-0.0026790750141003628,-0.05161099252936921,neutral,0,110.95494868722075,110.87591608660925,110.74949217765499,0.27181793992006037
2025-07-18,110.78125,TY1 COMB Comdty,0.052149112172797996,-0.00014102383302783128,-0.002704242261316811,neutral,0,110.93840595510449,110.8728122804909,110.75001710033838,0.27099221459738565
2025-07-21,111.1875,TY1 COMB Comdty,0.05261395656785906,0.0048009036995200205,0.09124772232873297,neutral,0,110.96212919747548,110.88312991063874,110.75724822264685,0.2890265859844009
2025-07-22,111.40625,TY1 COMB Comdty,0.05172978440781548,0.0016858668165213864,0.03258986743943748,neutral,0,111.00442641676354,110.90028138897846,110.76797552475186,0.2796563745198141
2025-07-23,111.015625,TY1 COMB Comdty,0.05193352176154367,-0.0044836766148241836,-0.08633492323919977,neutral,0,111.00549294850035,110.90406314671687,110.77206890450803,0.2944521912505056
2025-07-24,110.828125,TY1 COMB Comdty,0.051496211031588475,-0.009634180396537295,-0.18708522828267032,neutral,0,110.98860076292888,110.90157337141467,110.77299545154096,0.28019189908377157
2025-07-25,110.984375,TY1 COMB Comdty,0.05136034391159046,-0.010448592922819744,-0.20343697349078335,neutral,0,110.98819830931662,110.90428817890927,110.77648932837499,0.2636663125392687
2025-07-28,110.765625,TY1 COMB Comdty,0.05146870077916732,-0.01294903926482871,-0.25159056025890625,mod_short,-1,110.96700085128646,110.89974184517455,110.77630975269938,0.2576774708673662
2025-07-29,111.359375,TY1 COMB Comdty,0.052328210754132465,-0.004469898030451169,-0.08542042554165054,neutral,0,111.00436981783061,110.91481178467701,110.78594719480353,0.30248714141838406
2025-07-30,111.0,TY1 COMB Comdty,0.05113814308234846,-0.0014056789429294225,-0.02748787613711038,neutral,0,111.00395364470388,110.91760484091711,110.78948525769934,0.3100721892292662
2025-07-31,111.0625,TY1 COMB Comdty,0.05112245182390774,0.0,0.0,neutral,0,111.00952948806541,110.92235550187064,110.79399789806796,0.27706256399869744
2025-08-01,112.203125,TY1 COMB Comdty,0.055112981895458435,0.008001122964626628,0.1451767385732028,neutral,0,111.1232052511068,110.96434794443226,110.81728925512469,0.3922042221322044
2025-08-04,112.375,TY1 COMB Comdty,0.05503802168544188,0.007424008964840967,0.13488873214359542,neutral,0,111.24242379862044,111.01059883150005,110.84303654016396,0.3628269925145771
2025-08-05,112.296875,TY1 COMB Comdty,0.05318758998443858,0.01353828797066714,0.2545384736294335,mod_long,1,111.34284772256136,111.05277182063118,110.86706692792986,0.32486672684596685
2025-08-06,112.234375,TY1 COMB Comdty,0.05321176344544315,0.012831359278059784,0.2411376441454622,neutral,0,111.42775508231742,111.09151290847934,110.88966706135251,0.28988449659983795
2025-08-07,112.09375,TY1 COMB Comdty,0.0517508371803315,0.017588652482269485,0.3398718444105529,mod_long,1,111.49118316971577,111.12437314098821,110.90956925868554,0.2699832303865262
2025-08-08,111.828125,TY1 COMB Comdty,0.05187883958592172,0.01690821256038655,0.3259173238133666,mod_long,1,111.52327286783807,111.14744697243123,110.9247519982114,0.26940213300165605
2025-08-11,111.890625,TY1 COMB Comdty,0.05160633417727352,0.01979493021931078,0.38357559270365893,mod_long,1,111.55825878518682,111.17181346513838,110.94071684121617,0.24181518193476859
2025-08-12,111.8125,TY1 COMB Comdty,0.05078076089961461,0.014172335600907138,0.27908868141860976,mod_long,1,111.58247223421664,111.19281958103548,110.95512648020434,0.21998982434346612
2025-08-13,112.171875,TY1 COMB Comdty,0.05113793902097227,0.016711513949865475,0.32679287178569877,mod_long,1,111.6386058309579,111.22491975870645,110.97523802598609,0.23857451443100397
2025-08-14,111.796875,TY1 COMB Comdty,0.05151937933659254,0.015037593984962516,0.291882281553066,mod_long,1,111.65367908515239,111.24367238956853,110.98881880241606,0.2567645791735368
2025-08-15,111.59375,TY1 COMB Comdty,0.05168886845435653,0.012618743796965814,0.24412884580959054,neutral,0,111.64797155323312,111.2551503440089,110.99881766518605,0.2496126352837319
2025-08-18,111.515625,TY1 COMB Comdty,0.049872542254784574,0.018407534246575263,0.3690915564828524,mod_long,1,111.63536711959186,111.26369049666434,111.00735993518299,0.22674761724590098
2025-08-19,111.765625,TY1 COMB Comdty,0.04972257825147779,0.017641200739792362,0.35479255823320166,mod_long,1,111.6477726320117,111.28014736562616,111.01989324203947,0.2298479349464475
2025-08-20,111.859375,TY1 COMB Comdty,0.04956511379855272,0.016181689141234967,0.32647335799534605,mod_long,1,111.66792523848677,111.29913843560563,111.03376897357602,0.21170154362025453
2025-08-21,111.546875,TY1 COMB Comdty,0.04934625519411253,0.009331259720062102,0.18909762622018395,neutral,0,111.65639664434516,111.30726094591364,111.04225006492187,0.2251413378042206
2025-08-22,112.140625,TY1 COMB Comdty,0.05009754903675611,0.017436915225404137,0.3480592476212925,mod_long,1,111.702513630598,111.33458435752303,111.06040502252648,0.2742891594303245
2025-08-25,111.96875,TY1 COMB Comdty,0.049684959220195384,0.012003954243750892,0.2416013705586712,neutral,0,111.72786947530297,111.35537667366981,111.0754189890963,0.2606339381729479
2025-08-26,112.203125,TY1 COMB Comdty,0.049825990481394175,0.013406717471069696,0.2690707669138254,mod_long,1,111.77313190622648,111.3831717007626,111.09405875787158,0.2571327464165548
2025-08-27,112.40625,TY1 COMB Comdty,0.04965672035378973,0.017538896746817523,0.3532028821448128,mod_long,1,111.83342886753825,111.41671525155726,111.11574786931173,0.24993171356101418
2025-08-28,112.53125,TY1 COMB Comdty,0.049676147673584,0.018814542368086107,0.37874398980601726,mod_long,1,111.89988802301079,111.45325737445702,111.13914459874461,0.23327415175287897
2025-08-29,112.453125,TY1 COMB Comdty,0.048379732715542176,0.01223628691983114,0.2529217553097433,mod_long,1,111.95257725891453,111.4860399195568,111.16086328306288,0.21258759818582842
2025-09-02,112.140625,TY1 COMB Comdty,0.04837071530286651,0.012270803949224307,0.25368249926411823,mod_long,1,111.97048656758933,111.50750172547296,111.1770576916073,0.2259092517610513
2025-09-03,112.59375,TY1 COMB Comdty,0.04616627043863132,0.024161455372370577,0.5233573156941131,mod_long,1,112.02984498972367,111.54311642299842,111.20047409339892,0.2562046848595778
2025-09-04,112.828125,TY1 COMB Comdty,0.04615833605153726,0.02411005531130339,0.5223337185375084,mod_long,1,112.10587165736904,111.58524785175257,111.2273774141692,0.25329406021163414
2025-09-05,113.359375,TY1 COMB Comdty,0.04699491790574338,0.02849447122200166,0.6063309075069002,mod_long,1,112.2252529280958,111.64341595497379,111.26261704368707,0.2903548521834163
2025-09-08,113.5,TY1 COMB Comdty,0.04636117795092396,0.02540937323546011,0.5480743664959814,mod_long,1,112.3466574111343,111.70428756300743,111.29959858015506,0.2703908718922941
2025-09-09,113.3125,TY1 COMB Comdty,0.04617317002046155,0.020402420149148837,0.4418674338389057,mod_long,1,112.43864241959771,111.75701583963013,111.33286967800375,0.25933875563998826
2025-09-10,113.515625,TY1 COMB Comdty,0.04544815997258609,0.026129943502824826,0.5749395249133555,mod_long,1,112.54121218915984,111.81467515636356,111.36894827836733,0.2518435882213232
2025-09-11,113.59375,TY1 COMB Comdty,0.04533352686563418,0.027997737556560987,0.6175945154133844,mod_long,1,112.64145388543032,111.87300547910574,111.40572186054308,0.22868110979181344
2025-09-12,113.25,TY1 COMB Comdty,0.04554743426319041,0.021708486044544673,0.47661270927149874,mod_long,1,112.69941065824648,111.91815284044652,111.43620579673245,0.24402362848623832
2025-09-15,113.40625,TY1 COMB Comdty,0.045473899782521435,0.021102982554867644,0.46406801826525745,mod_long,1,112.76672869079444,111.96694291125156,111.46876851083606,0.23232047802140657
2025-09-16,113.515625,TY1 COMB Comdty,0.04543698649851498,0.022807264536111482,0.5019537230281963,mod_long,1,112.83805214881401,112.01771937317774,111.50260084949993,0.21592774761855238
2025-09-17,113.09375,TY1 COMB Comdty,0.045481909146394064,0.014720314033366044,0.3236520697929654,mod_long,1,112.86240432511744,112.05299906586043,111.52890083545861,0.24338738126941206
2025-09-18,112.96875,TY1 COMB Comdty,0.04544466396188221,0.011754827875734675,0.25866244462923776,mod_long,1,112.87253248463006,112.0830236866519,111.5526999952031,0.22760239710015712
2025-09-19,112.828125,TY1 COMB Comdty,0.04554037028973363,0.010212646894236066,0.22425480577478635,neutral,0,112.86830320037957,112.10745323790921,111.57378140024107,0.21600541082013616
2025-09-22,112.703125,TY1 COMB Comdty,0.04524522170962636,0.006137536615985484,0.13565049267245968,neutral,0,112.85257194320056,112.1269834596171,111.59244823660073,0.20387135604411802
2025-09-23,112.875,TY1 COMB Comdty,0.04515753814095582,0.009502515371716092,0.21043032377129844,neutral,0,112.85470794861003,112.15150859208866,111.61364743930156,0.19960517523823562
2025-09-24,112.640625,TY1 COMB Comdty,0.045047652883411726,0.00459866220735794,0.10208439092841935,neutral,0,112.83431909636145,112.16754519562674,111.6306222750156,0.20424115187313754
2025-09-25,112.328125,TY1 COMB Comdty,0.04514932434177632,0.004190529403548027,0.09281488626111205,neutral,0,112.78611013480322,112.17281010724554,111.6421512456765,0.2186756649567192
2025-09-26,112.265625,TY1 COMB Comdty,0.044943249970170775,0.005739081746920505,0.1276961890991324,neutral,0,112.73654012196482,112.17585321848338,111.65245659698763,0.19785224296248996
2025-09-29,112.515625,TY1 COMB Comdty,0.044464323195439026,0.011660578814273626,0.2622457281767357,mod_long,1,112.7155005865396,112.18699327689376,111.66672384331842,0.20480527723415795
2025-09-30,112.5,TY1 COMB Comdty,0.044068239513295374,0.014227355965628963,0.32284829443519236,mod_long,1,112.69497672115487,112.19725579240544,111.68049700293301,0.17958124026960356
2025-10-01,112.84375,TY1 COMB Comdty,0.04432669021045421,0.01861777150916777,0.4200126700363671,mod_long,1,112.70914560485441,112.21845232380198,111.69972432519859,0.20147040823365645
2025-10-02,112.921875,TY1 COMB Comdty,0.0435209251916711,0.014885549782333918,0.34203201601933475,mod_long,1,112.72940554724923,112.24151536236585,111.71992516279862,0.18502435380250226
2025-10-03,112.671875,TY1 COMB Comdty,0.04379323181111243,0.013065467828041522,0.2983444538734908,mod_long,1,112.7239264475112,112.25562551441942,111.73565987085153,0.19368777329550196
2025-10-06,112.390625,TY1 COMB Comdty,0.04305917392178982,0.015100197572678553,0.35068479483850934,mod_long,1,112.69218345251014,112.26005172706141,111.74648574075482,0.2053627368561017
2025-10-07,112.671875,TY1 COMB Comdty,0.04330433133929257,0.017209761602482665,0.39741432485454947,mod_long,1,112.69024931417583,112.27355412945285,111.76178143099028,0.2154810386086215
2025-10-08,112.609375,TY1 COMB Comdty,0.04224296080906194,0.02111079625956358,0.4997470786904431,mod_long,1,112.68254699854003,112.28456464979865,111.7757912420483,0.19508356679413863
2025-10-09,112.484375,TY1 COMB Comdty,0.04194830832049458,0.016807909604519722,0.40068146434186297,mod_long,1,112.66367347486955,112.29111580882164,111.78750337027891,0.18573909122158683
2025-10-10,113.140625,TY1 COMB Comdty,0.043372314447402666,0.02375229746924923,0.547637306698343,mod_long,1,112.70909742964389,112.31896856918814,111.80986901705117,0.24847387905870857
2025-10-13,113.15625,TY1 COMB Comdty,0.04317225371596153,0.0214386459802538,0.49658389671530084,mod_long,1,112.75168338872543,112.3464204193787,111.8321232481743,0.21742736185088077
2025-10-14,113.40625,TY1 COMB Comdty,0.04279661967548487,0.019955030916245065,0.46627586635483453,mod_long,1,112.81402306598967,112.38116893021875,111.85814187217143,0.22177038027076332
2025-10-15,113.234375,TY1 COMB Comdty,0.042823721036934236,0.016409537166900412,0.3831880268589377,mod_long,1,112.85405658351446,112.40914289971977,111.88088952717688,0.21511766290132822
2025-10-16,113.75,TY1 COMB Comdty,0.04296946112233579,0.024630541871921263,0.5732103970724026,mod_long,1,112.93938452794166,112.4531054275978,111.91178391515743,0.2551853078478178
2025-10-17,113.46875,TY1 COMB Comdty,0.04316245608142325,0.02382630762723803,0.5520146393497906,mod_long,1,112.9898002871853,112.48640524964377,111.9375188917664,0.25866060013477543
2025-10-20,113.59375,TY1 COMB Comdty,0.04313615267345062,0.02351119245389266,0.5450461155374039,mod_long,1,113.04731930745336,112.52271163490134,111.96489461256367,0.24083918678347205
2025-10-21,113.75,TY1 COMB Comdty,0.042898028442548586,0.026943151361263906,0.6280743507209816,mod_long,1,113.11424127817209,112.56295059769145,111.99440048673617,0.2295606285456758
2025-10-22,113.796875,TY1 COMB Comdty,0.0416578988887978,0.02188859267574017,0.5254367901312041,mod_long,1,113.17925401358427,112.60340713547205,112.02419345389757,0.2052025447395857
2025-10-23,113.484375,TY1 COMB Comdty,0.04149209719318087,0.0223817567567568,0.539422161587802,mod_long,1,113.20831315514766,112.63229132775166,112.04832868606455,0.21950887210764095
2025-10-24,113.4375,TY1 COMB Comdty,0.04152114575934005,0.021384355655599263,0.5150232553683546,mod_long,1,113.23014047370503,112.65869161208767,112.0712901953858,0.19649102249328884
2025-10-27,113.421875,TY1 COMB Comdty,0.036021212756344366,0.010861996936359919,0.3015444540924517,mod_long,1,113.24840090478074,112.68371401824872,112.09361391116455,0.172375552827517
2025-10-28,113.46875,TY1 COMB Comdty,0.035915049339220385,0.009733036707452625,0.2710016242919048,mod_long,1,113.26938653289686,112.7094529028963,112.11634343329406,0.15564214578384808
2025-10-29,112.90625,TY1 COMB Comdty,0.03738270930859629,0.005426464449700852,0.14515974229971118,neutral,0,113.2348021011924,112.71590526673576,112.12939974018177,0.209889859679335
2025-10-30,112.703125,TY1 COMB Comdty,0.03756120997872041,0.004176527913128281,0.11119258180166224,neutral,0,113.18416618679312,112.71548624159688,112.13888280232753,0.208987878388757
2025-10-31,112.671875,TY1 COMB Comdty,0.03746729039671541,0.005157513242263656,0.13765375578682873,neutral,0,113.13537654995568,112.71405636482321,112.14769259071882,0.1852894946035894
2025-11-03,112.671875,TY1 COMB Comdty,0.03711634369215265,0.007545060779656332,0.20328135880613563,neutral,0,113.091233545198,112.71267336925524,112.15635676277306,0.16058422865644414
2025-11-04,112.78125,TY1 COMB Comdty,0.037146351079117006,0.007959782153330597,0.21428167026088976,neutral,0,113.06171130279819,112.71492178337802,112.16668557661153,0.1537563315022516
2025-11-05,112.328125,TY1 COMB Comdty,0.03807564140500155,0.004611514812744577,0.12111456675655152,neutral,0,112.99184594062693,112.7022399216279,112.16935399683284,0.19367215396861806
2025-11-06,112.828125,TY1 COMB Comdty,0.038591577608987834,0.005850396991224471,0.15159776701800176,neutral,0,112.97625347009102,112.70636730124666,112.18024277374471,0.23451586677280234
2025-11-07,112.859375,TY1 COMB Comdty,0.03791928938857238,0.009503843466107664,0.2506334801983871,mod_long,1,112.9651221872252,112.71138394710742,112.19146809979853,0.20741375120309538
2025-11-10,112.6875,TY1 COMB Comdty,0.03785854546868408,0.009801176141136958,0.2588894005250233,mod_long,1,112.93868197891804,112.71060086687439,112.19966697418204,0.20267525104268266
2025-11-11,113.03125,TY1 COMB Comdty,0.03827037542642457,0.013591144738685612,0.3551348683478377,mod_long,1,112.94749798092585,112.72111395320637,112.2134121481625,0.221485217570325
2025-11-12,113.0,TY1 COMB Comdty,0.03805170798212357,0.011044317069760945,0.29024497599291704,mod_long,1,112.95249817321861,112.73025775801926,112.22641360025901,0.19612052189428167
2025-11-13,112.765625,TY1 COMB Comdty,0.03830565969696062,0.008101690180192689,0.21150112657726977,neutral,0,112.93470072815018,112.73141733972355,112.2353261853787,0.2012211189750441
2025-11-14,112.53125,TY1 COMB Comdty,0.038099390502071846,0.008824765373301569,0.23162484378383108,neutral,0,112.89627684927872,112.72485447612605,112.24021748809972,0.20564163644503822
2025-11-17,112.640625,TY1 COMB Comdty,0.03658939140917236,0.0044586874738747895,0.12185738275922976,neutral,0,112.87192905410932,112.72209285395799,112.24683579408155,0.19280608491903314
2025-11-18,112.78125,TY1 COMB Comdty,0.03651072497097588,0.007256488975718733,0.19874951761399598,neutral,0,112.86329295371796,112.72403243251675,112.25566908674136,0.1858486069298287
2025-11-19,112.6875,TY1 COMB Comdty,0.0363281797287877,0.004316947500348167,0.11883192421356772,neutral,0,112.84655076764959,112.72283464784407,112.26280678778697,0.17356879267251824
2025-11-20,112.875,TY1 COMB Comdty,0.03629951963632373,0.00417014178482078,0.11488145922040953,neutral,0,112.84926021834963,112.7278236757836,112.27292568385661,0.17542628698284915
2025-11-21,113.25,TY1 COMB Comdty,0.03684847689869538,0.006387114690363793,0.17333456435454267,neutral,0,112.88742591184013,112.7449442110038,112.2890756725532,0.20203611538513594
2025-11-24,113.375,TY1 COMB Comdty,0.03686535436617486,0.008197860219535835,0.22237302096999872,neutral,0,112.93386153928392,112.76560177785613,112.30702483499033,0.1917646333337845
2025-11-25,113.640625,TY1 COMB Comdty,0.03662755637642332,0.01337606242162459,0.36519123154594574,mod_long,1,113.00117234506641,112.79429106382806,112.32906781292438,0.20161268222261325
2025-11-26,113.625,TY1 COMB Comdty,0.035758608002262826,0.00915903413821817,0.2561350860648317,mod_long,1,113.06058450267913,112.82152742239107,112.35048817965291,0.17681432459293148
2025-11-28,113.421875,TY1 COMB Comdty,0.03574717082909837,0.005262429026450688,0.14721246197662852,neutral,0,113.09499312147159,112.84121094952579,112.3681970527165,0.18032241464720727
2025-12-01,112.9375,TY1 COMB Comdty,0.03552783416553604,-0.0037215713301171904,-0.10475086414716832,neutral,0,113.07999377656954,112.84436796757412,112.3776070187873,0.22086275936091296
2025-12-02,113.0,TY1 COMB Comdty,0.03544824751597563,-0.004405286343612369,-0.12427374136413986,neutral,0,113.07237532165816,112.84947065716185,112.38789450608009,0.1997477247794579
2025-12-03,113.21875,TY1 COMB Comdty,0.035527339461287916,-0.000827357970215159,-0.023287923688084865,neutral,0,113.08631576721453,112.86157817659915,112.40162765473993,0.2022813614755302
2025-12-04,112.84375,TY1 COMB Comdty,0.0359579530218767,-0.00591878871300755,-0.1646030492727597,neutral,0,113.06321426557506,112.86099364621884,112.4089354620996,0.22531051327879287
2025-12-05,112.640625,TY1 COMB Comdty,0.036087403549581835,-0.008390646492434706,-0.23250901054453757,neutral,0,113.02296766885362,112.85376844470348,112.41276504123847,0.22235244484162048
2025-12-08,112.390625,TY1 COMB Comdty,0.035848721361964285,-0.007588300220750521,-0.21167561721745967,neutral,0,112.96274455753424,112.8385834137296,112.41239909014362,0.2260387855294044
2025-12-09,112.234375,TY1 COMB Comdty,0.03580174580756939,-0.010333425186001666,-0.2886290864569213,mod_short,-1,112.89337602824526,112.81877330180403,112.40945654319911,0.21673361412548384
2025-12-10,112.359375,TY1 COMB Comdty,0.03582326219772898,-0.010185822436338587,-0.2843354237287837,mod_short,-1,112.84251878746,112.80371106240061,112.40862874909665,0.20450246557541932
2025-12-11,112.609375,TY1 COMB Comdty,0.035376224974160896,-0.004282951091461706,-0.12106862997931553,neutral,0,112.8203146172257,112.79733938822353,112.41194686894629,0.21056880349869675
2025-12-12,112.34375,TY1 COMB Comdty,0.035625450244213104,-0.0055325034578146415,-0.15529637997244192,neutral,0,112.77492751082326,112.78246760500309,112.41081964797198,0.2179096296988705
2025-12-15,112.453125,TY1 COMB Comdty,0.03560839207811849,-0.0033236393851266977,-0.09333865392841167,neutral,0,112.74427965264962,112.77166948680627,112.41151890998897,0.20343834573902111
2025-12-16,112.6875,TY1 COMB Comdty,0.03580487264488001,-0.00013863856925000473,-0.0038720587174000077,neutral,0,112.738872066683,112.76890983150115,112.41608058089825,0.20756323297381832
2025-12-17,112.671875,TY1 COMB Comdty,0.035664312616813486,-0.0017995570321152066,-0.050458200371057436,neutral,0,112.73249139366557,112.76572836161587,112.42030858782556,0.1819714685773092
2025-12-18,112.9375,TY1 COMB Comdty,0.035733880104454725,0.002635594395894003,0.073756177280212,neutral,0,112.75201602284028,112.77136021861207,112.42885720620862,0.1931252727670013
2025-12-19,112.703125,TY1 COMB Comdty,0.03552631274137896,0.0033384337181805446,0.09397073494464099,neutral,0,112.74735973495072,112.7691229983297,112.43339055817212,0.1986252363980678
2025-12-22,112.34375,TY1 COMB Comdty,0.036125282513470275,0.0006958942240780086,0.01926335728498527,neutral,0,112.70892071257445,112.75517634264676,112.43190889605357,0.22005853821165877
2025-12-23,112.296875,TY1 COMB Comdty,0.03583881805233911,-0.0019441744202194355,-0.054247727070132666,neutral,0,112.66967826375785,112.74015006911735,112.42967693082954,0.1969673997834376
2025-12-24,112.515625,TY1 COMB Comdty,0.03606617907614529,0.0001388888888889106,0.0038509454687639423,neutral,0,112.65500652435233,112.73278859144136,112.43109756007203,0.19987174647897926
2025-12-26,112.578125,TY1 COMB Comdty,0.03552278514204021,-0.0023539185821102038,-0.06626503447570073,neutral,0,112.647684474414,112.72771765401706,112.43352776569068,0.18155551361511538
2025-12-29,112.71875,TY1 COMB Comdty,0.03558986531764913,-0.001798810017988095,-0.05054275991025061,neutral,0,112.65445261970791,112.72742363257387,112.43824218278671,0.17609811179976664
2025-12-30,112.640625,TY1 COMB Comdty,0.035326313575092,-0.0002773540424351184,-0.007851202527700942,neutral,0,112.65313570354525,112.72457777576817,112.44158735331916,0.16303503022646443
2025-12-31,112.4375,TY1 COMB Comdty,0.03514545675847437,0.0004170721534826338,0.011867028969030776,neutral,0,112.63259896987427,112.7151653896774,112.44151979376018,0.1683803595296025
2026-01-02,112.203125,TY1 COMB Comdty,0.03501262564723569,-0.004160310636527553,-0.11882315477976778,neutral,0,112.59169668702908,112.69837718017978,112.43757938394596,0.17717964492565552
2026-01-05,112.421875,TY1 COMB Comdty,0.035239080944742526,-0.001665047870126224,-0.04725003676279587,neutral,0,112.57552319302631,112.68931153492798,112.43731980735183,0.18272235893556812
2026-01-06,112.328125,TY1 COMB Comdty,0.035207308742639935,-0.0013890818169189911,-0.03945435952156888,neutral,0,112.55196146035715,112.67746935345492,112.43551493450305,0.17085937774415905
2026-01-07,112.578125,TY1 COMB Comdty,0.0333731261666984,-0.00497168899323297,-0.14897282826905212,neutral,0,112.55445322603742,112.67421216153836,112.43787212566829,0.1814114607116045
2026-01-08,112.25,TY1 COMB Comdty,0.03387027548157248,-0.00800883733775204,-0.2364562207977712,neutral,0,112.52545768070053,112.66030356607808,112.43476680127708,0.2009732659500572
2026-01-09,112.21875,TY1 COMB Comdty,0.03351771818449242,-0.010471204188481686,-0.31240802643082005,mod_short,-1,112.49624742539571,112.64582639997715,112.43119627563614,0.17834349715671627
2026-01-12,112.140625,TY1 COMB Comdty,0.03341947946657875,-0.009659169311439175,-0.2890281196958455,mod_short,-1,112.46237862297707,112.62926241965003,112.4263934446339,0.16498103086915408
2026-01-13,112.265625,TY1 COMB Comdty,0.032063597716537016,-0.013049450549450503,-0.40698647309687774,mod_short,-1,112.44364018269354,112.61733988130084,112.42373611497054,0.15965022675326687
2026-01-14,112.46875,TY1 COMB Comdty,0.03197770155491284,-0.00881299917378131,-0.27559826833230733,mod_short,-1,112.44603159386558,112.61246808191392,112.42448014612806,0.16544686318616464
2026-01-15,112.21875,TY1 COMB Comdty,0.03214925219560068,-0.012104539202200781,-0.3765107545443055,mod_short,-1,112.42438572778315,112.59955929234296,112.42107964784496,0.17672061476134268
2026-01-16,111.75,TY1 COMB Comdty,0.03298927354976233,-0.01758241758241763,-0.5329737726990446,mod_short,-1,112.36015851561332,112.57170488931531,112.40998742226074,0.21565786612649698
2026-01-20,111.421875,TY1 COMB Comdty,0.033394588925367646,-0.020870520389949188,-0.6249671297524265,mod_short,-1,112.27079818079301,112.53400554868202,112.39365498552917,0.23065348397629737
2026-01-21,111.65625,TY1 COMB Comdty,0.033386869667233504,-0.01610904584882278,-0.4824964427447505,mod_short,-1,112.21226978262224,112.50522667823343,112.38146647337167,0.23114968611279105
2026-01-22,111.59375,TY1 COMB Comdty,0.03339093676961528,-0.016253443526170752,-0.48676213064381246,mod_short,-1,112.15336313665821,112.47534219697987,112.3684463663738,0.20866306129775225
2026-01-23,111.671875,TY1 COMB Comdty,0.0334493032992624,-0.015429122468659573,-0.4612688739917583,mod_short,-1,112.10750712364315,112.44899901019363,112.3569327900701,0.19125798645805195
2026-01-26,111.828125,TY1 COMB Comdty,0.03359438848941834,-0.014458826769484956,-0.43039410507618675,mod_short,-1,112.0808993023438,112.42864248526925,112.34819216544085,0.1865902549303117
2026-01-27,111.796875,TY1 COMB Comdty,0.03212483872507968,-0.009825629670633829,-0.30585771199414663,mod_short,-1,112.05384936878724,112.40792879722764,112.33907948502033,0.1658782209396035
2026-01-28,111.640625,TY1 COMB Comdty,0.03204793504086345,-0.009427422708997657,-0.294166307344826,mod_short,-1,112.01449466699799,112.38277129567918,112.3275347827886,0.1645944581476564
2026-01-29,111.859375,TY1 COMB Comdty,0.032338240340785945,-0.007211205103314411,-0.2229931198272228,neutral,0,111.99972136537913,112.3656107613946,112.3197966045607,0.17181519706130222
2026-01-30,111.828125,TY1 COMB Comdty,0.03233893337449176,-0.007488559145749529,-0.2315648156675551,neutral,0,111.98337885439065,112.34798827741446,112.31166980117953,0.15307317078646193
2026-02-02,111.59375,TY1 COMB Comdty,0.032506087499994875,-0.010529232474369654,-0.3239157119223073,mod_short,-1,111.94627134444869,112.32325915356479,112.29980335818483,0.16391341468160034
2026-02-03,111.59375,TY1 COMB Comdty,0.03150450549370445,-0.0065377660314369646,-0.20751844629789246,neutral,0,111.91269788307262,112.29934082066102,112.28813305474377,0.14205829272405363
2026-02-04,111.609375,TY1 COMB Comdty,0.030045173703231936,-0.01080182800166185,-0.35951957237311316,mod_short,-1,111.88380998944666,112.27671899047542,112.27691391334305,0.12520052036084647
2026-02-05,112.125,TY1 COMB Comdty,0.03160464724099044,-0.006506991554755648,-0.2058871755517094,neutral,0,111.90678046664222,112.27174459734508,112.27440293956879,0.17725711764606694
2026-02-06,112.109375,TY1 COMB Comdty,0.03146676394318784,-0.005130338325013861,-0.16303990884720496,neutral,0,111.92607518410486,112.26642100398949,112.27167520503048,0.15570616862659134
2026-02-09,112.1875,TY1 COMB Comdty,0.030828678961136165,-0.007464749792645886,-0.24213654441879395,neutral,0,111.95097278561869,112.26383343008818,112.27028387932751,0.14536201280971248
2026-02-10,112.515625,TY1 COMB Comdty,0.03145239188706673,-0.0042865044247787365,-0.13628548315720795,neutral,0,112.00474918698833,112.27208889139676,112.27433910446258,0.1697304111017508
2026-02-11,112.28125,TY1 COMB Comdty,0.03145482759790767,-0.004295413606761778,-0.13655816721270161,neutral,0,112.03108259775135,112.27238925561326,112.2744533341409,0.17834968962151737
2026-02-12,112.796875,TY1 COMB Comdty,0.032585889895560306,0.0023604554290475033,0.07243796123453745,neutral,0,112.10401520748931,112.28958550952758,112.28308840299808,0.22331973100531508
2026-02-13,113.171875,TY1 COMB Comdty,0.033223306039364596,0.004716326813705152,0.1419583833143221,neutral,0,112.20571614010937,112.31851303380536,112.29777909055183,0.24354376687127305
2026-02-17,113.125,TY1 COMB Comdty,0.03314832387418986,0.003047935716264938,0.09194841126305452,neutral,0,112.29326698390848,112.34495522941829,112.31145216343528,0.21732126462176998
2026-02-18,112.953125,TY1 COMB Comdty,0.03325652763583643,0.0023571824736550173,0.0708787910592017,neutral,0,112.35611060448863,112.36489522189638,112.32205832602314,0.21126176267220065
2026-02-19,112.96875,TY1 COMB Comdty,0.03308515125707193,0.0008305647840531893,0.02510385331473002,neutral,0,112.41445721358495,112.38469373921124,112.33274744460127,0.18517686098257388
2026-02-20,112.9375,TY1 COMB Comdty,0.032363255322258075,-0.0027593818984547047,-0.08526280409612931,neutral,0,112.46427081229115,112.40281853464694,112.34274335460786,0.16465327951823072
2026-02-23,113.375,TY1 COMB Comdty,0.03326811677284702,0.0,0.0,neutral,0,112.55100692540628,112.43469333678966,112.35980544792012,0.20103284224913331
2026-02-24,113.296875,TY1 COMB Comdty,0.03293557563687935,-0.003024886566753704,-0.09184252918800093,neutral,0,112.6220419801295,112.46296158804246,112.37529420084707,0.18464512994924887
2026-02-25,113.171875,TY1 COMB Comdty,0.033006136617821605,-0.003987898789879041,-0.12082294986701902,neutral,0,112.67440702964097,112.48620465072959,112.38846082562647,0.1766924459560157
2026-02-26,113.421875,TY1 COMB Comdty,0.033130979484245295,0.0,0.0,neutral,0,112.74559445538945,112.51688236709911,112.40554205164918,0.1864667864952136
2026-02-27,113.859375,TY1 COMB Comdty,0.03283996331573289,0.00816270060874369,0.24855997950622322,neutral,0,112.85166879297141,112.5608985189975,112.42957234831614,0.2199378816291851
2026-03-02,113.15625,TY1 COMB Comdty,0.03528065562505481,0.0013827433628319508,0.03919267763975411,neutral,0,112.88067652697413,112.58041823968611,112.44158354917042,0.2843628307452938
2026-03-03,113.109375,TY1 COMB Comdty,0.035065215913968856,-0.0009660502346121591,-0.02755010084587318,neutral,0,112.90245733392898,112.59776108428656,112.45262142439074,0.2526977866459213
2026-03-04,112.90625,TY1 COMB Comdty,0.03459047342090017,0.0005538631957906492,0.016012015477533052,neutral,0,112.90281854022146,112.60787547496568,112.46011941737603,0.24608808175979846
2026-03-05,112.421875,TY1 COMB Comdty,0.03551162653768329,-0.001942016923290324,-0.054686791697067035,neutral,0,112.8570143935337,112.6017770987373,112.45948727824586,0.277859670858492
2026-03-06,112.5625,TY1 COMB Comdty,0.03530933516758634,0.0015292645627693613,0.043310488728012436,neutral,0,112.82896540367335,112.60048932500821,112.46118996786163,0.2595617147440264
2026-03-09,112.484375,TY1 COMB Comdty,0.035218617333092436,0.0022274815536684756,0.06324727437767606,neutral,0,112.79614726999017,112.59668229795875,112.46157319153335,0.2353701527781562
2026-03-10,112.578125,TY1 COMB Comdty,0.035186771226719905,0.0019468780419968912,0.0553298291978118,neutral,0,112.77538324427682,112.5960738619601,112.46349966770636,0.21648746574106872
2026-03-11,112.125,TY1 COMB Comdty,0.03585021722379099,-0.004301373664492902,-0.1199818019969602,neutral,0,112.71344198291713,112.58062881730567,112.4579046318765,0.2480391369755929
2026-03-12,111.5625,TY1 COMB Comdty,0.036971490481392685,-0.006954102920723182,-0.188093658929523,neutral,0,112.60382846073455,112.54724754460712,112.44310455531657,0.2899672520455139
2026-03-13,111.5625,TY1 COMB Comdty,0.03690298319726191,-0.007919966652771948,-0.21461589190327535,neutral,0,112.50465432161697,112.5149607398659,112.42854910812126,0.25130495177277873
2026-03-16,112.03125,TY1 COMB Comdty,0.037692311482756057,-0.005823627287853572,-0.15450438189543872,neutral,0,112.45956819574869,112.4991013713457,112.4219821807143,0.2802976248697416
2026-03-17,112.140625,TY1 COMB Comdty,0.03775594608579729,-0.004715018721397901,-0.12488148782402135,neutral,0,112.42919265329643,112.48734804769502,112.41733164880166,0.25750794155377604
2026-03-18,111.6875,TY1 COMB Comdty,0.03826802815682676,-0.011068068622025473,-0.2892249523980504,mod_short,-1,112.35855525774438,112.46112352154108,112.40526831576362,0.28359021601327256
2026-03-19,111.359375,TY1 COMB Comdty,0.038490438295093674,-0.011922916955496965,-0.3097630862004698,mod_short,-1,112.2633952331973,112.42500061919547,112.38798082294109,0.28952818721150286
2026-03-20,110.796875,TY1 COMB Comdty,0.03928972671994895,-0.013769123783031967,-0.35045099400095436,mod_short,-1,112.12372663955946,112.37161945135298,112.36168155314041,0.3259244289166358
2026-03-23,110.921875,TY1 COMB Comdty,0.03938547901502412,-0.012244330040350637,-0.3108843753221809,mod_short,-1,112.00926457864904,112.32408684639059,112.33788309771661,0.29913450506108435
2026-03-24,110.421875,TY1 COMB Comdty,0.04009580664218272,-0.01860852659352863,-0.46410156452499357,mod_short,-1,111.85808461877771,112.26171924486958,112.30621354238247,0.32591657105293975
2026-03-25,110.890625,TY1 COMB Comdty,0.041135426432247865,-0.01498959056210969,-0.3643961388560856,mod_short,-1,111.76594560746554,112.21676533520173,112.28281538465714,0.34496102824588115
2026-03-26,110.171875,TY1 COMB Comdty,0.04294461006941047,-0.022594954255614086,-0.5261417956547827,mod_short,-1,111.61412935913549,112.14971975044101,112.24792380805125,0.394799557813097
2026-03-27,110.15625,TY1 COMB Comdty,0.0429421522955403,-0.022055763628797354,-0.5136157004195602,mod_short,-1,111.4752837058845,112.08436008649213,112.21335068725703,0.3442429501046841
2026-03-30,110.8125,TY1 COMB Comdty,0.04474192955451123,-0.014452473596442417,-0.32301855866171975,mod_short,-1,111.41216144818121,112.04265975578747,112.19019613044287,0.38584389009072617
2026-03-31,111.046875,TY1 COMB Comdty,0.044829633975356345,-0.010304971452443912,-0.22986963172861816,neutral,0,111.37737226264015,112.01001107526984,112.1712982605182,0.36564803807862933
2026-04-01,110.984375,TY1 COMB Comdty,0.04461776206186352,-0.012786657400972845,-0.28658222219312257,mod_short,-1,111.33994395191252,111.97638366296592,112.15167969422865,0.3252282996681455
2026-04-02,111.015625,TY1 COMB Comdty,0.044609764334484533,-0.011684518013631906,-0.2619273647361428,mod_short,-1,111.30905643268275,111.94488337893424,112.13290193068768,0.2860311930457261
2026-04-03,110.75,TY1 COMB Comdty,0.04454474207649987,-0.016238723108952136,-0.3645485943338546,mod_short,-1,111.25581296290345,111.90570687470688,112.11004404753582,0.28331036730629594
2026-04-06,110.8125,TY1 COMB Comdty,0.0442316790176345,-0.012806236080178168,-0.28952633869206085,mod_short,-1,111.21359268072217,111.86986402635583,112.08859703848564,0.25386898499878985
2026-04-07,110.859375,TY1 COMB Comdty,0.04425046600621969,-0.012113617376775299,-0.27375118207958876,mod_short,-1,111.17985766351053,111.83673323860646,112.06827931884126,0.22626978699895123
2026-04-08,111.234375,TY1 COMB Comdty,0.04484044621008661,-0.008081371046398167,-0.18022503631064019,neutral,0,111.18504979079525,111.81698378816033,112.05449577638109,0.24610048206575774
2026-04-09,111.234375,TY1 COMB Comdty,0.04476628183296559,-0.009185803757828848,-0.2051946997095587,neutral,0,111.18974742976712,111.79788186067965,112.04094006106901,0.21328708445699004
2026-04-10,111.09375,TY1 COMB Comdty,0.044634699495664995,-0.012225618227285406,-0.2739038991059586,mod_short,-1,111.18060481740835,111.77479557016557,112.02528402700176,0.20359880652939136
2026-04-13,111.234375,TY1 COMB Comdty,0.0445322694473606,-0.00877192982456143,-0.19697917787303199,neutral,0,111.18572578717898,111.75707686294702,112.0122111505224,0.19520229899213917
2026-04-14,111.53125,TY1 COMB Comdty,0.04409134449412459,-0.0019574944071588662,-0.04439634194914861,neutral,0,111.2186328550667,111.74967270350612,112.00426137943938,0.2087586591265206
2026-04-15,111.359375,TY1 COMB Comdty,0.04379008232753583,-0.0005609311457018817,-0.012809547639264432,neutral,0,111.23203686886987,111.73687605748952,111.99360210044038,0.2038408379096512
2026-04-16,111.21875,TY1 COMB Comdty,0.04364075929784889,-0.003918275958578188,-0.08978477967892104,neutral,0,111.23077145278702,111.7198883178997,111.98079462770583,0.1954120595216977
2026-04-17,111.71875,TY1 COMB Comdty,0.04461331168470188,0.0011201344161300142,0.025107627607795672,neutral,0,111.27724560014065,111.71985099600136,111.97646331154542,0.2360237849188047
2026-04-20,111.65625,TY1 COMB Comdty,0.04460628414357039,-0.0001399188470686541,-0.0031367519118676063,neutral,0,111.31334125727011,111.71776571744394,111.97117052953641,0.21288728026296408
2026-04-21,111.296875,TY1 COMB Comdty,0.04499053688312776,-0.004750593824228044,-0.10559095652867392,neutral,0,111.311773042292,111.70396602179004,111.96002514888292,0.2324189762279022
2026-04-22,111.28125,TY1 COMB Comdty,0.0449887458780571,-0.004612159329140497,-0.10251806844409149,neutral,0,111.30886608588324,111.690106480092,111.94880572493445,0.20351311273084857
2026-04-23,111.046875,TY1 COMB Comdty,0.045101135254356974,-0.005318404478656391,-0.11792174295973203,neutral,0,111.28391455389436,111.66901692336766,111.93389777906776,0.2076280310334021
2026-04-24,111.21875,TY1 COMB Comdty,0.045029273303111614,-0.005727056851515533,-0.12718519379525012,neutral,0,111.27770840590442,111.65425407342119,111.92207715462037,0.2028609602289485
2026-04-27,111.03125,TY1 COMB Comdty,0.04514640731977668,-0.0071258907363420665,-0.15783959697764308,neutral,0,111.25423617677066,111.63382771035819,111.90735273884152,0.20081283219842203
2026-04-28,110.859375,TY1 COMB Comdty,0.04505762118833709,-0.006580789694763389,-0.1460527546995044,neutral,0,111.21663035041155,111.6084358182153,111.89003079274497,0.19695445457196575
2026-04-29,110.359375,TY1 COMB Comdty,0.045951486405610996,-0.011061327359283113,-0.24071750936728017,neutral,0,111.13498698370569,111.56748300450332,111.86473069699711,0.23736052729570367
2026-04-30,110.59375,TY1 COMB Comdty,0.04618994295290013,-0.009099818003639903,-0.1970086434815255,neutral,0,111.08344060430514,111.53555733222451,111.84372275159221,0.23696245698960985
2026-05-01,110.640625,TY1 COMB Comdty,0.04512816202354034,-0.013238573021181699,-0.29335502328404206,mod_short,-1,111.04126768960941,111.50621528854502,111.82383683834276,0.21161746272432855
2026-05-04,110.171875,TY1 COMB Comdty,0.04587269896501478,-0.017282229965156826,-0.37674325590341373,mod_short,-1,110.95846838583708,111.46246642662551,111.79653168399,0.24590180102775142
2026-05-05,110.34375,TY1 COMB Comdty,0.045985697495574074,-0.016434540389972163,-0.35738373635746024,mod_short,-1,110.89992377766212,111.42578719952303,111.77251876359348,0.2360315608907179
2026-05-06,110.796875,TY1 COMB Comdty,0.046398484617911746,-0.015275656158866835,-0.32922747983389516,mod_short,-1,110.89010960836096,111.40516712740751,111.7563924203936,0.2649773527719555
2026-05-07,110.8125,TY1 COMB Comdty,0.0462473033586157,-0.013080990815474536,-0.28284872555791074,mod_short,-1,110.8827182170885,111.38573541831218,111.74079089278379,0.23173037240236144
