date,ct10_yield_pct,ct10_change_bps,fn_3.5_fly_level_32nds,fn_3.5_fly_change_32nds,fn_3.5_fly_change_32nds_corr_20d,fn_3.5_fly_change_32nds_corr_40d,fn_3.5_fly_change_32nds_corr_60d,fn_4_fly_level_32nds,fn_4_fly_change_32nds,fn_4_fly_change_32nds_corr_20d,fn_4_fly_change_32nds_corr_40d,fn_4_fly_change_32nds_corr_60d,fn_4.5_fly_level_32nds,fn_4.5_fly_change_32nds,fn_4.5_fly_change_32nds_corr_20d,fn_4.5_fly_change_32nds_corr_40d,fn_4.5_fly_change_32nds_corr_60d,fn_5_fly_level_32nds,fn_5_fly_change_32nds,fn_5_fly_change_32nds_corr_20d,fn_5_fly_change_32nds_corr_40d,fn_5_fly_change_32nds_corr_60d,fn_5.5_fly_level_32nds,fn_5.5_fly_change_32nds,fn_5.5_fly_change_32nds_corr_20d,fn_5.5_fly_change_32nds_corr_40d,fn_5.5_fly_change_32nds_corr_60d,fn_6_fly_level_32nds,fn_6_fly_change_32nds,fn_6_fly_change_32nds_corr_20d,fn_6_fly_change_32nds_corr_40d,fn_6_fly_change_32nds_corr_60d,g2_3.5_fly_level_32nds,g2_3.5_fly_change_32nds,g2_3.5_fly_change_32nds_corr_20d,g2_3.5_fly_change_32nds_corr_40d,g2_3.5_fly_change_32nds_corr_60d,g2_4_fly_level_32nds,g2_4_fly_change_32nds,g2_4_fly_change_32nds_corr_20d,g2_4_fly_change_32nds_corr_40d,g2_4_fly_change_32nds_corr_60d,g2_4.5_fly_level_32nds,g2_4.5_fly_change_32nds,g2_4.5_fly_change_32nds_corr_20d,g2_4.5_fly_change_32nds_corr_40d,g2_4.5_fly_change_32nds_corr_60d,g2_5_fly_level_32nds,g2_5_fly_change_32nds,g2_5_fly_change_32nds_corr_20d,g2_5_fly_change_32nds_corr_40d,g2_5_fly_change_32nds_corr_60d,g2_5.5_fly_level_32nds,g2_5.5_fly_change_32nds,g2_5.5_fly_change_32nds_corr_20d,g2_5.5_fly_change_32nds_corr_40d,g2_5.5_fly_change_32nds_corr_60d,g2_6_fly_level_32nds,g2_6_fly_change_32nds,g2_6_fly_change_32nds_corr_20d,g2_6_fly_change_32nds_corr_40d,g2_6_fly_change_32nds_corr_60d
2023-09-19,4.36566797198026,,8.0,,,,,11.5,,,,,10.24998400000004,,,,,8.00003199999992,,,,,11.99996800000008,,,,,8.75001599999996,,,,,14.5,,,,,7.5,,,,,-1.2500159999999596,,,,,8.00003199999992,,,,,11.99996800000008,,,,,18.00003199999992,,,,
2023-09-20,4.34571488779608,-1.9953084184179737,7.74998400000004,-0.2500159999999596,,,,11.00003199999992,-0.4999680000000808,,,,10.49996800000008,0.2499840000000404,,,,8.25001599999996,0.2499840000000404,,,,12.0,3.199999991920777e-05,,,,10.0,1.2499840000000404,,,,14.24998400000004,-0.2500159999999596,,,,6.000031999999919,-1.4999680000000808,,,,0.2499840000000404,1.5,,,,7.24998400000004,-0.7500479999998788,,,,12.00003199999992,6.399999983841553e-05,,,,19.74998400000004,1.7499520000001212,,,
2023-09-21,4.47891879085872,13.320390306263974,7.75001599999996,3.199999991920777e-05,,,,9.25001599999996,-1.7500159999999596,,,,8.74998400000004,-1.7499840000000404,,,,8.0,-0.2500159999999596,,,,10.0,-2.0,,,,9.0,-1.0,,,,14.25001599999996,3.199999991920777e-05,,,,4.25001599999996,-1.7500159999999596,,,,-1.7500159999999596,-2.0,,,,6.74998400000004,-0.5,,,,10.75001599999996,-1.2500159999999596,,,,17.0,-2.7499840000000404,,,
2023-09-22,4.43875997295247,-4.01588179062502,6.500031999999919,-1.2499840000000404,,,,9.99996800000008,0.7499520000001212,,,,10.25001599999996,1.5000319999999192,,,,7.75001599999996,-0.2499840000000404,,,,9.99996800000008,-3.199999991920777e-05,,,,9.25001599999996,0.2500159999999596,,,,13.0,-1.2500159999999596,,,,5.5,1.2499840000000404,,,,-0.2500159999999596,1.5,,,,5.500031999999919,-1.2499520000001212,,,,9.49996800000008,-1.2500479999998788,,,,19.25001599999996,2.2500159999999596,,,
2023-09-25,4.54054981424347,10.178984129100055,6.25001599999996,-0.2500159999999596,,,,10.49996800000008,0.5,,,,9.50003199999992,-0.7499840000000404,,,,7.24998400000004,-0.5000319999999192,,,,8.74998400000004,-1.2499840000000404,,,,9.25001599999996,0.0,,,,13.50003199999992,0.5000319999999192,,,,5.999968000000081,0.4999680000000808,,,,-0.7499840000000404,-0.4999680000000808,,,,5.0,-0.5000319999999192,,,,6.5,-2.999968000000081,,,,19.25001599999996,0.0,,,
2023-09-26,4.55705436654744,1.6504552303969966,7.5,1.2499840000000404,,,,9.24998400000004,-1.2499840000000404,,,,9.00003199999992,-0.5,,,,6.24998400000004,-1.0,,,,9.74998400000004,1.0,,,,8.75001599999996,-0.5,,,,14.25001599999996,0.7499840000000404,,,,6.0,3.199999991920777e-05,,,,-2.5,-1.7500159999999596,,,,3.7500159999999596,-1.2499840000000404,,,,7.24998400000004,0.7499840000000404,,,,18.74998400000004,-0.5000319999999192,,,
2023-09-27,4.62498242361018,6.792805706273963,6.500031999999919,-0.9999680000000808,,,,9.74998400000004,0.5,,,,8.5,-0.5000319999999192,,,,6.24998400000004,0.0,,,,8.50003199999992,-1.2499520000001212,,,,7.74998400000004,-1.0000319999999192,,,,12.5,-1.7500159999999596,,,,7.0,1.0,,,,-3.5,-1.0,,,,2.7499840000000404,-1.0000319999999192,,,,7.75001599999996,0.5000319999999192,,,,17.5,-1.2499840000000404,,,
2023-09-28,4.5963273785706,-2.865504503957972,6.75001599999996,0.2499840000000404,,,,9.24998400000004,-0.5,,,,7.5,-1.0,,,,6.74998400000004,0.5,,,,7.75001599999996,-0.7500159999999596,,,,8.5,0.7500159999999596,,,,11.75001599999996,-0.7499840000000404,,,,6.999968000000081,-3.199999991920777e-05,,,,-4.74998400000004,-1.2499840000000404,,,,2.7500159999999596,3.199999991920777e-05,,,,7.74998400000004,-3.199999991920777e-05,,,,17.0,-0.5,,,
2023-09-29,4.57008761931672,-2.6239759253880557,6.75001599999996,0.0,,,,9.5,0.2500159999999596,,,,7.5,0.0,,,,7.75001599999996,1.0000319999999192,,,,7.74998400000004,-3.199999991920777e-05,,,,9.0,0.5,,,,11.24998400000004,-0.5000319999999192,,,,6.75001599999996,-0.2499520000001212,,,,-5.0,-0.2500159999999596,,,,5.25001599999996,2.5,,,,6.999968000000081,-0.7500159999999596,,,,17.00003199999992,3.199999991920777e-05,,,
2023-10-02,4.68163744687722,11.154982756050025,7.24998400000004,0.4999680000000808,,,,8.5,-1.0,,,,7.5,0.0,,,,7.24998400000004,-0.5000319999999192,,,,7.25001599999996,-0.4999680000000808,,,,7.25001599999996,-1.7499840000000404,,,,11.24998400000004,0.0,,,,5.5,-1.2500159999999596,,,,-5.25001599999996,-0.2500159999999596,,,,5.75001599999996,0.5,,,,6.5,-0.4999680000000808,,,,13.0,-4.000031999999919,,,
2023-10-03,4.80072112094976,11.908367407253984,6.5,-0.7499840000000404,,,,8.25001599999996,-0.2499840000000404,,,,6.74998400000004,-0.7500159999999596,,,,7.0,-0.2499840000000404,,,,6.24998400000004,-1.0000319999999192,,,,7.500031999999919,0.2500159999999596,,,,12.25001599999996,1.0000319999999192,,,,5.499968000000081,-3.199999991920777e-05,,,,-6.499968000000081,-1.2499520000001212,,,,4.24998400000004,-1.5000319999999192,,,,6.5,0.0,,,,12.74998400000004,-0.2500159999999596,,,
2023-10-04,4.73294411360084,-6.7777007348920115,6.74998400000004,0.2499840000000404,,,,8.50003199999992,0.2500159999999596,,,,6.24998400000004,-0.5,,,,7.24998400000004,0.2499840000000404,,,,7.000031999999919,0.7500479999998788,,,,7.999968000000081,0.4999360000001616,,,,12.24998400000004,-3.199999991920777e-05,,,,6.500031999999919,1.0000639999998384,,,,-7.75001599999996,-1.2500479999998788,,,,4.24998400000004,0.0,,,,9.00003199999992,2.500031999999919,,,,11.74998400000004,-1.0,,,
2023-10-05,4.71541993701914,-1.7524176581699358,7.24998400000004,0.5,,,,7.75001599999996,-0.7500159999999596,,,,5.75001599999996,-0.4999680000000808,,,,7.24998400000004,0.0,,,,6.24998400000004,-0.7500479999998788,,,,7.75001599999996,-0.2499520000001212,,,,10.74998400000004,-1.5,,,,7.25001599999996,0.7499840000000404,,,,-8.24998400000004,-0.4999680000000808,,,,4.24998400000004,0.0,,,,9.5,0.4999680000000808,,,,9.74998400000004,-2.0,,,
2023-10-10,4.65399613571246,-6.142380130668013,6.74998400000004,-0.5,,,,8.5,0.7499840000000404,,,,6.0,0.2499840000000404,,,,6.74998400000004,-0.5,,,,7.25001599999996,1.0000319999999192,,,,9.25001599999996,1.5,,,,11.24998400000004,0.5,,,,8.5,1.2499840000000404,,,,-9.5,-1.2500159999999596,,,,4.74998400000004,0.5,,,,10.25001599999996,0.7500159999999596,,,,16.0,6.25001599999996,,,
2023-10-11,4.59629890590128,-5.769722981117997,8.25001599999996,1.5000319999999192,,,,8.74998400000004,0.2499840000000404,,,,6.0,0.0,,,,6.24998400000004,-0.5,,,,8.25001599999996,1.0,,,,10.0,0.7499840000000404,,,,14.0,2.7500159999999596,,,,6.25001599999996,-2.2499840000000404,,,,-9.25001599999996,0.2499840000000404,,,,5.74998400000004,1.0,,,,11.25001599999996,1.0,,,,18.5,2.5,,,
2023-10-12,4.70941120768437,11.311230178309017,8.0,-0.2500159999999596,,,,8.5,-0.2499840000000404,,,,5.24998400000004,-0.7500159999999596,,,,5.500031999999919,-0.7499520000001212,,,,8.74998400000004,0.4999680000000808,,,,8.74998400000004,-1.2500159999999596,,,,11.5,-2.5,,,,6.5,0.2499840000000404,,,,-9.75001599999996,-0.5,,,,4.75001599999996,-0.9999680000000808,,,,11.75001599999996,0.5,,,,16.49996800000008,-2.000031999999919,,,
2023-10-13,4.62792014937618,-8.149105830819003,7.999968000000081,-3.199999991920777e-05,,,,9.25001599999996,0.7500159999999596,,,,4.75001599999996,-0.4999680000000808,,,,5.499968000000081,-6.399999983841553e-05,,,,9.75001599999996,1.0000319999999192,,,,9.75001599999996,1.0000319999999192,,,,11.5,0.0,,,,6.74998400000004,0.2499840000000404,,,,-9.49996800000008,0.2500479999998788,,,,5.74998400000004,0.9999680000000808,,,,11.0,-0.7500159999999596,,,,19.0,2.500031999999919,,,
2023-10-16,4.70910337723536,8.118322785917975,7.0,-0.9999680000000808,,,,9.0,-0.2500159999999596,,,,4.74998400000004,-3.199999991920777e-05,,,,4.500031999999919,-0.9999360000001616,,,,8.99996800000008,-0.7500479999998788,,,,10.50003199999992,0.7500159999999596,,,,10.24998400000004,-1.2500159999999596,,,,8.50003199999992,1.7500479999998788,,,,-9.00003199999992,0.4999360000001616,,,,3.2500159999999596,-2.499968000000081,,,,9.5,-1.5,,,,19.0,0.0,,,
2023-10-17,4.84574351596388,13.66401387285201,6.0,-1.0,,,,7.75001599999996,-1.2499840000000404,,,,4.999968000000081,0.2499840000000404,,,,4.25001599999996,-0.2500159999999596,,,,6.75001599999996,-2.249952000000121,,,,8.99996800000008,-1.5000639999998384,,,,6.499968000000081,-3.7500159999999596,,,,10.50003199999992,2.0,,,,-9.75001599999996,-0.7499840000000404,,,,3.0,-0.2500159999999596,,,,6.74998400000004,-2.7500159999999596,,,,16.00003199999992,-2.999968000000081,,,
2023-10-18,4.90105025467829,5.53067387144095,5.24998400000004,-0.7500159999999596,,,,7.0,-0.7500159999999596,,,,5.74998400000004,0.7500159999999596,,,,3.7500159999999596,-0.5,,,,6.0,-0.7500159999999596,,,,7.5,-1.4999680000000808,,,,6.74998400000004,0.2500159999999596,,,,8.0,-2.500031999999919,,,,-8.75001599999996,1.0,,,,4.25001599999996,1.2500159999999596,,,,4.5,-2.2499840000000404,,,,15.75001599999996,-0.2500159999999596,,,
2023-10-19,4.98661741631974,8.556716164145062,5.000031999999919,-0.2499520000001212,-0.3347250971614273,,,4.74998400000004,-2.2500159999999596,-0.551972687951354,,,5.24998400000004,-0.5,-0.30649931044926537,,,3.500031999999919,-0.2499840000000404,-0.4091023723367697,,,5.499968000000081,-0.5000319999999192,-0.728801467173936,,,7.500031999999919,3.199999991920777e-05,-0.7126016747601395,,,5.5,-1.2499840000000404,-0.3563046604559519,,,7.0,-1.0,-0.042420872758153025,,,-9.5,-0.7499840000000404,-0.25932067901417666,,,4.24998400000004,-3.199999991920777e-05,-0.40387222723645344,,,3.7500159999999596,-0.7499840000000404,-0.5128982140978199,,,15.5,-0.2500159999999596,-0.6706849486514527,,
2023-10-20,4.92218291333332,-6.443450298641995,4.000031999999919,-1.0,-0.24912510292637477,,,4.499968000000081,-0.2500159999999596,-0.5495710939845918,,,3.7500159999999596,-1.4999680000000808,-0.15139021912237824,,,4.75001599999996,1.2499840000000404,-0.4655126051532828,,,5.74998400000004,0.2500159999999596,-0.729804612129926,,,8.0,0.4999680000000808,-0.7132253874049135,,,5.499968000000081,-3.199999991920777e-05,-0.36113943224843653,,,5.000031999999919,-1.9999680000000808,0.015931910858605652,,,-9.00003199999992,0.4999680000000808,-0.2679737016215789,,,4.500031999999919,0.2500479999998788,-0.43460249722515903,,,3.2499840000000404,-0.5000319999999192,-0.48588155540538663,,,17.24998400000004,1.7499840000000404,-0.6760579473931362,,
2023-10-23,4.83646525028719,-8.571766304613071,4.24998400000004,0.2499520000001212,-0.3065006374779081,,,4.0,-0.4999680000000808,-0.4419850207412169,,,3.0,-0.7500159999999596,0.040932303714369435,,,4.24998400000004,-0.5000319999999192,-0.41380728891692264,,,7.500031999999919,1.7500479999998788,-0.729677443778737,,,8.99996800000008,0.9999680000000808,-0.7167443041810753,,,6.000031999999919,0.5000639999998384,-0.42840535736757357,,,4.499968000000081,-0.5000639999998384,0.1433305026786612,,,-9.99996800000008,-0.9999360000001616,-0.10477786117510401,,,4.74998400000004,0.2499520000001212,-0.4340147122001435,,,6.0,2.7500159999999596,-0.5396421449715594,,,16.0,-1.2499840000000404,-0.5721127734229341,,
2023-10-24,4.83879418817122,0.23289378840303243,4.0,-0.2499840000000404,-0.3891552034945872,,,3.7499840000000404,-0.2500159999999596,-0.4153541103937677,,,3.500031999999919,0.5000319999999192,0.16679263317192317,,,4.74998400000004,0.5,-0.4239456966888958,,,8.24998400000004,0.7499520000001212,-0.7318453497752502,,,9.25001599999996,0.2500479999998788,-0.7192129469459733,,,7.0,0.9999680000000808,-0.4644075357860858,,,1.5,-2.999968000000081,0.19341043442261435,,,-8.0,1.9999680000000808,-0.04507618817890664,,,3.7499840000000404,-1.0,-0.4773109965278915,,,10.00003199999992,4.000031999999919,-0.5216862783548601,,,13.74998400000004,-2.2500159999999596,-0.5309422716997506,,
2023-10-25,4.95170375487692,11.29095667057003,4.499968000000081,0.4999680000000808,-0.31669739405568303,,,4.25001599999996,0.5000319999999192,-0.4038589338750637,,,3.0,-0.5000319999999192,0.19072280199705632,,,3.7500159999999596,-0.9999680000000808,-0.45726985723219965,,,7.74998400000004,-0.5,-0.7104684089122419,,,8.74998400000004,-0.5000319999999192,-0.7407560945675455,,,6.499968000000081,-0.5000319999999192,-0.5041720057116625,,,4.500031999999919,3.000031999999919,0.27347058520585693,,,-11.50003199999992,-3.500031999999919,-0.1985536109723722,,,4.500031999999919,0.7500479999998788,-0.4025233321622532,,,8.24998400000004,-1.7500479999998788,-0.5132386803504457,,,13.5,-0.2499840000000404,-0.5327099081587632,,
2023-10-26,4.84345710818577,-10.82466466911507,4.0,-0.4999680000000808,-0.28165565985550584,,,6.0,1.7499840000000404,-0.5219448330514784,,,4.0,1.0,-0.009880764371315432,,,3.2499840000000404,-0.5000319999999192,-0.40319356067249196,,,8.75001599999996,1.0000319999999192,-0.7491456631372735,,,9.5,0.7500159999999596,-0.7504798879772466,,,6.500031999999919,6.399999983841553e-05,-0.5006042694348474,,,5.24998400000004,0.7499520000001212,0.2145476015479966,,,-9.25001599999996,2.2500159999999596,-0.3374437221074652,,,4.000031999999919,-0.5,-0.35311453726130576,,,8.99996800000008,0.7499840000000404,-0.5128592883775683,,,13.25001599999996,-0.2499840000000404,-0.5010284168244653,,
2023-10-27,4.84304997944118,-0.040712874458925796,4.5,0.5,-0.25200443216164004,,,6.5,0.5,-0.5615910373296287,,,4.5,0.5,-0.0038432650113295673,,,3.2499840000000404,0.0,-0.41854555223642315,,,8.25001599999996,-0.5,-0.7354169084061026,,,9.0,-0.5,-0.732410005697949,,,7.74998400000004,1.2499520000001212,-0.4766466449012476,,,5.0,-0.2499840000000404,0.1964038021169385,,,-8.75001599999996,0.5,-0.32616787658469276,,,4.500031999999919,0.5,-0.3332264156182021,,,7.74998400000004,-1.2499840000000404,-0.514692821055888,,,12.5,-0.7500159999999596,-0.49116043043086877,,
2023-10-30,4.87614851458794,3.3098535146759644,5.24998400000004,0.7499840000000404,-0.2147907054010784,,,6.74998400000004,0.2499840000000404,-0.568679002451095,,,4.000031999999919,-0.4999680000000808,-0.04614956596025068,,,3.7499840000000404,0.5,-0.37790151966558966,,,7.5,-0.7500159999999596,-0.7692675407447467,,,10.5,1.5,-0.6673640743668758,,,8.74998400000004,1.0,-0.47118712648370253,,,5.74998400000004,0.7499840000000404,0.2042709582976475,,,-9.74998400000004,-0.9999680000000808,-0.35866878486226433,,,5.0,0.4999680000000808,-0.33125712647445593,,,6.5,-1.2499840000000404,-0.5192536676625067,,,15.25001599999996,2.7500159999999596,-0.46027578704226474,,
2023-10-31,4.87318667381641,-0.29618407715297224,4.499968000000081,-0.7500159999999596,-0.19651372063122344,,,8.00003199999992,1.2500479999998788,-0.5464411521583208,,,3.2499840000000404,-0.7500479999998788,-0.02710088851508793,,,3.7499840000000404,0.0,-0.3699239522038089,,,9.25001599999996,1.7500159999999596,-0.7356949308563571,,,11.0,0.5,-0.6648601534430787,,,7.25001599999996,-1.4999680000000808,-0.4594297048795485,,,8.24998400000004,2.5,0.17245527113559586,,,-12.0,-2.2500159999999596,-0.3225071507391604,,,5.5,0.5,-0.32332065585848474,,,7.5,1.0,-0.5376243514489919,,,17.0,1.7499840000000404,-0.46380642808864364,,
2023-11-01,4.78875159036816,-8.443508344825013,3.2500159999999596,-1.2499520000001212,-0.15619253814174705,,,8.24998400000004,0.2499520000001212,-0.5136400744052098,,,3.7499840000000404,0.5,-0.11449068511916607,,,5.000031999999919,1.2500479999998788,-0.4240498632105064,,,10.24998400000004,0.9999680000000808,-0.7457845830008695,,,11.74998400000004,0.7499840000000404,-0.6372621443541807,,,6.5,-0.7500159999999596,-0.4479144392450376,,,7.5,-0.7499840000000404,0.2588671991605061,,,-10.5,1.5,-0.3914753835122652,,,5.75001599999996,0.2500159999999596,-0.3783532230700781,,,9.24998400000004,1.7499840000000404,-0.5656512055746854,,,18.5,1.5,-0.4177719519199273,,
2023-11-02,4.66840294931852,-12.034864104963994,4.25001599999996,1.0,-0.2068725159376799,,,6.74998400000004,-1.5,-0.3439522712347338,,,6.0,2.2500159999999596,-0.2512619668890482,,,6.0,0.9999680000000808,-0.5004023543257563,,,11.74998400000004,1.5,-0.7480007226892148,,,11.75001599999996,3.199999991920777e-05,-0.6200390145226063,,,8.75001599999996,2.2500159999999596,-0.6096425055378901,,,4.999968000000081,-2.500031999999919,0.35782332065009664,,,-8.49996800000008,2.000031999999919,-0.4326628370072845,,,6.24998400000004,0.4999680000000808,-0.30728547440819665,,,12.74998400000004,3.5,-0.6443911672239876,,,21.50003199999992,3.000031999999919,-0.4731104013769094,,
2023-11-03,4.55688244427427,-11.152050504425048,3.7499840000000404,-0.5000319999999192,-0.15003481084627496,,,7.24998400000004,0.5,-0.3588517105643864,,,6.25001599999996,0.2500159999999596,-0.2896488116856091,,,7.25001599999996,1.2500159999999596,-0.5480164151736708,,,13.49996800000008,1.7499840000000404,-0.767534378287317,,,12.00003199999992,0.2500159999999596,-0.5954015186005074,,,8.74998400000004,-3.199999991920777e-05,-0.5960087139923955,,,4.74998400000004,-0.2499840000000404,0.3813778543220053,,,-8.74998400000004,-0.2500159999999596,-0.45074141971704185,,,9.5,3.2500159999999596,-0.4187486470512828,,,13.75001599999996,1.0000319999999192,-0.6277406511218258,,,23.49996800000008,1.9999360000001616,-0.5284311519530742,,
2023-11-06,4.66077755137009,10.389510709582073,1.9999680000000808,-1.7500159999999596,-0.2517439941631272,,,8.25001599999996,1.0000319999999192,-0.2740033680718456,,,6.0,-0.2500159999999596,-0.3048550123834464,,,7.0,-0.2500159999999596,-0.545385604016121,,,12.0,-1.4999680000000808,-0.8134815116633152,,,10.0,-2.000031999999919,-0.6444439118902564,,,6.5,-2.2499840000000404,-0.647673476195164,,,5.24998400000004,0.5,0.3924675610612222,,,-7.499968000000081,1.2500159999999596,-0.3703548814535203,,,7.499968000000081,-2.000031999999919,-0.48666662558072377,,,12.50003199999992,-1.2499840000000404,-0.6421313224249074,,,20.74998400000004,-2.7499840000000404,-0.5977481335131742,,
2023-11-07,4.56958975655324,-9.118779481685024,3.7499840000000404,1.7500159999999596,-0.33882446448531295,,,8.74998400000004,0.4999680000000808,-0.2722188772910759,,,6.000031999999919,3.199999991920777e-05,-0.2903032250701248,,,7.74998400000004,0.7499840000000404,-0.6061536088169074,,,12.0,0.0,-0.7748999790389559,,,10.5,0.5,-0.638542017041499,,,9.25001599999996,2.7500159999999596,-0.6658432003810624,,,4.999968000000081,-0.2500159999999596,0.42465524491164763,,,-6.999968000000081,0.5,-0.4193039995418066,,,8.74998400000004,1.2500159999999596,-0.5070515299250575,,,11.24998400000004,-1.2500479999998788,-0.5770661149857181,,,21.25001599999996,0.5000319999999192,-0.6174434402550634,,
2023-11-08,4.506038447821,-6.355130873224013,2.87500799999998,-0.8749760000000606,-0.27630717682700073,,,9.24998400000004,0.5,-0.28023669813664887,,,6.75001599999996,0.7499840000000404,-0.3154393221979238,,,9.0,1.2500159999999596,-0.6548939268786367,,,13.74998400000004,1.7499840000000404,-0.7728927130427337,,,10.0,-0.5,-0.5982872420833228,,,9.75001599999996,0.5,-0.674630180173093,,,5.25001599999996,0.2500479999998788,0.39266225979923547,,,-6.37500799999998,0.624960000000101,-0.42658435429720837,,,9.99996800000008,1.2499840000000404,-0.51124623217361,,,14.50003199999992,3.250047999999879,-0.5816822505631581,,,19.5,-1.7500159999999596,-0.5490432092032373,,
2023-11-09,4.62802066333472,12.19822155137198,5.500031999999919,2.6250239999999394,-0.019595923221730472,,,8.49996800000008,-0.7500159999999596,-0.3139326685424764,,,5.75001599999996,-1.0,-0.33483554752811345,,,8.25001599999996,-0.7499840000000404,-0.6561832563656109,,,13.24998400000004,-0.5,-0.8215252799478013,,,10.74998400000004,0.7499840000000404,-0.4623236755314046,,,10.24998400000004,0.4999680000000808,-0.5679787446135418,,,4.25001599999996,-1.0,0.331855335044994,,,-7.74998400000004,-1.3749760000000606,-0.4602725392094059,,,12.49996800000008,2.5,-0.28928401907581924,,,10.25001599999996,-4.25001599999996,-0.6763034014370161,,,21.25001599999996,1.7500159999999596,-0.4078988259489612,,
2023-11-10,4.62702989695267,-0.099076638205009,3.7500159999999596,-1.7500159999999596,-0.01274041050393798,,,9.24998400000004,0.7500159999999596,-0.2833002875408483,,,5.5,-0.2500159999999596,-0.37529778755499427,,,8.74998400000004,0.4999680000000808,-0.6763497032384788,,,12.50003199999992,-0.7499520000001212,-0.8039948859189645,,,11.49996800000008,0.7499840000000404,-0.43030203840042575,,,8.24998400000004,-2.0,-0.5545827534207557,,,5.5,1.2499840000000404,0.3438040926823436,,,-10.0,-2.2500159999999596,-0.4377582060723293,,,14.74998400000004,2.2500159999999596,-0.2616788819350015,,,10.50003199999992,0.2500159999999596,-0.707228013288844,,,18.74998400000004,-2.500031999999919,-0.352448763056735,,
2023-11-13,4.63099352434734,0.3963627394670155,3.999968000000081,0.2499520000001212,0.025729794617003955,,,9.25001599999996,3.199999991920777e-05,-0.2772846341907392,,,5.5,0.0,-0.38240360439381005,,,7.75001599999996,-0.9999680000000808,-0.6218429831287166,,,12.24998400000004,-0.2500479999998788,-0.7959931312098132,,,12.5,1.0000319999999192,-0.46831330967281043,,,6.999968000000081,-1.2500159999999596,-0.5348279921071801,,,4.25001599999996,-1.2499840000000404,0.2987237226940744,,,-6.24998400000004,3.7500159999999596,-0.40043603103420106,,,8.49996800000008,-6.25001599999996,-0.12681804260926002,,,15.25001599999996,4.74998400000004,-0.6213673013894996,,,18.5,-0.2499840000000404,-0.3619614938949779,,
2023-11-14,4.4404638381476,-19.05296861997403,4.5,0.5000319999999192,0.03727176504393873,,,11.0,1.7499840000000404,-0.3194971171453403,,,5.74998400000004,0.2499840000000404,-0.41923578152494934,,,9.25001599999996,1.5,-0.6837851314379204,,,15.25001599999996,3.000031999999919,-0.809211796829837,,,13.24998400000004,0.7499840000000404,-0.3921404444265142,,,6.499968000000081,-0.5,-0.33032687173229097,,,7.500031999999919,3.2500159999999596,-0.04810248950611079,,,-4.500031999999919,1.7499520000001212,-0.4271321581522566,,,11.00003199999992,2.5000639999998384,-0.2089032751487309,,,15.74998400000004,0.4999680000000808,-0.5155908092954098,,,20.0,1.5,-0.30111180570367285,,
2023-11-15,4.53626833700692,9.58044988593203,5.499968000000081,0.9999680000000808,0.12508035341004425,,,11.25001599999996,0.2500159999999596,-0.2729038077192013,,,4.25001599999996,-1.4999680000000808,-0.5358768134692761,,,6.499968000000081,-2.750047999999879,-0.6804469571526466,,,14.75001599999996,-0.5,-0.8059544163194798,,,13.62502399999994,0.375039999999899,-0.3220088801120604,,,10.24998400000004,3.7500159999999596,-0.11773002249649923,,,8.24998400000004,0.7499520000001212,0.04669030227445804,,,-7.499968000000081,-2.9999360000001616,-0.5166067296062897,,,7.499968000000081,-3.5000639999998384,-0.32418838001807926,,,19.00003199999992,3.250047999999879,-0.3756108602599718,,,16.62499200000002,-3.37500799999998,-0.3805637427328834,,
2023-11-16,4.44429981835868,-9.196851864823952,7.5,2.000031999999919,0.07024631094824202,-0.11097554538325072,,11.74998400000004,0.4999680000000808,-0.15034980341532436,-0.4308267621435971,,4.75001599999996,0.5,-0.539281062186696,-0.46325805812127147,,7.75001599999996,1.2500479999998788,-0.6963427106766101,-0.6240842261436609,,15.49996800000008,0.7499520000001212,-0.7946102691867231,-0.7953217876791251,,14.25001599999996,0.6249920000000202,-0.31874524978102287,-0.5501665646800923,,12.24998400000004,2.0,-0.1033986547526101,-0.28283421707748185,,8.25001599999996,3.199999991920777e-05,0.08957425382735489,0.023665241094252387,,-6.74998400000004,0.7499840000000404,-0.5151225386052738,-0.45371557214846364,,9.99996800000008,2.5,-0.35815790509848117,-0.38300264520954963,,19.75001599999996,0.7499840000000404,-0.34604895095554516,-0.45957735833755387,,18.25001599999996,1.6250239999999394,-0.4044511441362579,-0.5213099394855414,
2023-11-17,4.44031677343654,-0.3983044922140522,8.25001599999996,0.7500159999999596,0.055276414755149265,-0.11334661059182978,,11.74998400000004,0.0,-0.17652842265973304,-0.43680266492265696,,5.24998400000004,0.4999680000000808,-0.6191251239622472,-0.45951417763260355,,7.000031999999919,-0.7499840000000404,-0.6918316683671507,-0.6159873592964882,,15.99996800000008,0.5,-0.8035595044720315,-0.7959063400754393,,15.00003199999992,0.7500159999999596,-0.3062111060015576,-0.55141651191372,,6.999968000000081,-5.25001599999996,-0.11864588718800453,-0.24397123224051426,,10.00003199999992,1.7500159999999596,0.07361651653224618,0.014624150186684035,,-6.000031999999919,0.7499520000001212,-0.5077250427073592,-0.4528195736520009,,10.50003199999992,0.5000639999998384,-0.3586004560635934,-0.38754678255326236,,20.49996800000008,0.7499520000001212,-0.3643394315000672,-0.4607208435677755,,18.25001599999996,0.0,-0.3943256698391988,-0.5209146651756479,
2023-11-20,4.42081637908729,-1.9500394349249994,8.0,-0.2500159999999596,0.05676982765173223,-0.11478199707889726,,11.5,-0.2499840000000404,-0.22704848828811797,-0.386524311341468,,4.74998400000004,-0.5,-0.6769882191317509,-0.40904779900870675,,7.75001599999996,0.7499840000000404,-0.724217528816939,-0.6237703898590558,,16.25001599999996,0.2500479999998788,-0.7977650423914632,-0.781076503498664,,14.49996800000008,-0.5000639999998384,-0.27550566678619637,-0.5195682209177722,,8.0,1.0000319999999192,-0.11110811105552393,-0.25808786892380253,,8.74998400000004,-1.2500479999998788,0.05482318516429129,0.07228396013759655,,-5.874976000000061,0.1250559999998586,-0.5435193529158033,-0.4262271071821133,,9.74998400000004,-0.7500479999998788,-0.3627974518554195,-0.38271689415774285,,20.37500799999998,-0.12496000000010099,-0.34242063634410386,-0.4464302857682127,,19.5,1.2499840000000404,-0.42773647098195994,-0.4962522869707381,
2023-11-21,4.41689268956018,-0.39236895271095307,7.74998400000004,-0.2500159999999596,0.058215455540394936,-0.1326608174770697,,12.0,0.5,-0.2179144018711472,-0.38008241263222703,,4.74998400000004,0.0,-0.6907601042742544,-0.40938918696578713,,7.75001599999996,0.0,-0.7323446091471955,-0.629553074130091,,15.75001599999996,-0.5,-0.7995762785133458,-0.7810506141667392,,15.49996800000008,1.0,-0.25981853674878075,-0.5142064561052407,,4.25001599999996,-3.7499840000000404,-0.1272354194032642,-0.25217353734003656,,9.74998400000004,1.0,0.0980489416153583,0.08153443405939415,,-6.25001599999996,-0.375039999999899,-0.5736824058553165,-0.42050844275459337,,10.75001599999996,1.0000319999999192,-0.3539344023365907,-0.3951369061639538,,21.25001599999996,0.8750079999999798,-0.38599294627276115,-0.4602750703153462,,18.99996800000008,-0.5000319999999192,-0.43151817558976596,-0.491441736250347,
2023-11-22,4.41488004460401,-0.2012644956169929,8.0,0.2500159999999596,0.03938596687202389,-0.12594529743415311,,11.25001599999996,-0.7499840000000404,-0.2542510148947718,-0.40287066852219156,,5.999968000000081,1.2499840000000404,-0.6290172680329612,-0.3750733766253404,,8.50003199999992,0.7500159999999596,-0.6954377825776618,-0.6202671917680329,,15.74998400000004,-3.199999991920777e-05,-0.8025465592147214,-0.7716167305328191,,14.24998400000004,-1.2499840000000404,-0.20196162635969717,-0.5035041635659149,,3.999968000000081,-0.2500479999998788,-0.12201614368917435,-0.27077788409082953,,10.00003199999992,0.2500479999998788,-0.06186279243444349,0.07443092542123485,,-6.000031999999919,0.2499840000000404,-0.4916500172093703,-0.42106238164276705,,11.75001599999996,1.0,-0.38999069315360285,-0.3906484117996024,,22.0,0.7499840000000404,-0.3234197691986512,-0.43028637130652536,,16.75001599999996,-2.249952000000121,-0.4389398667520427,-0.49444000709549313,
2023-11-24,4.48313823097952,6.825818637550984,7.999968000000081,-3.199999991920777e-05,-0.002226381556499065,-0.13551075625502162,,10.25001599999996,-1.0,-0.25081670811946505,-0.42161462573046765,,5.75001599999996,-0.2499520000001212,-0.6090867665048377,-0.374709089776131,,7.74998400000004,-0.7500479999998788,-0.7793700199032145,-0.6324060448504587,,16.0,0.2500159999999596,-0.7821939209742039,-0.7735838387310731,,15.0,0.7500159999999596,-0.13695842723772608,-0.4805022770290894,,3.7499840000000404,-0.2499840000000404,-0.12145123186467068,-0.27272397677222443,,8.24998400000004,-1.7500479999998788,-0.11924809517829878,0.045707899655675045,,-4.999968000000081,1.0000639999998384,-0.41015814913820314,-0.39810630501822203,,10.24998400000004,-1.5000319999999192,-0.45156314305061096,-0.4020047398449461,,21.74998400000004,-0.2500159999999596,-0.3443690449574198,-0.4346622309264885,,18.25001599999996,1.5,-0.4066945934964218,-0.46956529564241856,
2023-11-27,4.38752131396326,-9.561691701625996,8.0,3.199999991920777e-05,0.002053807492181739,-0.11207132220104238,,10.5,0.2499840000000404,-0.25416605944812726,-0.44106500452864983,,6.5,0.7499840000000404,-0.6347512590117175,-0.38638852180606964,,8.5,0.7500159999999596,-0.779944386784427,-0.6448886371011243,,16.5,0.5,-0.7736146115733944,-0.764647997824371,,14.5,-0.5,-0.07872972570531664,-0.4348018702883744,,3.0,-0.7499840000000404,-0.11616688870856706,-0.246891332316988,,7.0,-1.2499840000000404,-0.06539486724962647,0.05503245319972517,,-1.7500159999999596,3.249952000000121,-0.4528225346923098,-0.4200068526371244,,10.75001599999996,0.5000319999999192,-0.447414942166825,-0.39197128101426304,,22.75001599999996,1.0000319999999192,-0.340429125058887,-0.4425239163895807,,16.74998400000004,-1.5000319999999192,-0.3443467023075999,-0.43270525479033034,
2023-11-28,4.33516418875935,-5.2357125203910115,8.75001599999996,0.7500159999999596,-0.024702598319957726,-0.12000006132621834,,8.25001599999996,-2.2499840000000404,-0.16954999616114425,-0.37304450909388015,,5.74998400000004,-0.7500159999999596,-0.5883351940799139,-0.38439460055033037,,10.24998400000004,1.7499840000000404,-0.7818791172507575,-0.6391180523435123,,18.00003199999992,1.5000319999999192,-0.7639012880527846,-0.7799266927803522,,15.49996800000008,0.9999680000000808,-0.15516062927489493,-0.4396992617260058,,3.5,0.5,-0.14586340924932245,-0.25362893727748465,,6.75001599999996,-0.2499840000000404,-0.0798531840145288,0.05720324179433509,,-3.000031999999919,-1.2500159999999596,-0.41026676545871243,-0.41265443634718435,,13.25001599999996,2.5,-0.460159679080408,-0.40157129017221704,,22.25001599999996,-0.5,-0.300231259804628,-0.4349966183374188,,19.24998400000004,2.5,-0.4201612756493191,-0.4423339741524086,
2023-11-29,4.26958672351399,-6.557746524535979,7.25001599999996,-1.5,0.020531371228678857,-0.08800789184688206,,8.75001599999996,0.5,-0.20848608117164386,-0.378389452586991,,7.24998400000004,1.5,-0.5850131527811777,-0.39772119018965996,,11.74998400000004,1.5,-0.7793922214608756,-0.6458607239082171,,18.50003199999992,0.5,-0.8089064750151786,-0.7811608028723215,,15.49996800000008,0.0,-0.15320309195798257,-0.4322858019996413,,4.25001599999996,0.7500159999999596,-0.1467480304059936,-0.26176556364228615,,6.5,-0.2500159999999596,-0.11419272361126644,0.05884501509045138,,-1.0,2.000031999999919,-0.42267248522748574,-0.4256938532657214,,15.0,1.7499840000000404,-0.46871648657318615,-0.4115945559036997,,24.5,2.2499840000000404,-0.31379198689931725,-0.450372223060317,,15.5,-3.7499840000000404,-0.35875899749684975,-0.39284141242853743,
2023-11-30,4.34860931975564,7.902259624164998,9.49996800000008,2.249952000000121,0.0818302653153547,-0.04354339272831587,,6.75001599999996,-2.0,-0.2991486121212626,-0.384598283199331,,8.0,0.7500159999999596,-0.5116057006299831,-0.37214969924480146,,10.75001599999996,-0.9999680000000808,-0.7898881434532125,-0.6537436029733945,,16.74998400000004,-1.7500479999998788,-0.819704439285714,-0.7850244780902853,,15.0,-0.4999680000000808,-0.17856962123771042,-0.3999567476413059,,5.5,1.2499840000000404,-0.11141416467753346,-0.2453700537202169,,6.0,-0.5,-0.15079915886127596,0.0821246949163532,,-1.7499840000000404,-0.7499840000000404,-0.4350440869244753,-0.4359723244681231,,13.24998400000004,-1.7500159999999596,-0.5075687569149743,-0.4456253688735015,,23.5,-1.0,-0.34049693555146615,-0.4561760952583608,,14.74998400000004,-0.7500159999999596,-0.3443979067403207,-0.35473304440598363,
2023-12-01,4.22328278239933,-12.532653735630994,11.49996800000008,2.0,0.028141829295266922,-0.0735115299256469,,6.500031999999919,-0.2499840000000404,-0.3934908848044286,-0.37084434760006907,,10.24998400000004,2.2499840000000404,-0.5169088733404326,-0.39942180559948887,,10.74998400000004,-3.199999991920777e-05,-0.7407616776128562,-0.6415827455347282,,17.25001599999996,0.5000319999999192,-0.7867606271906707,-0.7648917149483317,,15.0,0.0,-0.17730414234311132,-0.39762629411041645,,6.5,1.0,-0.07917991792341504,-0.2951572233427119,,6.0,0.0,-0.2959647995603927,0.08339046267478224,,0.2499840000000404,1.9999680000000808,-0.436293892078947,-0.4422430060742385,,14.00003199999992,0.7500479999998788,-0.5122752733771595,-0.4252811575848196,,24.49996800000008,0.9999680000000808,-0.279634089598778,-0.4605828403715225,,13.50003199999992,-1.2499520000001212,-0.23144436632255738,-0.3291106344384456,
2023-12-04,4.28370379797835,6.042101557901969,10.0,-1.4999680000000808,-0.07484012225507083,-0.10174005135222794,,7.0,0.4999680000000808,-0.3400663965489687,-0.34986165070226505,,9.74998400000004,-0.5,-0.5479842445291183,-0.4251558066480125,,10.00003199999992,-0.7499520000001212,-0.7374621862837994,-0.6495596244923263,,16.99996800000008,-0.2500479999998788,-0.7701744066057019,-0.7643985141863305,,14.75001599999996,-0.2499840000000404,-0.19465703224535955,-0.4003069706314876,,4.24998400000004,-2.2500159999999596,-0.12075007900405375,-0.3130440443868916,,7.75001599999996,1.7500159999999596,-0.23621071706004848,0.11933214784812968,,-1.7499840000000404,-1.9999680000000808,-0.5076271409632911,-0.4797363009785016,,15.24998400000004,1.2499520000001212,-0.44314209616571526,-0.411705748557428,,23.0,-1.4999680000000808,-0.31096930923549776,-0.4637708225429402,,13.5,-3.199999991920777e-05,-0.15480472445306406,-0.33726761878102335,
2023-12-05,4.16869039542236,-11.501340255598969,9.74998400000004,-0.2500159999999596,0.07640394569567585,-0.09024317967598701,,9.24998400000004,2.2499840000000404,-0.5142387541332303,-0.393966976110834,,10.25001599999996,0.5000319999999192,-0.5442025886253866,-0.4343819504802394,,12.0,1.9999680000000808,-0.7739927496198986,-0.6663618018723411,,17.75001599999996,0.7500479999998788,-0.7381284620233988,-0.7719945756038908,,13.99996800000008,-0.7500479999998788,0.09146602678543425,-0.3557480900542877,,2.999968000000081,-1.2500159999999596,-0.019013186732652395,-0.2910227696437974,,12.00003199999992,4.25001599999996,-0.36645617390157537,0.028304298566364437,,-3.199999991920777e-05,1.7499520000001212,-0.600600643767447,-0.4967330868011263,,18.00003199999992,2.750047999999879,-0.4340619468681614,-0.43659415854345857,,21.49996800000008,-1.5000319999999192,-0.18831826149702036,-0.4197631148776074,,12.75001599999996,-0.7499840000000404,-0.053189226377164556,-0.32377048886116044,
2023-12-06,4.1201184560278,-4.857193939456028,11.24998400000004,1.5,0.1114904094773646,-0.10986540422708507,,11.00003199999992,1.7500479999998788,-0.5010320316797142,-0.3908498562749923,,9.74998400000004,-0.5000319999999192,-0.5416788483570011,-0.4224839669019698,,13.0,1.0,-0.7738726256589227,-0.6832559230955326,,18.0,0.2499840000000404,-0.763383874181761,-0.7678502378352502,,12.0,-1.9999680000000808,0.13619698847923442,-0.2939059329388764,,3.0,3.199999991920777e-05,0.04336882857585912,-0.28768606352414894,,15.75001599999996,3.7499840000000404,-0.384212988940237,0.013926869935058903,,-0.5000319999999192,-0.5,-0.5952231212296835,-0.5101955272643801,,17.00003199999992,-1.0,-0.4123695860665751,-0.42545503429884396,,20.74998400000004,-0.7499840000000404,-0.22135113325053687,-0.41003047124526365,,12.0,-0.7500159999999596,-0.028338185156341206,-0.3148443165531055,
2023-12-07,4.12761598856708,0.7497532539280094,10.75001599999996,-0.4999680000000808,0.07231396408217138,-0.09774736568080811,,11.99996800000008,0.9999360000001616,-0.4735418039400261,-0.3803654666350298,,9.75001599999996,3.199999991920777e-05,-0.5347674807515388,-0.4259333726871731,,12.5,-0.5,-0.7718511822673018,-0.698353281584056,,16.25001599999996,-1.7499840000000404,-0.7321115586072033,-0.7439821358492935,,13.24998400000004,1.2499840000000404,0.1364480268084135,-0.27236987362266757,,4.75001599999996,1.7500159999999596,0.0715019188764369,-0.26472235276386513,,14.49996800000008,-1.2500479999998788,-0.3980798836545856,-0.010841100822421916,,0.2500159999999596,0.7500479999998788,-0.5883921099867675,-0.5089132649474231,,17.5,0.4999680000000808,-0.404363408915541,-0.4215172197478139,,16.25001599999996,-4.499968000000081,-0.2059569744443263,-0.3922049368935968,,14.74998400000004,2.7499840000000404,-0.017283864003460297,-0.28550471155456886,
2023-12-08,4.24388562199981,11.626963343272934,9.12499200000002,-1.6250239999999394,-0.24370276843332422,-0.14227335140074537,,13.24998400000004,1.2500159999999596,-0.31671881667395696,-0.31956206790090436,,10.75001599999996,1.0,-0.34313579785287557,-0.3458515990532966,,10.12499200000002,-2.37500799999998,-0.8157696001095186,-0.7127804619827725,,14.87500799999998,-1.3750079999999798,-0.7755662185211943,-0.7899144162906828,,13.25001599999996,3.199999991920777e-05,0.05881581697911635,-0.22618419727740696,,3.0,-1.7500159999999596,-0.02696122432803749,-0.2521847198596454,,15.5,1.0000319999999192,-0.3015987065111075,0.00640951909545887,,2.37500799999998,2.12499200000002,-0.4173859766552601,-0.4391775107150652,,14.74998400000004,-2.7500159999999596,-0.6011727579810594,-0.44620196841543835,,14.25001599999996,-2.0,-0.11692725489296868,-0.43335938145504865,,15.74998400000004,1.0,-0.057866990433286525,-0.22529780919064746,
2023-12-11,4.23805438728912,-0.5831234710689692,9.75001599999996,0.6250239999999394,-0.2382074055308791,-0.1430039976022448,,12.5,-0.7499840000000404,-0.32611449213835536,-0.309245925331612,,10.25001599999996,-0.5,-0.34042108122719344,-0.3664532229298167,,9.99996800000008,-0.1250239999999394,-0.8231978350189131,-0.7216151492778533,,15.00003199999992,0.1250239999999394,-0.779099025318254,-0.7864799975831879,,13.99996800000008,0.7499520000001212,0.05653940160299826,-0.20650755319598224,,3.2500159999999596,0.2500159999999596,-0.014947415671405843,-0.25138114724676325,,15.25001599999996,-0.2499840000000404,-0.31062397141690035,0.0064498421568873355,,0.4999680000000808,-1.875039999999899,-0.4175428144574135,-0.4359805714641784,,13.50003199999992,-1.2499520000001212,-0.6277818119961998,-0.43998833654399566,,15.99996800000008,1.7499520000001212,-0.10854812727416605,-0.4423168698366984,,15.75001599999996,3.199999991920777e-05,-0.043761122988298956,-0.20214914532523426,
2023-12-12,4.2053781587801,-3.2676228509020078,11.24998400000004,1.4999680000000808,-0.2392065646324142,-0.12536570245511616,,12.24998400000004,-0.2500159999999596,-0.3208493824824239,-0.3028550498294691,,10.50003199999992,0.2500159999999596,-0.3373318170832404,-0.36817931790054614,,9.74998400000004,-0.2499840000000404,-0.8228747809120703,-0.708959262163645,,14.24998400000004,-0.7500479999998788,-0.758087384419533,-0.7705592827445259,,14.25001599999996,0.2500479999998788,0.0397520637539477,-0.23373040095125688,,5.499968000000081,2.249952000000121,-0.015569445246105032,-0.24221653086504635,,14.25001599999996,-1.0,-0.290096092046633,-0.01549177656096504,,0.5,3.199999991920777e-05,-0.4933873191998971,-0.44606629607207077,,13.5,-3.199999991920777e-05,-0.7526573941337708,-0.41549777363179163,,14.75001599999996,-1.2499520000001212,-0.16309651650884713,-0.42314445749399343,,14.99996800000008,-0.7500479999998788,-0.04024799800783105,-0.20386606918852515,
2023-12-13,4.03241801901424,-17.296013976586,11.49996800000008,0.2499840000000404,-0.22136744956528626,-0.08513923708820133,,15.00003199999992,2.750047999999879,-0.371609967355411,-0.34175998725914747,,11.49996800000008,0.9999360000001616,-0.42574285989880156,-0.416233207021402,,12.25001599999996,2.500031999999919,-0.8598816851455859,-0.7522574873731958,,16.0,1.7500159999999596,-0.7269279943204309,-0.7610246883228882,,13.0,-1.2500159999999596,0.28425957380130196,-0.07133494846970583,,6.999968000000081,1.5,-0.11522113764104704,-0.19504141103274117,,15.25001599999996,1.0,-0.15399804885256718,-0.09420049069215913,,1.0,0.5,-0.4237145644862432,-0.42562167473240564,,16.75001599999996,3.2500159999999596,-0.7744453499229713,-0.4640012474728001,,15.99996800000008,1.2499520000001212,-0.20594313519723173,-0.38891791922996033,,14.75001599999996,-0.2499520000001212,0.07304598300206638,-0.12475574102589994,
2023-12-14,3.92915405924601,-10.326395976822988,13.5,2.000031999999919,-0.3378284916948564,-0.1034253935133361,,14.25001599999996,-0.7500159999999596,-0.34626314995849317,-0.3003484207173054,,12.74998400000004,1.2500159999999596,-0.35296574453657215,-0.45723760919281925,,15.5,3.2499840000000404,-0.8292114540767279,-0.741259256904838,,14.5,-1.5,-0.5870679266509691,-0.6835996567814527,,9.5,-3.5,0.34475377869736756,0.06668196813211684,,1.7500159999999596,-5.249952000000121,-0.1400307280801367,-0.11154400705399152,,16.75001599999996,1.5,-0.2134017111268189,-0.07754826939225222,,3.499968000000081,2.499968000000081,-0.3575209957974452,-0.45976769297843684,,17.50003199999992,0.7500159999999596,-0.7265120505572538,-0.4817399237390801,,15.49996800000008,-0.5,-0.4048195205576093,-0.3559237641449499,,9.00003199999992,-5.74998400000004,0.3406080809931652,-0.03574349213090611,
2023-12-15,3.92687989161524,-0.2274167630770041,11.5,-2.0,-0.30150068182946227,-0.10212384715634143,-0.18551986372152318,15.5,1.2499840000000404,-0.31905113970477544,-0.2349140869845314,-0.382867558967161,13.5,0.7500159999999596,-0.34622895469385745,-0.43632357758786017,-0.4502893204033503,14.5,-1.0,-0.8188495707751682,-0.7417452012104351,-0.6776747596782078,15.0,0.5,-0.5567293643522822,-0.6775659539191047,-0.7145557606647062,9.0,-0.5,0.38477290980706697,0.06551925724789319,-0.18289239974273025,1.0,-0.7500159999999596,-0.09696199376245075,-0.09603551016207958,-0.18088952952405973,15.74998400000004,-1.0000319999999192,-0.23976715615636995,-0.05845576377374197,-0.07582161530137897,4.500031999999919,1.0000639999998384,-0.3508471593051157,-0.4464443602878477,-0.4436364731238028,17.24998400000004,-0.2500479999998788,-0.7160110656349122,-0.48857263910821014,-0.4789262768172644,16.5,1.0000319999999192,-0.3687197727490694,-0.3437723092094215,-0.414625926367174,7.5,-1.5000319999999192,0.3920248729739214,-0.04010647890491096,-0.24167110390661134
2023-12-18,3.95479525206531,2.7915360450069926,12.24998400000004,0.7499840000000404,-0.2883341039470045,-0.10709736596036502,-0.18110491120498576,14.74998400000004,-0.7500159999999596,-0.3357043090642579,-0.254276502169533,-0.38836355723836913,12.50003199999992,-0.9999680000000808,-0.3798875476150658,-0.4955434488218206,-0.4522146374863939,14.24998400000004,-0.2500159999999596,-0.8238359348624791,-0.7413974048182289,-0.678281039524982,16.5,1.5,-0.47626080689659417,-0.6461821058524125,-0.6943232712279884,10.0,1.0,0.403736407341372,0.08629491745521214,-0.1730267753152313,2.2499840000000404,1.2499840000000404,-0.0390688095565333,-0.08275664316036263,-0.17378669375217112,13.74998400000004,-2.0,-0.2935864172632552,-0.098163209204637,-0.08788855880198936,3.7500159999999596,-0.7500159999999596,-0.37475194411345764,-0.4525917500399501,-0.4465986855985384,17.75001599999996,0.5000319999999192,-0.7060637467948874,-0.48625178219807064,-0.4793758679575244,18.24998400000004,1.7499840000000404,-0.31874070107209085,-0.3349533174865578,-0.4050086551179661,6.0,-1.5,0.3645513359812434,-0.03856973953609385,-0.24432654060335024
2023-12-19,3.92100577587592,-3.3789476189389767,12.74998400000004,0.5,-0.2890296525364281,-0.10794156962314808,-0.18524298920857696,13.5,-1.2499840000000404,-0.3194006825236775,-0.2606146845486496,-0.34359719227460134,13.0,0.4999680000000808,-0.3874910812627205,-0.5318986517473323,-0.4188765978353665,15.24998400000004,1.0,-0.8246492757629309,-0.7614439698971517,-0.6859504089913605,17.00003199999992,0.5000319999999192,-0.47779412444263075,-0.6395540204904286,-0.6776246026936076,7.74998400000004,-2.2500159999999596,0.3873753661621541,0.10825108031897712,-0.13099279037763698,2.2499840000000404,0.0,-0.042844963517114934,-0.07755404879947062,-0.18197308605547818,14.0,0.2500159999999596,-0.2964830460327209,-0.10809175803150399,-0.054764902415747295,3.5,-0.2500159999999596,-0.3687898259976082,-0.47338348559484744,-0.4228543658367956,19.74998400000004,1.9999680000000808,-0.7015822289335804,-0.48914239600012455,-0.48074362776653695,16.50003199999992,-1.7499520000001212,-0.3045648177248193,-0.31164810487440203,-0.3864268420947795,2.7499840000000404,-3.2500159999999596,0.363059506396558,-0.04243836778247445,-0.2054210442699103
2023-12-20,3.8761462608201,-4.485951505581998,12.5,-0.2499840000000404,-0.27802115239018216,-0.10219061129694493,-0.19311846818669873,15.0,1.5,-0.32918647649825855,-0.26107138132935354,-0.34516581383645256,12.25001599999996,-0.7499840000000404,-0.348260638691096,-0.5182103850225275,-0.4076425366935815,14.74998400000004,-0.5,-0.8058043276577094,-0.7556573988405939,-0.6823465757210823,16.24998400000004,-0.7500479999998788,-0.4566314264059826,-0.6333361640186791,-0.6685114609404742,8.00003199999992,0.2500479999998788,0.3737062087114081,0.1043083871282568,-0.1312004577107437,3.0,0.7500159999999596,-0.021777567687834905,-0.08544187526095609,-0.18983663063155393,12.5,-1.5,-0.28444449168090635,-0.08747555351916889,-0.04179746325094387,4.75001599999996,1.2500159999999596,-0.36740293532641133,-0.48975441623032967,-0.42340300355939586,18.24998400000004,-1.5,-0.667508881975342,-0.47409773707521063,-0.4775050568445514,14.74998400000004,-1.7500479999998788,-0.30076211327622315,-0.3325063700085831,-0.38206837239568037,3.500031999999919,0.7500479999998788,0.34545321839407467,-0.038284801480616276,-0.20327760089141889
2023-12-21,3.89275199360404,1.6605732783939953,14.25001599999996,1.7500159999999596,-0.2322366105327746,-0.09682910889135046,-0.1761740522318391,14.0,-1.0,-0.3387678744150125,-0.29170683878000275,-0.36342284938031294,13.5,1.2499840000000404,-0.3333310966118303,-0.4767034908655687,-0.37790333330246473,14.5,-0.2499840000000404,-0.8172333485951839,-0.750433680148722,-0.6823987776012015,14.5,-1.7499840000000404,-0.47139724020109725,-0.6309830858071003,-0.6513941157532805,8.0,-3.199999991920777e-05,0.3979958273031245,0.1292197629705181,-0.13360050303263468,4.5,1.5,0.007620105114660886,-0.06652807869107026,-0.1950774172384006,10.75001599999996,-1.7499840000000404,-0.30788813861364656,-0.19345897398658526,-0.054902145781695964,7.999968000000081,3.249952000000121,-0.28478873036968405,-0.39027308203211325,-0.39456662739390813,17.75001599999996,-0.4999680000000808,-0.6842252619091005,-0.5061752043971377,-0.4773575474760556,12.0,-2.7499840000000404,-0.34025938344677154,-0.31606463851660543,-0.3585882037545456,4.75001599999996,1.2499840000000404,0.3820715282078303,-0.028760817767432126,-0.20430456263341162
2023-12-22,3.90710743721508,1.435544361104002,15.0,0.7499840000000404,-0.21299196028728803,-0.1103006896719543,-0.18021912300005782,13.25001599999996,-0.7499840000000404,-0.3156836104375636,-0.27213877711855855,-0.3633698892104974,12.99996800000008,-0.5000319999999192,-0.3226164839099769,-0.46924053066777777,-0.3776414837883611,15.75001599999996,1.2500159999999596,-0.7763489986252489,-0.7651328146667706,-0.6710970288385646,13.0,-1.5,-0.5283675505404262,-0.6243834388566843,-0.6565396202431618,8.25001599999996,0.2500159999999596,0.3703159921059434,0.155481794379947,-0.12966562481994778,4.25001599999996,-0.2499840000000404,0.014111700418778038,-0.0678769865535286,-0.19877890052377542,10.75001599999996,0.0,-0.2550195302185842,-0.1863690516433307,-0.05488708413092864,7.999968000000081,0.0,-0.3209502436520167,-0.3732206755800647,-0.3931040315615576,17.75001599999996,0.0,-0.6590020054178063,-0.5276538696705824,-0.47608074862372185,9.5,-2.5,-0.38652732095960274,-0.320651637777202,-0.36273146949188106,7.25001599999996,2.5,0.3598958584701063,-0.012002484556525984,-0.19373579335987226
2023-12-26,3.88458137704368,-2.252606017139991,15.00003199999992,3.199999991920777e-05,-0.23274086343318579,-0.11197617079646605,-0.1652350792043895,13.74998400000004,0.4999680000000808,-0.31856506378361343,-0.2746082029378727,-0.3744800730539104,13.24998400000004,0.2500159999999596,-0.3095581973906816,-0.47296208580519145,-0.37070774073767015,14.75001599999996,-1.0,-0.7660867994556142,-0.7540597656988608,-0.6653411916530939,13.5,0.5,-0.5109137670245215,-0.622235044800604,-0.6496836325126685,7.75001599999996,-0.5,0.3717929866908936,0.1589658259226468,-0.11372780686769562,4.25001599999996,0.0,-0.009080435430499021,-0.07371706296350643,-0.1865941470925061,10.24998400000004,-0.5000319999999192,-0.30889258829964533,-0.18453477527539297,-0.06489102192212896,10.0,2.000031999999919,-0.2555723680546593,-0.3691135479542503,-0.38331685660411347,16.24998400000004,-1.5000319999999192,-0.6510387222403864,-0.5235005601304368,-0.46330207132293855,9.75001599999996,0.2500159999999596,-0.35329816851169465,-0.31760451903326853,-0.37035284739531005,7.25001599999996,0.0,0.3471578787938917,-0.009665133762364537,-0.18728555323540502
2023-12-27,3.78795310842675,-9.662826861692997,15.74998400000004,0.7499520000001212,-0.2376011678225789,-0.128864694794767,-0.172921500565624,14.5,0.7500159999999596,-0.39870489568380496,-0.28593471392810155,-0.38414206897006536,13.5,0.2500159999999596,-0.3339995738802924,-0.4594543787574888,-0.38120570629172873,15.5,0.7499840000000404,-0.7665106725298645,-0.7625778943345816,-0.6670757937578795,13.0,-0.5,-0.48627902360443725,-0.5941615231898143,-0.6385243715786107,7.24998400000004,-0.5000319999999192,0.40608085487976003,0.1431530158160292,-0.10193923446846613,5.25001599999996,1.0,-0.031514233834334375,-0.09797696812410543,-0.19694949460842046,10.24998400000004,0.0,-0.3022368711770218,-0.1904309177161593,-0.06380261295277716,11.5,1.5,-0.3131803036806832,-0.36655078533493785,-0.3984813727894369,14.5,-1.7499840000000404,-0.5600512083540166,-0.4927810355924565,-0.4343255366596657,10.0,0.2499840000000404,-0.3674870139251705,-0.30733254820291794,-0.3690745569610633,8.24998400000004,0.9999680000000808,0.3441894739491654,-0.05221590065253282,-0.19550511154837957
2023-12-28,3.8489289731176,6.0975864690850035,15.25001599999996,-0.4999680000000808,-0.3283197656480483,-0.13903752363689886,-0.18086390064233251,14.49996800000008,-3.199999991920777e-05,-0.39742307788972425,-0.29719683321660834,-0.3823921797066906,12.25001599999996,-1.2499840000000404,-0.3808673709157658,-0.4834244506889199,-0.39564663365638886,15.0,-0.5,-0.762309991291872,-0.7641956328050484,-0.671032142720372,13.75001599999996,0.7500159999999596,-0.39550562164112,-0.5934220491430702,-0.6231819719543867,6.999968000000081,-0.2500159999999596,0.41628001696913386,0.1325999555792224,-0.10337249121819836,4.75001599999996,-0.5,-0.038367143477731284,-0.09775600674410982,-0.1996684075318157,9.49996800000008,-0.7500159999999596,-0.33240770441667156,-0.2216683736660099,-0.07183214516783513,11.00003199999992,-0.4999680000000808,-0.32775405567131954,-0.3793097022267604,-0.40398608137925224,15.49996800000008,0.9999680000000808,-0.48853318904231574,-0.47448504686168363,-0.4259429743621713,8.50003199999992,-1.4999680000000808,-0.36142548884498876,-0.3273865576277316,-0.3787572741888988,8.99996800000008,0.7499840000000404,0.34431947456255146,-0.045814362704379885,-0.18711605222011576
2023-12-29,3.85948694112431,1.0557968006709828,15.0,-0.2500159999999596,-0.5002323705994713,-0.17283721342056094,-0.1952306515833918,14.5,3.199999991920777e-05,-0.31245696902223696,-0.2986959051094665,-0.3658122145128637,11.5,-0.7500159999999596,-0.46141972890139643,-0.48516818345199775,-0.40281074709775094,16.24998400000004,1.2499840000000404,-0.715653017487724,-0.7433865803107059,-0.6594731364714094,13.00003199999992,-0.7499840000000404,-0.33705515560291305,-0.5897610187690443,-0.6233785732574519,7.24998400000004,0.2500159999999596,0.4524201817144487,0.15507643661782036,-0.05979305135816385,6.0,1.2499840000000404,-0.07611960859302756,-0.09746957637321545,-0.20032763507471454,9.0,-0.4999680000000808,-0.32831104580176645,-0.23790449217731885,-0.05280518179622484,9.5,-1.5000319999999192,-0.2999822236901767,-0.3777022161646798,-0.40495435573996247,17.74998400000004,2.2500159999999596,-0.3849387354746037,-0.45973299414928,-0.42809191467694463,7.25001599999996,-1.2500159999999596,-0.37557174085876155,-0.32027464130608746,-0.381182888549049,9.25001599999996,0.2500479999998788,0.3851653468605493,-0.026274058071550234,-0.1447014389852013
2024-01-02,3.94347033597003,8.398339484572004,14.74998400000004,-0.2500159999999596,-0.438338445126896,-0.1682234606931858,-0.18223832212695276,15.25001599999996,0.7500159999999596,-0.33854027231287664,-0.34013141349995907,-0.34574148981751623,10.75001599999996,-0.7499840000000404,-0.4018277147255066,-0.46992379685363866,-0.39974126317677616,13.49996800000008,-2.7500159999999596,-0.8023869122125912,-0.7540266951332144,-0.6745734998104358,14.75001599999996,1.7499840000000404,-0.14145174820371811,-0.49132846505985756,-0.5637106331241861,6.25001599999996,-0.9999680000000808,0.44131914961959523,0.12783423971587046,-0.08873926630343892,9.24998400000004,3.2499840000000404,0.09848481667574832,-0.00013340854688172088,-0.1755715185981503,8.75001599999996,-0.2499840000000404,-0.3537020309715211,-0.3137577198130942,-0.056558503521590774,8.75001599999996,-0.7499840000000404,-0.287801203148625,-0.3731772723773391,-0.39704991932778994,14.49996800000008,-3.2500159999999596,-0.4668463967986952,-0.496238145226206,-0.43596138614213437,10.25001599999996,3.0,-0.10670884468342365,-0.2091360784100659,-0.34461252921675156,8.0,-1.2500159999999596,0.30668122101262346,0.012430794693187483,-0.1556483976245983
2024-01-03,3.9058566177203,-3.7613718249730255,17.25001599999996,2.500031999999919,-0.37519802750999903,-0.1979507336492284,-0.18567709932091161,12.75001599999996,-2.5,-0.2732081859385383,-0.29676841434633494,-0.31560469933003266,11.24998400000004,0.4999680000000808,-0.383470643141466,-0.4757510730455626,-0.41266232551831045,14.5,1.0000319999999192,-0.8005546278713033,-0.7492356248069517,-0.6760056493855782,14.0,-0.7500159999999596,-0.1301800724463202,-0.45843407361372,-0.5534310958682823,7.0,0.7499840000000404,0.41868750285682105,0.1350796498615066,-0.08665061075609952,14.25001599999996,5.000031999999919,0.12769332028728092,-0.017301086749672626,-0.17904684211348498,6.25001599999996,-2.5,-0.3876885533195439,-0.30219709786220406,-0.04010253564255737,9.74998400000004,0.9999680000000808,-0.21929077914022405,-0.3970085195948671,-0.41489142653769334,16.24998400000004,1.7500159999999596,-0.5301871155339313,-0.4736726585009376,-0.4402684238865198,9.25001599999996,-1.0,-0.08169486175608263,-0.19239103359094328,-0.3318818079471949,9.0,1.0,0.29424329998980914,0.04785765165442269,-0.1641050196850024
2024-01-04,3.99026214857372,8.440553085342017,15.50003199999992,-1.7499840000000404,-0.5122476602764406,-0.18871194658494628,-0.21351597452315793,12.49996800000008,-0.2500479999998788,-0.19384850552474747,-0.3442652122805843,-0.31988929510712993,11.00003199999992,-0.2499520000001212,-0.3718000007360338,-0.4773517674469687,-0.41780077617001987,14.49996800000008,-3.199999991920777e-05,-0.7469798662596993,-0.7486373975179212,-0.6695636914831562,13.75001599999996,-0.2499840000000404,-0.07420879978339456,-0.4251840983373538,-0.5564114947026492,7.5,0.5,0.4440570979466544,0.24124415024532564,-0.07491736498138016,8.25001599999996,-6.0,-0.13677750781828835,-0.06540972799371529,-0.2256778039017445,8.74998400000004,2.499968000000081,-0.08889470522049618,-0.252537013221309,-0.005748965036590129,8.0,-1.7499840000000404,-0.2593884498155917,-0.4603614002648274,-0.43221779290469303,16.5,0.2500159999999596,-0.428749868524323,-0.4397698179466399,-0.43416715835364966,10.74998400000004,1.4999680000000808,-0.031023639197654287,-0.14146021206955486,-0.3096689155195004,7.25001599999996,-1.7499840000000404,0.21310494169780148,0.07630633777513918,-0.18071500905310736
2024-01-05,4.04099005980185,5.072791122813047,16.5,0.9999680000000808,-0.4585501921463643,-0.149350774975522,-0.2090131420790607,11.75001599999996,-0.7499520000001212,-0.1859099708293942,-0.35077017142374545,-0.32207349781967115,9.99996800000008,-1.0000639999998384,-0.4333974717071566,-0.5013216198304677,-0.42619184603904126,15.75001599999996,1.2500479999998788,-0.6834509861004352,-0.7177993105260427,-0.6579517564447083,13.0,-0.7500159999999596,-0.08026912136187725,-0.4407416919430236,-0.5572794334068961,7.0,-0.5,0.4091506959085528,0.24800241062955997,-0.06590425258471025,9.5,1.2499840000000404,-0.12239491698817238,-0.023108865771469755,-0.2137104386695832,6.75001599999996,-1.9999680000000808,-0.06164204730190482,-0.28261404149514346,-0.013783119083868842,9.24998400000004,1.2499840000000404,-0.2546953062130683,-0.4467075063596667,-0.43619192075142804,16.5,0.0,-0.44587318011376703,-0.4315299703462387,-0.43313236069604544,10.24998400000004,-0.5,-0.03381682658979968,-0.16406326609522914,-0.3087013659495013,7.25001599999996,0.0,0.20921055278301937,0.09288374711777538,-0.15998234201343464
2024-01-08,4.00111728753722,-3.987277226463082,15.49996800000008,-1.0000319999999192,-0.41564266878429135,-0.15652011549387262,-0.191624050656705,12.25001599999996,0.5,-0.20588037850242638,-0.3492351051150505,-0.3230980326347523,11.25001599999996,1.2500479999998788,-0.4441862289709783,-0.4948349341607911,-0.42979028559178006,15.49996800000008,-0.2500479999998788,-0.6703700662208162,-0.7087475079263156,-0.6638382324429453,13.75001599999996,0.7500159999999596,-0.09142209726026075,-0.4328871798013518,-0.5552453010600533,6.25001599999996,-0.7499840000000404,0.42416941223234017,0.24716359200734755,-0.053165124678410364,8.24998400000004,-1.2500159999999596,-0.1117330842511744,-0.014162060664331583,-0.19918637870164888,8.75001599999996,2.0,-0.09620560931801092,-0.2876554386284385,-0.0362321874379675,8.5,-0.7499840000000404,-0.22934686045939157,-0.4368198710408721,-0.43132597222937913,18.0,1.5,-0.4611909596442984,-0.42941303263417285,-0.4327965419643859,10.5,0.2500159999999596,-0.02522212162846212,-0.14209114164998893,-0.30544011335850874,5.5,-1.7500159999999596,0.223955827572834,0.08708752171254278,-0.1418368253475895
2024-01-09,4.01613446013593,1.5017172598710715,15.5,3.199999991920777e-05,-0.31982577014830627,-0.27116754960089456,-0.18748173889748568,12.0,-0.2500159999999596,-0.35153437154753087,-0.3339217310068096,-0.32360703041771455,10.25001599999996,-1.0,-0.6261623762046561,-0.46657271398124095,-0.4166046181769861,15.99996800000008,0.5,-0.5957296862439021,-0.7063352659593658,-0.6573809334341387,14.00003199999992,0.2500159999999596,0.029609636271588594,-0.42684180194621457,-0.5765256385689942,6.24998400000004,-3.199999991920777e-05,0.4363798269732801,0.2192417339167432,-0.02097118580185465,8.0,-0.2499840000000404,-0.045761501847639635,-0.027432924880656687,-0.17379508774663593,9.25001599999996,0.5,-0.19462899644338288,-0.26527617386798685,-0.03884297694716652,7.24998400000004,-1.2500159999999596,-0.40319071872991635,-0.4143766550366255,-0.42938160745389903,18.5,0.5,-0.3521274821668699,-0.5114047082278249,-0.42381175759735323,11.74998400000004,1.2499840000000404,0.10653658114163433,-0.03423443955963906,-0.31423469962145656,5.25001599999996,-0.2499840000000404,0.16632504908231258,0.035928672811510895,-0.11939013945497731
2024-01-10,4.02928404004939,1.3149579913459775,13.50003199999992,-1.9999680000000808,-0.32814408453307414,-0.27878353146901685,-0.19436091538401773,11.749952000000121,-0.2500479999998788,-0.3544258256801608,-0.34046763961573073,-0.3179388759911349,11.875039999999899,1.6250239999999394,-0.5411227389263231,-0.4308592131690991,-0.4113973994749789,15.49996800000008,-0.5,-0.600039359424763,-0.7098517393395379,-0.6651471709493928,14.12502399999994,0.1249920000000202,0.03201240153802824,-0.42449551401667046,-0.5703073549865831,6.24998400000004,0.0,0.448986636660634,0.21785183656174983,-0.003901712998513629,8.99996800000008,0.9999680000000808,-0.03962186782468542,-0.01858340742149057,-0.17139548001568797,8.12502399999994,-1.1249920000000202,-0.20398359888848488,-0.27607543272837004,-0.04063225479725067,9.5,2.2500159999999596,-0.3755096281686121,-0.4017482052660509,-0.4205252796161087,16.24998400000004,-2.2500159999999596,-0.3629952530198326,-0.5267191339963554,-0.42069495624045306,14.5,2.7500159999999596,0.13051946151145152,-0.01885004878209643,-0.3102756931393336,7.125023999999939,1.8750079999999798,0.1827578589721963,0.054250364197430775,-0.09190300107635184
2024-01-11,3.97432235611871,-5.496168393068013,15.0,1.4999680000000808,-0.3439636039825053,-0.28856726904491536,-0.18752064722180875,11.0,-0.7499520000001212,-0.32903639778970917,-0.3271956529667712,-0.3071607654691373,12.24998400000004,0.3749440000001414,-0.5432914487381041,-0.43152917243022787,-0.4150738464935735,17.50003199999992,2.0000639999998384,-0.6248558760219646,-0.7112174475573357,-0.6578639729961618,12.99996800000008,-1.1250559999998586,0.055685920439316104,-0.40028507404117597,-0.5468044215340117,7.000031999999919,0.7500479999998788,0.4080783521025743,0.19776631085507035,-0.029584421130124057,10.0,1.0000319999999192,-0.036329583474738684,-0.020462539181821403,-0.16570988608791826,7.5,-0.6250239999999394,-0.2042615035142608,-0.2650265106306702,-0.06004039884790409,10.24998400000004,0.7499840000000404,-0.3856641744204171,-0.4429541012288689,-0.42934254089193863,17.50003199999992,1.2500479999998788,-0.3810051769662266,-0.5932918180182529,-0.40615236317304004,14.49996800000008,-3.199999991920777e-05,0.11721060882318902,-0.04019908486034292,-0.29799427490236485,9.50003199999992,2.37500799999998,0.11909126046244899,0.03281060122427831,-0.10677168999363226
2024-01-12,3.94931464156287,-2.5007714555839833,16.24998400000004,1.2499840000000404,-0.4253283112682324,-0.30222252932685045,-0.16281250376313983,12.24998400000004,1.2499840000000404,-0.01331605571882087,-0.2615562949871977,-0.27947897028494567,13.25001599999996,1.0000319999999192,-0.5216368653312902,-0.4621929270337043,-0.4331629248030484,18.0,0.4999680000000808,-0.547158134437179,-0.7164275370505372,-0.6677570598504177,14.25001599999996,1.2500479999998788,0.34339149489593707,-0.27175503074596646,-0.5097641031933633,5.24998400000004,-1.7500479999998788,0.37845408470909536,0.2799784191395861,0.02599393774023252,7.999968000000081,-2.000031999999919,0.06206033891450619,-0.03498748596781189,-0.10704650282116546,10.75001599999996,3.2500159999999596,-0.12200439102359309,-0.15960538501723323,-0.10863625948242983,11.25001599999996,1.0000319999999192,-0.47943266363645454,-0.42508289448939385,-0.42262485072483696,18.24998400000004,0.7499520000001212,-0.17870722319815485,-0.566474567097295,-0.4111915043339422,16.24998400000004,1.7500159999999596,0.24835863828941526,-0.026984515150642176,-0.2626178519999254,5.000031999999919,-4.5,0.17461873173036466,0.10558099882209424,-0.04988588707888256
2024-01-16,4.06475469209608,11.54400505332096,16.50003199999992,0.2500479999998788,-0.2826220291435011,-0.32547229480440926,-0.14643048289109917,10.99996800000008,-1.2500159999999596,-0.1967668434625544,-0.31644158556710045,-0.2960262785327542,13.25001599999996,0.0,-0.4029659008110595,-0.4080941602207025,-0.4426192275873609,16.75001599999996,-1.2499840000000404,-0.47474757989224564,-0.7045768480124964,-0.6759933680872451,13.74998400000004,-0.5000319999999192,0.15215316732514703,-0.2718199965839802,-0.5061681358286962,6.5,1.2500159999999596,0.27813138096096435,0.3163638133676129,0.08918984989315104,8.0,3.199999991920777e-05,-0.20098983858532193,-0.1063348144461562,-0.10724106165926399,9.24998400000004,-1.5000319999999192,-0.0888509041344681,-0.22128025373948546,-0.11103004505041537,10.75001599999996,-0.5,-0.4134539550990329,-0.3795874692323461,-0.4366715631232077,18.0,-0.2499840000000404,-0.15015256582165332,-0.5142052629340701,-0.4217506891183444,15.5,-0.7499840000000404,0.16092258210264607,-0.13442628648168795,-0.2549795229842838,5.5,0.4999680000000808,-0.04875664294647657,0.19476783905950942,-0.03782296575850796
2024-01-17,4.10282841838417,3.8073726288089915,16.50003199999992,0.0,-0.3328216418538005,-0.2953893599976386,-0.14157691600722422,10.49996800000008,-0.5,-0.200595625813373,-0.314063957896956,-0.2666810377149715,12.00003199999992,-1.2499840000000404,-0.4198758568133626,-0.41936519977957243,-0.4428103289019474,16.74998400000004,-3.199999991920777e-05,-0.4955273644868435,-0.6969877414180843,-0.6773282268847814,13.74998400000004,0.0,0.15938208879128332,-0.25121190780177594,-0.501130170558363,7.000031999999919,0.5000319999999192,0.29055438094192204,0.358825700886646,0.09605603022651847,5.500031999999919,-2.499968000000081,-0.23378597048133906,-0.09717176708720687,-0.10799397556993803,7.999968000000081,-1.2500159999999596,-0.10864746518045125,-0.23709318071041582,-0.10704704870722902,9.75001599999996,-1.0,-0.426464004517367,-0.3914105046818352,-0.43516576308947397,18.25001599999996,0.2500159999999596,-0.1467641177828216,-0.4878615912014413,-0.4233627638058922,15.49996800000008,-3.199999991920777e-05,0.1678524971332286,-0.1186489326561733,-0.24817123201125535,8.00003199999992,2.500031999999919,-0.013708105343374818,0.25238446500209794,-0.019942539861025343
2024-01-18,4.1429769139244,4.014849554023048,14.75001599999996,-1.7500159999999596,-0.36691446265857686,-0.31481087168659816,-0.17108207621510532,11.24998400000004,0.7500159999999596,-0.1558503844315596,-0.2977967911666787,-0.26223978035986767,11.5,-0.5000319999999192,-0.4226694342846255,-0.42874756884521686,-0.48427070558256524,16.24998400000004,-0.5,-0.5009523902321176,-0.7046005564684408,-0.6765644144220445,14.25001599999996,0.5000319999999192,0.15669928270426095,-0.23999579538011123,-0.49502178004290215,7.0,-3.199999991920777e-05,0.2821305335623854,0.3623734370217807,0.10257657024853166,6.500031999999919,1.0,-0.23093527341425688,-0.09003949057571463,-0.1016831017555454,6.999968000000081,-1.0,-0.10374022325244524,-0.2511071418390647,-0.13066026908418946,9.25001599999996,-0.5,-0.43008359477696595,-0.39925434359745005,-0.4389563790688574,18.0,-0.2500159999999596,-0.15775624460047652,-0.49010664013320765,-0.42608099025083424,17.25001599999996,1.7500479999998788,0.1798425557051047,-0.09596305744376471,-0.24132199550751546,7.24998400000004,-0.7500479999998788,-0.01151539384894956,0.24569902753085932,-0.012520605056928811
2024-01-19,4.14464620195392,0.1669288029519933,14.50003199999992,-0.2499840000000404,-0.3564116701027504,-0.3176570029745014,-0.1723682358796836,12.49996800000008,1.2499840000000404,-0.21819201632747107,-0.2910972638697697,-0.26925048426752285,10.00003199999992,-1.4999680000000808,-0.36758400557296855,-0.4231832983499338,-0.5007829348857886,16.24998400000004,0.0,-0.4812435024159931,-0.7047036107267529,-0.6945603172974548,14.0,-0.2500159999999596,0.19313481881729835,-0.23944275225151979,-0.48345114519030485,6.5,-0.5,0.21983121821162493,0.36001106130566846,0.12094421554142692,8.75001599999996,2.2499840000000404,-0.24286222600104845,-0.08298084890461312,-0.094111954666067,4.74998400000004,-2.2499840000000404,-0.0732902357386097,-0.2549801663187036,-0.13953357206865905,8.5,-0.7500159999999596,-0.44277312029655796,-0.39979098120682577,-0.4594588026165091,18.5,0.5,-0.1088906297360935,-0.49482029039087577,-0.4287320417382958,16.74998400000004,-0.5000319999999192,0.1437548867188728,-0.0968886055759291,-0.224979861177307,8.00003199999992,0.7500479999998788,-0.10372102260773108,0.2524630344855743,-0.020866840173746095
2024-01-22,4.0927960986321,-5.185010332182038,15.5,0.9999680000000808,-0.41159201499619436,-0.32552818095543207,-0.17659277173120788,13.24998400000004,0.7500159999999596,-0.18996974578095596,-0.2996685139738499,-0.2722152719979656,11.00003199999992,1.0,-0.4647012349048497,-0.43171902299154236,-0.5067877972911831,16.49996800000008,0.2499840000000404,-0.5204327196178726,-0.7012786281394756,-0.6947031050982055,13.50003199999992,-0.4999680000000808,0.18054830226635557,-0.22968661433796578,-0.4794616102713556,6.24998400000004,-0.2500159999999596,0.26084844547637875,0.36387368450713387,0.12167974818915075,8.0,-0.7500159999999596,-0.2005114699257358,-0.07664176645619693,-0.09201688746581778,8.24998400000004,3.5,-0.23520639705140162,-0.27655562621002583,-0.15126791253460384,8.75001599999996,0.2500159999999596,-0.4059103775216788,-0.3968056825916086,-0.46634348079349547,17.75001599999996,-0.7499840000000404,-0.13681783943542555,-0.48143326826390304,-0.42104706779887685,16.74998400000004,0.0,0.08633150194676355,-0.09870003790218916,-0.2393110970565242,7.5,-0.5000319999999192,-0.05933407256609677,0.25308620738485005,-0.01548124067986945
2024-01-23,4.14063552874343,4.783943011133029,14.00003199999992,-1.4999680000000808,-0.4625673493971662,-0.3435282534749207,-0.2047756534106234,15.74998400000004,2.5,-0.07744827531955158,-0.24068488390726644,-0.24559093237304053,8.5,-2.500031999999919,-0.5039048010246476,-0.4537618846824296,-0.5045219873695335,17.0,0.5000319999999192,-0.4995178624477537,-0.692556847377653,-0.6799743502923836,13.5,-3.199999991920777e-05,0.21124374025333528,-0.22663023440053726,-0.4745682270627138,6.74998400000004,0.5,0.28170520655398396,0.3810743584605106,0.14628490356146104,6.25001599999996,-1.7499840000000404,-0.22856331139974126,-0.09398204089024585,-0.09820730627023141,10.49996800000008,2.2499840000000404,-0.17629357736556117,-0.24144069945377505,-0.19004274920421307,5.75001599999996,-3.0,-0.4978517247580585,-0.414197179530465,-0.43954085617932287,17.25001599999996,-0.5,-0.14568837291135237,-0.48840592780530717,-0.4436311347062142,19.49996800000008,2.7499840000000404,0.15569228789111908,-0.059798121568489515,-0.1907698428657663,6.000031999999919,-1.4999680000000808,-0.09441166810214216,0.24172848713129233,-0.024005415204636137
2024-01-24,4.17713491431995,3.6499385576520105,12.24998400000004,-1.7500479999998788,-0.47484270565121045,-0.35924524000440894,-0.23306433696868842,16.0,0.2500159999999596,-0.07430726797129067,-0.21735034606130493,-0.21894309999178538,8.24998400000004,-0.2500159999999596,-0.5020321316177438,-0.45487477465813864,-0.49563429976807594,16.50003199999992,-0.4999680000000808,-0.5234779501907642,-0.689479238899416,-0.7089812528473337,13.99996800000008,0.4999680000000808,0.24775971548084014,-0.22788144971609156,-0.4578487738633928,6.75001599999996,3.199999991920777e-05,0.28343639591479763,0.36470301113067505,0.16826551435099496,4.75001599999996,-1.5,-0.23992964086528612,-0.10294428400374422,-0.10704130881283826,8.49996800000008,-2.0,-0.1941422329488231,-0.23325436472882813,-0.19514630121266735,8.00003199999992,2.2500159999999596,-0.4250848354110677,-0.403003776061752,-0.40110195085685857,15.99996800000008,-1.2500479999998788,-0.16158101374357892,-0.4796742940240959,-0.4652257805347241,19.75001599999996,0.2500479999998788,0.17270934291104081,-0.053980611913027096,-0.18555110009492617,5.5,-0.5000319999999192,-0.10842561405108489,0.21768286133729112,-0.028009673860936172
2024-01-25,4.13085928962617,-4.627562469377988,11.5,-0.7499840000000404,-0.43219640133318776,-0.35640063298684804,-0.22680472066474083,15.75001599999996,-0.2499840000000404,-0.04121927672077733,-0.21302956031056816,-0.21616482863649136,7.74998400000004,-0.5,-0.46522708904521176,-0.43192163560375724,-0.4904554346027453,18.0,1.4999680000000808,-0.6129094934890292,-0.6954084175418068,-0.7092580405177519,14.74998400000004,0.7500159999999596,0.2076718658614766,-0.22415633942222674,-0.4604549616340488,6.500031999999919,-0.2499840000000404,0.27405633166256194,0.3619803261233934,0.17129211980579484,4.999968000000081,0.2499520000001212,-0.24098891226369787,-0.12018619413594224,-0.10999402909675746,7.25001599999996,-1.2499520000001212,-0.1618305988360563,-0.2513794467452738,-0.1868588136765774,7.25001599999996,-0.7500159999999596,-0.3603334637510249,-0.3485680970481661,-0.3939205680912567,19.24998400000004,3.2500159999999596,-0.2935943905145434,-0.48718420372961163,-0.46751343177114085,18.0,-1.7500159999999596,0.23942330416224042,-0.01704965484596684,-0.17369304972939167,6.0,0.5,-0.12422991489364343,0.1936440331684667,-0.029769876196867422
2024-01-26,4.15947285339532,2.8613563769149586,12.0,0.5,-0.39231628150472986,-0.3444121092728505,-0.22974900886184788,14.74998400000004,-1.0000319999999192,0.017754907879916505,-0.2732622423612458,-0.22538578903308,8.50003199999992,0.7500479999998788,-0.44297297204967767,-0.43946671934317977,-0.47671096509681615,18.74998400000004,0.7499840000000404,-0.616074677298676,-0.6810701790025041,-0.7070562005967801,14.24998400000004,-0.5,0.13348886951870448,-0.20762785198176986,-0.4588846188769861,6.25001599999996,-0.2500159999999596,0.22953666752512947,0.39402564474482576,0.15543964126516782,5.0,3.199999991920777e-05,-0.22146915305851372,-0.11676011167945047,-0.11555650429768159,5.24998400000004,-2.000031999999919,-0.17862634736052985,-0.26542694372615055,-0.20129170883604042,9.50003199999992,2.2500159999999596,-0.23179010980710008,-0.3473902865333932,-0.37049542352546616,18.24998400000004,-1.0,-0.5021825989597172,-0.48162905835162334,-0.4741300902316138,18.24998400000004,0.2499840000000404,0.2545180556983402,-0.018531240680733696,-0.16595103271513337,6.75001599999996,0.7500159999999596,-0.054647596890897904,0.23484601934348265,-0.04224532075421218
2024-01-29,4.0902197203309,-6.925313306441971,11.0,-1.0,-0.30317153900125443,-0.3557686197092654,-0.21444357043781337,16.0,1.2500159999999596,-0.07509559107335462,-0.28673508200079384,-0.24020689266212916,9.25001599999996,0.7499840000000404,-0.45369599367600194,-0.4308573175475126,-0.48286975154553546,19.74998400000004,1.0,-0.6168039031770399,-0.6774188345824623,-0.7092857335061019,14.0,-0.2499840000000404,0.11802103801955573,-0.18903223506728933,-0.4654700064254654,4.74998400000004,-1.5000319999999192,0.3681401241747279,0.4243432396189301,0.1708902914704665,3.7500159999999596,-1.2499840000000404,-0.1546598914784892,-0.0916254734879647,-0.10573607450636913,7.0,1.7500159999999596,-0.23695068693329804,-0.2897697349277094,-0.22003481558249374,10.75001599999996,1.2499840000000404,-0.2783919659749138,-0.33970730614309763,-0.3804175968944536,18.74998400000004,0.5,-0.5240599381818039,-0.4684197354137909,-0.47409232168962473,18.0,-0.2499840000000404,0.3599225086798406,0.0176579796563644,-0.16309983367523015,6.24998400000004,-0.5000319999999192,-0.05582497040015074,0.20176251044176763,-0.042260361869866106
2024-01-30,4.05569855601934,-3.4521164311559716,12.0,1.0,-0.3322032284653621,-0.44281214111773304,-0.24014966069346116,16.24998400000004,0.2499840000000404,-0.08049568303476205,-0.24039249243537647,-0.24079855457506888,10.50003199999992,1.2500159999999596,-0.4869492354203847,-0.4711978920431538,-0.4805068855835508,19.74998400000004,0.0,-0.6106941523661282,-0.6629584380591051,-0.7032086665227731,13.74998400000004,-0.2500159999999596,0.13576375676271707,-0.13657292820426367,-0.45461539838300163,5.000031999999919,0.2500479999998788,0.33947708871546467,0.43387006481877954,0.18692641010199515,3.000031999999919,-0.7499840000000404,-0.13974615871262575,-0.11139443975796962,-0.11057149517975057,7.999968000000081,0.9999680000000808,-0.2556856860178045,-0.2908476265388084,-0.2322840751995258,12.75001599999996,2.0,-0.32784968642706247,-0.3313281185054143,-0.374607783601473,17.75001599999996,-0.9999680000000808,-0.5020342982503576,-0.43344197450412303,-0.4721671945780625,19.24998400000004,1.2499840000000404,0.34208359132453225,0.026123620940958367,-0.153133242660917,2.7499840000000404,-3.5,0.03349000287854169,0.22671150047441344,-0.017197149631821406
2024-01-31,3.96431260724418,-9.138594877516049,13.25001599999996,1.2500159999999596,-0.4022153688838073,-0.41812934552289893,-0.24075721251056553,17.5,1.2500159999999596,-0.21537604139927513,-0.29563694919546735,-0.3048415234139721,11.75001599999996,1.2499840000000404,-0.5166321938050141,-0.43605805746057746,-0.4638023609676157,20.49996800000008,0.7499840000000404,-0.553492507274694,-0.7007105086891554,-0.7024559504801896,13.50003199999992,-0.2499520000001212,-0.02882306122775453,-0.10241829279258205,-0.4228384216729207,3.7499840000000404,-1.2500479999998788,0.5454764833480266,0.485841240724523,0.21247146906212372,4.000031999999919,1.0,-0.31509823992591734,-0.10654064992840431,-0.09284501179858481,8.74998400000004,0.7500159999999596,-0.27537593926993326,-0.3114080505419747,-0.28798536267374186,13.24998400000004,0.4999680000000808,-0.2923660296233675,-0.2931295375992319,-0.35559951953504143,20.50003199999992,2.7500159999999596,-0.5097165508624997,-0.4663609219291599,-0.49101059252275114,17.49996800000008,-1.7500159999999596,0.35259266907861186,0.09330462781949592,-0.08811229194048255,2.7500159999999596,3.199999991920777e-05,0.05829625356813691,0.20130531469700155,0.025673235165398076
2024-02-01,3.86240137465479,-10.191123258938983,14.5,1.2499840000000404,-0.43595616040157575,-0.41723494853936455,-0.27229888733931207,18.75001599999996,1.2500159999999596,-0.42227332631297265,-0.3263376608042,-0.3177999363397805,12.49996800000008,0.7499520000001212,-0.5205792727491371,-0.44086172229876885,-0.4747377037566812,20.25001599999996,-0.2499520000001212,-0.4224708074684222,-0.657230222014283,-0.6781327416867636,11.5,-2.000031999999919,0.18810726490315122,-0.016939186061104002,-0.33486071414568874,4.0,0.2500159999999596,0.5144300504477445,0.4571209967563365,0.21406882400196703,4.999968000000081,0.9999360000001616,-0.31998660430836445,-0.09475650730553449,-0.1035321913295795,9.50003199999992,0.7500479999998788,-0.344734181125346,-0.3511080314809385,-0.30239913512654987,14.99996800000008,1.7499840000000404,-0.3408329260004531,-0.28635657432658423,-0.38394135699661375,20.00003199999992,-0.5,-0.3964057705598445,-0.46681379893998004,-0.4548634891090798,14.24998400000004,-3.2499840000000404,0.46841392160816503,0.17710996237035698,-0.034127397490955995,4.24998400000004,1.4999680000000808,-0.012296307051854997,0.1567457711933775,0.03475018805339337
2024-02-02,4.02941367092672,16.701229627193026,14.74998400000004,0.2499840000000404,-0.2661180792565803,-0.40057304461461746,-0.22509202675133055,15.25001599999996,-3.5,-0.6298775602075496,-0.41359941499719877,-0.43108530854576166,12.25001599999996,-0.2499520000001212,-0.4716744720097444,-0.4201537455317494,-0.4661010231024165,19.24998400000004,-1.0000319999999192,-0.5237369548305935,-0.6381325860315841,-0.6850622445274792,10.24998400000004,-1.2500159999999596,-0.02476696260001758,-0.05230103687694367,-0.33805953727020754,5.75001599999996,1.7500159999999596,0.6327570896854925,0.5202074050411136,0.3435410377446553,3.5,-1.4999680000000808,-0.2182465230769477,-0.1660147847418645,-0.1015600938432886,8.24998400000004,-1.2500479999998788,-0.49122004330099256,-0.3002528092673776,-0.33256857894528846,15.25001599999996,0.2500479999998788,-0.22309274327690357,-0.24177595652486483,-0.39215390679825424,15.0,-5.000031999999919,-0.6432276606527787,-0.5352254761018089,-0.4997626603365718,15.5,1.2500159999999596,0.443126850263034,0.1911787215514586,0.013671032565797023,6.75001599999996,2.500031999999919,0.23347119961095597,0.22714879916872388,0.13250845618227017
2024-02-05,4.16270644188275,13.329277095602965,13.75001599999996,-0.9999680000000808,-0.35431097787734966,-0.4113417452094829,-0.22929580432013305,13.75001599999996,-1.5,-0.6581200631430059,-0.43719309100874715,-0.453095485428714,10.74998400000004,-1.5000319999999192,-0.5200794412124676,-0.4777594693688735,-0.5016590977209738,17.74998400000004,-1.5,-0.6758685424016551,-0.6560547995128588,-0.6976826688457294,11.50003199999992,1.2500479999998788,0.1624080896773541,0.030448587998706582,-0.2851388069543995,6.24998400000004,0.4999680000000808,0.6614200264047998,0.518407437133874,0.36748135762285206,7.000031999999919,3.500031999999919,0.020012553000110695,-0.07196953262976845,-0.016218543843285086,4.999968000000081,-3.2500159999999596,-0.554100779848693,-0.3469344752481714,-0.3812926422128098,12.00003199999992,-3.2499840000000404,-0.4044376171324654,-0.34103086365118096,-0.4381932041038194,14.49996800000008,-0.5000319999999192,-0.6179969096910944,-0.536469749573924,-0.48959286089483667,17.00003199999992,1.5000319999999192,0.49817177158724274,0.22108547333857648,0.025110302119613296,8.99996800000008,2.249952000000121,0.3169791544281272,0.26845536816262516,0.1782590734860276
2024-02-06,4.09138672361555,-7.131971826720029,12.12499200000002,-1.6250239999999394,-0.293266497588898,-0.36031128968850845,-0.21570646001910174,14.0,0.2499840000000404,-0.6439251110192082,-0.440640726303592,-0.45038707525315336,12.5,1.7500159999999596,-0.5419563555732323,-0.49728338784144965,-0.5066714285052474,17.24998400000004,-0.5,-0.6341921196673624,-0.6328201133190728,-0.6798389829217623,12.50003199999992,1.0,0.1180454398100933,0.004827614363112345,-0.28185734854232314,5.999968000000081,-0.2500159999999596,0.6475221360893145,0.5240342198408644,0.364396541072047,5.12499200000002,-1.875039999999899,0.05698013315578037,-0.049100617014962704,0.00046438994548783305,5.74998400000004,0.7500159999999596,-0.547879048529647,-0.35662097516763275,-0.384798991989676,13.75001599999996,1.7499840000000404,-0.46093145769248683,-0.35784804717698626,-0.44535947908978835,13.0,-1.4999680000000808,-0.5397208022807352,-0.5052360121996721,-0.46765442055853934,18.75001599999996,1.7499840000000404,0.4279897935661921,0.2152447687522923,0.03477558887155568,6.999968000000081,-2.0,0.33718461932834565,0.29104177358519445,0.18107626622015174
2024-02-07,4.09444956370945,0.3062840093900121,11.5,-0.6249920000000202,-0.2934323555884466,-0.3203643918420562,-0.294665116291529,13.74998400000004,-0.2500159999999596,-0.6421181149575386,-0.5072026739783072,-0.4435005024383859,12.00003199999992,-0.4999680000000808,-0.5434071019877229,-0.5626222549861654,-0.4910478824279657,17.24998400000004,0.0,-0.6419262686362323,-0.5981911667113778,-0.6784886968860958,13.5,0.9999680000000808,0.11019439811509708,0.0685418706897928,-0.2697293522560415,5.5,-0.4999680000000808,0.6427536749878437,0.5339174716868957,0.3479274880397078,5.5,0.3750079999999798,0.05712182474113496,-0.012526593440322363,-0.007537222560149468,4.5,-1.2499840000000404,-0.5479564231301409,-0.4063287895130742,-0.3781729414418579,13.24998400000004,-0.5000319999999192,-0.46153644123137977,-0.4310998361530316,-0.4293809179883232,15.75001599999996,2.7500159999999596,-0.5092127102546322,-0.4492744337421315,-0.513812647836046,19.5,0.7499840000000404,0.4266549962296193,0.2879352848944362,0.11697155437319703,5.25001599999996,-1.7499520000001212,0.3320311804408207,0.27058161023912247,0.15203324727867867
2024-02-08,4.16858880426155,7.413924055210064,10.62499200000002,-0.8750079999999798,-0.3251279225751461,-0.335111255953421,-0.3093802740395719,12.0,-1.7499840000000404,-0.6613122821496791,-0.5291628067232244,-0.46103759787797993,12.0,-3.199999991920777e-05,-0.5691456964739018,-0.5575090300092149,-0.4877993288948893,16.37497600000006,-0.8750079999999798,-0.6626008592501428,-0.6093380387487999,-0.6844465301076696,12.750047999999879,-0.7499520000001212,0.0666372389862154,0.04636258955025488,-0.2800857440700924,6.124960000000101,0.624960000000101,0.6551838366812528,0.5523630228916135,0.35791080854924767,5.12499200000002,-0.3750079999999798,0.045974231735570394,-0.018133216231045614,-0.008813280043717184,4.24998400000004,-0.2500159999999596,-0.537745816886051,-0.3995179765714152,-0.37984951059437483,16.00003199999992,2.750047999999879,-0.37772631296778186,-0.3786904788048023,-0.39579608487445833,14.74998400000004,-1.0000319999999192,-0.5306927378637369,-0.46135752214525894,-0.5251709414821725,16.24998400000004,-3.2500159999999596,0.2827751440592589,0.21580483446146226,0.07504444435938892,6.125023999999939,0.8750079999999798,0.3481737945465337,0.2821567749179218,0.16548911731385738
2024-02-09,4.18608581160411,1.749700734255999,10.50003199999992,-0.12496000000010099,-0.2802278569132154,-0.3284869023303225,-0.31055697081820005,12.74998400000004,0.7499840000000404,-0.698060992944289,-0.5261223405829225,-0.4559657516360345,11.74998400000004,-0.2500159999999596,-0.5665866997552043,-0.5577007107076042,-0.48875290602279997,15.75001599999996,-0.624960000000101,-0.6641408212118336,-0.6165438853125149,-0.6880358759292927,13.25001599999996,0.4999680000000808,0.015511609504704005,0.04180732662973612,-0.2758978879526245,5.499968000000081,-0.6249920000000202,0.7118787319231621,0.5561438463373688,0.35453055330121785,4.500031999999919,-0.624960000000101,0.0827137931874803,-0.007715701304987022,-0.008899715444264307,6.24998400000004,2.0,-0.5357916995934328,-0.3878777159864566,-0.36804593655329537,14.24998400000004,-1.7500479999998788,-0.3657481842372221,-0.38255308308472263,-0.4183568378282161,15.00003199999992,0.2500479999998788,-0.5127728032954668,-0.4614205128857161,-0.5711345164567735,15.49996800000008,-0.7500159999999596,0.2812569057134917,0.20499629690895907,0.06945804395476295,6.75001599999996,0.6249920000000202,0.43190294086404946,0.28203151220851225,0.16774761148363157
2024-02-12,4.16761761282563,-1.8468198778480271,10.24998400000004,-0.2500479999998788,-0.2590974065463206,-0.34011371386083333,-0.3123520711938087,13.5,0.7500159999999596,-0.696987852405941,-0.4509317681928815,-0.427059713646744,11.24998400000004,-0.5,-0.5463172229834219,-0.5399912198727529,-0.5065725171672703,16.00003199999992,0.2500159999999596,-0.6620703044954478,-0.5582113235236036,-0.6834112716092909,12.74998400000004,-0.5000319999999192,0.0691725226357821,0.19042095514288634,-0.16647304849391592,6.24998400000004,0.7500159999999596,0.7088165631434171,0.5232088418975428,0.414572343422228,1.9999680000000808,-2.5000639999998384,0.08263579230438466,0.0550826425134264,-0.015394349163232983,6.75001599999996,0.5000319999999192,-0.5434440206198469,-0.37685245346058766,-0.31349163300118843,14.0,-0.2499840000000404,-0.35072463364095907,-0.40591002283884664,-0.4026623261776345,16.0,0.9999680000000808,-0.5123351937787949,-0.39096864521705804,-0.5506711905531622,15.25001599999996,-0.2499520000001212,0.3214182437245455,0.28057593150115506,0.08783758402447824,6.499968000000081,-0.2500479999998788,0.44880397060621047,0.3060195775296743,0.22114279215021743
2024-02-13,4.31530635165388,14.768873882824973,10.24998400000004,0.0,-0.2626805250121106,-0.26421927435299497,-0.3285169521414483,13.50003199999992,3.199999991920777e-05,-0.6252884956368188,-0.4674362824015423,-0.4230383555926419,6.999968000000081,-4.25001599999996,-0.6745794216432477,-0.5918698053197875,-0.5439142336565023,13.50003199999992,-2.5,-0.6979684298575969,-0.57257604301466,-0.6969892001427195,12.49996800000008,-0.2500159999999596,0.08447011105370476,0.11034347477035801,-0.15935110948848588,7.75001599999996,1.5000319999999192,0.727339798455279,0.5207820025352556,0.4456941091750772,3.2499840000000404,1.2500159999999596,0.15488776092350395,-0.02259261524768695,-0.03702771236452684,6.500031999999919,-0.2499840000000404,-0.4826673580907938,-0.32776152620196164,-0.32338438615924575,6.74998400000004,-7.25001599999996,-0.5116715923728987,-0.4827126094237075,-0.4514788809993749,16.0,0.0,-0.483217459468958,-0.3611441874543025,-0.5098703951616125,16.24998400000004,0.9999680000000808,0.39989004190802147,0.2937521399120105,0.06278833349043439,7.25001599999996,0.7500479999998788,0.4527805455090849,0.22275331973347473,0.2832954829633577
2024-02-14,4.26616978307302,-4.913656858085957,11.24998400000004,1.0,-0.30479628302398937,-0.2990008757616228,-0.3106534590304351,12.75001599999996,-0.7500159999999596,-0.5795616678443477,-0.4494560628679501,-0.4106795937425339,8.5,1.5000319999999192,-0.684607984173869,-0.6037423072534052,-0.5479061831046513,13.75001599999996,0.2499840000000404,-0.7075550738883722,-0.5838771884668831,-0.6896781266952315,12.24998400000004,-0.2499840000000404,0.09088978394740076,0.1175105106078701,-0.1405968383734567,8.24998400000004,0.4999680000000808,0.6861600737183042,0.4982817023389113,0.4601840425314163,3.999968000000081,0.7499840000000404,0.1660700617312274,-0.03262758867486625,-0.01959496759434763,4.25001599999996,-2.2500159999999596,-0.4061735946775694,-0.2942178653742015,-0.3063727793030459,10.25001599999996,3.500031999999919,-0.530002427694751,-0.4976889131345302,-0.4578007888692541,15.99996800000008,-3.199999991920777e-05,-0.4839878063022405,-0.35882151709439386,-0.4917343725875085,15.25001599999996,-0.9999680000000808,0.41622013606186004,0.3075603237720456,0.08082494822931519,7.0,-0.2500159999999596,0.45574494436253243,0.22189963204410118,0.31082296338811116
2024-02-15,4.23879364441174,-2.737613866128008,11.50003199999992,0.2500479999998788,-0.2974740321398974,-0.30876160264013325,-0.3121069439185406,14.24998400000004,1.4999680000000808,-0.6004274061023113,-0.45365801683196555,-0.4122233553651836,9.0,0.5,-0.6867594961280828,-0.6056800607974133,-0.549576893949347,13.0,-0.7500159999999596,-0.6790740145933909,-0.5674176226075796,-0.684783488440577,13.24998400000004,1.0,0.042825130897818774,0.08850582757043488,-0.1459072632347829,7.25001599999996,-0.9999680000000808,0.6869527062620261,0.5045854678749002,0.4652149022262234,4.000031999999919,6.399999983841553e-05,0.1500355798122141,-0.03725192178238217,-0.021649009812793323,6.24998400000004,1.9999680000000808,-0.40969070437007143,-0.30096288935228815,-0.3121843745554218,10.24998400000004,-3.199999991920777e-05,-0.5253802631602856,-0.49317458130512043,-0.45657423965047916,16.25001599999996,0.2500479999998788,-0.4861378073872881,-0.36327858104236005,-0.49197319405082784,14.75001599999996,-0.5,0.4097876017535801,0.30646865352062364,0.08251808465671547,6.499968000000081,-0.5000319999999192,0.4758173203142107,0.2347120996066025,0.31150121459637986
2024-02-16,4.29391518913925,5.512154472750996,11.5,-3.199999991920777e-05,-0.2893263871788731,-0.3009686252201593,-0.31243633143283517,14.24998400000004,0.0,-0.6056253499826986,-0.477293906380385,-0.4117385454185081,8.50003199999992,-0.4999680000000808,-0.7073417294332653,-0.6039144226529193,-0.5557708773450746,13.24998400000004,0.2499840000000404,-0.6543452920340186,-0.5517073701657101,-0.6788116343332126,11.0,-2.2499840000000404,-0.03762425937355455,0.0512596545661933,-0.1691144342427641,7.74998400000004,0.4999680000000808,0.6982967991738335,0.5191842168501862,0.46921622604068397,4.5,0.4999680000000808,0.1801413844025384,-0.03324470672972117,-0.015156803961191454,7.0,0.7500159999999596,-0.41188852229579936,-0.28531106024562636,-0.30759446527863704,9.0,-1.2499840000000404,-0.5355243241269763,-0.5056050875087089,-0.46329708324516,16.5,0.2499840000000404,-0.4748112945713829,-0.3457775510902692,-0.491447322780978,12.74998400000004,-2.000031999999919,0.3545006695752893,0.266276904902078,0.06474027492681694,7.000031999999919,0.5000639999998384,0.4870857683246153,0.21802707950793038,0.320095357262539
2024-02-20,4.27429985881646,-1.9615330322790392,11.74998400000004,0.2499840000000404,-0.2607909251286807,-0.31008842786300883,-0.31320608001543704,14.75001599999996,0.5000319999999192,-0.6010526138422801,-0.4667557023272618,-0.4129349624871516,9.75001599999996,1.2499840000000404,-0.6977231035029787,-0.6246271990262402,-0.5546995511669471,12.74998400000004,-0.5,-0.638452581532977,-0.5595753104936297,-0.6748631649323552,11.24998400000004,0.2499840000000404,-0.06124243069870995,0.03272269368691615,-0.17075371511839119,7.500031999999919,-0.2499520000001212,0.6986242235734456,0.5333652551568563,0.4756369428685187,5.000031999999919,0.5000319999999192,0.15607277731900468,-0.028296357944942913,-0.01773085104822016,7.499968000000081,0.4999680000000808,-0.38212625678815854,-0.31068800068996066,-0.30927122235101756,10.00003199999992,1.0000319999999192,-0.5439594931677585,-0.5026610445727686,-0.4647081289453107,15.24998400000004,-1.2500159999999596,-0.4796168476399208,-0.3597345233639681,-0.4858556747838759,13.74998400000004,1.0,0.3449580012678208,0.2401277972111723,0.061980368156420315,7.75001599999996,0.7499840000000404,0.467116479641203,0.22344344635130045,0.3169219321838437
2024-02-21,4.32162260600282,4.73227471863602,13.0,1.2500159999999596,-0.18435273321480022,-0.3010429467043812,-0.2970900743438505,14.74998400000004,-3.199999991920777e-05,-0.7192493285943906,-0.46756005371456294,-0.41327321940259776,8.25001599999996,-1.5,-0.7157002214839244,-0.6406720646731343,-0.5649271169429297,12.5,-0.2499840000000404,-0.6703002923351539,-0.5597896299481436,-0.676985000535348,11.75001599999996,0.5000319999999192,-0.04730009131180963,0.04814006855224228,-0.16252878700057186,7.24998400000004,-0.2500479999998788,0.6782702000107718,0.5261348672910163,0.4779120378046421,6.62499200000002,1.624960000000101,0.2194127373229256,-0.017966320055376333,-0.007142338496141524,7.999968000000081,0.5,-0.4347110883832812,-0.3053050681663803,-0.30400376233619897,8.12502399999994,-1.8750079999999798,-0.5450795326096527,-0.5293418341023054,-0.47111072781965907,15.0,-0.2499840000000404,-0.4765119218641052,-0.35957371125025744,-0.4874346147265592,13.5,-0.2499840000000404,0.3265982884570632,0.2509067439645191,0.06103120527043427,8.5,0.7499840000000404,0.5214715026876485,0.2278530475911188,0.3248302734551286
2024-02-22,4.32563127566386,0.40086696610401873,12.25001599999996,-0.7499840000000404,-0.1595732844876232,-0.3009498863144543,-0.29819153975820334,15.5,0.7500159999999596,-0.7211846823897958,-0.4686415878906577,-0.4025228068946345,8.25001599999996,0.0,-0.7153391270918084,-0.6411321838332649,-0.565673930400714,12.49996800000008,-3.199999991920777e-05,-0.6679825239231407,-0.5748567391868918,-0.6734659981803839,11.50003199999992,-0.2499840000000404,-0.05964495997610587,0.05293949074414586,-0.1699538163643292,7.74998400000004,0.5,0.6743133459203959,0.5215464719737367,0.4687076083915836,5.74998400000004,-0.8750079999999798,0.24848478978425675,-0.016432749371572897,-0.005229047578514198,8.00003199999992,6.399999983841553e-05,-0.4306965347111309,-0.3054472904372682,-0.29154123562553297,8.99996800000008,0.8749440000001414,-0.575046467081636,-0.5290995542349268,-0.48172900324624957,14.00003199999992,-0.9999680000000808,-0.4663925468139687,-0.3565941819494636,-0.47800858402172147,14.49996800000008,0.9999680000000808,0.31347960922058893,0.260304625248412,0.06357093791790644,9.25001599999996,0.7500159999999596,0.5315768268777348,0.23125755137510723,0.3140238293397976
2024-02-23,4.25881705861284,-6.681421705101975,12.24998400000004,-3.199999991920777e-05,-0.1926130446588458,-0.29788428039422066,-0.3009671836247067,15.00003199999992,-0.4999680000000808,-0.69834112814664,-0.442647862611756,-0.39428458556602464,8.99996800000008,0.7499520000001212,-0.7447002492022676,-0.6459918552557393,-0.5657351789697096,12.75001599999996,0.2500479999998788,-0.68191806997766,-0.5946014393700829,-0.6695820717811314,13.75001599999996,2.2499840000000404,-0.13164524150581303,-0.017045059020872954,-0.18728796187294017,6.24998400000004,-1.5,0.6892662333413545,0.5405452266252405,0.47831333440000334,5.74998400000004,0.0,0.2528519822434752,-0.015866789132435336,-0.014822309543310265,7.25001599999996,-0.7500159999999596,-0.436684548367866,-0.29194087411653613,-0.30487816641672866,9.25001599999996,0.2500479999998788,-0.5861070678677521,-0.519691582385923,-0.4593857691040932,14.74998400000004,0.7499520000001212,-0.46152466803527376,-0.3806991583808686,-0.4818592899643742,17.5,3.000031999999919,0.1573223353291943,0.19213470375507072,0.048114230792158805,7.5,-1.7500159999999596,0.5757912779151405,0.2579086181147868,0.3126756466591376
2024-02-26,4.29822692596237,3.9409867349530003,12.0,-0.2499840000000404,-0.20872359597463322,-0.27797479034927436,-0.2974549296050363,15.5,0.4999680000000808,-0.6846947888462881,-0.4263816611850989,-0.42921998378466253,8.0,-0.9999680000000808,-0.7615865837922734,-0.6582463866933511,-0.5826955829554662,12.74998400000004,-3.199999991920777e-05,-0.7192549119762911,-0.5826042361612582,-0.6653561191098111,12.25001599999996,-1.5,-0.14838460899418496,-0.056851526399664766,-0.18295837533262047,6.5,0.2500159999999596,0.6977209585468036,0.5381303722323921,0.5040250133613593,7.24998400000004,1.5,0.26838742932740367,0.01391377751872124,-0.003837153869653721,7.74998400000004,0.4999680000000808,-0.4309182995095694,-0.295229564755323,-0.3042153790054871,8.00003199999992,-1.2499840000000404,-0.6194729184129515,-0.5110298394763786,-0.4777306526451868,13.74998400000004,-1.0,-0.4638342924773059,-0.45111289542197597,-0.4779815186305149,16.24998400000004,-1.2500159999999596,0.13653375801699677,0.1880243441180543,0.03806521203867286,8.50003199999992,1.0000319999999192,0.5785769438243045,0.3010489821661842,0.3443850518037724
2024-02-27,4.31407220971851,1.584528375613914,11.50003199999992,-0.4999680000000808,-0.29062128922454766,-0.27304477103997227,-0.3279185520996839,15.49996800000008,-3.199999991920777e-05,-0.6665808609160018,-0.42907294265617923,-0.42776839390908744,7.75001599999996,-0.2499840000000404,-0.7579494158010391,-0.6523723429713288,-0.5748894455838075,12.5,-0.2499840000000404,-0.7017683162454407,-0.5795450095997488,-0.6593085686973456,12.5,0.2499840000000404,-0.15848360749185153,-0.07324773788142523,-0.17362676001885516,7.0,0.5,0.6767507423085514,0.5466112929094584,0.5108657474260824,6.24998400000004,-1.0,0.22098700010142575,0.018753090658942352,0.00011882528391828907,7.75001599999996,3.199999991920777e-05,-0.3922137027120942,-0.28976999910562845,-0.3091454817175228,8.0,-3.199999991920777e-05,-0.6104067234383054,-0.5107726462650034,-0.46931989220593306,13.5,-0.2499840000000404,-0.4540939154195808,-0.4700216769119847,-0.46886388079866875,15.0,-1.2499840000000404,0.13146239225902195,0.20951836621463826,0.05960430342741924,11.25001599999996,2.7499840000000404,0.5385581159576068,0.28611598685485806,0.32391542032397275
2024-02-28,4.2727206144991,-4.135159521940945,11.5,-3.199999991920777e-05,-0.262018522221469,-0.2726365296485026,-0.38059813900314154,15.25001599999996,-0.2499520000001212,-0.6508860067388361,-0.42022684793266357,-0.40353042312839793,7.999968000000081,0.2499520000001212,-0.7522067016334768,-0.6547376817002888,-0.5969572065716958,12.75001599999996,0.2500159999999596,-0.7059121321448473,-0.5956475848380122,-0.6531500349659706,13.75001599999996,1.2500159999999596,-0.19840526284616394,-0.09885471871068639,-0.1570247433631844,5.999968000000081,-1.0000319999999192,0.6980847273095911,0.5575899889800872,0.5287239321699914,5.25001599999996,-0.9999680000000808,0.22819435733841428,0.029782615617143477,-0.007525467745154785,7.75001599999996,0.0,-0.3725819774826746,-0.2881728433596185,-0.3055263975510522,8.74998400000004,0.7499840000000404,-0.6050328526665713,-0.5177836565856926,-0.4671752868061313,13.74998400000004,0.2499840000000404,-0.4802316734314287,-0.4841515856159594,-0.45718712550850676,16.50003199999992,1.5000319999999192,0.12100120496202048,0.19074843772265412,0.05989444082707289,10.74998400000004,-0.5000319999999192,0.5716904105982223,0.2904834636372716,0.3373486994625978
2024-02-29,4.25113964415576,-2.1580970343340056,12.0,0.5,-0.1786366187061101,-0.27742442231879927,-0.3455142978335373,14.0,-1.2500159999999596,-0.5765713941004104,-0.42871607469875045,-0.41439164639330495,8.5,0.5000319999999192,-0.7377537771426489,-0.653922961531713,-0.5711878315297924,13.0,0.2499840000000404,-0.6750652046145218,-0.5878990226810822,-0.6736081570084178,14.0,0.2499840000000404,-0.22942344663047384,-0.16560314888217736,-0.14564214434116984,6.0,3.199999991920777e-05,0.6601219191610083,0.6136260996921542,0.547983291304436,4.75001599999996,-0.5,0.30042763234116987,-0.02049758031004115,0.011465408999806694,5.499968000000081,-2.250047999999879,-0.2812103746759118,-0.2664039478107949,-0.30213902481609106,9.75001599999996,1.0000319999999192,-0.620429499147458,-0.5191110966351207,-0.45381300742265857,14.75001599999996,1.0000319999999192,-0.414737789154396,-0.46045718927287815,-0.45759737017099306,16.99996800000008,0.4999360000001616,0.04574807725862908,0.14312662879214516,0.08139837223864152,9.50003199999992,-1.2499520000001212,0.5857987201201469,0.3288721291271472,0.32847191633677264
2024-03-01,4.18075003065415,-7.038961350160999,10.50003199999992,-1.4999680000000808,0.09702577740477068,-0.20159425835182168,-0.297810754114651,13.74998400000004,-0.2500159999999596,-0.5056099448223234,-0.48634356317944744,-0.4129797634257923,10.0,1.5,-0.7603641361134099,-0.6650275883174467,-0.5791698066384693,14.5,1.5,-0.7319588954921219,-0.60098813424615,-0.6772252672611578,14.0,0.0,-0.42453784301258135,-0.17979120151287234,-0.14319635388518856,5.24998400000004,-0.7500159999999596,0.7447577807868349,0.6525951061071734,0.5577746639142491,2.2500159999999596,-2.5,0.4582573397651843,0.07646444399601932,0.05427315361731321,6.24998400000004,0.7500159999999596,-0.2746422550465238,-0.31145829282878257,-0.3286404930895882,10.74998400000004,0.9999680000000808,-0.6076930642483819,-0.5192928288130254,-0.4468984863356059,18.25001599999996,3.5,-0.5254086577755684,-0.4811980568412134,-0.4906221322305142,15.75001599999996,-1.2499520000001212,-0.08304938988335571,0.15608870985343035,0.10655312481556012,6.999968000000081,-2.5000639999998384,0.7515102313180955,0.374400045622565,0.3462931325179834
2024-03-04,4.21794892535201,3.7198894697859863,10.74998400000004,0.2499520000001212,0.04360349146060008,-0.1540272038504701,-0.30982007489011765,13.74998400000004,0.0,-0.25197450646595393,-0.48670223924743045,-0.37903952840469335,9.50003199999992,-0.4999680000000808,-0.866041960326661,-0.6738848400174285,-0.5832050590837375,13.99996800000008,-0.5000319999999192,-0.7444982913079179,-0.615391170995514,-0.661421852348665,14.00003199999992,3.199999991920777e-05,-0.33234442448061985,-0.1741224914604224,-0.12227637796349106,5.74998400000004,0.5,0.6695254553029831,0.6499916962772726,0.5579579905238925,3.7499840000000404,1.4999680000000808,0.6734702763831691,0.2382363532279872,0.04329971672170194,4.24998400000004,-2.0,-0.23249648160362443,-0.385396926974321,-0.28323153292072567,12.25001599999996,1.5000319999999192,-0.6982805008692838,-0.49094224049038326,-0.42489547170115805,15.75001599999996,-2.5,-0.30633056633342987,-0.4971118859064653,-0.4679262048621318,16.49996800000008,0.7499520000001212,-0.1916327013410081,0.1364131033119345,0.08907411851023303,8.50003199999992,1.5000639999998384,0.7037650076893655,0.4268696752836074,0.34975634883630535
2024-03-05,4.13598100760258,-8.19679177494299,12.0,1.2500159999999596,0.033309764038327284,-0.2195134371763354,-0.3157596493306231,14.24998400000004,0.5,-0.11399891801834809,-0.4819368545760587,-0.371755068603584,9.25001599999996,-0.2500159999999596,-0.8205154041711148,-0.6473730723055342,-0.5799491757517219,14.25001599999996,0.2500479999998788,-0.6970110396446134,-0.6630509694490312,-0.6530231121760057,14.49996800000008,0.4999360000001616,-0.5217208355515554,-0.17456867011270197,-0.12911827880826615,6.000031999999919,0.2500479999998788,0.6149447815730945,0.640061717005529,0.5374123501058006,6.5,2.7500159999999596,0.31492545304263897,0.14125821410486197,0.010891673915451977,5.0,0.7500159999999596,-0.03500141508559306,-0.3804165832406825,-0.27564144414717523,11.0,-1.2500159999999596,-0.5736132708540964,-0.47033925078289085,-0.407051654728048,16.74998400000004,0.9999680000000808,-0.32913576154078517,-0.5084951736562056,-0.48527362907524413,17.25001599999996,0.7500479999998788,-0.3665773711426019,0.1289646480325859,0.07233617210182348,8.0,-0.5000319999999192,0.6373283400658756,0.43073989139209773,0.34733821299873735
2024-03-06,4.10298322635244,-3.299778125014008,13.5,1.5,-0.16709386928551437,-0.2530204000027608,-0.32134719711171356,13.5,-0.7499840000000404,-0.06246643155511534,-0.462784570711937,-0.3674068078784183,9.5,0.2499840000000404,-0.8032545323735601,-0.6428087173433563,-0.580517888745967,14.25001599999996,0.0,-0.7592855959762571,-0.6696790866937128,-0.6519095263358988,14.49996800000008,0.0,-0.4856189737258483,-0.1623233976728661,-0.12921753848964967,6.25001599999996,0.2499840000000404,0.6019196634802294,0.626950840400667,0.5397062312250364,6.25001599999996,-0.2499840000000404,0.25293185291083764,0.1306624830008759,0.010483030159790244,6.74998400000004,1.7499840000000404,-0.03826554666846033,-0.37717383115132774,-0.2818571521630909,10.5,-0.5,-0.5407615596209673,-0.4746115181866479,-0.4034634769713999,16.5,-0.2499840000000404,-0.4254602723692531,-0.4968842300535041,-0.48398619965539597,17.74998400000004,0.4999680000000808,-0.3201010026494099,0.12686376108108596,0.08006961861740414,7.25001599999996,-0.7499840000000404,0.607009406701625,0.42516662593005894,0.354466864412839
2024-03-07,4.09039629801714,-1.2586928335299952,11.49996800000008,-2.000031999999919,-0.11473883109178493,-0.23099771712008815,-0.27373746384050696,16.75001599999996,3.2500159999999596,-0.0806247708154127,-0.43233721053898844,-0.39642359404187716,8.25001599999996,-1.2499840000000404,-0.777106565837174,-0.6298256531222844,-0.620459715820191,13.99996800000008,-0.2500479999998788,-0.757910666670603,-0.6746036584126375,-0.6261898634284062,14.75001599999996,0.2500479999998788,-0.5013664732596874,-0.16512683941038664,-0.0909308461723834,5.25001599999996,-1.0,0.5978020302515751,0.6214938479823604,0.5488598858763577,7.999968000000081,1.7499520000001212,0.22809804945429724,0.12185420271805127,0.038500974926617804,5.75001599999996,-0.9999680000000808,-0.025579327665885932,-0.37444223614529176,-0.3123563837610705,10.25001599999996,-0.2499840000000404,-0.5394418549024962,-0.47280331718135277,-0.4531662797315427,18.24998400000004,1.7499840000000404,-0.4748024842596291,-0.4976003602215967,-0.45348213260076076,16.5,-1.2499840000000404,-0.3090381307069115,0.12804568457262291,0.12721772659734168,4.74998400000004,-2.500031999999919,0.6025988660158471,0.42214148443423516,0.3429276081624391
2024-03-08,4.08751945416117,-0.28768438559696463,13.50003199999992,2.0000639999998384,-0.03791446832530841,-0.22498818392464004,-0.26686527690715,13.99996800000008,-2.750047999999879,0.046959832910996736,-0.39870141732443865,-0.38003107238900885,9.75001599999996,1.5,-0.7934763060492915,-0.6409311550882382,-0.611936839524131,15.87500799999998,1.875039999999899,-0.6324548229991283,-0.6365000965096739,-0.6107319634082687,14.12499200000002,-0.6250239999999394,-0.464506713800934,-0.16347267802130136,-0.09043508936154453,4.87500799999998,-0.3750079999999798,0.5723776078501005,0.6208235777753517,0.5540885713353929,7.75001599999996,-0.2499520000001212,0.2682573453513806,0.11972863683770382,0.038591021671319996,6.87500799999998,1.1249920000000202,-0.006418910712407794,-0.37234294606795826,-0.31061256556619943,9.5,-0.7500159999999596,-0.7059634003268869,-0.484866150269244,-0.45827085208878166,20.24998400000004,2.0,-0.4162107219591484,-0.49715159945755777,-0.4513821118032657,17.25001599999996,0.7500159999999596,-0.17955240299074798,0.12404865744498665,0.12934159332828918,2.3749760000000606,-2.37500799999998,0.5459069030181684,0.4164125347475742,0.33858838884444165
2024-03-11,4.10304809780107,1.5528643639899364,13.0,-0.5000319999999192,-0.04457240740661165,-0.20109270921866107,-0.2622252960010834,15.0,1.0000319999999192,0.04972728880528285,-0.41313083591309463,-0.37686905438917423,9.5,-0.2500159999999596,-0.7938729968403091,-0.6405040474985626,-0.6118606802638178,16.0,0.1249920000000202,-0.6227298898793854,-0.6338643491359511,-0.6147243260959,12.74998400000004,-1.3750079999999798,-0.48055522110815346,-0.1997219457704982,-0.10223994758954658,5.75001599999996,0.8750079999999798,0.6007751008509515,0.6524624482324165,0.5584730264273717,8.5,0.7499840000000404,0.29012271434484455,0.14041259067186548,0.05050743927341884,6.75001599999996,-0.1249920000000202,-0.044815379797861724,-0.38559395927710666,-0.316510853035203,9.99996800000008,0.4999680000000808,-0.6908098832246309,-0.47948880348253553,-0.45852417692915315,20.25001599999996,3.199999991920777e-05,-0.4197891556734362,-0.4885932137467092,-0.45287486940318467,17.25001599999996,0.0,-0.16846851984402997,0.12388404734756743,0.1232775871769367,3.2499840000000404,0.8750079999999798,0.5452686982629235,0.46967393852055095,0.33857337141605176
2024-03-12,4.15366883599352,5.062073819245061,13.50003199999992,0.5000319999999192,-0.031041396609831455,-0.17826014363251894,-0.2623689868137535,14.74998400000004,-0.2500159999999596,0.042840394668701084,-0.40973699568269856,-0.30774273123606416,9.5,0.0,-0.7781926647591638,-0.6328123168885248,-0.608856363245005,15.24998400000004,-0.7500159999999596,-0.6372230947687113,-0.6370552513888077,-0.5745868697623551,12.75001599999996,3.199999991920777e-05,-0.47964531423298606,-0.1869799094214888,-0.017433701012134335,6.5,0.7499840000000404,0.6514898630998788,0.6765593041017144,0.548907865899587,9.00003199999992,0.5000319999999192,0.29375190129828294,0.13340767849770116,0.09648091297170575,5.499968000000081,-1.2500479999998788,-0.08821613035898526,-0.39340045852745525,-0.30965966693333336,9.75001599999996,-0.2499520000001212,-0.6761377129983077,-0.4752070395622392,-0.480295956809714,19.75001599999996,-0.5,-0.4301422122047252,-0.48847668961342633,-0.40153498900669393,16.24998400000004,-1.0000319999999192,-0.21006066100739157,0.12542825193760143,0.1614134611843945,5.74998400000004,2.5,0.5764747853433909,0.49792452558410677,0.371675650034886
2024-03-13,4.19083991519551,3.71710792019897,13.0,-0.5000319999999192,-0.04356907080930203,-0.2055022920977732,-0.2239453218016373,15.5,0.7500159999999596,0.09503080724068258,-0.37272061933620937,-0.32900325339691683,9.5,0.0,-0.5772089639907846,-0.658578554846641,-0.5944409987203215,14.24998400000004,-1.0,-0.4144067391728975,-0.6154829623113557,-0.5451895405096798,12.75001599999996,0.0,-0.5604808291743585,-0.169610419675728,-0.06704768789860413,7.0,0.5,0.5441800302419297,0.6546951517943556,0.5184397956728675,6.5,-2.500031999999919,0.09723337745747186,0.10978605294309352,-0.00462120712880804,8.5,3.000031999999919,0.04496067812784997,-0.3230823357703268,-0.25650817929199776,8.0,-1.7500159999999596,-0.3983458788817257,-0.48924792755089785,-0.4634193548528759,17.5,-2.2500159999999596,-0.5693090282527073,-0.5050043339560216,-0.4044611291329521,17.24998400000004,1.0,-0.3704392006320261,0.16419335232925716,0.16076067501486202,7.25001599999996,1.5000319999999192,0.6738490169588405,0.5097509670280888,0.31831012952124993
2024-03-14,4.29719686755143,10.635695235592024,12.99996800000008,-3.199999991920777e-05,-0.006306368601122959,-0.19705218679563788,-0.2297518300227882,14.50003199999992,-0.9999680000000808,-0.06178400424599409,-0.38886090641817195,-0.3444654546339629,7.999968000000081,-1.5000319999999192,-0.6290829341418602,-0.6703905353643134,-0.6099177420112992,13.25001599999996,-0.9999680000000808,-0.4963101486434471,-0.6351691899198748,-0.5649162179305529,12.75001599999996,0.0,-0.5136778976340695,-0.1638377387445155,-0.063347033462469,7.24998400000004,0.2499840000000404,0.5788720183471036,0.6424792048764247,0.5161501497650453,5.999968000000081,-0.5000319999999192,0.05425994964362703,0.12037283696377025,-0.015190081825034358,6.500031999999919,-1.9999680000000808,-0.2282217182289201,-0.35015055136136,-0.2828470808449225,7.499968000000081,-0.5000319999999192,-0.32767484673615044,-0.4787443933736017,-0.46118519039920797,15.75001599999996,-1.7499840000000404,-0.6292375800068525,-0.5291779371092099,-0.42269714535642977,18.5,1.2500159999999596,-0.26387463171002873,0.19266310583025373,0.18108618598830784,6.25001599999996,-1.0,0.509950122817232,0.45921691643510965,0.29294175823816
2024-03-15,4.30331150352205,0.6114635970619453,12.49996800000008,-0.5,-0.00260624607194097,-0.18021957462396848,-0.23489333545802038,15.25001599999996,0.7499840000000404,-0.021247968714089734,-0.3975347048289256,-0.34084749004155757,7.75001599999996,-0.2499520000001212,-0.6215558299398996,-0.6691528004945505,-0.6089520955381517,12.24998400000004,-1.0000319999999192,-0.5280873788088883,-0.6234502876560651,-0.5589830716397757,11.74998400000004,-1.0000319999999192,-0.4898651896313907,-0.17233201290630756,-0.07529530273236264,7.25001599999996,3.199999991920777e-05,0.5695587921698693,0.6451592203192673,0.5163433800859224,5.499968000000081,-0.5,0.050668129061278856,0.1109762623556156,-0.01953548171562902,7.75001599999996,1.2499840000000404,-0.18779364880969274,-0.34098771216908,-0.27730788252913124,6.75001599999996,-0.7499520000001212,-0.3254450867803333,-0.4770573747587587,-0.4588646942940439,15.74998400000004,-3.199999991920777e-05,-0.6299695346550099,-0.5296500268346636,-0.4256803313881252,15.5,-3.0,-0.25479589241225264,0.16823037007874217,0.17022901521009007,7.24998400000004,0.9999680000000808,0.5032385648591261,0.4671294511565153,0.30021726966435497
2024-03-18,4.33910539319769,3.5793889675640678,12.74998400000004,0.2500159999999596,0.008129649341164981,-0.17586341516274107,-0.22823377125809158,14.50003199999992,-0.7499840000000404,-0.04465573460579459,-0.4059339639156183,-0.36146210329576356,7.24998400000004,-0.5000319999999192,-0.6228916945003878,-0.6842312265425509,-0.6078193536604608,11.74998400000004,-0.5,-0.5820278144271089,-0.6257025418691162,-0.5561668662021477,11.50003199999992,-0.2499520000001212,-0.43850645624161033,-0.17468874539774626,-0.06974876159829065,7.74998400000004,0.4999680000000808,0.5638706066238734,0.6512193938614843,0.5269244185438207,6.75001599999996,1.2500479999998788,0.06451606286647577,0.1268683803398218,-0.0141837705840581,5.25001599999996,-2.5,-0.27220897598440763,-0.3592271363444253,-0.2823141184956155,7.999968000000081,1.2499520000001212,-0.21263025020856363,-0.4655149556086289,-0.45433110094838025,14.50003199999992,-1.2499520000001212,-0.6739896611655148,-0.5340384174417504,-0.421989554401835,15.49996800000008,-3.199999991920777e-05,-0.18684118746409742,0.16789814661638058,0.159708180955707,8.00003199999992,0.7500479999998788,0.5110662361074245,0.4725535169915625,0.29124856502826885
2024-03-19,4.29550347301076,-4.360192018692999,13.00003199999992,0.2500479999998788,0.00288653750579213,-0.15980263890040375,-0.23527121633917097,15.24998400000004,0.7499520000001212,-0.06502244364758729,-0.4051700696843495,-0.35567519852613777,7.0,-0.2499840000000404,-0.6053425658143504,-0.669483478761672,-0.6165223380169366,13.0,1.2500159999999596,-0.6303788014567193,-0.6298096083583425,-0.5752795239937799,12.74998400000004,1.2499520000001212,-0.4720542254717495,-0.21035720166499858,-0.10077664272580007,6.500031999999919,-1.2499520000001212,0.5880074180451689,0.6547693366233167,0.5440203680304698,6.5,-0.2500159999999596,0.08260158754030117,0.1188011344630639,-0.005731642707799223,5.25001599999996,0.0,-0.2620645102752341,-0.3316728165556814,-0.2980679925578728,7.999968000000081,0.0,-0.1934918468263478,-0.46385986460391454,-0.44573181915612753,15.25001599999996,0.7499840000000404,-0.7142041330147312,-0.5542960496734604,-0.445472521360478,16.5,1.0000319999999192,-0.20038679084175193,0.15427348844833513,0.13450617603401452,8.75001599999996,0.7499840000000404,0.49006919220605305,0.4556963712345916,0.2914874176899677
2024-03-20,4.2698362439352,-2.5667229075560627,13.0,-3.199999991920777e-05,-0.06664326043593777,-0.13810902421685908,-0.24563439164311207,15.5,0.2500159999999596,-0.07002994434137433,-0.4682833619093932,-0.3565456404633444,7.5,0.5,-0.583614302975554,-0.6778085841018142,-0.6301516906506791,13.74998400000004,0.7499840000000404,-0.6371704114742205,-0.6515611367257496,-0.5777848093490601,12.50003199999992,-0.2499520000001212,-0.5008836219758235,-0.20827791802945417,-0.09612381769558724,6.74998400000004,0.2499520000001212,0.6034104994297241,0.6441394940105556,0.5387249168978422,7.0,0.5,0.014046519877565578,0.13970816875829578,-0.010541366079897403,5.5,0.2499840000000404,-0.2987731615940658,-0.3750264403483384,-0.29919186562452277,8.24998400000004,0.2500159999999596,-0.11720834857735786,-0.4537174074940819,-0.46500532667627476,16.75001599999996,1.5,-0.7274564471510664,-0.5566222696265283,-0.44926812588162757,17.25001599999996,0.7500159999999596,-0.19950985926309497,0.12065870226891041,0.13921630708034669,6.999968000000081,-1.7500479999998788,0.49217060992381906,0.48705803337072456,0.29733001276044746
2024-03-21,4.26988836561092,0.005212167572032911,12.24998400000004,-0.7500159999999596,-0.06309386767482326,-0.11643678731890549,-0.24642219589401146,15.74998400000004,0.2499840000000404,-0.07480139026579838,-0.47317570594490216,-0.3566454178615391,8.00003199999992,0.5000319999999192,-0.5750607314904282,-0.6763312956358811,-0.6294235925995354,13.74998400000004,0.0,-0.6371089179639646,-0.6492308294994424,-0.5904673001160933,13.5,0.9999680000000808,-0.48233155199778843,-0.21547442542676204,-0.09547629095498068,7.24998400000004,0.5,0.6003709117960496,0.6423461385877258,0.5350384761009389,7.0,0.0,0.019336116856557502,0.15848413231913575,-0.010102875316366739,4.5,-1.0,-0.29882342558750036,-0.36416969050985304,-0.2975190712613685,9.5,1.2500159999999596,-0.11726302070253936,-0.47874231040805226,-0.4641460308426891,16.5,-0.2500159999999596,-0.7324085149529923,-0.5520206947044503,-0.4489845493579577,19.0,1.7499840000000404,-0.1955431835432742,0.11472370006977448,0.1439032553264951,6.25001599999996,-0.7499520000001212,0.4888600067966651,0.4931929545537758,0.3004324585669691
2024-03-22,4.21677070610472,-5.311765950620018,12.25001599999996,3.199999991920777e-05,-0.06431698105068649,-0.13399812176534442,-0.24529769253460115,15.0,-0.7499840000000404,-0.0701699300811641,-0.4599778688243369,-0.338940796585353,8.75001599999996,0.7499840000000404,-0.5708872932130409,-0.6967496570879409,-0.6331122695350877,13.49996800000008,-0.2500159999999596,-0.6082874917291253,-0.6357928302522771,-0.5966816990498054,14.25001599999996,0.7500159999999596,-0.42116350449133366,-0.217273816017324,-0.10417556081061376,7.5,0.2500159999999596,0.4980752029951158,0.6274676915163794,0.5220745388144444,6.25001599999996,-0.7499840000000404,0.05156364382927858,0.17381592580684124,-0.0025794793578787175,4.75001599999996,0.2500159999999596,-0.35231127498922504,-0.3877098716998115,-0.30142734447611325,9.49996800000008,-3.199999991920777e-05,-0.10013469842271758,-0.486932671751154,-0.4573330835268363,16.25001599999996,-0.2499840000000404,-0.7032468150390111,-0.5370440972304454,-0.45482698426864737,18.75001599999996,-0.2499840000000404,-0.03403917071756828,0.09651558794023021,0.14809207525516493,8.49996800000008,2.249952000000121,0.3318007404419439,0.45354558457401295,0.2696374129572598
2024-03-25,4.25230628891162,3.5535582806899946,11.75001599999996,-0.5,-0.07462197046266515,-0.14752354594476205,-0.2319616661634812,14.5,-0.5,-0.10958752523334937,-0.45915803467048666,-0.3319511852008191,8.5,-0.2500159999999596,-0.548729049063287,-0.7096861129301255,-0.6405957622763107,14.25001599999996,0.7500479999998788,-0.5592717833167565,-0.6320204333898216,-0.5785346045280957,13.99996800000008,-0.2500479999998788,-0.38609032422594103,-0.215431846366569,-0.127032694519369,7.500031999999919,3.199999991920777e-05,0.4821102447561577,0.6311107438612562,0.5161770684801193,6.74998400000004,0.4999680000000808,0.014762602003409007,0.17828019059649428,0.016500804307898676,2.7500159999999596,-2.0,-0.41649240565409634,-0.3910297711967183,-0.31255420388488253,9.5,3.199999991920777e-05,-0.03774225468125145,-0.5096679462971425,-0.4440961888682021,17.25001599999996,1.0,-0.6479749357070347,-0.5200384229590866,-0.49829486615292334,19.49996800000008,0.7499520000001212,0.043376026219171415,0.10122957354412833,0.15672490239514603,7.500031999999919,-0.9999360000001616,0.2784388629214507,0.43770755687012597,0.2894021704562664
2024-03-26,4.23261689826413,-1.968939064748998,12.24998400000004,0.4999680000000808,-0.07266391120341033,-0.19153439851443144,-0.23043182539111542,15.25001599999996,0.7500159999999596,-0.12155536475409412,-0.4445901329135811,-0.3374396258964034,9.0,0.5,-0.5491779153938283,-0.7068294958986995,-0.6361006489307904,14.25001599999996,0.0,-0.5514400246078556,-0.6174239130596146,-0.5748829708271047,14.24998400000004,0.2500159999999596,-0.39646006558569036,-0.22925817036055182,-0.14391052542556987,7.5,-3.199999991920777e-05,0.47445292262053174,0.6148312407145788,0.5249635074272238,7.24998400000004,0.5,0.025050675581190424,0.15048623496458174,0.019341642752453075,4.5,1.7499840000000404,-0.42609153556489093,-0.37094971920556574,-0.31369838123955907,9.24998400000004,-0.2500159999999596,-0.02906493301429582,-0.49818680773176394,-0.4412761375578176,17.75001599999996,0.5,-0.6468685712489004,-0.521016738428459,-0.5143652402720172,21.0,1.5000319999999192,0.05104219059604363,0.08607342708726508,0.16942760096967538,7.0,-0.5000319999999192,0.26672407939203496,0.43758201705747773,0.28599516156617216
2024-03-27,4.19525231224064,-3.7364586023489466,11.75001599999996,-0.4999680000000808,-0.05201550879499347,-0.16579340817843466,-0.2233225999237465,16.25001599999996,1.0,-0.16107195365889135,-0.45124494934693404,-0.34442345710725486,7.74998400000004,-1.2500159999999596,-0.44174849517001036,-0.6708802831031359,-0.6144336031364365,15.5,1.2499840000000404,-0.5716248866322508,-0.6203926244436676,-0.5914120907555536,15.5,1.2500159999999596,-0.3898609796428393,-0.2506528227971199,-0.1581935065705936,6.74998400000004,-0.7500159999999596,0.4679665258829644,0.6278356555523454,0.5306902984722918,6.500031999999919,-0.7499520000001212,0.013917234176464772,0.15111524441635021,0.024033925296357127,4.74998400000004,0.2499840000000404,-0.43267663368575726,-0.3651527330185599,-0.3145582559839987,8.0,-1.2499840000000404,0.06023010156886157,-0.47410986603858035,-0.4298558079378942,20.0,2.2499840000000404,-0.6699902218061141,-0.5436103190497688,-0.5320677515813866,22.24998400000004,1.2499840000000404,0.06489843764504599,0.08506782436603483,0.16193862626295596,6.000031999999919,-0.9999680000000808,0.2777731033955495,0.44090763484703094,0.2912210594281564
2024-03-28,4.19244966560193,-0.28026466387105486,10.25001599999996,-1.5,-0.03920608536437066,-0.10371381131296373,-0.2157040688093178,16.49996800000008,0.2499520000001212,-0.19135896056933133,-0.4286005849469519,-0.36581407980963204,7.500031999999919,-0.2499520000001212,-0.434068976841705,-0.6543492004382877,-0.6107003745504468,14.74998400000004,-0.7500159999999596,-0.557067578532086,-0.5988442058138524,-0.5719506430191402,15.74998400000004,0.2499840000000404,-0.38619926774273367,-0.2722603084513999,-0.21411364973193342,7.500031999999919,0.7500479999998788,0.4522341655856857,0.5897677464716082,0.5721065469762627,6.999968000000081,0.4999360000001616,0.004469466194570065,0.18397467869917694,-0.02119016061096243,3.500031999999919,-1.2499520000001212,-0.4812019982093986,-0.34799466253844913,-0.31387424374311335,8.74998400000004,0.7499840000000404,0.08652529778078694,-0.47532449313052405,-0.4271149274132522,18.24998400000004,-1.7500159999999596,-0.6395365057611013,-0.4980769978054964,-0.5019397442370552,22.25001599999996,3.199999991920777e-05,0.06906678545182565,0.03712754216023758,0.12401921089966933,6.0,-3.199999991920777e-05,0.2679097467011138,0.4525663478323724,0.3148815814675923
2024-04-01,4.32810212500683,13.565245940490023,9.24998400000004,-1.0000319999999192,-0.2733991608311608,-0.0866463134889146,-0.22009196543994264,15.75001599999996,-0.7499520000001212,-0.2860002295403348,-0.40792942242230124,-0.4212419712249106,7.25001599999996,-0.2500159999999596,-0.2902670152160858,-0.6200451464729527,-0.5904299778581166,13.74998400000004,-1.0,-0.5402788298933653,-0.6421813549801287,-0.5809168726437894,13.74998400000004,-2.0,-0.6150288813780015,-0.48534460464769563,-0.2929177350740429,7.25001599999996,-0.2500159999999596,0.22715868541363196,0.5660484489981686,0.5552336942961998,8.24998400000004,1.2500159999999596,-0.046803803827445575,0.26012621402125424,0.05013379575705614,0.7499840000000404,-2.750047999999879,-0.5667994049151309,-0.39524510902868554,-0.37970239838135417,8.50003199999992,-0.2499520000001212,0.1438921460313017,-0.4290065655721041,-0.41113541781097573,18.24998400000004,0.0,-0.4682330932842588,-0.5038260294905272,-0.4768373234001601,19.74998400000004,-2.500031999999919,-0.31986386954158474,-0.1759614361284423,0.03712545343541606,6.25001599999996,0.2500159999999596,0.1603097335814184,0.5048758337939717,0.3197127473209677
2024-04-02,4.36310623624325,3.500411123641989,10.0,0.7500159999999596,-0.25588006163827726,-0.1132338205314454,-0.18178834898199053,14.25001599999996,-1.5,-0.30788667834276745,-0.2722094725864677,-0.4250822127415271,6.499968000000081,-0.7500479999998788,-0.2956518870261174,-0.6734712054274277,-0.5972380499793942,14.00003199999992,0.2500479999998788,-0.5179510079936591,-0.6296329196594198,-0.5853662128089847,13.24998400000004,-0.5,-0.6274113217293132,-0.4461794646577632,-0.29430632412692553,7.5,0.2499840000000404,0.2162037963346217,0.4877294100996138,0.5513404608219505,6.75001599999996,-1.4999680000000808,-0.12042593459527219,0.3562115343172423,0.14940829004142753,0.5,-0.2499840000000404,-0.5525990329334447,-0.38356220852103284,-0.4305108391930384,5.5,-3.000031999999919,-0.005529351665763632,-0.4899362758280604,-0.4003535889729152,18.25001599999996,3.199999991920777e-05,-0.45746472215828093,-0.3722272899196346,-0.48629349085467327,19.99996800000008,0.2499840000000404,-0.33394661437103457,-0.25159872035216707,0.017345657755453648,9.50003199999992,3.2500159999999596,0.17460883650815967,0.4439875141996411,0.3559676011887401
2024-04-03,4.35418480257089,-0.8921433672360202,9.74998400000004,-0.2500159999999596,-0.1460884662927133,-0.05660381288952584,-0.19890192812129195,14.24998400000004,-3.199999991920777e-05,-0.296091706518959,-0.2074190835551933,-0.4195142989662397,7.75001599999996,1.2500479999998788,-0.34681326283416203,-0.6507777731514113,-0.5901643094699747,14.25001599999996,0.2499840000000404,-0.5392264597099203,-0.5938453815948933,-0.6202110617217209,13.49996800000008,0.2499840000000404,-0.6282042633700762,-0.5708759062423264,-0.2873534475246903,7.25001599999996,-0.2499840000000404,0.2751995836748363,0.4834345245927387,0.5658227263140716,8.25001599999996,1.5,0.08089249101093218,0.22893383950028098,0.13233295948422794,0.9999680000000808,0.4999680000000808,-0.5509478324533078,-0.2993851329567235,-0.42329493777315463,5.000031999999919,-0.4999680000000808,-0.09806446800831219,-0.43373246278966654,-0.4128769188697284,17.24998400000004,-1.0000319999999192,-0.40505356237948975,-0.36276208941925814,-0.48326428329073123,21.24998400000004,1.2500159999999596,-0.3307536915912973,-0.33984952643108696,0.020257591268231387,10.25001599999996,0.7499840000000404,0.14419035963412014,0.3898241965267212,0.35541633371074854
2024-04-04,4.30738896812443,-4.679583444645985,8.75001599999996,-0.9999680000000808,-0.004035590323483435,-0.10119949791562122,-0.19673942571118452,15.99996800000008,1.7499840000000404,-0.3933098851888675,-0.23757611636728465,-0.4284200303613505,6.75001599999996,-1.0,-0.24247471016005312,-0.5913704470379367,-0.5643322606644753,14.75001599999996,0.5,-0.5625106697072391,-0.6393343828468809,-0.6304340315499485,14.49996800000008,1.0,-0.6676339777687602,-0.5665314508001071,-0.29141276094345403,6.500031999999919,-0.7499840000000404,0.3571478217780034,0.4974931317139698,0.5669801871938369,8.24998400000004,-3.199999991920777e-05,0.06983795337721602,0.1795461256392555,0.12086957064943801,1.5,0.5000319999999192,-0.5317755815010755,-0.2923068206708477,-0.41705445389996,4.5,-0.5000319999999192,-0.09347797063138831,-0.3989831894347803,-0.4139820529248586,17.5,0.2500159999999596,-0.4201183223308333,-0.4249648907566454,-0.47602681924501805,21.0,-0.2499840000000404,-0.2926471662956543,-0.2979341902909758,0.025360738140014823,12.74998400000004,2.499968000000081,0.02165461472403643,0.29506943700512345,0.3152046002893696
2024-04-05,4.37550399761197,6.811502948754011,11.0,2.2499840000000404,0.09440663303195244,-0.015075985637495074,-0.14425548814913403,17.0,1.0000319999999192,-0.3285898065063289,-0.20485940011489717,-0.4072876959554473,4.25001599999996,-2.5,-0.3800254012915192,-0.6111528897934329,-0.5758338164596893,14.24998400000004,-0.5000319999999192,-0.587510975224613,-0.6418058784372349,-0.6370408951247116,14.5,3.199999991920777e-05,-0.6431038506415631,-0.5645285263456808,-0.2899289852005611,4.74998400000004,-1.7500479999998788,0.11747366057971947,0.3784659791808854,0.49527558265893945,11.0,2.7500159999999596,0.23457992799719718,0.22982902726976642,0.15164677174502597,0.5,-1.0,-0.5600606963613379,-0.30928217031471394,-0.4238202420238979,1.7500159999999596,-2.7499840000000404,-0.2022576533339146,-0.4250587171675631,-0.4291595390209618,16.24998400000004,-1.2500159999999596,-0.4413864964977001,-0.4651535900996745,-0.4852394156287249,22.74998400000004,1.7499840000000404,-0.24554584542676297,-0.2498386977305725,0.042545733608582666,13.00003199999992,0.2500479999998788,-0.02992099396830189,0.29627114144821914,0.31449743871453356
2024-04-08,4.42279913015326,4.729513254129003,9.37500799999998,-1.6249920000000202,0.08979938328708492,-0.018876178533397306,-0.15975232546682902,15.74998400000004,-1.2500159999999596,-0.4952105563495859,-0.17823617456624394,-0.41414729933470557,6.75001599999996,2.5,-0.22078387389213072,-0.5369780730429937,-0.5363801040284218,12.87497600000006,-1.3750079999999798,-0.6403521966936334,-0.6366983097947596,-0.6397348455187443,12.62502399999994,-1.8749760000000606,-0.6545797208162283,-0.5595091937733452,-0.302279617983805,6.5,1.7500159999999596,0.16461311260862316,0.3786188090654507,0.4977218153443615,6.749952000000121,-4.250047999999879,0.07749670990325343,0.1539533040681029,0.1054079349031906,0.1250239999999394,-0.3749760000000606,-0.5530524595390609,-0.31374557605711706,-0.42413292171239436,5.25001599999996,3.5,-0.07472171983954477,-0.435764965041177,-0.39722510156899277,17.99996800000008,1.7499840000000404,-0.361660925187848,-0.4094631852128501,-0.4702683348222855,16.25001599999996,-6.499968000000081,-0.26231598703762965,-0.22367941205280023,-0.013087566894689226,12.62502399999994,-0.3750079999999798,-0.09255337559301444,0.2764937357098593,0.31066303286420066
2024-04-09,4.36464002005096,-5.815911010230046,8.99996800000008,-0.375039999999899,0.10003405083375057,-0.0066066419036202246,-0.12923802979977042,16.75001599999996,1.0000319999999192,-0.54445990035794,-0.20485193172820723,-0.44035739379561956,7.25001599999996,0.5,-0.25066917775396635,-0.5411243908168467,-0.5377623698383108,13.74998400000004,0.8750079999999798,-0.673784585590749,-0.6495861852431085,-0.643576596503175,12.74998400000004,0.12496000000010099,-0.6694378199137255,-0.5591402680571682,-0.33019064783939356,6.500031999999919,3.199999991920777e-05,0.1658254761002866,0.3809887325066051,0.5176588034984333,8.24998400000004,1.5000319999999192,-0.00041436003163566984,0.12205669955680232,0.0979505259651109,3.000031999999919,2.87500799999998,-0.6106373290250212,-0.372824637217576,-0.45101901018714646,4.499968000000081,-0.7500479999998788,-0.045526196031127716,-0.4178862737164382,-0.38182768465552896,17.50003199999992,-0.4999360000001616,-0.3200992381509446,-0.3880307564529203,-0.4509357984213962,16.74998400000004,0.4999680000000808,-0.268026171135357,-0.22645358577579802,-0.018642574950088982,13.74998400000004,1.124960000000101,-0.11956536276825995,0.24782558285797415,0.3279272035856227
2024-04-10,4.55780906423155,19.316904418059,8.5,-0.4999680000000808,0.013022426598602036,-0.047210976553277266,-0.12940828831664944,17.0,0.2499840000000404,-0.40343170383540095,-0.1611310897729482,-0.39788413031081626,5.25001599999996,-2.0,-0.4162161806447823,-0.5829561200979247,-0.5634782325335981,11.24998400000004,-2.5,-0.7772992597823181,-0.7194428447067855,-0.689794820520951,10.5,-2.2499840000000404,-0.769390344610688,-0.6389750278712613,-0.40118581427205513,7.74998400000004,1.2499520000001212,0.3151562093333288,0.4603518642783227,0.55087200580472,8.0,-0.2499840000000404,-0.029700516965332168,0.06983594770089144,0.07280233417861037,2.5,-0.5000319999999192,-0.505385053250669,-0.34465303817641646,-0.43016699437937267,2.7500159999999596,-1.7499520000001212,-0.17566047312931032,-0.428480687975597,-0.3939489411098062,13.74998400000004,-3.750047999999879,-0.5477943314321556,-0.5135406621146147,-0.5128706670717046,16.74998400000004,0.0,-0.20251305269605782,-0.2016438484570127,-0.008857093543428873,13.75001599999996,3.199999991920777e-05,-0.19362834048926283,0.20381321641167302,0.29928790283013423
2024-04-11,4.57529257550408,1.748351127253045,7.25001599999996,-1.2499840000000404,0.01827983763315036,-0.05902959606283701,-0.14522866766107054,17.75001599999996,0.7500159999999596,-0.41535163316074447,-0.16365870814802436,-0.3757705060676918,3.999968000000081,-1.2500479999998788,-0.4105050695251066,-0.4876987284529224,-0.5778074505513163,11.75001599999996,0.5000319999999192,-0.7736353236046086,-0.661616140422867,-0.6739151189977964,10.25001599999996,-0.2499840000000404,-0.7720995778192474,-0.6751824173578321,-0.3980724700575851,6.24998400000004,-1.5,0.2870082092090573,0.3632966918957611,0.5079364174503723,7.75001599999996,-0.2499840000000404,-0.007268629482976571,0.022775354048030494,0.07405952001165825,2.0,-0.5,-0.6038080272226551,-0.3649344534078454,-0.4178045009252389,1.5,-1.2500159999999596,-0.16373779413219203,-0.2709857306859358,-0.3975152453821653,14.5,0.7500159999999596,-0.5527640407256358,-0.5493160631754858,-0.518955609297242,15.25001599999996,-1.4999680000000808,-0.20736569478611874,-0.25770504305845354,0.002168938362589009,12.99996800000008,-0.7500479999998788,-0.20528195936376656,0.18953691637963607,0.29701285072435374
2024-04-12,4.49719998338632,-7.8092592117759985,7.24998400000004,-3.199999991920777e-05,-0.02978213716180464,-0.03373609695617315,-0.14825264032070393,17.0,-0.7500159999999596,-0.2559431218613372,-0.15032430699475974,-0.3483738171227182,5.24998400000004,1.2500159999999596,-0.41758353466796544,-0.49490926784381084,-0.5867303408009571,11.75001599999996,0.0,-0.7291590410012114,-0.6455063640793862,-0.6680303382525206,11.0,0.7499840000000404,-0.8257710456330714,-0.6945462228225348,-0.4103187019066659,5.75001599999996,-0.4999680000000808,0.29764893394494507,0.3979941284269309,0.5103132626151841,8.24998400000004,0.4999680000000808,0.0015035719237571743,0.023274282126138527,0.08172123488950866,0.2499840000000404,-1.7500159999999596,-0.4458829751410671,-0.35727516128064546,-0.3800537613731975,3.500031999999919,2.000031999999919,-0.2521165222655709,-0.27734696418341287,-0.4115329918930337,13.49996800000008,-1.0000319999999192,-0.43309869104536153,-0.5109321578000283,-0.4985260632407689,16.50003199999992,1.2500159999999596,-0.3064589904437075,-0.29660062593362024,-0.015149980526044602,14.74998400000004,1.7500159999999596,-0.20765549974851655,0.13554123848570543,0.25774423460432927
2024-04-15,4.62707311603862,12.987313265229972,10.0,2.7500159999999596,0.2065408152647823,0.11747644810166623,-0.03387922197779485,14.5,-2.5,-0.4066636194044861,-0.2382244022196593,-0.39941850851539157,4.75001599999996,-0.4999680000000808,-0.4129871070329786,-0.48354638201268424,-0.5782440277852748,10.49996800000008,-1.2500479999998788,-0.776153238856581,-0.6888735190850611,-0.6792162980277499,9.50003199999992,-1.4999680000000808,-0.8625047125161807,-0.7107751626206571,-0.4453031521271221,6.24998400000004,0.4999680000000808,0.32885034869805485,0.40199195711466457,0.5152149803672105,11.5,3.2500159999999596,0.16554280878003705,0.12981118199634595,0.13962802855733686,-1.2499840000000404,-1.4999680000000808,-0.48603584585902965,-0.37447734904376634,-0.3915457675337148,1.7499840000000404,-1.7500479999998788,-0.31471799330864303,-0.31911345643412065,-0.42471774836394366,12.0,-1.4999680000000808,-0.47438240668739673,-0.5282826281033258,-0.50949995541354,13.24998400000004,-3.250047999999879,-0.42328143258127493,-0.37124667199285666,-0.08447381908242577,16.00003199999992,1.2500479999998788,-0.135384983084099,0.15807269782658875,0.2797960216150407
2024-04-16,4.65604248128463,2.896936524601035,9.5,-0.5,0.198635068953602,0.11337347507116519,-0.03630366353482253,13.0,-1.5,-0.3955111712702678,-0.24549782809868131,-0.4021429986767795,5.24998400000004,0.4999680000000808,-0.4018136501449399,-0.47281843418998204,-0.5829494779733616,9.75001599999996,-0.7499520000001212,-0.7715115508427796,-0.702829210640805,-0.6793250883616766,8.0,-1.5000319999999192,-0.8392885130511641,-0.7093931613486334,-0.44491372066188717,7.0,0.7500159999999596,0.32508956853922444,0.3966388925531001,0.5165678346667143,9.24998400000004,-2.2500159999999596,0.1341744932591199,0.10847248533452315,0.13354232760050402,-1.2500159999999596,-3.199999991920777e-05,-0.49232648018720576,-0.3915209667510612,-0.3999010534617526,0.7500159999999596,-0.9999680000000808,-0.3412713355160371,-0.3115382627713248,-0.42717874023268676,11.25001599999996,-0.7499840000000404,-0.4729400822539546,-0.5394015664306192,-0.5105911061837829,11.74998400000004,-1.5,-0.42629308730994053,-0.3609845358863385,-0.08888875216873289,16.24998400000004,0.2499520000001212,-0.14061460502912537,0.15560440539592024,0.2811172201478411
2024-04-17,4.58423803997519,-7.180444130943986,10.0,0.5,0.1718991210146376,0.09652217001599223,-0.031673574715070034,12.75001599999996,-0.2499840000000404,-0.35089167344389394,-0.22926474400326521,-0.38710683864050555,6.499968000000081,1.2499840000000404,-0.45579032474496545,-0.49189964979341655,-0.5866937515986108,10.50003199999992,0.7500159999999596,-0.7768671277036104,-0.7212988400581218,-0.6848763066524761,8.49996800000008,0.4999680000000808,-0.8352932491511879,-0.7093119964332792,-0.4608587201553095,7.25001599999996,0.2500159999999596,0.2537945682066719,0.373632926032779,0.5024971327092554,11.25001599999996,2.000031999999919,0.04978032503295348,0.06637375209045283,0.09591123909341469,-2.7500159999999596,-1.5,-0.4068257658348677,-0.34332454773101595,-0.3577390227434646,3.7499840000000404,2.999968000000081,-0.41413594243036417,-0.3544487996200951,-0.4462569124913207,10.25001599999996,-1.0,-0.39933004113568293,-0.5191790195112087,-0.5017469762450956,9.25001599999996,-2.499968000000081,-0.31565900573930117,-0.29272452492826334,-0.05713855759634792,22.99996800000008,6.74998400000004,-0.29053211046749383,0.00554945632222109,0.15419704478960194
2024-04-18,4.64499020836727,6.075216839207975,9.75001599999996,-0.2499840000000404,0.17341668740666166,0.07280214988879506,-0.019906557561648483,13.5,0.7499840000000404,-0.30996601839067633,-0.21178537148817767,-0.41387574105741604,5.0,-1.4999680000000808,-0.46447338673727895,-0.49755687918361124,-0.5952202147012418,10.0,-0.5000319999999192,-0.7750603137402943,-0.7239519400715587,-0.6980033353763131,8.5,3.199999991920777e-05,-0.8289525931453086,-0.7174864294813462,-0.45953053926714965,6.37500799999998,-0.8750079999999798,0.22269822557306268,0.347118188561401,0.47641266852970326,10.25001599999996,-1.0,0.03225700465976772,0.034041278064729744,0.09926271621862054,0.5,3.2500159999999596,-0.2595537158049798,-0.2731571750772551,-0.3340515725884037,1.0,-2.7499840000000404,-0.42829654999476374,-0.36474632595249157,-0.450304762642563,9.0,-1.2500159999999596,-0.393886275779733,-0.5288979876672203,-0.5058909281188834,8.5,-0.7500159999999596,-0.3061406136699686,-0.29775636677068157,-0.08083488212587907,24.62502399999994,1.6250559999998586,-0.3307991788064821,0.017397335481370742,0.17604359517139367
2024-04-19,4.61349983113323,-3.1490377234040245,11.0,1.2499840000000404,0.11742384145592764,0.04975548497221426,-0.020652568338109512,12.5,-1.0,-0.27007563735584605,-0.1953128809015085,-0.4046733754123864,4.75001599999996,-0.2499840000000404,-0.4531869513891668,-0.49216366428328323,-0.5915058106053664,10.49996800000008,0.4999680000000808,-0.7802987362530894,-0.7268124252021395,-0.6990505217825549,9.25001599999996,0.7500159999999596,-0.8480824294265925,-0.7215570416732237,-0.47040272937667027,6.75001599999996,0.3750079999999798,0.21273009677213897,0.33886214045472773,0.4699961736091902,10.75001599999996,0.5,0.02394464655268947,0.02885078780999016,0.10510374744438089,0.9999680000000808,0.4999680000000808,-0.2801916215573377,-0.27841717861384574,-0.3327836016892387,0.5000319999999192,-0.4999680000000808,-0.4197578483509019,-0.3607001269638951,-0.46343585936338105,8.49996800000008,-0.5000319999999192,-0.3856586678440253,-0.5250704469768026,-0.4995135414856083,8.25001599999996,-0.2499840000000404,-0.3025985261480074,-0.29585028081987225,-0.08231641649025423,26.0,1.3749760000000606,-0.3547967070192314,0.0088135512765903,0.17289502185060815
2024-04-22,4.62186532118131,0.8365490048079849,12.50003199999992,1.5000319999999192,0.10659386283658726,0.04988143640187088,-0.030676148080353013,11.99996800000008,-0.5000319999999192,-0.30469552789704335,-0.21119007366730227,-0.4088638759661428,4.25001599999996,-0.5,-0.4288053226277989,-0.4787753197292918,-0.6001966810089996,10.25001599999996,-0.2499520000001212,-0.8043608419063625,-0.7303593246473772,-0.6979063659916793,9.99996800000008,0.7499520000001212,-0.8286660975848121,-0.7064375477657304,-0.4610393309391708,7.75001599999996,1.0,0.2176697416260851,0.29198497879000734,0.4625172755638011,13.0,2.2499840000000404,-0.014705139324344564,0.025725205254549615,0.10529557581070956,1.2500159999999596,0.2500479999998788,-0.2748148709531946,-0.2967831297735755,-0.3470649586193673,-1.0000319999999192,-1.5000639999998384,-0.4085008336780997,-0.35362446221039434,-0.4690653754653857,7.25001599999996,-1.2499520000001212,-0.38012050342812853,-0.5137301591611916,-0.4906411028169374,9.25001599999996,1.0,-0.30483695374242653,-0.253040035946307,-0.09616619524019537,27.99996800000008,1.9999680000000808,-0.33271131118248176,-0.030389926875276828,0.1738030477330396
2024-04-23,4.59732810384604,-2.453721733526937,12.75001599999996,0.2499840000000404,0.10586255246012612,0.050021375168605504,-0.03528580802731541,12.49996800000008,0.5,-0.31438048051619716,-0.22502808577301045,-0.40952559240148273,4.500031999999919,0.2500159999999596,-0.4352304493817972,-0.4758366582224213,-0.6077607230755846,10.49996800000008,0.2499520000001212,-0.8423431953053341,-0.7347997033604975,-0.7117179134579237,10.25001599999996,0.2500479999998788,-0.8309283007223938,-0.7119896557756067,-0.4612318093203235,9.25001599999996,1.5,0.1545031028153208,0.25032022559721023,0.43686141065838807,13.75001599999996,0.7500159999999596,-0.022863220406781373,0.00938321339731711,0.10214511793868607,1.4999680000000808,0.2499520000001212,-0.2759685807913971,-0.3068386447542154,-0.34656487848754647,-0.4999680000000808,0.5000639999998384,-0.42418331781272833,-0.3523607136283249,-0.48555452927228054,8.49996800000008,1.2499520000001212,-0.4250804502763899,-0.5153268549542676,-0.49246150223461904,8.50003199999992,-0.7499840000000404,-0.3093779440521538,-0.24099828223685216,-0.0943296251324545,30.24998400000004,2.2500159999999596,-0.34492986887949295,-0.04680794375935816,0.16162067854431644
2024-04-24,4.65307371931782,5.574561547178014,13.25001599999996,0.5,0.12664089959080893,0.06021489040024769,-0.05080245424046428,12.24998400000004,-0.2499840000000404,-0.30010275753650434,-0.22657123110413654,-0.39620603115396646,4.0,-0.5000319999999192,-0.42828927178011594,-0.47893243232727817,-0.604248498363768,10.24998400000004,-0.2499840000000404,-0.8395879425391469,-0.7329502759956753,-0.7022999990195387,10.00003199999992,-0.2499840000000404,-0.8247861431470896,-0.7127253845519335,-0.4707048022646325,9.24998400000004,-3.199999991920777e-05,0.14955351315597964,0.24594101183174097,0.4140706914842618,14.25001599999996,0.5,-0.01823521029162033,0.01609323476645853,0.08737028229763548,1.7499840000000404,0.2500159999999596,-0.24442796733296607,-0.29907211228200314,-0.3251429488170028,-1.7500159999999596,-1.2500479999998788,-0.42944036260065893,-0.36244008942913075,-0.4814380883797862,7.25001599999996,-1.2499520000001212,-0.42235657829618367,-0.5226812517748788,-0.4944439589351378,9.75001599999996,1.2499840000000404,-0.2583813962411285,-0.21917594292288556,-0.08538219282890076,29.99996800000008,-0.2500159999999596,-0.3952493367818015,-0.06009686349736496,0.14783762638342826
2024-04-25,4.70498601768215,5.191229836432942,12.5,-0.7500159999999596,0.09346364644023718,0.046172525008226085,-0.0480099647768892,12.24998400000004,0.0,-0.26032536569106074,-0.22931588999357902,-0.3928238697860373,4.000031999999919,3.199999991920777e-05,-0.4770830931973557,-0.47189779184750275,-0.5971451073037137,9.99996800000008,-0.2500159999999596,-0.8409402687037411,-0.7318861368513966,-0.7017264038530221,8.75001599999996,-1.2500159999999596,-0.8188253911546125,-0.7108659878311016,-0.4802172931882096,8.75001599999996,-0.4999680000000808,0.09960308274477929,0.20834122736376207,0.4075836212649194,15.0,0.7499840000000404,-0.04333151242998042,0.005192579448993583,0.08440304667715448,0.7499840000000404,-1.0,-0.24551769467762866,-0.3064610073543696,-0.3237134572285675,-2.2499840000000404,-0.4999680000000808,-0.45545168099772215,-0.3533638106750677,-0.4752160456258175,6.5,-0.7500159999999596,-0.3845565266241735,-0.5245548707363061,-0.505654569826279,6.25001599999996,-3.5,-0.24205019062037422,-0.2250282116630012,-0.0944827216968512,35.99996800000008,6.0,-0.35650289010529135,-0.016251780527523334,0.1496572133190559
2024-04-26,4.66710174607115,-3.78842716109995,13.24998400000004,0.7499840000000404,0.04241831154156663,0.03804568224146006,-0.02452821386174654,13.0,0.7500159999999596,-0.2839594704237632,-0.2594594877752416,-0.3798180307323902,4.0,-3.199999991920777e-05,-0.47724151467717535,-0.4659232767116215,-0.5828075063623483,10.5,0.5000319999999192,-0.8702810482932322,-0.7341904980857515,-0.697179947052567,9.24998400000004,0.4999680000000808,-0.8240655419560734,-0.7133877305460031,-0.49897579172868134,9.25001599999996,0.5,0.09302604970330285,0.19414790309607144,0.3706025398832091,15.74998400000004,0.7499840000000404,-0.0500713064319486,-0.00812018230685829,0.09570119912341161,0.5,-0.2499840000000404,-0.258165637368262,-0.3317509194015637,-0.31201489298233576,-1.7500159999999596,0.4999680000000808,-0.46234202132582114,-0.3531490754840462,-0.47687681664826936,8.75001599999996,2.2500159999999596,-0.4533790230293495,-0.5308304526424069,-0.4868859007238981,5.25001599999996,-1.0,-0.22724446908182372,-0.2095523575095216,-0.1148458321742426,35.24998400000004,-0.7499840000000404,-0.3088823961156979,-0.01486551882810827,0.15262041802805995
2024-04-29,4.61047524323392,-5.662650283723014,12.24998400000004,-1.0,0.1892952634707644,0.016951995476857506,0.0336450692849231,14.00003199999992,1.0000319999999192,-0.2991293316879589,-0.29160706307013967,-0.36943738805945886,3.999968000000081,-3.199999991920777e-05,-0.49917477291312046,-0.4323673989085916,-0.5738090705472573,11.25001599999996,0.7500159999999596,-0.8772602541108718,-0.7269999302255584,-0.7251796943639273,9.75001599999996,0.5000319999999192,-0.802270008258118,-0.7293609675731378,-0.5968922281813288,10.24998400000004,0.9999680000000808,0.07626444284351913,0.12473013648590406,0.35775371284970764,16.99996800000008,1.2499840000000404,-0.11954707541064111,-0.09268170897672254,0.10060997259393882,0.5000319999999192,3.199999991920777e-05,-0.1157573653949972,-0.317170348839388,-0.3008212500048827,-3.000031999999919,-1.2500159999999596,-0.47248680865432846,-0.30626425463853285,-0.4434487391942327,9.00003199999992,0.2500159999999596,-0.5325933190745449,-0.4988256050936861,-0.5068557123582328,5.74998400000004,0.4999680000000808,-0.19957316849146553,-0.2433248932646786,-0.18386902583873216,38.74998400000004,3.5,-0.3162900390183256,-0.11276650316988855,0.13814500065880317
2024-04-30,4.68294219403541,7.246695080148946,12.0,-0.2499840000000404,0.16524396494602958,0.0075993298705583755,0.018393856621260554,14.5,0.4999680000000808,-0.26444723176138096,-0.2766110453438962,-0.2662238549617937,3.7500159999999596,-0.2499520000001212,-0.49078843513267817,-0.42726585664486566,-0.5972447066491195,10.24998400000004,-1.0000319999999192,-0.895626283408967,-0.73304282908025,-0.7312368238539032,9.5,-0.2500159999999596,-0.7897435357266449,-0.7270046397813189,-0.5801589600074867,10.5,0.2500159999999596,0.07804470113909376,0.12268636626478316,0.2978742959206064,16.0,-0.9999680000000808,-0.1385725043376448,-0.12351327764844679,0.14213422353509947,0.7500159999999596,0.2499840000000404,-0.10254343979275957,-0.2994729707369971,-0.276535566912082,-2.2500159999999596,0.7500159999999596,-0.4322058994507207,-0.30171597086172475,-0.465914049530883,7.24998400000004,-1.7500479999998788,-0.5594921136544279,-0.5144339369259013,-0.4441447987696888,3.7500159999999596,-1.9999680000000808,-0.22940731511529971,-0.2704796852207968,-0.24692524569766044,40.75001599999996,2.000031999999919,-0.3202164902826279,-0.09931137474015463,0.11224438845228212
2024-05-01,4.59016940847902,-9.27727855563898,12.74998400000004,0.7499840000000404,0.10972514552590686,0.02310467208236799,0.03068398535024353,14.24998400000004,-0.2500159999999596,-0.23160937527077227,-0.2481383211664362,-0.21501678443494268,5.25001599999996,1.5,-0.5416353521430333,-0.4843987871351516,-0.5994476541875122,11.25001599999996,1.0000319999999192,-0.9051144371581823,-0.7535572978700946,-0.7265120497364143,9.49996800000008,-3.199999991920777e-05,-0.7592876110106656,-0.7048594816392499,-0.6454733946746098,10.75001599999996,0.2500159999999596,0.0602353224224796,0.12104850183380603,0.27596419308785547,16.74998400000004,0.7499840000000404,-0.13600556788569124,-0.07371968749948654,0.056068865991649786,0.2499840000000404,-0.5000319999999192,-0.061487947807789586,-0.2623023779739443,-0.2009549619687692,-1.2499840000000404,1.0000319999999192,-0.4634143760890526,-0.3652264786359401,-0.4410433619202256,9.75001599999996,2.500031999999919,-0.6286578181018537,-0.5410099072620839,-0.47978186815231233,4.999968000000081,1.2499520000001212,-0.27745949510335044,-0.2821034104287394,-0.3112728081572576,35.25001599999996,-5.5,-0.03948044284658876,0.013992135203950732,0.16156494762414328
2024-05-02,4.56975727661353,-2.0412131865489513,12.24998400000004,-0.5,0.08336154273544062,0.05762340302423139,-0.0028710363565355675,15.00003199999992,0.7500479999998788,-0.19182803591766048,-0.27046854775300505,-0.21742820597694928,4.499968000000081,-0.7500479999998788,-0.5703992786747615,-0.46927422479165853,-0.5772101900100525,12.75001599999996,1.5,-0.8676313356158132,-0.7481822941507708,-0.7407749344729622,8.75001599999996,-0.7499520000001212,-0.7284101989236387,-0.6909841434387466,-0.6259620366886748,10.49996800000008,-0.2500479999998788,0.03033605375199408,0.13064888901429486,0.27328935748693267,15.5,-1.2499840000000404,-0.12203779233132817,-0.06553244397133604,0.032395602822058465,1.0,0.7500159999999596,-0.058598711889438694,-0.25117048304660283,-0.19445137320164152,-0.7500159999999596,0.4999680000000808,-0.4823548247573196,-0.3753311880574185,-0.42820295835774747,13.00003199999992,3.2500159999999596,-0.5960549906322581,-0.5372122383467045,-0.5092940963228513,-0.7500159999999596,-5.74998400000004,-0.18552446725746022,-0.20974303039530837,-0.24272598725867806,39.0,3.7499840000000404,-0.04166849732154638,-0.016717038902280226,0.12053954817420595
2024-05-03,4.49849848899568,-7.125878761785032,10.74998400000004,-1.5,0.08683426280881942,0.08834191342562432,0.031089171257272737,15.24998400000004,0.2499520000001212,-0.2607697855072064,-0.27624043333050063,-0.21968651647380943,5.25001599999996,0.7500479999998788,-0.5752081532485018,-0.5026433263923811,-0.5844881064661115,14.0,1.2499840000000404,-0.876263293015654,-0.7640700060451334,-0.7491077820639683,12.0,3.2499840000000404,-0.7136006253892128,-0.6850329453479721,-0.6349045048555361,8.75001599999996,-1.7499520000001212,0.2373095518895313,0.18571493645986958,0.3080604063293122,13.74998400000004,-1.7500159999999596,-0.11624881642486261,-0.008185257824114221,0.06146015741036772,0.0,-1.0,0.017762323404736133,-0.2310717757436129,-0.17777816733937246,1.7499840000000404,2.5,-0.49928635261881743,-0.41378000665023906,-0.44822666600821476,12.00003199999992,-1.0,-0.5386246224991776,-0.5026118829365495,-0.49894315927342664,3.499968000000081,4.24998400000004,-0.33101351412362445,-0.2710482178917711,-0.2804336264541932,39.00003199999992,3.199999991920777e-05,0.004157233355791142,-0.01881363049761184,0.12490393913265517
2024-05-06,4.48739408878726,-1.110440020841974,10.00003199999992,-0.7499520000001212,0.14827158175028343,0.11071914739301245,0.05279822471711189,14.74998400000004,-0.5,-0.2280402492211513,-0.3182065251055838,-0.18977915659801653,6.24998400000004,0.9999680000000808,-0.7553029539477514,-0.511943890860569,-0.5921199291624636,14.50003199999992,0.5000319999999192,-0.8875317898842907,-0.7984393956925697,-0.7446286282610936,12.24998400000004,0.2499840000000404,-0.7185361932629165,-0.6917360931282414,-0.6310460475257229,8.24998400000004,-0.5000319999999192,0.20881737141636694,0.18830202893458095,0.30052531549293177,13.0,-0.7499840000000404,-0.03953916237863972,-0.004259946271870354,0.07195787839229718,0.5,0.5,0.022271768311301284,-0.23198591814476155,-0.17878037279304565,1.2499840000000404,-0.5,-0.6405785506760355,-0.41416985959016384,-0.4983085035780562,13.25001599999996,1.2499840000000404,-0.5968131831898199,-0.5109515848433639,-0.49367973181799396,5.0,1.5000319999999192,-0.31327918435411406,-0.2738762674542629,-0.2605546004770374,39.25001599999996,0.2499840000000404,0.02850138763921568,-0.02496352754096344,0.12380054191300162
2024-05-07,4.46001530229297,-2.7378786494290708,10.74998400000004,0.7499520000001212,0.11546236546507624,0.09769219078516815,0.045657376517042936,11.74998400000004,-3.0,-0.08648663463756513,-0.24144026848475886,-0.15285473014349274,8.00003199999992,1.7500479999998788,-0.7259338241395806,-0.5150758882685682,-0.5918730011082414,16.24998400000004,1.7499520000001212,-0.8524961226098744,-0.7857379914289455,-0.7366386102288228,11.74998400000004,-0.5,-0.7105399068644612,-0.692175082572675,-0.6273163525823701,8.50003199999992,0.2500479999998788,0.20263450487003593,0.18409238387461635,0.30217080273021085,12.99996800000008,-3.199999991920777e-05,0.003668784516776334,-0.004060809995842841,0.07478658290310876,-2.2499840000000404,-2.7499840000000404,0.1810816084058222,-0.1941174877821649,-0.16367157268378643,3.0,1.7500159999999596,-0.6715362051257718,-0.4251060002118868,-0.5024591680878869,15.25001599999996,2.0,-0.6168486256749283,-0.5168169504158608,-0.49792760784739726,2.999968000000081,-2.000031999999919,-0.28003490124125396,-0.25918191185631134,-0.24821783874787137,41.00003199999992,1.7500159999999596,0.021562662435171548,-0.03056712844434016,0.11748310293530216
2024-05-08,4.4819247271214,2.190942482843017,10.87500799999998,0.1250239999999394,0.2476733015611036,0.08951319804156908,0.04451729763400565,11.12499200000002,-0.6249920000000202,-0.19799467705398716,-0.2419721459234589,-0.15107702176823118,8.37500799999998,0.3749760000000606,-0.6166072376359718,-0.5150672418674654,-0.5930578847361403,14.49996800000008,-1.7500159999999596,-0.7157479190240271,-0.7580259962140845,-0.7219406824814014,12.00003199999992,0.2500479999998788,-0.608690806997511,-0.6939953993566981,-0.630451041324724,8.74998400000004,0.2499520000001212,0.021241021585807807,0.1731452947696946,0.31150916152707403,12.62502399999994,-0.3749440000001414,0.05717084457687461,-0.010611508298946607,0.062355861568208416,-2.250047999999879,-6.399999983841553e-05,0.2653975518111942,-0.18290819973028272,-0.1603523764786638,3.1250239999999394,0.1250239999999394,-0.6688439239621061,-0.4250713524486198,-0.5019939878687028,14.25001599999996,-1.0,-0.4692120624607649,-0.5165244076005959,-0.49696836004054995,14.74998400000004,11.75001599999996,-0.1716202718419837,-0.16541989221415113,-0.16782201826193113,18.5,-22.50003199999992,-0.04033752924152612,-0.05226507005952116,0.03238722578799809
2024-05-09,4.44822736595472,-3.3697361166679762,11.24998400000004,0.3749760000000606,0.2836295813731239,0.08744662876196244,0.04303913277522327,10.75001599999996,-0.3749760000000606,-0.2220651679359627,-0.24932828930425985,-0.15655772795657957,10.0,1.6249920000000202,-0.6266192561461851,-0.5236123727520102,-0.535276421295747,14.0,-0.4999680000000808,-0.698376041953259,-0.7428046291128976,-0.6773495324997253,13.0,0.9999680000000808,-0.6123650864749056,-0.7000364883396327,-0.6565243146350288,7.75001599999996,-0.9999680000000808,0.09855764327464608,0.18419092711810794,0.2644392754595388,11.75001599999996,-0.8750079999999798,0.08317796474544889,0.023650636035392643,0.0397292799681881,0.2499840000000404,2.500031999999919,0.19232063101646413,-0.24701867015842552,-0.18029478526567747,4.24998400000004,1.124960000000101,-0.6723974601003031,-0.4274889628915198,-0.4213074761702227,11.25001599999996,-3.0,-0.3965693489096084,-0.4564235938258334,-0.4826596553676785,17.75001599999996,3.000031999999919,-0.18163903008754698,-0.18460382531040054,-0.20492390412581,15.99996800000008,-2.500031999999919,-0.025300626622674623,-0.04459253804533809,0.035221132318018114
2024-05-10,4.50225540684528,5.402804089056001,11.99996800000008,0.7499840000000404,0.2999601429011447,0.10393461210241138,0.07098127356316576,9.50003199999992,-1.2499840000000404,-0.2907782669920253,-0.23999977432635472,-0.182857206611847,9.49996800000008,-0.5000319999999192,-0.6146006281278964,-0.49876050929663507,-0.5292540082022184,14.50003199999992,0.5000319999999192,-0.6968987273589022,-0.7148799835335116,-0.6632661150190409,12.49996800000008,-0.5000319999999192,-0.6124805070918122,-0.7257926996797711,-0.667263646999058,7.500031999999919,-0.2499840000000404,0.026779732044732035,0.17010228291556675,0.27072820666150477,10.0,-1.7500159999999596,0.02989302156372318,0.015513601420853363,0.02579747449542934,-0.2499840000000404,-0.4999680000000808,0.09793515496582372,-0.20728406782420172,-0.21352940199707324,2.999968000000081,-1.2500159999999596,-0.657761139052574,-0.4399431064305062,-0.4155898700007183,13.00003199999992,1.7500159999999596,-0.3745805003142048,-0.39678239502920987,-0.4576820998863098,18.24998400000004,0.4999680000000808,-0.1580420908623663,-0.20447828922850972,-0.20896267953350559,13.24998400000004,-2.7499840000000404,-0.03033313155848644,-0.0476368802591238,0.021354574041525014
2024-05-13,4.47962788534604,-2.262752149924019,12.24998400000004,0.2500159999999596,-0.03098677242038172,0.101024897623752,0.0713845922729095,10.24998400000004,0.7499520000001212,-0.07352749812249774,-0.24986579045559285,-0.17772336062717234,9.00003199999992,-0.4999360000001616,-0.5890484124228456,-0.4902863335765063,-0.5208131773481449,14.99996800000008,0.4999360000001616,-0.6457087142138354,-0.7276979962568905,-0.6793412652350407,13.00003199999992,0.5000639999998384,-0.5381643984615876,-0.7358275220937955,-0.6666240440749959,7.999968000000081,0.4999360000001616,-0.0567337384409684,0.16206778063266528,0.25637656744187715,9.25001599999996,-0.7499840000000404,-0.3186604530049405,0.022466575191631775,0.029908246863438098,0.7499840000000404,0.9999680000000808,0.27334077304574983,-0.21828807518256285,-0.20875430852681687,4.5,1.5000319999999192,-0.6264234818797716,-0.4454035764710633,-0.4195288309849842,11.24998400000004,-1.7500479999998788,-0.2946027649009079,-0.37777082686393454,-0.44253908851281065,20.00003199999992,1.7500479999998788,-0.058208022364520655,-0.2122202879774893,-0.2159500073142807,12.49996800000008,-0.7500159999999596,-0.06635584762361071,-0.04522614050552641,0.021677398572322905
2024-05-14,4.44430892525266,-3.531896009338009,13.75001599999996,1.5000319999999192,-0.04275351779715336,0.07017194177025386,0.05311128029799991,10.25001599999996,3.199999991920777e-05,-0.024646803306908143,-0.24405815324221167,-0.18000022970907628,9.99996800000008,0.9999360000001616,-0.620803215391815,-0.4936520411856292,-0.5226745478603849,15.25001599999996,0.2500479999998788,-0.6261425171967617,-0.7245136339228313,-0.6882731649842767,13.25001599999996,0.2499840000000404,-0.5152203835565734,-0.7345984613055198,-0.6658070544292091,7.74998400000004,-0.2499840000000404,-0.0838781278746046,0.15941116701941563,0.25164918562069766,10.50003199999992,1.2500159999999596,-0.2944030307128732,-0.001604774173982084,0.015829703472455346,0.4999680000000808,-0.2500159999999596,0.2856885992830975,-0.20129864016211843,-0.21873428605336526,4.75001599999996,0.2500159999999596,-0.6106583234799542,-0.46430650842024374,-0.4127252545015272,13.0,1.7500159999999596,-0.30078678500817707,-0.3820397916362601,-0.45565696246921017,18.75001599999996,-1.2500159999999596,-0.024524162114816204,-0.20322771859868533,-0.19785138075226635,13.99996800000008,1.5,-0.07726046679401603,-0.05211421386264307,0.015604280677211762
2024-05-15,4.35359655998096,-9.07123652716999,15.24998400000004,1.4999680000000808,-0.140963827872414,0.016212270272632553,0.012637583323092751,11.74998400000004,1.4999680000000808,-0.1663440445354104,-0.2771229807786933,-0.20983182618525953,10.00003199999992,6.399999983841553e-05,-0.52809524890226,-0.4868856245231685,-0.5104918422256719,16.24998400000004,0.9999680000000808,-0.6372669658395526,-0.7291062931416725,-0.7032206613898402,13.5,0.2499840000000404,-0.4838013892619791,-0.7178278900175474,-0.6567394487774918,7.24998400000004,-0.5,-0.0040943302541525265,0.15498627259643874,0.2615403312990183,11.49996800000008,0.9999360000001616,-0.26332072449590815,-0.029774072795429974,-6.043773113221104e-05,1.0000319999999192,0.5000639999998384,0.18048518508541656,-0.21279016018198954,-0.22377055350714656,5.24998400000004,0.4999680000000808,-0.5473170439150588,-0.46726313578122086,-0.41242027627087635,15.5,2.5,-0.43087513242934533,-0.4131675708891261,-0.48746171154513823,20.74998400000004,1.9999680000000808,-0.11538656019272703,-0.21723526062560936,-0.21158719599486853,10.50003199999992,-3.4999360000001616,0.04560102143401032,-0.01647820722401716,0.04295174716335932
2024-05-16,4.37594181763973,2.234525765877038,17.0,1.7500159999999596,-0.03092708755205829,0.028060476182383276,0.006956144971384835,11.0,-0.7499840000000404,-0.26922276619010055,-0.27780194860860774,-0.21473396579350576,10.0,-3.199999991920777e-05,-0.45102337815970267,-0.4843705470800463,-0.5021275142902202,14.74998400000004,-1.5,-0.6200098014779106,-0.714271747051913,-0.6946969900382517,13.75001599999996,0.2500159999999596,-0.4845707003327679,-0.7201197646781781,-0.6657808004154709,7.25001599999996,3.199999991920777e-05,0.09323298089247481,0.1585293994512637,0.26735738454316166,10.0,-1.4999680000000808,-0.2484180702078238,-0.03537430573693835,-0.022007288499017567,2.0,0.9999680000000808,0.015019791495919631,-0.20128546376086257,-0.22478411231132306,4.5,-0.7499840000000404,-0.47997717719080346,-0.4680817631864679,-0.40445145387690945,14.0,-1.5,-0.41846659973768235,-0.41083420999206915,-0.4896632105252754,23.24998400000004,2.5,-0.06774534724330218,-0.20653202812079743,-0.2027995728890083,11.50003199999992,1.0,0.027224268990782625,-0.01953305294620509,0.04213712211590227
2024-05-17,4.41884366938564,4.290185174590988,16.24998400000004,-0.7500159999999596,-0.07477160198264328,0.013802546048509496,-0.0023388644686125892,11.75001599999996,0.7500159999999596,-0.23338920915101535,-0.26054272740867784,-0.20514842801948627,7.75001599999996,-2.2499840000000404,-0.5163009347140344,-0.48861072466995703,-0.5052431355527367,15.74998400000004,1.0,-0.5418037602933607,-0.6849483120493841,-0.6719924044865244,13.0,-0.7500159999999596,-0.5105915672891796,-0.731224317951797,-0.6692912053854495,7.74998400000004,0.4999680000000808,0.13559673881823314,0.16846511831492095,0.2737114961586947,9.25001599999996,-0.7499840000000404,-0.26609618472154734,-0.044133217183138125,-0.0284076440732752,2.2500159999999596,0.2500159999999596,0.03396105966842379,-0.19834996046221987,-0.2205677335291887,2.999968000000081,-1.5000319999999192,-0.5396522748170423,-0.4794156981976955,-0.4141707252712386,13.00003199999992,-0.9999680000000808,-0.4510608411446211,-0.41642079785082753,-0.49466641763176145,23.74998400000004,0.5,-0.07638511582344594,-0.20353319559224187,-0.2006789417873994,14.5,2.999968000000081,0.0694716643172158,-0.009096824363935782,0.051338957960742004
2024-05-20,4.43646203372552,1.7618364339879733,16.24998400000004,0.0,-0.11290208339738705,0.011174737083878438,-0.00402736759251431,10.25001599999996,-1.5,-0.2533844463205163,-0.27996830113161153,-0.2187918433318723,8.0,0.2499840000000404,-0.5046981616490988,-0.478629418985694,-0.49651929633600145,16.0,0.2500159999999596,-0.5339551906019586,-0.6990599288333467,-0.6743113419396641,12.5,-0.5,-0.5399797933383399,-0.7264130238565868,-0.6616574376510891,8.25001599999996,0.5000319999999192,0.13297973570247865,0.17981236893819627,0.24653611298378933,9.74998400000004,0.4999680000000808,-0.3242174305937399,-0.056534887235740065,-0.028206284136464057,-1.2499840000000404,-3.5,-0.05475919566669931,-0.19172815618876154,-0.23232493854495026,5.0,2.000031999999919,-0.46228677426441855,-0.46247125556612173,-0.3985261121032702,13.0,-3.199999991920777e-05,-0.4452188166812146,-0.42286232265988244,-0.49127069025002174,22.25001599999996,-1.4999680000000808,-0.09492646349960177,-0.21067210893830804,-0.1836227811634026,16.24998400000004,1.7499840000000404,0.07233876440409635,0.0038478574879613737,0.043567684691237375
2024-05-21,4.41296307835661,-2.3498955368910224,15.0,-1.2499840000000404,-0.08197076433562213,0.03258883205960289,0.009238632537102524,10.25001599999996,0.0,-0.2476415089909697,-0.2771334814928465,-0.2262261784238416,9.49996800000008,1.4999680000000808,-0.5008305771802163,-0.48068045720124225,-0.49274197568293154,16.00003199999992,3.199999991920777e-05,-0.5288898613073886,-0.7129721269850029,-0.6743900241970257,13.24998400000004,0.7499840000000404,-0.542152082708257,-0.7277659778916513,-0.6626370909162811,8.24998400000004,-3.199999991920777e-05,0.19228671280752357,0.18047215044132428,0.24421611431792986,7.499968000000081,-2.2500159999999596,-0.2595198818909098,-0.040817901548234226,-0.026819660762745712,0.7500159999999596,2.0,-0.07045579979690153,-0.19106925966552724,-0.24496864625266085,6.5,1.5,-0.4632660936605863,-0.4690321056822813,-0.3965412517607419,11.75001599999996,-1.2499840000000404,-0.42006834867251336,-0.4234075283084446,-0.4784733805880733,24.24998400000004,1.9999680000000808,-0.10737467467527917,-0.2200983482101862,-0.18337328604451772,16.0,-0.2499840000000404,0.07990702717020684,0.008554395315979998,0.04188265410863633
2024-05-22,4.43155800342764,1.8594925071030666,15.25001599999996,0.2500159999999596,-0.11126732315701328,0.037563377964537105,0.012461468513881527,9.49996800000008,-0.7500479999998788,-0.26553948034557545,-0.2738549084408867,-0.22882919078217384,9.75001599999996,0.2500479999998788,-0.4719562921072206,-0.4767516350662131,-0.49053345302936396,15.5,-0.5000319999999192,-0.5307052675017928,-0.7145851935443541,-0.6743697349812698,13.5,0.2500159999999596,-0.531049286488785,-0.7244673964735806,-0.6622823048637544,8.0,-0.2499840000000404,0.1828949633873641,0.17830627547731798,0.24022548474532623,6.999968000000081,-0.5,-0.334964502291969,-0.03954928809852837,-0.02573843547821323,0.7500159999999596,0.0,-0.08790652879401159,-0.18215304323845952,-0.24484916153814126,5.5,-1.0,-0.42573185397594826,-0.4720491108442297,-0.3983540607176691,11.0,-0.7500159999999596,-0.39988029461898483,-0.42221857914570926,-0.4792858414026755,26.25001599999996,2.000031999999919,-0.10977814252462137,-0.2114399824493371,-0.17693395796062678,16.99996800000008,0.9999680000000808,0.08670870823062315,0.007918117040960052,0.04025930806394028
2024-05-23,4.47378514599456,4.222714256691962,17.0,1.7499840000000404,0.05480439482010947,0.0493228738832802,0.030152578502309627,6.5,-2.999968000000081,-0.37898295877355687,-0.2738673233047216,-0.2473160008462275,10.0,0.2499840000000404,-0.46048540742486516,-0.5036270479187368,-0.48567613193504655,14.75001599999996,-0.7499840000000404,-0.5516895841346492,-0.7145117614194652,-0.6781616666461383,12.74998400000004,-0.7500159999999596,-0.5077815237859219,-0.7243302024444684,-0.661572359173156,8.74998400000004,0.7499840000000404,0.30674770928343165,0.1749331341512943,0.23564740110635396,7.0,3.199999991920777e-05,-0.40263345279370194,-0.04877765546714142,-0.035491178681814485,-1.5,-2.2500159999999596,-0.1295640940053253,-0.1949099913822999,-0.2564941938990629,5.75001599999996,0.2500159999999596,-0.3907846598354519,-0.486542374711942,-0.38955277205036287,11.24998400000004,0.2499840000000404,-0.36911345247871025,-0.4036724437311558,-0.4751415315991006,23.74998400000004,-2.500031999999919,-0.08219706271277784,-0.21617897799518368,-0.18128629372630564,18.00003199999992,1.0000639999998384,0.02449378830623482,0.0051962522729414535,0.04097951269351039
2024-05-24,4.47184342041222,-0.19417255823395152,18.49996800000008,1.4999680000000808,0.08074289610846774,0.039129712249104665,0.030454866688673286,3.500031999999919,-2.999968000000081,-0.34202412019753764,-0.2457580003480602,-0.2402794951745781,10.99996800000008,0.9999680000000808,-0.4630422937626677,-0.5038802078363659,-0.48168589922222504,15.00003199999992,0.2500159999999596,-0.5484994281610619,-0.7240175609027083,-0.6778163232941998,13.24998400000004,0.5,-0.4981374134515503,-0.723075242804115,-0.6599385361068673,8.0,-0.7499840000000404,0.31892738248321884,0.18185634268484954,0.23500800692599272,4.24998400000004,-2.7500159999999596,-0.36146689709350266,-0.0390839574022053,-0.034016089484356964,-1.5,0.0,-0.13294704584607941,-0.19997978865841484,-0.2728392217417212,6.24998400000004,0.4999680000000808,-0.3904157343495444,-0.4866882509716276,-0.3864767854814574,11.75001599999996,0.5000319999999192,-0.34715798587758434,-0.41351430087974,-0.4727809688760603,24.5,0.7500159999999596,-0.10116008956217822,-0.216971274653232,-0.18078223670370458,18.25001599999996,0.2499840000000404,0.027316629231703367,0.004960998529723932,0.03820952995399175
2024-05-28,4.54102314560894,6.917972519671967,17.74998400000004,-0.7499840000000404,-0.0732806001329698,0.07966696477817176,-0.019914969121450646,3.7500159999999596,0.2499840000000404,-0.22796722183667772,-0.22350168923475736,-0.23572771711268903,10.5,-0.4999680000000808,-0.5273583792445549,-0.5226787356060864,-0.4683337613509481,14.75001599999996,-0.2500159999999596,-0.5371253585028859,-0.7135620610175398,-0.6643224398866429,12.74998400000004,-0.5,-0.5164168909857421,-0.6917581458676655,-0.6708461056364456,8.24998400000004,0.2499840000000404,0.4739040217618816,0.21680646306650286,0.21917034513996703,4.24998400000004,0.0,-0.23082178454771046,-0.08802549205558073,-0.07498710347548275,-1.2499840000000404,0.2500159999999596,-0.10477260724316212,-0.10205213138433894,-0.2559085089704141,6.0,-0.2499840000000404,-0.5272546009591125,-0.5050038223674872,-0.37482128265724407,12.0,0.2499840000000404,-0.32642549957808437,-0.43027005355723275,-0.43923797523347274,22.75001599999996,-1.7499840000000404,-0.16497675711832274,-0.1958640180036908,-0.20785686300682046,19.49996800000008,1.2499520000001212,0.10176025878049849,0.011864183278643388,0.0276267299309116
2024-05-29,4.62267753419787,8.165438858893026,14.50003199999992,-3.249952000000121,-0.2738493477403716,-0.027025802829151045,-0.08530876247612845,4.999968000000081,1.2499520000001212,-0.1591511137127489,-0.16552242404940076,-0.20565935570401728,9.75001599999996,-0.7499840000000404,-0.5583434233377441,-0.5284521156134183,-0.47359924727315167,13.75001599999996,-1.0,-0.5404299210240506,-0.7292450176510572,-0.6707788278555481,11.24998400000004,-1.5,-0.5922004354174549,-0.7041566649141435,-0.6839486555902901,8.74998400000004,0.5,0.5012392877587835,0.22789296401745585,0.2246567603393727,3.500031999999919,-0.7499520000001212,-0.2098358548389581,-0.08974297674899816,-0.09622397167594772,-0.7500159999999596,0.4999680000000808,-0.08492177937671366,-0.0853769882871528,-0.23452168988755143,4.0,-2.0,-0.6660697720307814,-0.5274519669254782,-0.4103221862063189,10.5,-1.5,-0.32138499025391637,-0.44741797299923075,-0.4466918503334481,21.0,-1.7500159999999596,-0.16433992846313394,-0.21199657786931195,-0.2232601747527778,21.24998400000004,1.7500159999999596,0.10140708062595388,0.014001008665704143,0.03346272300728643
2024-05-30,4.55297646560846,-6.970106858940994,13.74998400000004,-0.7500479999998788,-0.18303803301792146,-0.005991619248916073,-0.04178001590134898,5.74998400000004,0.7500159999999596,-0.21367820854645633,-0.18505001775910013,-0.20900987883187128,10.00003199999992,0.2500159999999596,-0.476443516913377,-0.5248541687134662,-0.4883596104203664,14.24998400000004,0.4999680000000808,-0.5104729792516807,-0.7290892941070736,-0.6782227527254111,11.74998400000004,0.5,-0.6556312680304386,-0.7049721645936464,-0.685339292628909,8.00003199999992,-0.7499520000001212,0.6480829047838785,0.2493874569671835,0.25573734520363467,4.499968000000081,0.9999360000001616,-0.19975822144687513,-0.10485490445519723,-0.0632278914780553,-0.2499840000000404,0.5000319999999192,-0.1478676517126675,-0.09375174535955015,-0.22989654679232593,4.25001599999996,0.2500159999999596,-0.6391019003798316,-0.5258736369665283,-0.44288389936272166,11.74998400000004,1.2499840000000404,-0.25520843864356585,-0.46736138994640497,-0.44911886626629155,20.5,-0.5,-0.1299177360325081,-0.20057224483853045,-0.21213513212411836,20.74998400000004,-0.5,0.016847600060391738,0.020026811005986068,0.03292325718395016
2024-05-31,4.51140189989497,-4.157456571349005,15.75001599999996,2.000031999999919,-0.24134542414098395,-0.05510690876179255,-0.05083392204869661,5.499968000000081,-0.2500159999999596,-0.203668112755004,-0.15549000965688303,-0.2136696646431332,10.00003199999992,0.0,-0.49233678881387727,-0.5522076528183798,-0.48467769176124986,14.24998400000004,0.0,-0.4980241981699813,-0.7215098252320346,-0.6769060161427233,12.74998400000004,1.0,-0.7044411263783673,-0.7038485083509018,-0.6922232103803752,7.000031999999919,-1.0,0.6633867960196741,0.25154244886433486,0.2746031233574484,5.75001599999996,1.2500479999998788,-0.26536314838296476,-0.11973228092647477,-0.07784182804553483,0.2499840000000404,0.4999680000000808,-0.151513317376322,-0.0930558931522463,-0.22300091646839576,3.37500799999998,-0.8750079999999798,-0.5747128578252388,-0.5211539626232157,-0.43643970869783655,11.49996800000008,-0.2500159999999596,-0.23046969776062323,-0.4618576089300757,-0.44796067110086873,22.12502399999994,1.6250239999999394,-0.19406610528585952,-0.21264019967423967,-0.2179435595431363,20.75001599999996,3.199999991920777e-05,0.027252336273969745,0.032497522303821524,0.030593868772162858
2024-06-03,4.40014970040999,-11.125219948498,17.49996800000008,1.7499520000001212,-0.4409667577887672,-0.15986458773597778,-0.10975745369088599,5.25001599999996,-0.2499520000001212,-0.17190668962082403,-0.1836956436171892,-0.20358557111360062,11.25001599999996,1.2499840000000404,-0.5243992700823572,-0.5560601432807611,-0.51720211916746,14.99996800000008,0.7499840000000404,-0.4701555247519655,-0.720831968796299,-0.6806633559245014,13.75001599999996,1.0000319999999192,-0.7506114465876593,-0.7234543491704134,-0.6984032654590322,6.0,-1.0000319999999192,0.6711693680798603,0.37571051618583495,0.3040806591941353,5.499968000000081,-0.2500479999998788,-0.3550979096000415,-0.16871030980955767,-0.06387318400257976,-0.4999680000000808,-0.7499520000001212,-0.1330021790401731,-0.04687370706930465,-0.2039026646839354,4.74998400000004,1.3749760000000606,-0.549083889933814,-0.5168960168518749,-0.4549043981546875,14.5,3.000031999999919,-0.4420310263924317,-0.49901546815985687,-0.4850413254597536,23.0,0.8749760000000606,-0.10683152687570116,-0.23633561821311727,-0.22451583836258834,16.24998400000004,-4.500031999999919,0.10858169173616074,0.07932131905296594,0.06849071864794601
2024-06-04,4.3347076164437,-6.544208396628992,19.25001599999996,1.7500479999998788,-0.48643677860934526,-0.1642771267467536,-0.1349206376802108,4.499968000000081,-0.7500479999998788,-0.15540824992195454,-0.1572943365869225,-0.20486546381885531,12.75001599999996,1.5,-0.5612344122038903,-0.6624019568281637,-0.53695440914547,15.0,3.199999991920777e-05,-0.4531353288802879,-0.7076915734440086,-0.6947156466821279,14.5,0.7499840000000404,-0.7634855136769778,-0.7317301045732408,-0.7065638868729429,5.5,-0.5,0.6833002904099507,0.3697417963332149,0.3125917766627381,5.24998400000004,-0.2499840000000404,-0.35365388345829285,-0.12348250550846063,-0.06042883431052006,0.0,0.4999680000000808,-0.1482002301627887,-0.05129768674921545,-0.2094976139833395,6.74998400000004,2.0,-0.5936448321311997,-0.625700594870509,-0.472606989238074,15.50003199999992,1.0000319999999192,-0.45851335470617394,-0.5392714847504115,-0.4964626129038174,22.99996800000008,-3.199999991920777e-05,-0.08438778818423623,-0.20467186170855978,-0.22071395641135988,11.25001599999996,-4.999968000000081,0.14521656992880166,0.10858143022494118,0.09300858761769147
2024-06-05,4.2880473754338,-4.666024100990018,20.75001599999996,1.5,-0.49934564371068535,-0.19353317738085046,-0.14835807037641216,2.499968000000081,-2.0,-0.15624936289960614,-0.10456967470911634,-0.18110159826479638,13.75001599999996,1.0,-0.5803155655264198,-0.6670100041287791,-0.5425922935829725,15.0,0.0,-0.4660102591623324,-0.6962408118434487,-0.6918252175104219,14.75001599999996,0.2500159999999596,-0.795681348142432,-0.7360204376681824,-0.7144341296840874,4.999968000000081,-0.5000319999999192,0.715146214013203,0.3815719082434406,0.3189425069695675,6.499968000000081,1.2499840000000404,-0.37913066709537985,-0.11558985404821548,-0.07508022375540407,-2.499968000000081,-2.499968000000081,-0.11951908446913347,0.031165439499755185,-0.1795407977139355,7.74998400000004,1.0,-0.605904372309278,-0.652403300179575,-0.48022077051500567,16.0,0.4999680000000808,-0.458113044671172,-0.5532394604154695,-0.4986991633214917,23.0,3.199999991920777e-05,-0.09204298374881678,-0.20160192587861483,-0.21882283266270813,10.74998400000004,-0.5000319999999192,0.1494498134401977,0.11685645539973108,0.0942590952616671
2024-06-06,4.28026176732651,-0.778560810729001,19.25001599999996,-1.5,-0.47377532693985125,-0.15791452616924437,-0.1471799108428523,4.75001599999996,2.250047999999879,-0.13371956574981533,-0.1602310197337444,-0.180308714208888,13.74998400000004,-3.199999991920777e-05,-0.5879329896228732,-0.6023986262726679,-0.544213498204876,15.24998400000004,0.2499840000000404,-0.46743290172852786,-0.60645242653973,-0.6884173385426283,13.50003199999992,-1.2499840000000404,-0.7394519640702077,-0.65606241164656,-0.7022738891246708,4.24998400000004,-0.7499840000000404,0.6900906704740774,0.28549943508273207,0.30958182872440754,5.75001599999996,-0.7499520000001212,-0.3807282211450958,-0.1175767309513647,-0.07928251115237815,0.7500159999999596,3.2499840000000404,-0.10279230884689841,0.05599542832062976,-0.16937858686313828,6.74998400000004,-1.0,-0.5945384597751657,-0.6374829715764794,-0.47683773493139736,15.74998400000004,-0.2500159999999596,-0.44652289847765303,-0.45816741031776215,-0.49728225749340593,23.50003199999992,0.5000319999999192,-0.3896319467629261,-0.22677810707844606,-0.21470875151358898,8.99996800000008,-1.7500159999999596,0.6669761230543214,0.13284964170402772,0.08750978693422444
2024-06-07,4.42662330239101,14.63615350645,16.24998400000004,-3.000031999999919,-0.61048878623521,-0.2832029423317162,-0.22738045010517535,5.500031999999919,0.7500159999999596,-0.018964470193512863,-0.0999724158460375,-0.14886940642135912,16.24998400000004,2.5,-0.1532816191946546,-0.36315923277283346,-0.4079447013382472,11.74998400000004,-3.5,-0.688559202026295,-0.6927563068257717,-0.718443189436628,11.75001599999996,-1.7500159999999596,-0.8103025185478455,-0.6945616966034772,-0.7237634410306775,5.75001599999996,1.5000319999999192,0.7909857443852456,0.41923047970517685,0.358805443221537,4.24998400000004,-1.5000319999999192,-0.4450919074223693,-0.17514608233955825,-0.10246395772671069,1.0000319999999192,0.2500159999999596,-0.041522595308351416,0.06755651692110924,-0.1792899564308888,6.24998400000004,-0.5,-0.5537999154433108,-0.6105155695646017,-0.4635748723306525,13.24998400000004,-2.5,-0.6580776739821571,-0.5155623660414667,-0.5234289615313547,24.00003199999992,0.5,-0.3021059789460291,-0.19587372288307944,-0.20308254767737044,10.24998400000004,1.2500159999999596,0.6384135797067023,0.14270685423860166,0.09276483633611937
2024-06-10,4.46800844664382,4.13851442528097,9.37500799999998,-6.874976000000061,-0.5636573413394791,-0.2970939529111983,-0.23421228021654722,9.37500799999998,3.8749760000000606,0.10142080401279693,-0.04553928668047863,-0.08507416626232416,13.37500799999998,-2.8749760000000606,-0.18992459549327553,-0.35379824373528135,-0.3844802420588047,14.0,2.2500159999999596,-0.5696863488946761,-0.6198326682051044,-0.6547329425235958,10.12499200000002,-1.6250239999999394,-0.795599984638903,-0.6898953924676925,-0.7395353076738149,6.37500799999998,0.6249920000000202,0.8247816189310165,0.4170403019749567,0.36310698525290463,5.5,1.2500159999999596,-0.3438712356254746,-0.14261435535632894,-0.08391082492365849,0.2500159999999596,-0.7500159999999596,-0.043921094156923544,0.01894373402977406,-0.15173277475998143,7.874976000000061,1.6249920000000202,-0.45934755222079954,-0.5572361786138644,-0.4456556320442398,13.87500799999998,0.6250239999999394,-0.7250423905149519,-0.5373238917483942,-0.5017916361010695,19.75001599999996,-4.25001599999996,-0.347252827349761,-0.2092261609737402,-0.23336010911272348,10.87497600000006,0.6249920000000202,0.7347994783777528,0.1614194458575828,0.10445361297220321
2024-06-11,4.4000978626389,-6.791058400492034,9.74998400000004,0.3749760000000606,-0.5585912029690219,-0.4270265607992904,-0.23683068940169652,11.24998400000004,1.8749760000000606,0.04549157869258029,0.012238495595107273,-0.1128911025232147,12.00003199999992,-1.3749760000000606,-0.123761299611796,-0.28343173336806005,-0.34987887793824873,14.49996800000008,0.4999680000000808,-0.572678076731334,-0.5984607958945269,-0.6603567536540202,11.25001599999996,1.1250239999999394,-0.8081627303187097,-0.6753894673958102,-0.7504558748258517,5.0,-1.3750079999999798,0.8588004503164102,0.43500676751788603,0.3829103961840347,5.24998400000004,-0.2500159999999596,-0.34281647494698797,-0.32854857694565287,-0.07922745566046427,3.2499840000000404,2.999968000000081,-0.12551495477519278,0.024353988095905714,-0.1873375057035167,6.000031999999919,-1.8749440000001414,-0.32657782169900085,-0.45755083299980626,-0.4093795559321784,11.99996800000008,-1.875039999999899,-0.652532090207338,-0.4688677879762989,-0.46692766622857385,24.25001599999996,4.5,-0.40245028583989195,-0.18962482476456494,-0.2593100747504425,8.25001599999996,-2.624960000000101,0.7492147617199139,0.16687592510578084,0.11643597601891506
2024-06-12,4.29366209974626,-10.643576289264,11.74998400000004,2.0,-0.5792272093548948,-0.45194761865077443,-0.2679509615343335,12.24998400000004,1.0,-0.0001207045137146319,-0.004525765960833763,-0.12851867993885357,12.75001599999996,0.7499840000000404,-0.13944714445516423,-0.3008484442795729,-0.3542461657583643,15.75001599999996,1.2500479999998788,-0.6039091245450846,-0.6097952724893781,-0.6688434606844764,10.99996800000008,-0.2500479999998788,-0.7457067873721569,-0.6347820571361567,-0.725005599125543,5.25001599999996,0.2500159999999596,0.7623899198554245,0.39231582326906694,0.35867733332157103,6.999968000000081,1.7499840000000404,-0.4105345092821179,-0.36001211083896745,-0.12248499033657657,3.2500159999999596,3.199999991920777e-05,-0.11799224421364342,0.028174115539461357,-0.17262975821607934,6.5,0.4999680000000808,-0.3310963652797083,-0.4451652819620201,-0.4219397332084518,14.25001599999996,2.250047999999879,-0.6922433903595544,-0.4960405026428469,-0.48574782893365936,24.74998400000004,0.4999680000000808,-0.4132790835102541,-0.17737437981732807,-0.25701504114920154,7.0,-1.2500159999999596,0.7713431499019503,0.16986419548845322,0.12155910928633414
2024-06-13,4.23935830566755,-5.430379407870944,12.24998400000004,0.5,-0.5649753995885989,-0.4531780686928276,-0.2700069206518185,11.75001599999996,-0.4999680000000808,0.06944289557300362,-0.002175937188792919,-0.11630273808224037,14.75001599999996,2.0,-0.19694037451121166,-0.3024028512971264,-0.3725809135131922,15.74998400000004,-3.199999991920777e-05,-0.5752936451223138,-0.5973910941672147,-0.6610622283478462,11.24998400000004,0.2500159999999596,-0.7554194820728073,-0.6317280908152307,-0.7224460099129473,4.25001599999996,-1.0,0.7725424391736728,0.4245721214481212,0.360503163970779,8.74998400000004,1.7500159999999596,-0.40223297312381057,-0.34814500296367057,-0.1407599820662853,1.2500159999999596,-2.0,-0.05352204983270007,0.026439281326516077,-0.14959819615455625,9.0,2.5,-0.3609027109485509,-0.43246360421119323,-0.4347714794854195,15.25001599999996,1.0,-0.6681130236379789,-0.5310006638895436,-0.48765977045169034,23.99996800000008,-0.7500159999999596,-0.3518415238656566,-0.20111041689705952,-0.24775854367931507,5.25001599999996,-1.7499840000000404,0.7552099360441537,0.22896514696518444,0.13009589541090874
2024-06-14,4.21218802330559,-2.7170282361960396,12.5,0.2500159999999596,-0.6007092257636482,-0.45659355415463926,-0.27104175237478134,11.5,-0.2500159999999596,0.08304022803420107,-0.019289238839538047,-0.11366857981298913,15.25001599999996,0.5,-0.19612263106094605,-0.2687707099410312,-0.37265118612723735,16.74998400000004,1.0,-0.5758321545441566,-0.5923175998883067,-0.6606328327317095,9.5,-1.7499840000000404,-0.6913918419448052,-0.5973791136562445,-0.693638460137848,4.0,-0.2500159999999596,0.7723528251898192,0.47506559414981975,0.3650097389267804,6.75001599999996,-1.9999680000000808,-0.34650024852869066,-0.3091250850001598,-0.12601955788141672,2.0,0.7499840000000404,-0.07471160871520634,-0.0483526520662199,-0.15175553530297634,10.0,1.0,-0.35605647945727775,-0.39867536558262223,-0.4367844929810504,16.25001599999996,1.0,-0.6688308131316468,-0.5202934502930704,-0.48792558370996075,20.49996800000008,-3.5,-0.3394280949701531,-0.17778464808786207,-0.2326832601377206,6.75001599999996,1.5,0.7227749433634956,0.21444716958034182,0.12420221869635517
2024-06-17,4.27797183983736,6.57838165317699,12.75001599999996,0.2500159999999596,-0.569590426013551,-0.4397120105259575,-0.26617105210037745,10.25001599999996,-1.2499840000000404,0.021436996826883926,-0.05453964370154363,-0.12795011567469192,14.99996800000008,-0.2500479999998788,-0.156431374997008,-0.2835695700666666,-0.37503739033155314,15.00003199999992,-1.7499520000001212,-0.6614801542566766,-0.6131711822728514,-0.6679587364484522,9.99996800000008,0.4999680000000808,-0.6150534665382754,-0.5640507659424759,-0.6825332947658598,4.500031999999919,0.5000319999999192,0.7752803135735269,0.49489404942186976,0.3739351229562074,6.25001599999996,-0.5,-0.33911894765644646,-0.3096876133482448,-0.1308918484024997,-0.2499840000000404,-2.2499840000000404,-0.14895767317196676,-0.09514355831546897,-0.17419044352324126,9.49996800000008,-0.5000319999999192,-0.3446258512203966,-0.4161680738204221,-0.44143450145762103,16.25001599999996,0.0,-0.6422060208586732,-0.5192095239697699,-0.4835481290739266,20.0,-0.4999680000000808,-0.35692364665956683,-0.18527405250395704,-0.23500123555051275,7.5,0.7499840000000404,0.7211592957884835,0.2238614418526888,0.12659773276212474
2024-06-18,4.21591452654725,-6.205731329010966,14.0,1.2499840000000404,-0.5838750883712651,-0.4601001468604284,-0.2774454265241002,10.0,-0.2500159999999596,0.04471792841968905,-0.048263870293823403,-0.13315211256900833,15.0,3.199999991920777e-05,-0.14038218260732438,-0.271440535504441,-0.365791441729754,16.0,0.9999680000000808,-0.6814157706873623,-0.619355685260098,-0.6811815244783737,9.74998400000004,-0.2499840000000404,-0.5977192812475298,-0.562529149260068,-0.6702151986655882,4.500031999999919,0.0,0.7530024618001283,0.4903102981633251,0.3779822365627494,8.5,2.2499840000000404,-0.3886466367940734,-0.36659172200791795,-0.1613250919534637,-1.0,-0.7500159999999596,-0.100949083471581,-0.08419797785460023,-0.16288198214111038,10.0,0.5000319999999192,-0.39206706055754353,-0.4169167217165814,-0.4457296571895225,19.5,3.2499840000000404,-0.6423965527541615,-0.5326664714651724,-0.5010566450271007,17.74998400000004,-2.2500159999999596,-0.2935953886193705,-0.16392065122611918,-0.22041897295840568,7.500031999999919,3.199999991920777e-05,0.703537192567703,0.21563100510438468,0.1352337916030738
2024-06-20,4.25264390123994,3.672937469269044,15.25001599999996,1.2500159999999596,-0.5620098553697523,-0.43917122517910834,-0.26537130839490153,9.0,-1.0,0.023799437288883674,-0.05858835931901263,-0.13655231421507605,14.25001599999996,-0.7499840000000404,-0.15972805311829905,-0.2851475047685212,-0.36861731552438237,15.24998400000004,-0.7500159999999596,-0.6887598849061941,-0.6254534856463463,-0.6944792307562183,8.24998400000004,-1.5,-0.6144284211429887,-0.5709222667080088,-0.6708948642279561,8.00003199999992,3.5,0.6120834085134331,0.4887989387494765,0.3626271874197194,6.500031999999919,-1.9999680000000808,-0.4563846708452755,-0.38105129382149955,-0.17535229129617827,-1.0000319999999192,-3.199999991920777e-05,-0.08922169041446922,-0.0814037649215158,-0.15223252720196281,9.75001599999996,-0.2499840000000404,-0.39972138526901746,-0.42057349207731715,-0.44720961356834155,17.5,-2.0,-0.6783586104772932,-0.5419536856911732,-0.5136136495090724,17.0,-0.7499840000000404,-0.29574789772452736,-0.17164860117780384,-0.2258194113939304,11.0,3.499968000000081,0.6963794832936775,0.23559316677821343,0.1458741593005962
2024-06-21,4.25641691471577,0.3773013475830034,15.24998400000004,-3.199999991920777e-05,-0.5662792592289344,-0.4538775049208054,-0.26428108010643614,8.25001599999996,-0.7499840000000404,0.02853617554552022,-0.05880135114280153,-0.1338507716805397,13.99996800000008,-0.2500479999998788,-0.16368797909901686,-0.2733159793625908,-0.36743344711323583,15.50003199999992,0.2500479999998788,-0.6826127036511707,-0.6251902525500824,-0.6946073153176229,10.12499200000002,1.8750079999999798,-0.5504206200105762,-0.5367487277317108,-0.6476913408046537,4.0,-4.000031999999919,0.454543391748699,0.3818379068604675,0.31099687883462923,5.24998400000004,-1.2500479999998788,-0.4519351202084885,-0.4058238522363524,-0.17353698348753224,-1.2499840000000404,-0.2499520000001212,-0.09174733249783684,-0.08980280633522335,-0.14781665275033032,9.99996800000008,0.2499520000001212,-0.3902748647795811,-0.3989725035208881,-0.4483550672421877,16.50003199999992,-0.9999680000000808,-0.6702020753985635,-0.5307545933903501,-0.5116908068268167,20.37500799999998,3.37500799999998,-0.28816760468022323,-0.1756643810672209,-0.2192703243254415,6.499968000000081,-4.500031999999919,0.6132952849144836,0.22953284993726036,0.1423590856334974
2024-06-24,4.24668036152237,-0.973655319340061,16.75001599999996,1.5000319999999192,-0.6094642845614089,-0.4441116472781512,-0.26957301943070794,6.25001599999996,-2.0,0.10559637110513749,-0.06136660862279271,-0.11991246250538537,14.74998400000004,0.7500159999999596,-0.16615897487121062,-0.2700175151862153,-0.38533555928366253,15.0,-0.5000319999999192,-0.6716140793137289,-0.623320415801627,-0.6902280539573381,10.5,0.3750079999999798,-0.5377673140176263,-0.5195459863360846,-0.6458378011504963,4.24998400000004,0.2499840000000404,0.4382491877322951,0.3975069627420045,0.30525950473833846,2.000031999999919,-3.249952000000121,-0.41517231670038685,-0.4103384816461795,-0.16641983432498525,-0.2500159999999596,0.9999680000000808,-0.034342830675661275,-0.07211465992835629,-0.14724619034962697,12.0,2.000031999999919,-0.374823534280294,-0.37715946914334997,-0.45820755413056075,15.5,-1.0000319999999192,-0.6698298676392782,-0.5213446902827047,-0.5044358815017593,21.0,0.6249920000000202,-0.2552825750936579,-0.14492759715557627,-0.21606766018216375,8.0,1.5000319999999192,0.5906495453278338,0.19589169717996158,0.1388793127304742
2024-06-25,4.23694865929796,-0.9731702224409666,15.49996800000008,-1.2500479999998788,-0.6195419727408338,-0.43858715187515757,-0.26879163960279834,8.00003199999992,1.7500159999999596,0.1314307209896766,-0.05222652587328201,-0.1215621731677056,13.49996800000008,-1.2500159999999596,-0.16885928454522905,-0.26804815125304765,-0.3779670857065637,14.75001599999996,-0.2499840000000404,-0.6738244960384489,-0.6210932158417608,-0.6929475259397547,10.25001599999996,-0.2499840000000404,-0.5469911596527316,-0.5165026335934172,-0.6454125533139015,5.24998400000004,1.0,0.4365239482127356,0.4022030155456066,0.3020381093256414,3.2499840000000404,1.2499520000001212,-0.4239361572212911,-0.39728666323708106,-0.16757373166207587,0.5,0.7500159999999596,-0.033092368115498,-0.07373917288010373,-0.15008087959698468,11.74998400000004,-0.2500159999999596,-0.37526916905943614,-0.37584634867848754,-0.4577799412896764,14.25001599999996,-1.2499840000000404,-0.659894975841579,-0.513779466790147,-0.5057507235273949,21.5,0.5,-0.25886587213746937,-0.15159013456956072,-0.2164893054516975,8.0,0.0,0.589727992483056,0.19630369628471458,0.13886758272609057
2024-06-26,4.31473693433924,7.77882750412795,14.5,-0.9999680000000808,-0.6227358970993033,-0.46606303793114634,-0.2648084336767438,7.74998400000004,-0.2500479999998788,0.1069006736501417,-0.03779182799669872,-0.10963333633231694,13.50003199999992,6.399999983841553e-05,-0.14407011842800763,-0.2753343667182032,-0.3787747138741301,12.99996800000008,-1.7500479999998788,-0.7191517314812023,-0.6400922555501934,-0.6994929437853035,10.00003199999992,-0.2499840000000404,-0.5302166104415748,-0.507250328350102,-0.6154449617637615,5.499968000000081,0.2499840000000404,0.43468837494730556,0.4329392110445718,0.3232570894147322,3.2499840000000404,0.0,-0.4201783694432883,-0.3616300411523144,-0.20422769902829188,3.199999991920777e-05,-0.4999680000000808,-0.06759925771281254,-0.08519143345908758,-0.09326563861453938,10.74998400000004,-1.0,-0.4072036305498123,-0.44182871861359924,-0.475552998222048,12.74998400000004,-1.5000319999999192,-0.7110797890368161,-0.5326011538751881,-0.5361949462699718,22.00003199999992,0.5000319999999192,-0.1888753954198011,-0.14661492840145693,-0.18501014651825987,7.999968000000081,-3.199999991920777e-05,0.5605931487561021,0.2224583981771343,0.140216614695498
2024-06-27,4.28740450423156,-2.7332430107679606,13.50003199999992,-0.9999680000000808,-0.5707321694547103,-0.46390088661396717,-0.2637257833737141,8.74998400000004,1.0,0.051628472873437616,-0.061812850468205206,-0.10598594223841008,13.24998400000004,-0.2500479999998788,-0.09184491601271744,-0.2622526155112256,-0.37119123191257347,13.50003199999992,0.5000639999998384,-0.711694731310549,-0.6302426025460002,-0.7052956099275441,9.99996800000008,-6.399999983841553e-05,-0.48182729626786996,-0.5104328180455516,-0.6133184158756946,5.000031999999919,-0.4999360000001616,0.42685243426051817,0.43358801170381117,0.3238747398943585,2.2500159999999596,-0.9999680000000808,-0.3983302008945592,-0.34801595729015494,-0.19179040972045935,0.2499840000000404,0.2499520000001212,-0.09683908230456745,-0.09546694666488055,-0.09302625356229768,11.74998400000004,1.0,-0.32078928854055166,-0.46840617447262684,-0.47695145205851497,13.75001599999996,1.0000319999999192,-0.6924050129026994,-0.5155421337096384,-0.5401727182275248,22.0,-3.199999991920777e-05,-0.13378693420742238,-0.1188472904169476,-0.18594008299032724,7.0,-0.9999680000000808,0.5258118366765681,0.20497926154976817,0.13470032635896767
2024-06-28,4.34205085845739,5.464635422582997,13.00003199999992,-0.5,-0.5933725696003088,-0.46281507354261153,-0.2676239750946101,7.74998400000004,-1.0,0.026663491203886783,-0.08177379451546166,-0.11496586240473966,12.5,-0.7499840000000404,-0.1261408460764028,-0.24737511331328313,-0.3791577799526058,14.0,0.4999680000000808,-0.663501482069638,-0.5993625552767655,-0.6918338085916529,9.74998400000004,-0.2499840000000404,-0.4644846172351193,-0.524400134740002,-0.6119013750604727,5.000031999999919,0.0,0.41251433498876433,0.4575379249242196,0.3220227800022589,3.7500159999999596,1.5,-0.3012942329873095,-0.2765229232456633,-0.17259942068064218,-2.2499840000000404,-2.499968000000081,-0.16229900190153404,-0.1527094972064976,-0.11550956414458537,10.74998400000004,-1.0,-0.37268311781589514,-0.4787936233914309,-0.48473038453102163,15.74998400000004,1.9999680000000808,-0.5817041391899901,-0.44004003140167103,-0.5130132949571747,19.75001599999996,-2.2499840000000404,-0.20089269107202903,-0.13450194727878875,-0.1956109357065951,7.75001599999996,0.7500159999999596,0.5545884216894931,0.1768258789034588,0.13744764126884698
2024-07-01,4.47815413207154,13.610327361415031,11.24998400000004,-1.7500479999998788,-0.5939770954241704,-0.48639302126526057,-0.3059675540221046,8.50003199999992,0.7500479999998788,0.060642778470968925,-0.033933138636241714,-0.07111473308573953,10.99996800000008,-1.5000319999999192,-0.23774313415097612,-0.319594313599141,-0.4238112164312216,12.00003199999992,-1.9999680000000808,-0.712735101419843,-0.6447845392989351,-0.7101537118739166,9.74998400000004,0.0,-0.3896813823499551,-0.49747482660592407,-0.5818625772714042,5.74998400000004,0.7499520000001212,0.4177413227646945,0.4691690189020704,0.32889844870709717,2.0,-1.7500159999999596,-0.3558899903546341,-0.3221354182742172,-0.2030467426549092,0.2499840000000404,2.499968000000081,0.031044115215273605,-0.03549804763187642,-0.04233954788342769,6.75001599999996,-3.999968000000081,-0.569712823692265,-0.5689232520360378,-0.5393050623340094,14.5,-1.2499840000000404,-0.6082294666777743,-0.4632160893256454,-0.5184574448922897,20.25001599999996,0.5,-0.13272059654365306,-0.14810063134911047,-0.18347375930914037,7.499968000000081,-0.2500479999998788,0.5264488479416723,0.1817355927722808,0.14041099255916056
2024-07-02,4.4345688092052,-4.358532286634009,11.49996800000008,0.2499840000000404,-0.5667932326097624,-0.5245560427088675,-0.33968491125991745,8.50003199999992,0.0,0.044465898386503624,-0.027800416072875707,-0.08845226964351972,10.49996800000008,-0.5,-0.1590990850587855,-0.2966706824642841,-0.3971969613852192,12.50003199999992,0.5,-0.7169171787718822,-0.6352068704930786,-0.7115385604458317,10.74998400000004,1.0,-0.3526270240351353,-0.48912838850383816,-0.5929040130625789,7.0,1.2500159999999596,0.3491611383200488,0.4116086293071968,0.34998832890271914,5.25001599999996,3.2500159999999596,-0.4093729523218223,-0.37821415857565155,-0.2599164565639875,0.2499840000000404,0.0,-0.006614788231079496,-0.05546557001707207,-0.030874201961938644,5.24998400000004,-1.5000319999999192,-0.49140297613634076,-0.5133918423656028,-0.5077891516893273,13.25001599999996,-1.2499840000000404,-0.5013098330907416,-0.4717998628311014,-0.4990483421109117,22.0,1.7499840000000404,-0.12831719758170443,-0.11910670795520652,-0.20378841246758483,9.5,2.000031999999919,0.38433863686343755,0.1761484521264894,0.13261877879480263
2024-07-03,4.34591520398256,-8.865360522263988,12.25001599999996,0.7500479999998788,-0.551331908856851,-0.5280292809031025,-0.33616097049489513,8.74998400000004,0.2499520000001212,0.009377474196461635,-0.038176850728194975,-0.08399650423563933,10.74998400000004,0.2500159999999596,-0.1153625281156661,-0.2927803095239102,-0.44166327103190767,13.25001599999996,0.7499840000000404,-0.7347698284004368,-0.6408371215698229,-0.7111945022402995,11.75001599999996,1.0000319999999192,-0.37304909537138226,-0.5098501680711743,-0.5997759476441132,6.499968000000081,-0.5000319999999192,0.3490048299186915,0.41494534810642475,0.34463032226275603,5.25001599999996,0.0,-0.4088643964401309,-0.3756970600509606,-0.2401027334180923,1.2499840000000404,1.0,-0.0316394469443463,-0.075859418322851,-0.04297411376975802,3.5,-1.7499840000000404,-0.3472470362313577,-0.4444493122958666,-0.5225514664100047,15.5,2.2499840000000404,-0.5336159062359441,-0.49875749634655664,-0.5363612770144457,22.0,0.0,-0.12621366860148883,-0.10875249825277714,-0.1804279400679539,11.5,2.0,0.2164458306184088,0.1478019155423113,0.11948841991076167
2024-07-05,4.27152856892678,-7.438663505578003,12.99996800000008,0.7499520000001212,-0.5483828294929778,-0.5280953385479962,-0.3471275524196334,8.75001599999996,3.199999991920777e-05,-0.035990272878709935,-0.06244208447111658,-0.07307264469313157,11.0,0.2500159999999596,-0.10032183629728511,-0.28653835321596516,-0.43762181773219455,14.25001599999996,1.0,-0.7517064523975244,-0.6580834147792671,-0.7126751322286249,13.49996800000008,1.7499520000001212,-0.4205527576959917,-0.5409859022046603,-0.6127225545505152,5.000031999999919,-1.4999360000001616,0.3790139254814406,0.44070592083938404,0.36453529571585797,6.24998400000004,0.9999680000000808,-0.41077059644831254,-0.38943665967334445,-0.23827365645574788,1.2500159999999596,3.199999991920777e-05,-0.08755975139597293,-0.09543130771870119,-0.014062727320092165,4.25001599999996,0.7500159999999596,-0.3499108938871179,-0.44825988196160144,-0.5379798033065737,15.49996800000008,-3.199999991920777e-05,-0.5152246387690768,-0.4887478918173958,-0.5391320380907768,23.75001599999996,1.7500159999999596,-0.16812591668141383,-0.13151668796529645,-0.18906942488413137,10.25001599999996,-1.2499840000000404,0.23820506681503728,0.1558430029035654,0.12959068639006863
2024-07-08,4.26759987297293,-0.39286959538502586,13.74998400000004,0.7500159999999596,-0.5536433764955752,-0.5285095225195312,-0.355842805534202,9.00003199999992,0.2500159999999596,-0.03016468759712338,-0.05799048470460623,-0.09598073404685993,9.74998400000004,-1.2500159999999596,-0.09544831434855565,-0.28607977768663223,-0.37390959703799126,14.5,0.2499840000000404,-0.7512524905225693,-0.6633422564588499,-0.6751499125055149,13.74998400000004,0.2500159999999596,-0.4408372181353985,-0.5446849366068345,-0.5641739705648968,4.500031999999919,-0.5,0.37868356406342174,0.4378987993359377,0.33033484741037367,6.999968000000081,0.7499840000000404,-0.4145094145246465,-0.38659337414931894,-0.24946622366607138,1.2500159999999596,0.0,-0.08684981080151584,-0.09502329903141632,0.003531008002588383,3.5,-0.7500159999999596,-0.35335954666282293,-0.44863449996645144,-0.5214729864631382,15.5,3.199999991920777e-05,-0.5163660951494887,-0.48535103935698926,-0.4802089993978457,24.0,0.2499840000000404,-0.16740506589322066,-0.25497913957393925,-0.20261216165201698,10.0,-0.2500159999999596,0.2392574752345732,0.4363658085446081,0.13976668211379825
2024-07-09,4.29783449130701,3.0234618334080032,13.99996800000008,0.2499840000000404,-0.4666664482598702,-0.5244189577135095,-0.3511037040778903,10.12502399999994,1.1249920000000202,-0.06488231500902819,-0.048284606278681905,-0.09007744490606014,8.62499200000002,-1.1249920000000202,-0.481901718130792,-0.28688468799741157,-0.3776368704270896,15.0,0.5,-0.6386964631000766,-0.661946064545089,-0.6724310982652034,13.24998400000004,-0.5,-0.32577391239389175,-0.5451584127363046,-0.565802874833297,4.75001599999996,0.2499840000000404,0.31230769496237337,0.4351916755524436,0.34752176292444553,8.74998400000004,1.7500159999999596,-0.3225094734607934,-0.3679084989675609,-0.2331137209396212,1.8750079999999798,0.6249920000000202,-0.10563444001266692,-0.07194905014209142,0.010183083917808491,2.1250239999999394,-1.3749760000000606,-0.3907854483940016,-0.4506197167657503,-0.5239178245244958,17.49996800000008,1.9999680000000808,-0.36392553465554967,-0.5071282892097698,-0.4643462149062425,22.50003199999992,-1.4999680000000808,-0.23913679752414055,-0.25436379254930935,-0.20456673327576314,10.74998400000004,0.7499840000000404,0.1996909820796201,0.4348751820184716,0.142757453734443
2024-07-10,4.27924766211075,-1.858682919626009,13.249952000000121,-0.7500159999999596,-0.5925191942118573,-0.536986738494806,-0.3536389253854982,9.375039999999899,-0.7499840000000404,-0.23310999858520617,-0.023699896652411765,-0.09942102714133957,9.49996800000008,0.8749760000000606,-0.4588264299875789,-0.2821692405571612,-0.3637135295474613,15.375039999999899,0.375039999999899,-0.8229267554499445,-0.6830839869622325,-0.6826450988959221,14.49996800000008,1.2499840000000404,-0.28084225816074415,-0.5345537366671108,-0.5576014744797133,4.25001599999996,-0.5,0.30036151463188976,0.4452995681435918,0.3437536117713789,8.24998400000004,-0.5,-0.35252667808882887,-0.3478275201888114,-0.227426170774663,2.0,0.1249920000000202,-0.08341509469458376,-0.06370230539986647,-0.016816968964661446,4.24998400000004,2.124960000000101,-0.45020091378191196,-0.4335869397517533,-0.5058663229759385,18.75001599999996,1.2500479999998788,-0.38255599950023017,-0.5468345332664396,-0.48705830423632734,22.5,-3.199999991920777e-05,-0.17755494378529452,-0.2621875811482973,-0.19777561851972636,10.25001599999996,-0.4999680000000808,0.1908989150672237,0.484267186541215,0.15534744094982533
2024-07-11,4.19170818504889,-8.753947706185983,14.5,1.2500479999998788,-0.6248702826140078,-0.5448565404112317,-0.46091220639255465,9.5,0.12496000000010099,-0.16420351269682307,-0.02290157294468439,-0.03354911415734068,11.25001599999996,1.7500479999998788,-0.6154964465065479,-0.3225311561278754,-0.3827203968177088,16.99996800000008,1.6249280000001818,-0.8406359041870093,-0.6976422278112153,-0.682927007183453,14.00003199999992,-0.4999360000001616,-0.1825988433888467,-0.5003321412952001,-0.5048877652269931,4.24998400000004,-3.199999991920777e-05,0.2525891956839898,0.438604877160003,0.33265346923657185,10.00003199999992,1.7500479999998788,-0.4102853994382974,-0.378091523991922,-0.36297266517627774,2.2499840000000404,0.2499840000000404,0.01595063617409525,-0.06302966886329259,0.023724968912155957,7.74998400000004,3.5,-0.5898161269222603,-0.4699764820660895,-0.5097947716707742,18.75001599999996,0.0,-0.45165281776595684,-0.5519040619348432,-0.4631858804555307,21.5,-1.0,-0.025028092778194722,-0.23237880280424333,-0.1419251930571111,7.25001599999996,-3.0,0.2210179135879412,0.507803698205863,0.1632457413057424
2024-07-12,4.18575764024482,-0.5950544804069757,14.5,0.0,-0.5605694618760338,-0.541447052256012,-0.4588982606597973,10.5,1.0,-0.0691546899542156,-0.02248158154952325,-0.02096353032210318,12.24998400000004,0.9999680000000808,-0.5783134110352461,-0.3132868772281714,-0.38564418169110587,16.50003199999992,-0.4999360000001616,-0.8221624682881672,-0.6954537946868673,-0.6784711002524242,13.49996800000008,-0.5000639999998384,-0.23135884814507515,-0.49730877287270453,-0.4994292403326013,4.25001599999996,3.199999991920777e-05,0.2898924225953881,0.43816926656230065,0.3270511429637537,11.50003199999992,1.5,-0.36298607646882297,-0.36764363952761875,-0.3508977567940302,2.7499840000000404,0.5,0.02061861755477517,-0.06548986764053687,0.02442509353136233,10.24998400000004,2.5,-0.5833380593442071,-0.4546988635306165,-0.49405955009879965,16.50003199999992,-2.2499840000000404,-0.3608961328932394,-0.5314813035821749,-0.4519648206521389,21.74998400000004,0.2499840000000404,0.010383111459902132,-0.2431287670702331,-0.1357860725649148,6.74998400000004,-0.5000319999999192,0.1791367263183139,0.5232158482776009,0.16261213463600954
2024-07-15,4.22744553630045,4.168789605562928,13.25001599999996,-1.2499840000000404,-0.5732455648500311,-0.5351269393538567,-0.4653964447798964,10.0,-0.5,-0.10838285454465331,0.010225151552053321,-0.029520321089032475,12.0,-0.2499840000000404,-0.5609291515233251,-0.3253512100350222,-0.3749000416597233,16.0,-0.5000319999999192,-0.8425013028456161,-0.6894388902500685,-0.6782333597736405,13.25001599999996,-0.2499520000001212,-0.24048069277937006,-0.5015321913371509,-0.49867078285919425,4.499968000000081,0.2499520000001212,0.2695797530690208,0.4381244351556641,0.33857229925722293,8.5,-3.000031999999919,-0.3710314753563931,-0.37164880292723484,-0.34824813905902796,3.37500799999998,0.6250239999999394,-0.0426754245848064,-0.04755538394553768,0.008066161835501793,9.24998400000004,-1.0,-0.5706347287724879,-0.4650301357766479,-0.48352540478869066,16.62502399999994,0.1249920000000202,-0.3377735525522308,-0.4989587372318782,-0.46902385100990795,22.24998400000004,0.5,0.00766827724125036,-0.20635405379382968,-0.15696647698120966,5.5,-1.2499840000000404,0.1086234968994877,0.477055595698276,0.20057762103615798
2024-07-16,4.16630366980014,-6.114186650030984,14.0,0.7499840000000404,-0.5866395922277429,-0.5596249916462954,-0.46985613170462853,10.24998400000004,0.2499840000000404,-0.12870080016665927,0.011112858334817287,-0.04665363745744843,12.50003199999992,0.5000319999999192,-0.5713021334204402,-0.3306842612386889,-0.3585347263323155,17.24998400000004,1.2499840000000404,-0.8544665980015542,-0.7015639464958447,-0.6818336527995836,12.74998400000004,-0.5000319999999192,-0.27212448730497035,-0.48695862247406907,-0.4875227956328599,4.000031999999919,-0.4999360000001616,0.2782943620705213,0.4419960660955758,0.3657878902392888,11.5,3.0,-0.4588482965582924,-0.389593793022088,-0.3576794987190579,1.7499840000000404,-1.6250239999999394,0.051217880727269544,-0.0268598694135607,-0.019918445322981614,9.75001599999996,0.5000319999999192,-0.5640876410516812,-0.4623234405965204,-0.4657595558657761,19.75001599999996,3.12499200000002,-0.3862965118974952,-0.5113876013980067,-0.47241422896054946,20.99996800000008,-1.2500159999999596,-0.0021775927996519713,-0.20787973773105825,-0.13998590666410737,4.000031999999919,-1.4999680000000808,0.1691016722620643,0.4821324011857036,0.1962787791002428
2024-07-17,4.14499275196376,-2.131091783637995,13.75001599999996,-0.2499840000000404,-0.6142308521003098,-0.5559234150445795,-0.4663013993815866,10.75001599999996,0.5000319999999192,-0.05842528370823909,-0.0029908567471398865,-0.054075156884321636,12.99996800000008,0.4999360000001616,-0.5855135055707065,-0.310272414878756,-0.3629490147679283,17.00003199999992,-0.2499520000001212,-0.8373019850095957,-0.7301372360596293,-0.678502326345193,11.74998400000004,-1.0,-0.2786977763556033,-0.46508583035125106,-0.47518013934793524,4.24998400000004,0.2499520000001212,0.26238005858950014,0.4334477659578523,0.36820193538878965,10.24998400000004,-1.2500159999999596,-0.4335730858239431,-0.3756067670359785,-0.35042940045537374,2.500031999999919,0.7500479999998788,0.1938258325866128,-0.033858217803865824,-0.019566339767118385,11.49996800000008,1.7499520000001212,-0.5664929506028761,-0.4508279437118268,-0.46978991118394997,19.25001599999996,-0.5,-0.3864997238387813,-0.4993663494209191,-0.4741390980702327,18.25001599999996,-2.749952000000121,0.04635877735972319,-0.20081769997104648,-0.13501439450737535,5.24998400000004,1.2499520000001212,0.13051850591976163,0.46007815863899104,0.19806975579084865
2024-07-18,4.18750900388587,4.251625192210984,13.5,-0.2500159999999596,-0.5881411435564602,-0.5550649124260041,-0.47482157904209044,11.25001599999996,0.5,-0.054386915867521535,0.01601634296496348,-0.045675565355132244,12.24998400000004,-0.7499840000000404,-0.6070614083241044,-0.323470904286519,-0.3695832802424423,16.5,-0.5000319999999192,-0.8317611892644403,-0.7360883813346638,-0.6804222216596109,11.5,-0.2499840000000404,-0.3183420785330326,-0.46322703862644193,-0.48264448545884675,4.5,0.2500159999999596,0.27299335223494536,0.43284023324967563,0.36888204137953146,10.0,-0.2499840000000404,-0.3997649072536213,-0.3799365720837739,-0.36530480971978807,4.25001599999996,1.7499840000000404,0.20352013341046343,0.016126931864475266,-0.0008455274161724769,8.74998400000004,-2.7499840000000404,-0.5888135576772339,-0.4852639658223822,-0.48033701974982845,19.24998400000004,-3.199999991920777e-05,-0.32268197339715804,-0.4974140324943664,-0.4721676576150012,19.00003199999992,0.7500159999999596,-0.012449715343443989,-0.18273324076685732,-0.13241335252768868,4.74998400000004,-0.5,0.12640435525176225,0.45061377878403297,0.19407449591582662
2024-07-19,4.23793841904899,5.042941516312016,13.24998400000004,-0.2500159999999596,-0.6745400607996881,-0.5613399751657373,-0.47343033715782085,10.75001599999996,-0.5,-0.04372414245728258,0.006777431463264517,-0.04963808095267314,12.25001599999996,3.199999991920777e-05,-0.5774344486180765,-0.3197802259355763,-0.3683907260265853,15.49996800000008,-1.0000319999999192,-0.8353731394029178,-0.7425208420426275,-0.6859254895107398,11.00003199999992,-0.4999680000000808,-0.30898842746886607,-0.4668249619355669,-0.4860928315078062,4.74998400000004,0.2499840000000404,0.2388277142753608,0.4361688680875505,0.3882319592342707,8.75001599999996,-1.2499840000000404,-0.3990112593426993,-0.41200154640604697,-0.3721862407060765,3.7500159999999596,-0.5,0.17441398038361994,0.01657783235946961,-0.0068707803826085385,8.49996800000008,-0.2500159999999596,-0.5843286638502002,-0.4836353788151061,-0.48014641552052645,17.75001599999996,-1.4999680000000808,-0.32715193228425166,-0.5227698958702084,-0.4799955821180091,19.5,0.4999680000000808,0.022179898019356704,-0.16719382489103823,-0.1313291268192117,5.25001599999996,0.5000319999999192,0.08184985060835853,0.4552801118609649,0.20137995161003291
2024-07-22,4.2593753108291,2.143689178010977,14.24998400000004,1.0,-0.6253670076840513,-0.5537462801592515,-0.47630530932210413,9.25001599999996,-1.5,-0.07163734978829456,0.0001236051960431688,-0.05594414647440901,11.75001599999996,-0.5,-0.5810299466334438,-0.3259166641096311,-0.3650457461356072,15.74998400000004,0.2500159999999596,-0.8282366924515105,-0.7368197133122717,-0.6844450276906471,11.24998400000004,0.2499520000001212,-0.3606831865550549,-0.4662312543608997,-0.4826399297815003,4.25001599999996,-0.4999680000000808,0.4277186859796896,0.432712989372555,0.3855191325275944,10.5,1.7499840000000404,-0.37632650078610547,-0.39227457210236094,-0.36758361750309815,2.5,-1.2500159999999596,0.14233718645795848,0.006333800962314294,-0.017755132227799442,5.5,-2.999968000000081,-0.5792973055564643,-0.4777016391442746,-0.46922334444882546,19.5,1.7499840000000404,-0.29540961773238006,-0.5012059550516258,-0.45890557176798225,20.24998400000004,0.7499840000000404,0.02730219073842321,-0.17625084155177534,-0.13850272695467386,4.25001599999996,-1.0,0.10295624744926689,0.44641077632594206,0.20074003790267042
2024-07-23,4.23786962403994,-2.1505686789160094,14.62502399999994,0.375039999999899,-0.6666558125127552,-0.5876023656408275,-0.4730325207615726,9.24998400000004,-3.199999991920777e-05,-0.10496384957533927,0.0477137771008322,-0.057293201130808706,11.74998400000004,-3.199999991920777e-05,-0.5894614295955336,-0.33163869445690175,-0.3653715007277942,16.00003199999992,0.2500479999998788,-0.8415748433860202,-0.7334546153135251,-0.6854710564714562,11.74998400000004,0.5,-0.36605962373329176,-0.4597197826545332,-0.4713056838393984,4.24998400000004,-3.199999991920777e-05,0.4318723493846222,0.42292191700730547,0.39676490043361085,10.37500799999998,-0.1249920000000202,-0.4344516815752114,-0.39281785832753197,-0.38132552072609716,2.7500159999999596,0.2500159999999596,0.14913653658109302,0.04143792829542022,-0.005196160933598643,5.24998400000004,-0.2500159999999596,-0.5888938388095507,-0.48286314624066873,-0.46526197337178876,20.5,1.0,-0.3146240832044853,-0.5065640467261123,-0.45478205776815644,19.0,-1.2499840000000404,0.05096699920122669,-0.14863535580916787,-0.11290866271059417,6.0,1.7499840000000404,0.08400584078529585,0.4236090815588493,0.17283347213860586
2024-07-24,4.2847589636973,4.68893396573602,14.50003199999992,-0.1249920000000202,-0.707196019779792,-0.5910992923430374,-0.46878558620380084,8.49996800000008,-0.7500159999999596,-0.14025101888236902,0.03921227347244686,-0.059942151395288676,11.25001599999996,-0.4999680000000808,-0.6384177755345013,-0.343328690988527,-0.3732353289478057,16.0,-3.199999991920777e-05,-0.836831157217744,-0.7282592013105972,-0.6807922772734422,12.0,0.2500159999999596,-0.3561227977060128,-0.4514100446851885,-0.4616870818186959,5.0,0.7500159999999596,0.5067702762916859,0.4352890182919592,0.41262173265244223,8.50003199999992,-1.8749760000000606,-0.4601925313768053,-0.42186698613147045,-0.38970283564202896,1.2499840000000404,-1.5000319999999192,0.08934059040829391,0.014227306819519838,-0.02506703975778086,5.74998400000004,0.5,-0.5592640471634189,-0.47233445597384494,-0.4566531979200365,20.25001599999996,-0.2499840000000404,-0.342243310729961,-0.5085379208385009,-0.45147478131137103,20.5,1.5,0.10455672213326195,-0.12628756442879174,-0.10865456683517051,5.0,-1.0,0.05490767453724572,0.4113260236166495,0.16907262578817825
2024-07-25,4.25537734554676,-2.9381618150539524,16.24998400000004,1.7499520000001212,-0.6550610918959464,-0.5911028187359282,-0.48628036395544255,8.24998400000004,-0.2499840000000404,-0.10726642908070089,0.03939613777992681,-0.046511924199023995,11.50003199999992,0.2500159999999596,-0.6839142846168748,-0.33674693646823867,-0.377803498720929,15.99996800000008,-3.199999991920777e-05,-0.8149085075132435,-0.7327047544607885,-0.6764046595736983,12.25001599999996,0.2500159999999596,-0.34264527194490646,-0.44676732349023923,-0.4589120345048048,5.0,0.0,0.49738253962019113,0.43299261622567337,0.4357950453490995,10.25001599999996,1.7499840000000404,-0.48088680267657297,-0.4306898722538035,-0.3841445726324329,-3.199999991920777e-05,-1.2500159999999596,0.1516912606402243,0.01919715216500884,-0.018640146281913093,7.000031999999919,1.2500479999998788,-0.5686804733655395,-0.47940803735176074,-0.4794194582864395,19.49996800000008,-0.7500479999998788,-0.25334197669750613,-0.5095369074409462,-0.44780787772837466,22.00003199999992,1.5000319999999192,0.043744341468579424,-0.10622151406822641,-0.11101921043701977,3.7499840000000404,-1.2500159999999596,0.06826055968594995,0.39846449331871187,0.19045974167065133
2024-07-26,4.19872059068288,-5.665675486388011,17.0,0.7500159999999596,-0.7279684015853084,-0.5641790033442111,-0.4920550663898951,9.25001599999996,1.0000319999999192,-0.14241881878768184,-0.01346852669898704,-0.07128710426688929,11.99996800000008,0.4999360000001616,-0.702265565597093,-0.32501514989223407,-0.37813379429710936,16.75001599999996,0.7500479999998788,-0.8189042354340613,-0.7279556626105739,-0.6714838148400192,12.75001599999996,0.5,-0.36385762155948653,-0.4167187211708591,-0.4625707913329864,4.24998400000004,-0.7500159999999596,0.5185807959274871,0.43256959275703316,0.44046779508674927,9.49996800000008,-0.7500479999998788,-0.4605681024763687,-0.40651026741255963,-0.36790297853756804,2.000031999999919,2.0000639999998384,0.0679725241684341,-0.023094868043835592,-0.04429619073000663,7.74998400000004,0.7499520000001212,-0.5708375097636018,-0.45788131468375687,-0.4993775898815437,19.74998400000004,0.2500159999999596,-0.23750780377004346,-0.48552127523186145,-0.4293099587369582,22.25001599999996,0.2499840000000404,0.03366439231909777,-0.07203987123422277,-0.09027082300833311,3.0,-0.7499840000000404,0.07438752631699014,0.3713230628780453,0.17612257732820755
2024-07-29,4.17632483024707,-2.239576043580982,16.74998400000004,-0.2500159999999596,-0.702370713878573,-0.5847398544987003,-0.4893024623335471,9.50003199999992,0.2500159999999596,-0.06871225822808692,0.00018226788557194608,-0.0773468905183311,12.99996800000008,1.0,-0.6766374568956918,-0.32591264154934163,-0.35776564036800634,16.25001599999996,-0.5,-0.8470174650586222,-0.7221059450246128,-0.6609110655768007,13.0,0.2499840000000404,-0.3466295793328812,-0.410785425471772,-0.4737926187697352,4.5,0.2500159999999596,0.5206802855058088,0.42214532276731825,0.4568728044049768,8.74998400000004,-0.7499840000000404,-0.506208807200851,-0.3945439707904587,-0.3582091794212202,2.2500159999999596,0.2499840000000404,0.21606770045234167,-0.01585445097130808,-0.05592230820727633,9.75001599999996,2.000031999999919,-0.5631471088392908,-0.45950557963982736,-0.4950328815819628,19.49996800000008,-0.2500159999999596,-0.3226242320373605,-0.47447543805598263,-0.40519258842370043,19.50003199999992,-2.7499840000000404,0.16062299502015648,-0.0694755454757912,-0.0749583857104673,4.499968000000081,1.4999680000000808,0.01583031193161514,0.3637978362011796,0.14201099938828288
2024-07-30,4.14040809142743,-3.5916738819640415,17.0,0.2500159999999596,-0.5547325315615058,-0.5811086766312875,-0.4916111118925891,9.5,-3.199999991920777e-05,-0.2707151627035139,-0.0030547781312042885,-0.07535274062319583,13.5,0.5000319999999192,-0.5838004290339891,-0.33128455494522663,-0.3658207390169543,15.75001599999996,-0.5,-0.7092948502024686,-0.7151400880738181,-0.6586430864242923,12.74998400000004,-0.2500159999999596,-0.37629677557156005,-0.3984054635954046,-0.47633304904222673,5.0,0.5,0.4142535243677345,0.4071824081263132,0.44844168677625434,9.0,0.2500159999999596,-0.4384722501049407,-0.38870459638941407,-0.3644970659064815,2.5,0.2499840000000404,-0.11412532937822593,-0.012969553349386502,-0.05521488415778708,10.25001599999996,0.5,-0.39850260106504065,-0.47329249950177005,-0.4951441547586124,18.49996800000008,-1.0,-0.19593989516987326,-0.46680890834618605,-0.40221614130228656,18.50003199999992,-1.0,0.14754893706155164,-0.050016648017614566,-0.08452654880849587,5.499968000000081,1.0,0.011981748791976787,0.3560650927727179,0.14458959361764123
2024-07-31,4.10363152871149,-3.677656271594021,16.5,-0.5,-0.5163036471963555,-0.5555490463120053,-0.5178926653762849,10.0,0.5,-0.28766381017701165,-0.021921452987726894,-0.07487418862901542,13.5,0.0,-0.6198608786783955,-0.295995802772999,-0.3569577392615834,16.0,0.2499840000000404,-0.7036775148358131,-0.7167539209132914,-0.6504218877950301,12.75001599999996,3.199999991920777e-05,-0.34828485393574377,-0.3666076587973944,-0.46268863284175465,5.24998400000004,0.2499840000000404,0.5429713729797876,0.38136695734293885,0.4254637149157469,8.5,-0.5,-0.4061503667161214,-0.4074462128176863,-0.39138494543158836,2.2500159999999596,-0.2499840000000404,-0.10902775417083499,-0.03838433704914383,-0.06903427132549884,10.74998400000004,0.4999680000000808,-0.44648768089821494,-0.4623612020196153,-0.4806939610883357,18.5,3.199999991920777e-05,-0.23506064208171754,-0.41574585716159157,-0.4216993345103071,17.0,-1.5000319999999192,0.22289146662605927,-0.014468591362829847,-0.04540797202340263,7.24998400000004,1.7500159999999596,0.029142441438933686,0.26444491955744437,0.14232649633826294
2024-08-01,3.9769582369446,-12.667329176688957,17.25001599999996,0.7500159999999596,-0.5031416968924096,-0.5389761537364787,-0.5153279384689295,11.99996800000008,1.9999680000000808,-0.4937970299741099,-0.11945396650187942,-0.12863807174506392,15.50003199999992,2.000031999999919,-0.7451032944292297,-0.3387132427927069,-0.3987144035675273,16.74998400000004,0.7499840000000404,-0.682275297263833,-0.7200453677060107,-0.6497864793969378,10.0,-2.7500159999999596,0.2100391061802302,-0.15395975671539427,-0.2969239346734201,3.2499840000000404,-2.0,0.6774901464027251,0.4317930061955542,0.4664438334788452,8.5,0.0,-0.3689221949277649,-0.39432791677723666,-0.3799978112986329,5.0,2.7499840000000404,-0.30295031614509044,-0.12409741412453844,-0.13159694531035454,13.5,2.7500159999999596,-0.6658935255124355,-0.48963585304029594,-0.5126306222813486,18.5,0.0,-0.08143917264566396,-0.3828944741870891,-0.40500006647143644,13.75001599999996,-3.2499840000000404,0.435756542306861,0.07714119544611438,0.009795091802805531,4.499968000000081,-2.7500159999999596,0.3686738416511608,0.2813569524464112,0.15950399286389175
2024-08-02,3.79412075265613,-18.283748428847034,17.74998400000004,0.4999680000000808,-0.4289786716738397,-0.5082395275479855,-0.49089727882767314,16.00003199999992,4.000063999999838,-0.7402189227614427,-0.3248035155677721,-0.2724782834936741,17.24998400000004,1.7499520000001212,-0.7914616245149588,-0.3946869551490452,-0.43784078403454113,18.5,1.7500159999999596,-0.7516615809725394,-0.7414815063331288,-0.6799683093655078,7.5,-2.5,0.6084909606808567,0.02948312396841943,-0.13757071597397016,2.0,-1.2499840000000404,0.7130569712217257,0.45451156365836576,0.48825803039105387,4.24998400000004,-4.25001599999996,0.12002746322645394,-0.15602512941355084,-0.2045361871836074,10.74998400000004,5.74998400000004,-0.6351819404087717,-0.35520667545795037,-0.29470910942602563,17.50003199999992,4.000031999999919,-0.7441092622617166,-0.5593306189865356,-0.5672640354133502,19.49996800000008,0.9999680000000808,-0.16719932003838972,-0.38671543842418904,-0.405226830092333,10.50003199999992,-3.2499840000000404,0.6709962478309494,0.17951217408776132,0.07350159626105773,3.999968000000081,-0.5,0.28795821091178303,0.2675812842935084,0.1511758847414039
2024-08-05,3.78180164624974,-1.2319106406389668,18.50003199999992,0.7500479999998788,-0.4350919855490112,-0.5108461381625835,-0.49147712030373963,15.49996800000008,-0.5000639999998384,-0.7377212383774774,-0.3362623016479291,-0.26834382844512883,17.00003199999992,-0.2499520000001212,-0.8273099764407064,-0.39412150028122755,-0.44046007352999,18.24998400000004,-0.2500159999999596,-0.7534796765996447,-0.7411590423826485,-0.6839966485886749,7.5,0.0,0.6064534104557823,0.03185939494941335,-0.14125754602806417,2.2499840000000404,0.2499840000000404,0.7303422456285452,0.4574125702271342,0.4859726998601857,5.24998400000004,1.0,0.11771645626139358,-0.15488902531832266,-0.20292791323931078,10.00003199999992,-0.7499520000001212,-0.631737199504339,-0.3734674189939735,-0.2930949516435165,17.99996800000008,0.4999360000001616,-0.7443397941357365,-0.5617018949715333,-0.5679114038968144,19.50003199999992,6.399999983841553e-05,-0.16632910443829013,-0.38657460779037983,-0.40128844177876405,10.49996800000008,-6.399999983841553e-05,0.6691684041784975,0.17911495572501077,0.036554605994132065,3.2500159999999596,-0.7499520000001212,0.2836126572654398,0.2723151525579949,0.39573340998527895
2024-08-06,3.88715479724467,10.535315099492992,18.24998400000004,-0.2500479999998788,-0.4610530780370166,-0.43013653267222934,-0.4845436229253901,13.00003199999992,-2.4999360000001616,-0.8436686453898737,-0.45453912647948364,-0.3141023304511006,15.49996800000008,-1.5000639999998384,-0.8669437022593902,-0.6515494146806461,-0.46672068372565356,18.00003199999992,-0.2499520000001212,-0.7616105483272134,-0.6720123355273475,-0.6804000118811776,9.24998400000004,1.7499840000000404,0.7057418249236874,0.2241817927426641,-0.06794455205055905,2.5,0.2500159999999596,0.7003935208310266,0.4069264413513498,0.48094160834076094,5.0,-0.2499840000000404,0.057455861268680214,-0.11233623359643437,-0.20337590708476072,7.5,-2.500031999999919,-0.7062411848281187,-0.45519477450778506,-0.32733229348794557,16.24998400000004,-1.7499840000000404,-0.7580613650351136,-0.5998816928234217,-0.5815195310548943,19.75001599999996,0.2499840000000404,-0.220723742482444,-0.2912542845299934,-0.41718184241526296,12.75001599999996,2.250047999999879,0.768745666050658,0.21912242439380974,0.08814311277700801,3.7499840000000404,0.4999680000000808,0.29038076309679106,0.24692711800382128,0.3942317491195607
2024-08-07,3.96562114455478,7.846634731011015,17.24998400000004,-1.0,-0.5445487076342653,-0.5597834755783027,-0.5041316691640865,11.50003199999992,-1.5,-0.8658638474695639,-0.6098535778436958,-0.32117891644566054,13.99996800000008,-1.5,-0.8884554683368795,-0.6851373878089023,-0.48114148365568726,16.75001599999996,-1.2500159999999596,-0.7914305059090995,-0.7988405010307993,-0.7051272404056775,11.25001599999996,2.000031999999919,0.7739730952588092,0.3209186783804846,-0.00880103555624769,3.2499840000000404,0.7499840000000404,0.734357688614615,0.41295689736074737,0.49731808734194105,3.999968000000081,-1.0000319999999192,0.01996622831639833,-0.14788965991671096,-0.1987721337754058,5.000031999999919,-2.499968000000081,-0.7369247239126582,-0.48087752031240777,-0.3495759943111946,14.74998400000004,-1.5,-0.7874719635297607,-0.6399642377519522,-0.5850850773333293,20.5,0.7499840000000404,-0.17033196124379965,-0.2778840309400863,-0.42731375577526337,14.74998400000004,1.9999680000000808,0.7943713202579818,0.319234410964684,0.10836503703821616,4.500031999999919,0.7500479999998788,0.3278014753872721,0.2526884647392911,0.4340496327860362
2024-08-08,3.99633641076253,3.071526620774989,15.50003199999992,-1.7499520000001212,-0.502785898198882,-0.5600692318232382,-0.5086403756947281,12.74998400000004,1.2499520000001212,-0.8417822125397266,-0.5706499853668267,-0.3075622616792244,11.50003199999992,-2.4999360000001616,-0.8104480942146853,-0.7214980969420368,-0.4844107612119982,17.37497600000006,0.624960000000101,-0.7369960234555174,-0.7791656724376109,-0.6942326991308986,12.24998400000004,0.9999680000000808,0.7862763934663526,0.3632276580884239,0.003923288834986353,2.6250239999999394,-0.624960000000101,0.7143320834740319,0.38508649427207,0.4925054777273597,2.1250239999999394,-1.8749440000001414,0.05978815740782361,-0.16659906496516932,-0.2096602593310107,6.74998400000004,1.7499520000001212,-0.7108412073044802,-0.4384437462112362,-0.33343053769535513,13.50003199999992,-1.2499520000001212,-0.7783082580471529,-0.6887079224480693,-0.5891121809701023,19.74995200000012,-0.7500479999998788,-0.19915152208219022,-0.33189337017970105,-0.44336754654684357,16.50003199999992,1.7500479999998788,0.8019881122797516,0.43030469976326075,0.12252013675072942,5.0,0.4999680000000808,0.2616408149923159,0.2318231644943516,0.4352543101637081
2024-08-09,3.94074622509508,-5.559018566744989,15.25001599999996,-0.2500159999999596,-0.4831559419332862,-0.511762878856094,-0.5015489769196813,11.99996800000008,-0.7500159999999596,-0.8134625983182028,-0.5400448356608497,-0.29867145954046836,13.25001599999996,1.7499840000000404,-0.8229757745368401,-0.7191762645823858,-0.48929398749819336,17.0,-0.3749760000000606,-0.7114833264865797,-0.7500987921860109,-0.6844165841767867,10.25001599999996,-1.9999680000000808,0.783271541569195,0.3807726599111669,0.029893301107653425,2.999968000000081,0.3749440000001414,0.6758768222949938,0.39740021893995986,0.482992318153266,3.7499840000000404,1.624960000000101,0.014034529526378181,-0.1474029493858563,-0.2158411807799301,4.24998400000004,-2.5,-0.6278074984858661,-0.4067731244517676,-0.30696596991638025,16.25001599999996,2.7499840000000404,-0.8131939494051788,-0.7070384144507124,-0.5941366057292663,18.5,-1.2499520000001212,-0.16172462777629162,-0.2626888068886076,-0.4224194945508464,13.75001599999996,-2.7500159999999596,0.8023544617109352,0.4738976766878273,0.13423469408831454,6.499968000000081,1.4999680000000808,0.20850804219604585,0.18639236655975566,0.42896371050212506
2024-08-12,3.90734443498628,-3.340179010880018,15.24998400000004,-3.199999991920777e-05,-0.45103153126290335,-0.5056797495646177,-0.4899593775874476,12.0,3.199999991920777e-05,-0.8105611454675276,-0.5520527445013903,-0.28110245610740914,14.24998400000004,0.9999680000000808,-0.8230319941125166,-0.7225985766317988,-0.49967322965885225,15.75001599999996,-1.2499840000000404,-0.6273130883017397,-0.7194282704950773,-0.6581310343467982,10.5,0.2499840000000404,0.7921835882419745,0.3847402099388108,0.03478990009136514,3.5,0.5000319999999192,0.647116389980817,0.38014795879023444,0.4748248660022078,4.24998400000004,0.5,0.08123962744263248,-0.1333097589643657,-0.2061368614495226,6.24998400000004,2.0,-0.6493665738182401,-0.4454692104022619,-0.3097713062438068,15.25001599999996,-1.0,-0.784541910437803,-0.6903132912599448,-0.5901399768979575,18.5,0.0,-0.16403951164251498,-0.251852683629363,-0.39890010479359544,13.25001599999996,-0.5,0.7990999895206604,0.4726246964176029,0.16531375292108694,5.499968000000081,-1.0,0.26850597762193285,0.17461014781629175,0.40743576776929513
2024-08-13,3.85317719888474,-5.416723610154017,15.75001599999996,0.5000319999999192,-0.44337893548304813,-0.5090988764851535,-0.5084740237998081,11.0,-1.0,-0.7731915306046393,-0.529842659141462,-0.2661061507005737,15.5,1.2500159999999596,-0.8254941485655429,-0.7258307704399947,-0.5060371004741786,17.25001599999996,1.5,-0.6122149691514578,-0.723621179349723,-0.6631705643888571,8.24998400000004,-2.2500159999999596,0.780591230683459,0.40015015489886835,0.05632636807226624,3.7499840000000404,0.2499840000000404,0.617857875968834,0.37172372192751874,0.46878642911437546,2.500031999999919,-1.7499520000001212,0.2018029670991721,-0.12353605097297075,-0.18511325200576384,6.499968000000081,0.2499840000000404,-0.6974519202739458,-0.44235501695676577,-0.3155891846849298,16.00003199999992,0.7500159999999596,-0.7897616185541575,-0.6901041880943138,-0.5893376466292564,20.49996800000008,1.9999680000000808,-0.13612078796684723,-0.2666633245224117,-0.40373715226434914,9.75001599999996,-3.5,0.7866760869045994,0.4910206875254048,0.17388959143599433,6.5,1.0000319999999192,0.20862531101998882,0.17007593765334258,0.3934717146289377
2024-08-14,3.8210015966694,-3.2175602215339882,15.0,-0.7500159999999596,-0.4199150999362865,-0.5104877118811815,-0.5007242670022888,11.0,0.0,-0.7728234935558815,-0.5129288342071816,-0.2759978592856901,16.5,1.0,-0.8230066453285472,-0.7309693316093231,-0.5001241713198656,17.5,0.2499840000000404,-0.6168466209646278,-0.712363759490532,-0.6870186855356675,8.0,-0.2499840000000404,0.7850825958021981,0.3944824555880526,0.06650503702744938,3.5,-0.2499840000000404,0.6237183789434028,0.36590585607899406,0.46518530098941246,5.000031999999919,2.5,0.15963438946385564,-0.1278815482487122,-0.18626980227810508,4.999968000000081,-1.5,-0.6742900924151303,-0.40135374765872633,-0.3105275671924969,17.50003199999992,1.5,-0.797715051626916,-0.6933310731716139,-0.5845918233558431,22.49996800000008,2.0,-0.15051639707016015,-0.2742249881028044,-0.3981000445747668,10.75001599999996,1.0,0.7877535644649393,0.4942335466164003,0.16448559749147815,1.5,-5.0,0.1970178866275222,0.16502532315141374,0.37248027960225744
2024-08-15,3.92546229698186,10.446070031246002,13.00003199999992,-1.9999680000000808,-0.5245481819688093,-0.5464446381354966,-0.5206448402885157,11.99996800000008,0.9999680000000808,-0.6736695609878169,-0.4593786449259148,-0.2407022753211124,16.00003199999992,-0.4999680000000808,-0.7985275402269425,-0.7290006542449631,-0.5043443626699439,15.99996800000008,-1.5000319999999192,-0.6666842084586658,-0.7292418108249327,-0.7041006042511172,9.00003199999992,1.0000319999999192,0.8046148149448982,0.4160339721581438,0.09716393853592714,2.2499840000000404,-1.2500159999999596,0.39037808989947537,0.29813669777703855,0.4097921296117659,2.500031999999919,-2.5,0.025380953083475495,-0.15829068494158477,-0.22499669758328356,6.24998400000004,1.2500159999999596,-0.6253496559418837,-0.3686459169258089,-0.2766640562335778,17.5,-3.199999991920777e-05,-0.7560979469356857,-0.6723515801104925,-0.5876877187533343,21.5,-0.9999680000000808,-0.22793970441969366,-0.270084781834794,-0.410347645844547,12.0,1.2499840000000404,0.7836988905415743,0.4960072740130482,0.18916301569209273,1.2499840000000404,-0.2500159999999596,0.19017878400235197,0.1589931459277352,0.35888354017277396
2024-08-16,3.89112575700978,-3.4336539972080082,13.25001599999996,0.2499840000000404,-0.5266015970557903,-0.5921109366289946,-0.5275515705140512,13.74998400000004,1.7500159999999596,-0.6630263565450568,-0.4526743337213431,-0.24583324497235387,15.5,-0.5000319999999192,-0.7932586351109997,-0.7158618803974344,-0.5006490943596933,15.74998400000004,-0.2499840000000404,-0.641054039408378,-0.7197374511428467,-0.7013944143630537,8.75001599999996,-0.2500159999999596,0.8390593684214861,0.4549402700612328,0.1017103918580611,2.7500159999999596,0.5000319999999192,0.3585612217424167,0.2743703318509698,0.4044645229923299,4.74998400000004,2.249952000000121,0.031015135417025927,-0.1522064506083893,-0.23906178201752082,6.74998400000004,0.5,-0.6271185784029083,-0.3700192339281378,-0.2766119385327306,17.50003199999992,3.199999991920777e-05,-0.7499018557227943,-0.6699854439966352,-0.5863959422692515,21.49996800000008,-3.199999991920777e-05,-0.163179810227385,-0.24991185308312464,-0.4170410754233431,11.00003199999992,-0.9999680000000808,0.7843732739181929,0.5090681692467076,0.19892595664817997,2.999968000000081,1.7499840000000404,0.15373484123893288,0.11376853838835427,0.347217268543595
2024-08-19,3.86543613280276,-2.56896242070197,13.0,-0.2500159999999596,-0.583683637009638,-0.590462432944609,-0.5288977639964132,14.0,0.2500159999999596,-0.6573961773433907,-0.4524429782371332,-0.24300869113590515,15.0,-0.5,-0.7798674754229251,-0.7091243155004984,-0.4986261372975638,16.0,0.2500159999999596,-0.6566706549707887,-0.7227683772397533,-0.7006598087312473,9.5,0.7499840000000404,0.8269563170736733,0.45603838936422336,0.09583069062001051,1.0,-1.7500159999999596,0.3494543099053264,0.3907624559395655,0.40376656558072044,2.5,-2.2499840000000404,0.0015544966354155572,-0.1384243555713998,-0.2281734840976381,8.5,1.7500159999999596,-0.6140849708835079,-0.37074240050351015,-0.2783534851467489,16.5,-1.0000319999999192,-0.7625189474972355,-0.6619437304992586,-0.5784059205012101,22.74998400000004,1.2500159999999596,-0.22865544557140652,-0.2509716041676119,-0.41535317812570194,10.50003199999992,-0.5,0.7801828365161221,0.5301104266294437,0.1932237630363956,4.24998400000004,1.2500159999999596,0.16647788837573002,0.1341007305720427,0.33842190622940477
2024-08-20,3.81612992926918,-4.930620353358028,13.74998400000004,0.7499840000000404,-0.5914005881150772,-0.6205401447734676,-0.5583841959804369,14.0,0.0,-0.6508037792154309,-0.468741115335419,-0.2213789884933521,15.5,0.5,-0.7813555985641929,-0.7157479992485621,-0.5052409616229393,16.74998400000004,0.7499840000000404,-0.6607310110295802,-0.7291772775092369,-0.6995976908452688,8.50003199999992,-0.9999680000000808,0.8333818929924032,0.46405495630888366,0.11352240241028971,0.4999680000000808,-0.5000319999999192,0.35562026591427803,0.39714876675524585,0.3986755187935701,3.6250239999999394,1.1250239999999394,-0.016898173878787316,-0.15318251550713707,-0.23563789987002787,7.999968000000081,-0.5000319999999192,-0.600708734652968,-0.36227476155600724,-0.25885323852319997,18.00003199999992,1.5000319999999192,-0.7716012594668352,-0.6751135353248486,-0.585396928443017,23.49996800000008,0.7499840000000404,-0.24345122590013907,-0.25907424935276535,-0.42050207772956927,9.00003199999992,-1.5,0.7853375888853694,0.537642386491737,0.2206658876287542,4.74998400000004,0.5,0.16411033088339666,0.12886109801179313,0.32657847036182935
2024-08-21,3.7755121900918,-4.0617739177379875,14.75001599999996,1.0000319999999192,-0.5957169473927326,-0.6361903993006826,-0.5687593806131428,14.0,0.0,-0.6341448267811488,-0.4787925073434221,-0.2259217962799733,16.5,1.0,-0.776143961326401,-0.7309272711094881,-0.5129042701828949,16.5,-0.2499840000000404,-0.6696777841294518,-0.7230590327622044,-0.696690654141942,7.25001599999996,-1.2500159999999596,0.836299562848919,0.46878867989395623,0.11949214389575744,0.9999680000000808,0.5,0.29628730001074866,0.3936984741921359,0.39473163864888905,3.2499840000000404,-0.375039999999899,0.0325808972482545,-0.15135799942455003,-0.23500488507894354,7.74998400000004,-0.2499840000000404,-0.576001548034724,-0.35848998262797466,-0.2560810735251159,20.00003199999992,2.0,-0.782113083911828,-0.6766523324857331,-0.5874896182700143,23.49996800000008,0.0,-0.22450743345792307,-0.2603149804174134,-0.4193456429781402,5.75001599999996,-3.2500159999999596,0.7511119166478123,0.536802627441416,0.22709992736839857,5.5,0.7500159999999596,0.19493910296043113,0.12141235267005863,0.3206260468928433
2024-08-22,3.86064365075413,8.513146066233013,14.50003199999992,-0.2499840000000404,-0.6338289445398549,-0.6132537219406985,-0.5598162625750545,12.99996800000008,-1.0000319999999192,-0.6576016264135554,-0.4981793162010771,-0.24824000594974896,15.75001599999996,-0.7499840000000404,-0.7806347794541751,-0.7502351121456052,-0.5167066089255625,16.75001599999996,0.2500159999999596,-0.608191721449087,-0.6764443748938407,-0.6812892552059737,6.999968000000081,-0.2500479999998788,0.7904695751064605,0.46633312697889134,0.12323878301512549,2.000031999999919,1.0000639999998384,0.37329859814678396,0.42248339580882405,0.40908469025069905,2.7500159999999596,-0.4999680000000808,0.029413031468335002,-0.16181879640469377,-0.2411896836283082,6.0,-1.7499840000000404,-0.6179239966435554,-0.3816749389995441,-0.283050523306392,19.5,-0.5000319999999192,-0.7835035413425255,-0.6676356631355505,-0.5886803625848784,24.0,0.5000319999999192,-0.19469640954716075,-0.205387549990595,-0.4119535120142723,6.0,0.2499840000000404,0.7750095307888073,0.5312745324949935,0.25193876345396704,6.25001599999996,0.7500159999999596,0.21379504833324156,0.14002433977734188,0.316197481072468
2024-08-23,3.80560081568173,-5.504283507240038,16.24998400000004,1.7499520000001212,-0.6056549394192284,-0.6316844485309662,-0.5423458554715198,13.50003199999992,0.5000639999998384,-0.6527291681160917,-0.4999429766781071,-0.27905764194979377,16.74998400000004,0.9999680000000808,-0.7841279519070068,-0.7569867032857533,-0.5136837626866126,17.0,0.2499840000000404,-0.6028435764275035,-0.6751196273120276,-0.6732528174859688,6.74998400000004,-0.2499840000000404,0.8132964643377826,0.46707121956866415,0.1618820067283508,2.000031999999919,0.0,0.3547702190778516,0.41661194629520615,0.3999370131434609,4.0,1.2499840000000404,-0.0019128867628797855,-0.17674121398724227,-0.24121847476830813,7.0,1.0,-0.6141879836971181,-0.3868589825673683,-0.2986027070888469,18.5,-1.0,-0.7358612868760138,-0.6480544332507026,-0.5607658760055356,25.74998400000004,1.7499840000000404,-0.2224931738520358,-0.21864967832914994,-0.39991355252445354,6.500031999999919,0.5000319999999192,0.769410095481051,0.5192243304973796,0.27287935961361,4.24998400000004,-2.000031999999919,0.22505331301602352,0.15530989095458436,0.3045443204764791
2024-08-26,3.81693273466031,1.1331918978580102,15.75001599999996,-0.4999680000000808,-0.6113312307566464,-0.6281361573427624,-0.5569975283046398,13.25001599999996,-0.2500159999999596,-0.6550090857814397,-0.48752732071484084,-0.27535654592479947,16.99996800000008,0.2499840000000404,-0.786906060089001,-0.7490777303853009,-0.5138583198380041,16.75001599999996,-0.2499840000000404,-0.613270016059055,-0.7020082350228412,-0.6725929283464459,8.0,1.2500159999999596,0.8114491656806095,0.4802951324371424,0.1770220163519561,1.2500159999999596,-0.7500159999999596,0.3357569180419375,0.4056262224112153,0.38844899887700496,3.2500159999999596,-0.7499840000000404,-0.0087675481311871,-0.2081095038216319,-0.2365179954163012,6.5,-0.5,-0.6172073322787159,-0.36360627021534214,-0.2989078272935277,18.25001599999996,-0.2499840000000404,-0.7537116780330668,-0.6437127445672868,-0.5652223808657479,25.74998400000004,0.0,-0.23144509568991303,-0.2696345818865446,-0.39372307517435695,7.24998400000004,0.7499520000001212,0.7920608882184432,0.5693429706552121,0.2749910944121011,5.75001599999996,1.5000319999999192,0.24477318509732082,0.15114415799022854,0.30810577775174997
2024-08-27,3.8320759872096,1.5143252549290054,16.75001599999996,1.0,-0.5615177953146415,-0.5497427272430817,-0.5480724880348136,12.25001599999996,-1.0,-0.6620019138544188,-0.5709588936211487,-0.28261512774405195,16.99996800000008,0.0,-0.7852372285995212,-0.728365554861894,-0.5156409322535036,16.75001599999996,0.0,-0.6281957719268505,-0.6475511904676055,-0.6734646004867416,8.25001599999996,0.2500159999999596,0.8142122704381705,0.5174599688042002,0.18859063033437287,1.2499840000000404,-3.199999991920777e-05,0.3559044716792961,0.36942114936114406,0.3848340958259454,4.000031999999919,0.7500159999999596,0.009169845141311736,-0.15239972878033625,-0.22773984021076368,7.24998400000004,0.7499840000000404,-0.607994768805399,-0.492046413740449,-0.2939683168227606,17.0,-1.2500159999999596,-0.7533527628817569,-0.5879960347945236,-0.5755983652572069,25.74998400000004,0.0,-0.27201666727126805,-0.21285791641751375,-0.3983416621575015,7.000031999999919,-0.2499520000001212,0.7910014592886371,0.5825392570292597,0.2860772167360123,6.74998400000004,0.9999680000000808,0.26439113481726484,0.1796210822300762,0.3130275019718511
2024-08-28,3.83964937489264,0.7573387683040167,16.74998400000004,-3.199999991920777e-05,-0.5746084915630018,-0.5501303592172953,-0.5322302394085927,12.25001599999996,0.0,-0.66025816558663,-0.5733899036143533,-0.2973878511551339,16.5,-0.4999680000000808,-0.7903751187957381,-0.743495070523073,-0.5038856973782841,16.25001599999996,-0.5,-0.628503855919606,-0.6467126090816991,-0.6715425620429648,9.24998400000004,0.9999680000000808,0.8148278786876644,0.5388461553011579,0.22526370055508646,0.7499840000000404,-0.5,0.36088465719011614,0.4059789278812112,0.36811843583597925,4.000031999999919,0.0,0.008874576302961722,-0.13584302942095175,-0.23628145061183253,7.499968000000081,0.2499840000000404,-0.6130669782099462,-0.4934874214223571,-0.31569097480521247,16.50003199999992,-0.4999680000000808,-0.7548189148481952,-0.6131522585045441,-0.5717814720117526,24.74998400000004,-1.0,-0.2865566332846174,-0.24237503439932295,-0.3649878549327172,7.24998400000004,0.2499520000001212,0.7912476080644053,0.6144715976279018,0.3121536898743258,5.25001599999996,-1.4999680000000808,0.2698543105023647,0.18905378184311994,0.262431035048312
2024-08-29,3.86625763890919,2.660826401654992,16.74998400000004,0.0,-0.5496586524903777,-0.5399425410191728,-0.5217073099030035,12.00003199999992,-0.2499840000000404,-0.6174804877534753,-0.5819955167553112,-0.31368951635315595,16.74998400000004,0.2499840000000404,-0.748837458795319,-0.7496073053409554,-0.4913413630285757,16.74998400000004,0.4999680000000808,-0.5807830291278645,-0.621811594372268,-0.6688157780469911,8.75001599999996,-0.4999680000000808,0.765603053798213,0.5773199364471365,0.23564146265552663,-0.2499840000000404,-0.9999680000000808,0.18241656773207984,0.3690384684361824,0.352557195009694,3.7499840000000404,-0.2500479999998788,0.02148790770405038,-0.13952062130158338,-0.24079086540976696,7.74998400000004,0.2500159999999596,-0.5641539417648898,-0.48439968075430095,-0.31287053953928673,14.50003199999992,-2.0,-0.714083774146508,-0.6836348854645257,-0.5670627811025734,29.24998400000004,4.5,-0.16280715856668984,-0.11015917105236205,-0.29901710461031505,4.74998400000004,-2.5,0.699154882814923,0.5963390245480961,0.2998341988141846,3.500031999999919,-1.7499840000000404,0.12148658350341358,0.22298195575466864,0.2248284547075659
2024-08-30,3.91014085021176,4.388321130256978,18.0,1.2500159999999596,-0.5099021803763171,-0.48022170003708825,-0.49637015853901106,10.5,-1.5000319999999192,-0.36140113431726595,-0.6046696226765856,-0.35401648723255763,17.0,0.2500159999999596,-0.7011642716716766,-0.7475301789491864,-0.4813543971371854,17.25001599999996,0.5000319999999192,-0.3573229457662269,-0.5855655634491677,-0.6597532949773794,8.24998400000004,-0.5000319999999192,0.6611582608479324,0.6423496145545935,0.23342548071678182,0.5,0.7499840000000404,0.012262496248000623,0.3564678814877272,0.35729434630877926,3.5,-0.2499840000000404,-0.4829020127751635,-0.12517444938206163,-0.23474238376675005,6.0,-1.7499840000000404,-0.28139182036363736,-0.5084913045776511,-0.3506234452164073,13.5,-1.0000319999999192,-0.5667930475483571,-0.6919280959115042,-0.5685815141715188,33.75001599999996,4.500031999999919,-0.02509769640674093,-0.03782753093673901,-0.23709084600761982,1.2499840000000404,-3.5,0.5239865242154803,0.5824803035410013,0.2692320853353113,4.74998400000004,1.2499520000001212,0.12898142810330346,0.22522282884384853,0.2322171545751753
2024-09-03,3.84334609714659,-6.679475306517002,20.0,2.0,-0.5621127290571387,-0.5036882891232175,-0.5127749967493712,10.74998400000004,0.2499840000000404,-0.38214227583948907,-0.6025152850060908,-0.3622477007107969,17.25001599999996,0.2500159999999596,-0.6922285359919405,-0.7570177570523745,-0.48046785503887934,17.5,0.2499840000000404,-0.3737892813718604,-0.5850887121889178,-0.6581148439971896,7.5,-0.7499840000000404,0.6710380588347357,0.646491183863849,0.24287883891320572,0.0,-0.5,0.05563478421071923,0.367720479363346,0.3620943195158259,6.0,2.5,-0.5336480634366133,-0.16005892425906953,-0.2535778775702,5.0,-1.0,-0.24033195527947696,-0.4821572772247402,-0.3464743738454537,14.0,0.5,-0.5708829409324905,-0.6888719534847436,-0.5702568873800709,34.74998400000004,0.9999680000000808,-0.04237326735092642,-0.04570292686191,-0.2426445747491432,-0.2499840000000404,-1.4999680000000808,0.5401001125483234,0.5875109104099545,0.2769292632253862,3.5,-1.2499840000000404,0.16631626757496407,0.2392551988203309,0.24285218549121107
2024-09-04,3.76750058546372,-7.5845511682870015,20.50003199999992,0.5000319999999192,-0.5846133827875544,-0.5110015432049886,-0.46323936338220206,10.99996800000008,0.2499840000000404,-0.22337489674148833,-0.6280060595694116,-0.4064733941216153,18.25001599999996,1.0,-0.6622804209874433,-0.7602473376566251,-0.6457243397591601,18.75001599999996,1.2500159999999596,-0.4501273338040951,-0.6169802649205348,-0.6159863217243478,6.74998400000004,-0.7500159999999596,0.6206413536752001,0.6607054764495258,0.3410929640540285,-0.2500159999999596,-0.2500159999999596,0.017713087192907897,0.3612983267131096,0.3187898423806887,6.0,0.0,-0.5396594665198574,-0.18238094571838692,-0.22603542756662257,4.74998400000004,-0.2500159999999596,-0.09235756749667216,-0.4789744573358214,-0.363418371915045,17.25001599999996,3.2500159999999596,-0.5827751237661782,-0.6949358829905665,-0.5968607538513339,31.5,-3.2499840000000404,0.1421028827697307,0.004726659758239251,-0.12534117966845967,2.2500159999999596,2.5,0.28802197414822694,0.5222402523029542,0.2339468471792586,1.4999680000000808,-2.000031999999919,0.21879568461216456,0.2553968659406304,0.23717894819253993
2024-09-05,3.73163380623406,-3.586677922965986,19.25001599999996,-1.2500159999999596,-0.4838846423200543,-0.48803708617588415,-0.5237297664110774,14.0,3.000031999999919,-0.1453762472353377,-0.6056358447402745,-0.49233430898238295,19.0,0.7499840000000404,-0.6129862678060025,-0.764202600523297,-0.6556246742393891,18.25001599999996,-0.5,-0.3282722075976185,-0.6042210790386298,-0.685845612813789,6.499968000000081,-0.2500159999999596,0.5429588890538425,0.6795155412672286,0.37390072714502437,-1.2499840000000404,-0.9999680000000808,-0.0664390307632973,0.3655781852975572,0.31467066259467297,5.25001599999996,-0.7499840000000404,-0.501116594202829,-0.17834076599470036,-0.2361224953258633,6.5,1.7500159999999596,0.030124120659818364,-0.4815171963268393,-0.36185531800276244,20.5,3.2499840000000404,-0.5369295366046466,-0.692073005717659,-0.6119899277252985,27.75001599999996,-3.7499840000000404,0.17996163581124486,0.029194404501668953,-0.10559975779748328,4.499968000000081,2.249952000000121,0.14136393858122068,0.49173489050270835,0.26360251454908,-3.7499840000000404,-5.249952000000121,0.21945177592270096,0.25377625864222103,0.2340412166089318
2024-09-06,3.70892777693104,-2.2706029303019903,20.49996800000008,1.2499520000001212,-0.44644471676753655,-0.4633852967186924,-0.5218259232637787,13.25001599999996,-0.7499840000000404,-0.19596520767811926,-0.6103298647176956,-0.47645102757343827,20.75001599999996,1.7500159999999596,-0.6252659628198031,-0.7344065478154105,-0.6880875112800322,16.49996800000008,-1.7500479999998788,-0.30920519456430945,-0.5304771921623224,-0.651120944120013,6.25001599999996,-0.2499520000001212,0.5159896124651262,0.6846468450874434,0.4007769794619157,-0.5,0.7499840000000404,-0.051367452188083265,0.3663091206780847,0.2958465194684054,4.74998400000004,-0.5000319999999192,-0.46520383829636536,-0.1455204831749241,-0.23914769718211454,8.50003199999992,2.000031999999919,-0.04297280563525444,-0.4858450467378756,-0.3440015091076333,22.49996800000008,1.9999680000000808,-0.5102447019843136,-0.6720502915626974,-0.642184952833005,23.50003199999992,-4.24998400000004,0.2059028512920743,0.03486400203813387,-0.11291955286751242,5.499968000000081,1.0,0.08099131547495762,0.4844011559749998,0.3239104862777229,-1.2499840000000404,2.5,0.18127292410536516,0.1999484491754215,0.20781966182192366
2024-09-09,3.69760632443716,-1.1321452493879836,22.0,1.5000319999999192,-0.46384324248637837,-0.4502899879342546,-0.4868797178532342,14.0,0.7499840000000404,-0.23605563632127582,-0.6144245157995953,-0.4643712859367876,19.75001599999996,-1.0,-0.5570049544175496,-0.7284584845824451,-0.6797522889724497,15.24998400000004,-1.2499840000000404,-0.31986534443523285,-0.5154218674124429,-0.6248261973908302,7.5,1.2499840000000404,0.45504270117032225,0.6706124058380261,0.39888676253178484,0.0,0.5,-0.01793408700716699,0.36287564162749636,0.31158619790173603,6.75001599999996,2.000031999999919,-0.41794739953818194,-0.1464504745521518,-0.21401261156383714,9.49996800000008,0.9999360000001616,-0.15008046686497664,-0.48495154006033936,-0.3526467034565547,21.75001599999996,-0.7499520000001212,-0.4753429361950649,-0.6869015191651303,-0.6509297708709296,20.75001599999996,-2.7500159999999596,0.17380347603596508,0.03748301281955257,-0.0797582654084043,6.499968000000081,1.0,0.027691434379777283,0.4808633307440934,0.3433216659230168,2.000031999999919,3.2500159999999596,0.21529327296441533,0.19188728572938996,0.1889049536331688
2024-09-10,3.64321883687476,-5.438748756240042,23.25001599999996,1.2500159999999596,-0.4958567678486981,-0.44147168308975926,-0.49232154011212526,13.99996800000008,-3.199999991920777e-05,-0.23044340713008354,-0.6059627492635984,-0.4711373314016356,20.50003199999992,0.7500159999999596,-0.5614476488806128,-0.7301518945317894,-0.6830849441702795,15.49996800000008,0.2499840000000404,-0.3802741753649188,-0.5112200576282377,-0.6281268147810875,7.500031999999919,3.199999991920777e-05,0.4531093454222182,0.6738271850913445,0.40238240071273856,-1.2500159999999596,-1.2500159999999596,0.0636115415785498,0.3701375849542376,0.3134868020356402,5.25001599999996,-1.5,-0.3471405528668634,-0.09015897734545583,-0.18881255319356446,13.24998400000004,3.7500159999999596,-0.2125223063755999,-0.5039173009375197,-0.39018942041191274,22.5,0.7499840000000404,-0.5097246820520956,-0.6808941398008428,-0.6468731467667728,20.74998400000004,-3.199999991920777e-05,0.17236457320655071,0.03844530877988752,-0.07239229459220527,3.500031999999919,-2.9999360000001616,0.08586153479180829,0.48575553225387974,0.3533066803994369,2.999968000000081,0.9999360000001616,0.1800104295483508,0.19767232467694953,0.1698055724947368
2024-09-11,3.65250935761643,0.929052074167025,21.50003199999992,-1.7499840000000404,-0.49246251770974975,-0.43102171220576313,-0.48600512491736464,15.12499200000002,1.1250239999999394,-0.267256280588862,-0.5934347897722391,-0.4636524132181677,20.87497600000006,0.3749440000001414,-0.5315660132327329,-0.7274610958382026,-0.6796849750195443,13.25001599999996,-2.249952000000121,-0.3299138244414239,-0.4785331120861968,-0.6096064167448297,7.37500799999998,-0.1250239999999394,0.4176289874446359,0.6721741084423138,0.40306355537692196,1.1249920000000202,2.37500799999998,0.13279797697590567,0.34903805433320245,0.3103739204375055,6.37500799999998,1.1249920000000202,-0.4066065320616388,-0.04214198052220906,-0.1926192528234979,11.62502399999994,-1.624960000000101,-0.23748075311668182,-0.5407109201223819,-0.390672557632421,26.24998400000004,3.7499840000000404,-0.4074617848959873,-0.6299684309579731,-0.6115836197520245,13.5,-7.24998400000004,0.12355692106879164,0.030004763512144737,-0.08148583646264936,6.5,2.999968000000081,0.049135796508755346,0.4789541899559226,0.3537630856346501,4.0,1.0000319999999192,0.21722133607384161,0.18850436286555222,0.17803939182112163
2024-09-12,3.67868395302133,2.617459540490019,20.24998400000004,-1.2500479999998788,-0.5480426433589084,-0.444396853977056,-0.5006386713629348,17.0,1.8750079999999798,-0.19869984237386845,-0.5506983798549193,-0.4210738299062015,20.5,-0.3749760000000606,-0.5381971353446445,-0.7300571900882632,-0.683781767755398,13.0,-0.2500159999999596,-0.3180440045594241,-0.4797373551528261,-0.5947843205397545,7.74998400000004,0.3749760000000606,0.42515452819115407,0.6774740883809955,0.4003262123530574,0.2500159999999596,-0.8749760000000606,0.09940907180407604,0.3295818624580569,0.2925500247649296,2.2500159999999596,-4.12499200000002,-0.4140430875835998,-0.08359367169771999,-0.2044820690910666,15.5,3.8749760000000606,-0.1622659388354273,-0.47727865592190927,-0.3272432642993327,26.0,-0.2499840000000404,-0.4070278979060689,-0.6336145598651465,-0.6122794338168065,14.0,0.5,0.1584080742230722,0.03435786106064424,-0.07989728282776067,4.25001599999996,-2.2499840000000404,0.02545326176126861,0.4580827425307582,0.34509523973858747,7.499968000000081,3.499968000000081,0.23272607276919546,0.21420008482050934,0.18553187761821463
2024-09-13,3.64853339589231,-3.015055712902015,20.75001599999996,0.5000319999999192,-0.4041542741159882,-0.4415906133020551,-0.4930300580571654,18.5,1.5,-0.3492931047278528,-0.5637427789648474,-0.43121779616977046,21.25001599999996,0.7500159999999596,-0.5115277310294621,-0.7239888606438184,-0.6909746541292858,12.74998400000004,-0.2500159999999596,-0.1655153245846307,-0.4727380123427283,-0.5851618882216865,7.24998400000004,-0.5,0.32382310126695335,0.6899749689289462,0.4016657783397224,0.2500159999999596,0.0,0.2916535182206503,0.32241155106153707,0.29496100728722685,1.2499840000000404,-1.0000319999999192,-0.2763201468185689,-0.07971027309723361,-0.1835692042854704,17.00003199999992,1.5000319999999192,-0.2720020676271887,-0.5076769906647497,-0.34330011204678773,28.99996800000008,2.999968000000081,-0.44986429964608876,-0.6161012116550434,-0.6111352658672482,11.25001599999996,-2.7499840000000404,0.23197079982010013,0.041662287447682377,-0.04604494159557048,6.75001599999996,2.5,-0.11852328350062087,0.42712837617587324,0.3171811805002802,4.24998400000004,-3.2499840000000404,0.3278743705048496,0.22847786044080226,0.19256018770413327
2024-09-16,3.61949339574679,-2.9040000145520217,20.25001599999996,-0.5,-0.385165679963864,-0.4297407101864465,-0.5129621886735763,20.0,1.5,-0.3419124473251133,-0.5575936157686823,-0.4244791237364679,22.5,1.2499840000000404,-0.5624345960191348,-0.7253736714558825,-0.6847495606576957,11.5,-1.2499840000000404,-0.13684006574977828,-0.4352963197699924,-0.5627007276977509,6.75001599999996,-0.4999680000000808,0.32781442387144694,0.7145899075508108,0.43431187295383533,0.9999680000000808,0.7499520000001212,0.28857412118402154,0.30520639198219635,0.2709116635874441,4.24998400000004,3.0,-0.2655552785239575,-0.07103748132819314,-0.1758440120207093,18.74998400000004,1.7499520000001212,-0.28439120694608017,-0.5048366044022536,-0.3450701073263148,28.50003199999992,-0.4999360000001616,-0.4446914059407841,-0.6077943800873843,-0.6063950452236526,11.74998400000004,0.4999680000000808,0.2298343394851004,0.05872347494827636,-0.034781683699596395,5.5,-1.2500159999999596,-0.1185722578756206,0.42431851716895397,0.3257691613917463,2.7499840000000404,-1.5,0.3633275891034415,0.22752523571120242,0.1757485833133339
2024-09-17,3.64092808624802,2.1434690501230147,21.49996800000008,1.2499520000001212,-0.35206068174177463,-0.4229073971887133,-0.4940598449014374,19.25001599999996,-0.7499840000000404,-0.36959087262362833,-0.5568976504497446,-0.4278822399259506,24.5,2.0,-0.44357160637972715,-0.6615835233198889,-0.6433214370750924,10.0,-1.5,-0.1787576086281781,-0.4557792109491459,-0.5665202838685611,6.5,-0.2500159999999596,0.34996137346543454,0.7074969962206609,0.4375629249487071,1.2500159999999596,0.2500479999998788,0.2920582822434492,0.32038393148873257,0.3489124619651797,6.0,1.7500159999999596,-0.24815388769413863,-0.07103828147346185,-0.16185681399954185,17.5,-1.2499840000000404,-0.3091323116080951,-0.5048359612171068,-0.34962850972076875,32.25001599999996,3.7499840000000404,-0.35952753450603103,-0.5483708461103195,-0.5688953486952459,9.49996800000008,-2.2500159999999596,0.2124059608464346,0.027214026095909505,-0.042929582794033,4.25001599999996,-1.2499840000000404,-0.13800145603084782,0.40784691484248176,0.32152371043624756,3.2500159999999596,0.5000319999999192,0.3805867640544688,0.24086306412952668,0.1983901402765053
2024-09-18,3.68589037959254,4.496229334452018,22.00003199999992,0.5000639999998384,-0.32569106235995976,-0.4076625559146684,-0.4915721863764419,19.74998400000004,0.4999680000000808,-0.36179805525229114,-0.5446568254011578,-0.4340640868137798,25.24998400000004,0.7499840000000404,-0.4096484669400983,-0.6416387503400285,-0.628763731410848,9.00003199999992,-0.9999680000000808,-0.16737350257490724,-0.4695334277820781,-0.5746021483743561,6.24998400000004,-0.2500159999999596,0.2801134804729575,0.6996375593172656,0.4316526244919456,2.0,0.7499840000000404,0.3071701568770791,0.3379429404866924,0.36000246328967167,4.999968000000081,-1.0000319999999192,-0.25825010104976115,-0.08375766732861596,-0.17530486539488532,21.50003199999992,4.000031999999919,-0.17937678915622432,-0.42639866432345885,-0.2985309227002356,29.24998400000004,-3.000031999999919,-0.4229988110510388,-0.5688714374263684,-0.5818767074146569,11.74998400000004,2.2500159999999596,0.2941643914663125,0.05895989040253898,-0.022865552241749507,1.7500159999999596,-2.5,-0.23037139041840465,0.36786971316912154,0.29506144647109445,6.25001599999996,3.0,0.4540444833001233,0.2759471944244371,0.22088492260833562
2024-09-19,3.73862562709452,5.273524750198,23.50003199999992,1.5,-0.2199850668066469,-0.351975708629221,-0.4607161693858211,19.99996800000008,0.2499840000000404,-0.36714066873467704,-0.5259708500054046,-0.4361439189030734,25.25001599999996,3.199999991920777e-05,-0.41047707396936256,-0.6319880674172139,-0.6383059011656809,7.75001599999996,-1.2500159999999596,-0.21549265819996807,-0.5008402669845181,-0.5842506664039122,6.999968000000081,0.7499840000000404,0.29182317243237016,0.7075734553692407,0.4404113265336512,2.7500159999999596,0.7500159999999596,0.36848465232645455,0.3394243888606331,0.3775510329873108,8.24998400000004,3.2500159999999596,-0.12238610326449909,0.004170233417406314,-0.13537829787902483,22.0,0.4999680000000808,-0.20613831204697425,-0.4026940411286497,-0.29423569340612077,26.74998400000004,-2.5,-0.4596695363199218,-0.5951515277664975,-0.5925289272104624,12.50003199999992,0.7500479999998788,0.3246872256562037,0.07230027632544014,-0.015532817438147196,5.74998400000004,3.999968000000081,-0.14385153057735495,0.38729908365375953,0.3210756815424686,2.0,-4.25001599999996,0.30746083169277066,0.2141129926895492,0.168532080840308
2024-09-20,3.72717103134002,-1.145459575450003,23.75001599999996,0.2499840000000404,-0.17036104517636738,-0.3520126976908783,-0.44422701619599353,17.24998400000004,-2.7499840000000404,-0.21764640374167613,-0.4959946048948845,-0.40852305042572007,24.5,-0.7500159999999596,-0.2623183361265047,-0.6247080129655744,-0.6398972336850022,9.5,1.7499840000000404,-0.3153525069776695,-0.4707691048137838,-0.5459768433616555,8.0,1.0000319999999192,0.3471847890573887,0.7025713842336249,0.4494417681030924,1.5,-1.2500159999999596,0.2916939161238467,0.3312157483607293,0.36897405062967387,10.25001599999996,2.000031999999919,-0.08959452957734797,0.012341670807253754,-0.13589375737356418,20.24998400000004,-1.7500159999999596,-0.05332239228905692,-0.4078358497502899,-0.2831173951115404,24.24998400000004,-2.5,-0.4436686826283816,-0.5764113652133871,-0.5780414454126708,14.50003199999992,2.0,0.3115800567400482,0.07047709845609174,0.0032509778792942285,6.24998400000004,0.5,-0.17858471825377045,0.397818058886018,0.3162918598304336,1.0,-1.0,0.30415807520848104,0.21025060678073182,0.17033730593240418
2024-09-23,3.73563758063506,0.8466549295039982,22.25001599999996,-1.5,-0.11670496815708592,-0.347148874283679,-0.4540532134888528,15.0,-2.2499840000000404,-0.2239882963362501,-0.4854953248311023,-0.40307083788857456,25.0,0.5,-0.22221140036047055,-0.623362117095425,-0.6411659478610181,11.0,1.5,-0.23559403097959597,-0.4266705033190133,-0.5224557476302314,7.5,-0.5,0.3108869529389253,0.716991691620141,0.4461599843002295,2.0,0.5,0.31368403164586345,0.3246425614526049,0.3691966233401298,11.75001599999996,1.5,-0.04642190605983642,0.011374481099278575,-0.13495276821558153,17.74998400000004,-2.5,-0.0691274971503353,-0.39993373872954463,-0.285661530081755,22.74998400000004,-1.5,-0.5136984402448458,-0.5784573908682528,-0.577573209082135,17.25001599999996,2.7499840000000404,0.39267031241380096,0.08441831191993461,0.013028622696942766,4.5,-1.7499840000000404,-0.18112303056830723,0.3989966603543266,0.3111512595229011,2.5,1.5,0.27890554279680285,0.21051680225473446,0.17161976927069375
2024-09-24,3.73465373827399,-0.09838423610699643,21.00003199999992,-1.2499840000000404,-0.10385301974671517,-0.34781234077204837,-0.44362562903423103,15.99996800000008,0.9999680000000808,-0.21477254761713954,-0.479988538385598,-0.3882859696879985,25.25001599999996,0.2500159999999596,-0.21941134602727552,-0.6239905188687633,-0.6340235190024455,11.75001599999996,0.7500159999999596,-0.2280234984635335,-0.4208117314941821,-0.5354109940004076,6.999968000000081,-0.5000319999999192,0.29246577164443993,0.7174953641451582,0.4532304174524473,1.0000319999999192,-0.9999680000000808,0.3238535916418129,0.3175618907717553,0.36430598781722057,9.24998400000004,-2.500031999999919,-0.037706269084351665,0.002384304532402271,-0.1536542501248582,19.74998400000004,2.0,-0.05393635598346482,-0.3933842484573642,-0.25873500844681063,23.75001599999996,1.0000319999999192,-0.5088195302137763,-0.5772888529827,-0.571718821871128,15.25001599999996,-2.0,0.3865361973824712,0.07933858742715388,-0.008686276350183438,5.499968000000081,0.9999680000000808,-0.18769423667169993,0.40083636776175635,0.33918608922646776,1.0000319999999192,-1.4999680000000808,0.26454316401668543,0.2111859151041991,0.16225211063584558
2024-09-25,3.78011821058351,4.546447230951989,19.99996800000008,-1.0000639999998384,-0.1847521724642074,-0.3637233690896365,-0.40586793865272586,16.50003199999992,0.5000639999998384,-0.172560459881915,-0.4707093759169177,-0.42842142961678503,24.24998400000004,-1.0000319999999192,-0.29757299360315337,-0.6345178214254846,-0.6150231309464207,11.74998400000004,-3.199999991920777e-05,-0.21007513638509873,-0.4196369311925327,-0.4832309238072301,6.75001599999996,-0.2499520000001212,0.24907714005168177,0.7073518303257131,0.4711412005246533,1.5,0.4999680000000808,0.3452224633594503,0.3386294949916562,0.35031361464112404,8.24998400000004,-1.0,-0.08691528586522955,-0.009690743053647612,-0.12459296609500531,20.00003199999992,0.2500479999998788,-0.06694801905865701,-0.39314289325396695,-0.3361095279871385,24.24998400000004,0.4999680000000808,-0.4724034319471808,-0.5690421587462933,-0.5186552858972405,13.74998400000004,-1.5000319999999192,0.34589847660550704,0.05869821196574703,0.006485097948984694,4.25001599999996,-1.2499520000001212,-0.2122002692374002,0.3821251592778374,0.3280373882186292,2.7500159999999596,1.7499840000000404,0.2925622715828995,0.2351113381254787,0.1908341148516034
2024-09-26,3.787695115065,0.7576904481489954,17.24998400000004,-2.7499840000000404,-0.1902548207049972,-0.3599953389503649,-0.39407898479963926,18.5,1.9999680000000808,-0.1461799457892145,-0.44997282146640155,-0.41278002635390537,22.5,-1.7499840000000404,-0.2814810968841119,-0.6235061380764166,-0.6170579458274349,12.0,0.2500159999999596,-0.19994324214991602,-0.4134452187269154,-0.47765430978795725,7.5,0.7499840000000404,0.2519777770327951,0.710262339393151,0.49058143964879575,1.7499840000000404,0.2499840000000404,0.3589561154421278,0.3468864146299285,0.3792217687630344,3.7499840000000404,-4.5,-0.10500751422763689,-0.02822646920325679,-0.11808406347179377,23.24998400000004,3.249952000000121,-0.043567167932577734,-0.37984114907043587,-0.32119348953564114,20.50003199999992,-3.749952000000121,-0.45576921822747696,-0.5530718533589027,-0.5258534521197914,15.74998400000004,2.0,0.3535992696437801,0.06525339843130593,0.005888046925185935,4.24998400000004,-3.199999991920777e-05,-0.21392482977149865,0.37836549024483945,0.34457543229985693,3.2500159999999596,0.5,0.3055701559955951,0.2507148046442332,0.2064982309762925
2024-09-27,3.74772678139941,-3.996833366558983,16.74998400000004,-0.5,-0.16947658128319865,-0.33727968148367116,-0.3787717552986825,19.5,1.0,-0.15008970796399418,-0.4188348122958548,-0.4226934567900973,22.5,0.0,-0.2617737268471965,-0.5816518246565033,-0.6234458285747077,12.74998400000004,0.7499840000000404,-0.2651627318764082,-0.40104270324975494,-0.4719538771098059,6.000031999999919,-1.4999680000000808,0.3492097265854979,0.6696889001825954,0.5369870006753372,2.999968000000081,1.2499840000000404,0.3461635100424452,0.22691269751028276,0.34761329138511216,4.0,0.2500159999999596,-0.10516301810619723,-0.029367441138680134,-0.12109228747282055,22.5,-0.7499840000000404,0.0036652382160365297,-0.33200289179115067,-0.3103398146504412,21.24998400000004,0.7499520000001212,-0.4326941937114737,-0.5274105624843068,-0.5688153067576723,17.50003199999992,1.7500479999998788,0.26170396084673103,0.05733014916782356,0.025821879321092794,2.2499840000000404,-2.0,-0.128330547514223,0.33687284647625093,0.3608196918864216,3.2499840000000404,-3.199999991920777e-05,0.33562219393387066,0.19614527907769133,0.24052170646348192
2024-09-30,3.80092517012434,5.319838872492966,16.25001599999996,-0.4999680000000808,-0.26287365608519997,-0.35795881101855787,-0.37662568852673656,19.49996800000008,-3.199999991920777e-05,-0.08487008889693738,-0.23869647198531826,-0.42938069913499854,21.00003199999992,-1.4999680000000808,-0.3728870922657377,-0.567265787835709,-0.6415224907217684,12.24998400000004,-0.5,-0.32592068816105957,-0.301307696236744,-0.4631501182153098,7.0,0.9999680000000808,0.48493979943026294,0.6065530092808566,0.614342974403321,4.0,1.0000319999999192,0.36525035815148116,0.15317124105002433,0.3402002340476656,3.2499840000000404,-0.7500159999999596,-0.12262112321527999,-0.27301058353751656,-0.1171934482165242,20.74998400000004,-1.7500159999999596,-0.01153894540868754,-0.16443153339255362,-0.33495318958239495,18.50003199999992,-2.749952000000121,-0.4745883853972886,-0.47205668820912683,-0.5840896685786926,21.99996800000008,4.499936000000162,0.27903941642667923,0.1602248508808912,0.06692500843291227,2.2500159999999596,3.199999991920777e-05,-0.0211815972270101,0.25352776547479167,0.3936412735309708,3.0,-0.2499840000000404,0.29006426625603726,0.20124731439239443,0.22738530058238932
2024-10-01,3.741968738614612,-5.895643150972774,17.25001599999996,1.0,-0.20454013193102835,-0.3737441618221445,-0.38841553889870395,19.75001599999996,0.2500479999998788,-0.08779899411706987,-0.2419118724209169,-0.4270758235196836,21.99996800000008,0.9999360000001616,-0.4261261640050976,-0.5813928470063038,-0.6557898039328053,11.75001599999996,-0.4999680000000808,-0.2780129661084486,-0.2844647893936942,-0.45091310960887493,6.25001599999996,-0.7499840000000404,0.4822117498926052,0.6150799840017495,0.6183967582554359,3.499968000000081,-0.5000319999999192,0.363399089287674,0.17121557041886687,0.34845533579342364,2.2499840000000404,-1.0,0.006082109310673886,-0.24813150451744,-0.10834739983792084,21.0,0.2500159999999596,-0.06666378303437687,-0.16534258575500535,-0.33146918034073836,18.5,-3.199999991920777e-05,-0.4657320787672314,-0.461795867951933,-0.5779859631401894,25.24998400000004,3.2500159999999596,0.22414930034841204,0.11361232354460969,0.04135960674650769,-0.4999680000000808,-2.7499840000000404,0.014772724514324168,0.28416090726696785,0.4059475359835696,1.9999680000000808,-1.0000319999999192,0.28267432047428764,0.20984485076071008,0.23297788742548764
2024-10-02,3.783732089817813,4.176335120320074,18.5,1.2499840000000404,-0.0932504332392174,-0.35038028138467137,-0.36672422891310463,18.25001599999996,-1.5,-0.18668354876963184,-0.16555571106721179,-0.4531324582036573,23.24998400000004,1.2500159999999596,-0.3105064695425658,-0.5019567488262211,-0.6239313809702172,11.5,-0.2500159999999596,-0.14796687792549357,-0.29764660849005525,-0.46220351727593184,6.0,-0.2500159999999596,0.39991031860074167,0.5561841093259815,0.6200194353641092,3.5,3.199999991920777e-05,0.32833537466123947,0.164626661051419,0.34382460984191854,3.7500159999999596,1.5000319999999192,0.06330891529397267,-0.2328165113109384,-0.10672806578735924,17.5,-3.5,-0.2326189068138927,-0.1307506878605039,-0.353949900372733,22.5,4.0,-0.2570008138674497,-0.3659787562595249,-0.5212518510530927,21.25001599999996,-3.999968000000081,0.06559748937888552,0.07277767003551253,-0.0011641585447824127,0.9999680000000808,1.4999360000001616,0.1959683079378395,0.247934049855004,0.4263998002120123,2.500031999999919,0.5000639999998384,0.23146370253673107,0.21274843913871766,0.2320548497002587
2024-10-03,3.848649628344398,6.4917538526584995,18.0,-0.5,-0.17039987447573934,-0.3338052559967792,-0.37766308975709434,18.25001599999996,0.0,-0.10202060914676649,-0.1106500361854047,-0.4533220591260952,20.24998400000004,-3.0,-0.4351836597522224,-0.5089645333571552,-0.6340798417975839,13.0,1.5,-0.0024646095870377817,-0.17440596952218454,-0.4036427566621897,6.62499200000002,0.6249920000000202,0.4357558837407338,0.5188411930609848,0.6419856485118361,3.5,0.0,0.23416219078264286,0.12687941472374753,0.3380519409597345,3.2500159999999596,-0.5,0.028350317634658555,-0.2217234105444049,-0.11123961590093043,17.49996800000008,-3.199999991920777e-05,-0.21829751513352336,-0.07105426067484433,-0.3519707878986904,18.00003199999992,-4.499968000000081,-0.3204431716448054,-0.39930297987206004,-0.543198747782817,24.24998400000004,2.999968000000081,0.09604781581121961,0.10424455621350294,0.031161971918833114,2.12499200000002,1.1250239999999394,0.30787104374644597,0.2271510668286296,0.43663387829171274,3.2500159999999596,0.7499840000000404,0.1363275629065244,0.21252683650270726,0.2383488461393423
2024-10-04,3.9798135511343915,13.116392278999367,16.25001599999996,-1.7499840000000404,-0.27187857702857726,-0.3834717195734122,-0.40308102797661793,16.49996800000008,-1.7500479999998788,-0.3042169719042696,-0.22422174651647475,-0.49298871079250633,15.75001599999996,-4.499968000000081,-0.6333012381611992,-0.6229498477259253,-0.6676403207392267,17.5,4.5,0.3829900933753056,0.12731628275621218,-0.11720799807761174,7.0,0.3750079999999798,0.40885418515657446,0.4988225261063172,0.6322588527389277,5.0,1.5,0.38622275139322587,0.24193464400166176,0.39468418596894955,2.0,-1.2500159999999596,-0.056213290601612474,-0.23271951511141317,-0.10871207863853337,12.25001599999996,-5.249952000000121,-0.4375612097575732,-0.26040306595128826,-0.4322781100861593,15.24998400000004,-2.750047999999879,-0.3616048964040347,-0.4362393143541115,-0.5467464650991043,29.74998400000004,5.5,0.2640960530019397,0.23121398185259492,0.12392428632575597,3.7500159999999596,1.6250239999999394,0.3848218581564073,0.2580315525989083,0.4529022255597472,4.5,1.2499840000000404,0.2187361332626268,0.2305722407262966,0.22465436917338252
2024-10-07,4.0245923119824205,4.477876084802901,13.0,-3.2500159999999596,-0.2831653613705334,-0.4166584863028914,-0.4131372396737871,17.75001599999996,1.2500479999998788,-0.2605699774191652,-0.22434573850763767,-0.47476403305172266,15.24998400000004,-0.5000319999999192,-0.6556641161438699,-0.6107183592068464,-0.6718768320801997,14.74998400000004,-2.7500159999999596,0.2756410874540127,0.06303243680181786,-0.14660803310168824,8.75001599999996,1.7500159999999596,0.5031962813487935,0.48751283574945664,0.6368099463712111,5.75001599999996,0.7500159999999596,0.4071222626654851,0.27072586380274577,0.40259595832916545,2.0,0.0,-0.023478014586687596,-0.20936538711713265,-0.10682175290210907,10.5,-1.7500159999999596,-0.4461512089851116,-0.32661282535788844,-0.44008751445939776,14.37500799999998,-0.8749760000000606,-0.371667872131459,-0.41869191349984297,-0.5547332986734154,26.5,-3.2499840000000404,0.19455256265107607,0.18416982859578743,0.09979645860762325,7.874976000000061,4.124960000000101,0.4260095372818047,0.26202471181710674,0.46350141574147563,5.000031999999919,0.5000319999999192,0.2861481627864342,0.2614563165229772,0.22728767586585316
2024-10-08,4.034378950830937,0.9786638848516382,11.5,-1.5,-0.18882746629274322,-0.41587237107077607,-0.4037305825907963,20.0,2.2499840000000404,-0.2931300812903616,-0.21385325281921014,-0.4536348073588608,15.24998400000004,0.0,-0.6535156011416764,-0.604877530240669,-0.6723149681400828,13.25001599999996,-1.4999680000000808,0.31508518318759265,0.041143944773608096,-0.14489680264840657,9.75001599999996,1.0,0.4977301967205137,0.49287281450902715,0.6403709268921199,5.999968000000081,0.2499520000001212,0.3132006068774186,0.28358880642889245,0.4019089527400497,3.2500159999999596,1.2500159999999596,-0.08755966569536763,-0.20134216828924514,-0.0836065367552041,10.49996800000008,-3.199999991920777e-05,-0.3695504885516419,-0.31472407569584426,-0.44618425624753916,13.00003199999992,-1.3749760000000606,-0.3548490425207333,-0.4313448080885726,-0.5520227681775557,24.99996800000008,-1.5000319999999192,0.20512310215180413,0.18102831980510178,0.09729214370174259,11.50003199999992,3.6250559999998586,0.3120832133652173,0.25612358440533844,0.45440900910330095,3.7499840000000404,-1.2500479999998788,0.35332845687098874,0.2516824181216714,0.23494539892307875
2024-10-09,4.065703853198389,3.1324902367452445,14.0,2.5,-0.1550423273457258,-0.36181891898821283,-0.3579289648620618,16.0,-4.0,-0.271803006283583,-0.26223285780762495,-0.4498729833482751,14.12499200000002,-1.1249920000000202,-0.6533412963971351,-0.5967880376344099,-0.6751784397175655,13.37500799999998,0.1249920000000202,0.31407327728041595,0.08441685524269198,-0.12476167323325194,10.25001599999996,0.5,0.498308716658107,0.46795433318017365,0.6413889269662114,5.74998400000004,-0.2499840000000404,0.3960961929766398,0.2893930293984358,0.39023892697554147,2.8749760000000606,-0.375039999999899,-0.08193981614492081,-0.2401867810914059,-0.054827774412468694,10.62502399999994,0.1250559999998586,-0.38056409737394803,-0.31695328062685474,-0.4681295428888839,13.0,-3.199999991920777e-05,-0.3566331002606781,-0.42609048763534085,-0.5521276854652116,18.24998400000004,-6.74998400000004,0.14738449374068818,0.15926876516491023,0.08656712706284439,16.25001599999996,4.74998400000004,0.33289606943837374,0.23309521373984454,0.4515476236563718,3.62499200000002,-0.1249920000000202,0.36182187390465403,0.27198346391374095,0.22241551606081567
2024-10-10,4.093207165111977,2.750331191358768,15.0,1.0,-0.141889261914445,-0.36490885280030066,-0.3495078542839569,16.24998400000004,0.2499840000000404,-0.286829283930438,-0.264602375713583,-0.4468188934729642,12.75001599999996,-1.3749760000000606,-0.651213434376177,-0.5916926937179451,-0.6754048398204984,14.5,1.1249920000000202,0.3172695633493577,0.10047953612860351,-0.11534561863911631,9.0,-1.2500159999999596,0.44926202193713405,0.4283658796734642,0.6206207604509435,6.0,0.2500159999999596,0.4341101209780875,0.28661974921700684,0.39386245386852053,5.5,2.6250239999999394,-0.062184347868247156,-0.19545687447282672,-0.04378870877138247,9.0,-1.6250239999999394,-0.4260992208441467,-0.3452839821839487,-0.47072466375387967,10.75001599999996,-2.2499840000000404,-0.3596180175577202,-0.4220516835537021,-0.5536409668765997,18.24998400000004,0.0,0.14618307968613334,0.17603063575694114,0.08537641952035081,17.0,0.7499840000000404,0.3544539625789272,0.24583481849834818,0.4522828636287647,3.2499840000000404,-0.3750079999999798,0.38772295035544585,0.24025664747512512,0.2256022633030067
2024-10-11,4.071780862900979,-2.1426302210998394,16.24998400000004,1.2499840000000404,-0.161244301465863,-0.31969361272033225,-0.3511260646804014,16.00003199999992,-0.2499520000001212,-0.23052359113004064,-0.3126802102402891,-0.4513971955681375,13.99996800000008,1.2499520000001212,-0.6580188637633136,-0.613469386027856,-0.6723976257021855,13.00003199999992,-1.4999680000000808,0.3518553564124318,0.1866991921713514,-0.10123823970176359,9.24998400000004,0.2499840000000404,0.40545834591155905,0.3843917324759235,0.624067127040019,5.5,-0.5,0.4594835027253915,0.40861988316810244,0.3945911112714875,5.24998400000004,-0.2500159999999596,-0.0902149804789611,-0.12718081677412707,-0.042015548520700254,10.25001599999996,1.2500159999999596,-0.4182870227623552,-0.4066157170232574,-0.4889600856678984,10.75001599999996,0.0,-0.30173615089516503,-0.45137467390023767,-0.5462355024378064,17.24998400000004,-1.0,0.11078277424724936,0.20758449938937235,0.08791793783186747,17.74998400000004,0.7499840000000404,0.41464649010861027,0.22713500974167503,0.44691415555281455,3.2500159999999596,3.199999991920777e-05,0.29999128316733925,0.26306411901244875,0.23012234316388255
2024-10-15,4.036554660866552,-3.522620203442628,16.0,-0.2499840000000404,-0.1697828220675093,-0.31109596671573597,-0.3462926603259644,17.0,0.9999680000000808,-0.21790717634322973,-0.3051387825802709,-0.4522597575586548,13.5,-0.4999680000000808,-0.6015621382958024,-0.6130242500273426,-0.6699918081377696,13.5,0.4999680000000808,0.28468075657046044,0.1732058067680206,-0.09321043712366646,7.5,-1.7499840000000404,0.46014389730360844,0.4024172086697849,0.6371970654104131,6.0,0.5,0.4787325918711969,0.4081946983250118,0.3849947520586099,3.999968000000081,-1.2500159999999596,0.05243638845765163,-0.08463867031504686,-0.024146652197335316,12.50003199999992,2.2500159999999596,-0.4315548162995664,-0.4201575160949674,-0.4926336709322947,9.62499200000002,-1.1250239999999394,-0.28156782758936544,-0.43849325261006,-0.5394470260384511,17.24998400000004,0.0,0.1203582771863199,0.20747660064151105,0.09837389889316,15.87500799999998,-1.8749760000000606,0.4299236491481636,0.23451342314393814,0.4510246112138561,3.7499840000000404,0.4999680000000808,0.2194589531894977,0.2799121889706506,0.22353843523315736
2024-10-16,4.015088690798752,-2.1465970067800377,16.5,0.5,-0.1951969419357064,-0.32009843655857706,-0.35646837668079195,17.74998400000004,0.7499840000000404,-0.2377676056738298,-0.30965983659482055,-0.45052629915817033,12.50003199999992,-0.9999680000000808,-0.6199075280729625,-0.6055951420766805,-0.659863012836426,14.24998400000004,0.7499840000000404,0.26859554627967,0.16765086159410425,-0.0986275381333375,7.24998400000004,-0.2500159999999596,0.4654095048027221,0.4277236230964349,0.6367026034364758,6.500031999999919,0.5000319999999192,0.4492435294827269,0.3891799654003482,0.38751363032796526,2.2499840000000404,-1.7499840000000404,0.0937712852656661,-0.09285459844302023,-0.02740253872182116,14.25001599999996,1.7499840000000404,-0.4572225263635165,-0.4188272734481862,-0.4913833896397499,9.0,-0.6249920000000202,-0.3305708580496157,-0.44313668884422525,-0.5363635278947373,19.0,1.7500159999999596,0.09869331025918962,0.20596660946321932,0.08899874673203038,13.25001599999996,-2.62499200000002,0.47261009377161756,0.24359370409854686,0.4499961643001185,3.499968000000081,-0.2500159999999596,0.22345571210682127,0.29507295913869164,0.22922894572936883
2024-10-17,4.095489835131741,8.040114433298928,15.0,-1.5,-0.2569418025446572,-0.3435380280548205,-0.3759178889923015,17.24998400000004,-0.5,-0.25732322334048424,-0.3238394894652769,-0.4538928799708773,12.50003199999992,0.0,-0.6054077410706692,-0.5810765301193258,-0.6481278299927477,12.24998400000004,-2.0,0.175656473669835,0.11865565534358267,-0.13568641576190976,7.74998400000004,0.5,0.48890052096511977,0.4175039927185612,0.6426420134306061,7.000031999999919,0.5,0.4399104555234166,0.37862067287020373,0.39343344994873003,1.0,-1.2499840000000404,0.06255225778479057,-0.10036025065834625,-0.04305276995015452,12.74998400000004,-1.5000319999999192,-0.5838291541869441,-0.4528669859625899,-0.5005990561540397,8.75001599999996,-0.2499840000000404,-0.26511080848562574,-0.4156119979155217,-0.5314144384334442,18.25001599999996,-0.7499840000000404,0.051087922982193223,0.2025823622445561,0.08224845280372395,14.49996800000008,1.2499520000001212,0.5350791162607648,0.2400171605883839,0.45449407435818007,2.500031999999919,-0.9999360000001616,0.12526236796494822,0.2766864892146897,0.2182252802511338
2024-10-18,4.073990109813237,-2.1499725318504304,16.0,1.0,-0.35178048414386665,-0.33885800586519355,-0.37887955668584644,16.5,-0.7499840000000404,-0.247979068295893,-0.3170401539352289,-0.44309098408825986,13.24998400000004,0.7499520000001212,-0.6510068809547209,-0.5760596115709526,-0.6478696556741275,11.00003199999992,-1.2499520000001212,0.2491319078707858,0.12992252956747483,-0.13060302884538033,7.999968000000081,0.2499840000000404,0.45431616660911067,0.38567369024914183,0.639783669284471,6.75001599999996,-0.2500159999999596,0.4405590392698808,0.4018551284140471,0.38652868090117937,3.0,2.0,-0.0708681399311625,-0.12383145180775776,-0.0346496261328057,10.5,-2.2499840000000404,-0.5541979609987993,-0.4352258520965188,-0.48107987788838286,10.74998400000004,1.9999680000000808,-0.28872024682291253,-0.40798280373197743,-0.5392439724305912,16.50003199999992,-1.7499840000000404,0.07419839228870942,0.21379903030799638,0.08752890773710606,13.99996800000008,-0.5,0.5238067433598518,0.21152197408256584,0.4488231700949077,4.75001599999996,2.2499840000000404,0.21715398607084385,0.2661734969690138,0.2180608541601702
2024-10-21,4.180711474596794,10.672136478355743,16.0,0.0,-0.28934958831622315,-0.3236289279088089,-0.36293814293754456,14.0,-2.5,-0.42193032165165034,-0.3652084947184151,-0.4796046098523315,11.5,-1.7499840000000404,-0.6684980285363691,-0.6015868682558239,-0.662504203209276,10.24998400000004,-0.7500479999998788,0.2208565756068753,0.08891884595275483,-0.14391890671048735,8.25001599999996,0.2500479999998788,0.4923291366450382,0.40818188296979596,0.6337915773706239,7.0,0.2499840000000404,0.39015446719585367,0.3593277953205655,0.38337119733765096,2.000031999999919,-0.9999680000000808,-0.059118484733916996,-0.1396447188348932,-0.041908114064187145,7.499968000000081,-3.000031999999919,-0.6205941567747949,-0.46077305265978724,-0.5142817133629445,8.75001599999996,-1.9999680000000808,-0.3548297549620285,-0.4350935303520148,-0.5488033516579975,15.25001599999996,-1.2500159999999596,0.04812381969907335,0.17929607396226727,0.06718661365379558,17.49996800000008,3.5,0.5858131516944044,0.28164346780377464,0.4872578828637355,1.5000319999999192,-3.2499840000000404,-0.10599755473082013,0.14485539469072084,0.14504144493407395
2024-10-22,4.204637006633451,2.3925532036656705,15.24998400000004,-0.7500159999999596,-0.30640814485540063,-0.29428961133263754,-0.35917879155883725,13.75001599999996,-0.2499840000000404,-0.4667147604776528,-0.36360031874022597,-0.47515651668642983,10.0,-1.5,-0.6644224517536015,-0.5899886461246611,-0.6617622046824047,10.5,0.2500159999999596,0.24187704079307748,0.10500867928278601,-0.13114129591982307,9.25001599999996,1.0,0.47541279009277454,0.4073185674745862,0.6507406822177652,6.74998400000004,-0.2500159999999596,0.39100514808304904,0.3572792301982741,0.3696351698826061,1.2499840000000404,-0.7500479999998788,-0.042607530781386294,-0.1201127835210117,-0.05079869127026471,7.000031999999919,-0.4999360000001616,-0.6492860049151614,-0.457719392053135,-0.5077181933515578,5.999968000000081,-2.750047999999879,-0.35420336797903595,-0.4601217099996556,-0.5481323898824554,13.75001599999996,-1.5,0.06323254441023436,0.2052933459961703,0.06555419064221675,22.25001599999996,4.750047999999879,0.5437058994060466,0.29319107687313917,0.4889300092978185,-3.199999991920777e-05,-1.5000639999998384,-0.08873583396157854,0.10796358538239473,0.13330748333452036
2024-10-23,4.24060758081238,3.5970574178929127,15.75001599999996,0.5000319999999192,-0.319753671851359,-0.2871930659533395,-0.35469586145349513,13.49996800000008,-0.2500479999998788,-0.4572102293052309,-0.36460753276047353,-0.475643696020512,9.50003199999992,-0.4999680000000808,-0.6547169699667176,-0.5917947317671164,-0.6617610721339371,9.49996800000008,-1.0000319999999192,0.24955726185294305,0.09505575528207431,-0.14060812973008494,10.00003199999992,0.7500159999999596,0.4679358751086792,0.42595101880383984,0.6569623873791948,6.74998400000004,0.0,0.3746576405311179,0.35986915840439715,0.3704141026531439,1.5,0.2500159999999596,-0.07492189315728162,-0.11702455348470155,-0.050885956127493644,9.25001599999996,2.2499840000000404,-0.5994512695478142,-0.4342763135544571,-0.4905825541322521,2.999968000000081,-3.0,-0.34183152259952726,-0.4670964208922181,-0.5504750350404178,13.00003199999992,-0.7499840000000404,0.04468189587094803,0.20221096837300603,0.062252911928365344,22.99996800000008,0.7499520000001212,0.5473295456920478,0.2941360229473195,0.48890246804044774,1.5000319999999192,1.5000639999998384,-0.10463371585956026,0.11898471750887182,0.14758499967627883
2024-10-24,4.200798388336124,-3.980919247625625,13.74998400000004,-2.000031999999919,-0.21406486070628306,-0.23932601697928474,-0.32444574122583686,16.24998400000004,2.7500159999999596,-0.526580679227176,-0.394173590926901,-0.48449744628595875,10.25001599999996,0.7499840000000404,-0.6766540538475853,-0.5996077143060755,-0.6629570043092406,9.75001599999996,0.2500479999998788,0.22389210633909118,0.08425664569610321,-0.1478562488520741,9.74998400000004,-0.2500479999998788,0.4900570456643856,0.42899097211239146,0.65667251383944,6.0,-0.7499840000000404,0.4350895441027596,0.3803684296895744,0.3864187689484101,1.4999680000000808,-3.199999991920777e-05,-0.0782982646349354,-0.11781541493254223,-0.04933780264277243,11.25001599999996,2.0,-0.6409565048402626,-0.4497368166181777,-0.49714419343256266,4.0,1.0000319999999192,-0.4065983196268901,-0.4746427287693367,-0.5523972109709733,13.25001599999996,0.2499840000000404,0.0475003443776487,0.19357974374971115,0.05656183638130262,22.37497600000006,-0.6249920000000202,0.5968663866147982,0.30226165268953487,0.48756439076425895,0.5,-1.0000319999999192,-0.08790009860329527,0.12808788257855033,0.1600182251305134
2024-10-25,4.23093546468221,3.0137076346085756,12.0,-1.7499840000000404,-0.2592201976225873,-0.24793969686155085,-0.33582921407580635,17.0,0.7500159999999596,-0.5238167787539323,-0.3874208735427732,-0.47805955347462237,10.5,0.2499840000000404,-0.6863729031890681,-0.5945008285280572,-0.6612614572529115,9.0,-0.7500159999999596,0.22349511672854408,0.07873447285782255,-0.14901308809576988,8.0,-1.7499840000000404,0.4434112636269079,0.38637917605481825,0.6296220496121131,7.5,1.5,0.40867040312207803,0.3869364406487359,0.3950288065493466,-1.2499840000000404,-2.749952000000121,-0.1541933933501569,-0.13110498995769848,-0.06357869576490174,12.74998400000004,1.4999680000000808,-0.6457018641582175,-0.438707394261038,-0.4931786682965829,4.74998400000004,0.7499840000000404,-0.4348456465649145,-0.46674544242324184,-0.5460321506843706,12.50003199999992,-0.7499840000000404,0.05655822444809963,0.19122183203355111,0.05480657742268657,18.99996800000008,-3.37500799999998,0.5345009939173131,0.2741822863450467,0.45975297621676564,6.000031999999919,5.500031999999919,-0.02949155875346192,0.14599581983014895,0.1847465024713273
2024-10-28,4.277071897745187,4.613643306297721,11.50003199999992,-0.4999680000000808,-0.28468006471145696,-0.25248018381536796,-0.3280345647554549,16.99996800000008,-3.199999991920777e-05,-0.5006826580367136,-0.3846858196560692,-0.45277702745152365,10.00003199999992,-0.4999680000000808,-0.6852904196363225,-0.5992897746103104,-0.6413871788524937,8.74998400000004,-0.2500159999999596,0.27477058374865493,0.07287888003342702,-0.12735087908423184,6.62499200000002,-1.3750079999999798,0.324616981821372,0.3457786388021693,0.559347748384473,8.25001599999996,0.7500159999999596,0.5692741637363262,0.42123742579290285,0.3383204772589543,-1.0,0.2499840000000404,-0.12504207683547644,-0.12541091379924593,-0.05939419512782188,12.74998400000004,0.0,-0.6723013177883034,-0.43775080237065556,-0.47069903521726986,4.25001599999996,-0.4999680000000808,-0.4002039254743195,-0.46236407833269744,-0.5233351323693429,12.5,-3.199999991920777e-05,0.10796660395077895,0.18395220403429205,0.0592821866931415,17.12502399999994,-1.8749440000001414,0.45752536185178083,0.26698459670016134,0.413410645657437,7.499968000000081,1.4999360000001616,-0.01953677867086674,0.16691964034030604,0.14761700228751304
2024-10-29,4.273147129796996,-0.3924767948190855,10.24998400000004,-1.2500479999998788,-0.25578697790022603,-0.26897699742134246,-0.32980266101082945,17.00003199999992,6.399999983841553e-05,-0.5053982543180529,-0.37109202153874515,-0.34839430014901623,10.24998400000004,0.2499520000001212,-0.6849522771073888,-0.6114231513630481,-0.6322622922162507,9.74998400000004,1.0,0.25423292547723136,0.05622270739824195,-0.04100190278633045,6.75001599999996,0.1250239999999394,0.29844333697176584,0.35782040792635167,0.4879156306672794,7.75001599999996,-0.5,0.5704714138702858,0.41551365020237374,0.27552955144485697,-2.5,-1.5,-0.08321446133332103,-0.11825277440045885,-0.22923757262923164,10.74998400000004,-2.0,-0.628633564419533,-0.4150393090492621,-0.3623352426862098,6.000031999999919,1.7500159999999596,-0.40251281468141104,-0.46113766130602035,-0.46685258260818646,13.49996800000008,0.9999680000000808,0.04610790322993818,0.15382314467606611,0.0940061262943959,15.25001599999996,-1.8750079999999798,0.4850308106256204,0.3132218455111658,0.3723379535378643,8.75001599999996,1.2500479999998788,-0.028321470305294718,0.15352693081605417,0.14377921665207705
2024-10-30,4.2632051462669915,-0.9941983530004528,9.99996800000008,-0.2500159999999596,-0.19134352301749175,-0.21402329132442874,-0.3256549008326673,15.25001599999996,-1.7500159999999596,-0.4615261900859184,-0.35832251876819626,-0.3384333095182945,11.5,1.2500159999999596,-0.6728170359021792,-0.6222300113393129,-0.6336895916025247,10.25001599999996,0.5000319999999192,0.23130698774839323,0.06650152109599052,-0.04501881849040706,8.24998400000004,1.4999680000000808,0.17142257477354936,0.30066651650414283,0.4679032266099308,7.0,-0.7500159999999596,0.5499319958980484,0.4020995306003903,0.28118976044594024,-2.000031999999919,0.4999680000000808,-0.1650488601838228,-0.06283511559236214,-0.22748570446749378,9.25001599999996,-1.4999680000000808,-0.6164677469213066,-0.44190537756029274,-0.35898571463774215,7.0,0.9999680000000808,-0.42728109366483835,-0.4684142944056173,-0.4673406943792497,15.0,1.5000319999999192,0.15960739789503536,0.17427246050493056,0.08998125871105762,13.75001599999996,-1.5,0.43718372197003547,0.2980020115508041,0.37509374597168454,11.74998400000004,2.999968000000081,-0.15669794654674388,0.11260362890391581,0.12932357759240892
2024-10-31,4.283366512404326,2.0161366137334547,11.49996800000008,1.5,-0.21882252197378999,-0.18560531554496176,-0.3228864623658314,15.50003199999992,0.2500159999999596,-0.4565891240991953,-0.37173311202418885,-0.2924707246857712,10.49996800000008,-1.0000319999999192,-0.7257285931404687,-0.613870070202103,-0.6229378495383722,10.00003199999992,-0.2499840000000404,0.2347674287909362,0.12896021100857682,-0.04354263403787572,7.999968000000081,-0.2500159999999596,0.18064211904615937,0.2693752449601639,0.4306246740628173,6.000031999999919,-0.9999680000000808,0.5246856587458439,0.37912166396984803,0.27250981455696915,0.5,2.500031999999919,-0.18949292068271306,-0.051684804632956736,-0.22060191778709934,8.74998400000004,-0.5000319999999192,-0.6265547193658608,-0.4748072387702585,-0.3318892183166813,6.000031999999919,-0.9999680000000808,-0.5571249366416946,-0.42518389712759075,-0.4593646272608718,13.74998400000004,-1.2500159999999596,0.19759943881682468,0.1304033885382931,0.0860884822882071,14.74998400000004,0.9999680000000808,0.4327791457018624,0.36817620994684525,0.35743873552001987,11.75001599999996,3.199999991920777e-05,-0.1555648190297438,0.06420170604113783,0.12719386796012336
2024-11-01,4.3623530950082365,7.898658260391045,12.50003199999992,1.0000639999998384,-0.150154316307782,-0.1721835941855991,-0.28060750538634316,13.74998400000004,-1.7500479999998788,-0.5025382634430782,-0.36660053236738965,-0.29636760192135947,11.24998400000004,0.7500159999999596,-0.6173000749673727,-0.5570143071260977,-0.5792660707092139,9.00003199999992,-1.0,0.15375390085384,0.09817924382878955,-0.03822439050235398,9.24998400000004,1.2500159999999596,0.2180442844039218,0.30303478786316157,0.4202050738856466,6.0,-3.199999991920777e-05,0.5134732296461751,0.3326171596042105,0.24957992587139505,0.2499840000000404,-0.2500159999999596,-0.17992567459498815,-0.06403469202050611,-0.20962266812244848,10.0,1.2500159999999596,-0.5651323757218322,-0.4272327589270792,-0.28431243321657457,3.5,-2.500031999999919,-0.5716692383423383,-0.41843441688286964,-0.46894214534797335,12.74998400000004,-1.0,0.12448333833672384,0.08557346962842682,0.06783279250361932,17.00003199999992,2.250047999999879,0.4515890109800752,0.4217009678485087,0.3598267926555379,12.49996800000008,0.7499520000001212,-0.15063735592021885,-0.008234640596432079,0.1272142241908531
2024-11-04,4.307894778733157,-5.4458316275079355,14.74998400000004,2.249952000000121,-0.16457794456879213,-0.21212291807341138,-0.30097425039149406,13.00003199999992,-0.7499520000001212,-0.39161906621001985,-0.3487143383166524,-0.2899533392206464,11.24998400000004,0.0,-0.3885675629877811,-0.5332271330709302,-0.5759637565158876,9.5,0.4999680000000808,-0.4399710030992703,0.04906943968625838,-0.05528867710290246,9.74998400000004,0.5,0.17179230392598677,0.2676019573032103,0.39571520285807454,6.75001599999996,0.7500159999999596,0.21975348451497745,0.31177227840976984,0.23544447550251796,0.7500159999999596,0.5000319999999192,-0.12791739101955138,-0.08117512729564583,-0.20643772840813135,10.0,0.0,-0.3524274905807372,-0.4004514987275464,-0.29008861170828387,3.7500159999999596,0.2500159999999596,-0.5119827976021469,-0.4030425997296946,-0.4644032685591197,12.49996800000008,-0.2500159999999596,-0.3153492641637814,0.05143263075386663,0.07038677497980142,16.75001599999996,-0.2500159999999596,0.47612083973341435,0.4287470671071657,0.35322682550838413,13.0,0.5000319999999192,-0.22635460051585313,0.014010680456714397,0.120166930572212
2024-11-05,4.287361159955532,-2.053361877762505,15.24998400000004,0.5,-0.11285445086857405,-0.2061143587042578,-0.3121250386457456,13.50003199999992,0.5,-0.4508870308779404,-0.3473521112153235,-0.31017631573026483,11.99996800000008,0.7499840000000404,-0.4088625426571768,-0.5550228870345073,-0.5644218749568344,9.50003199999992,3.199999991920777e-05,-0.4301626237435565,0.03397241353903745,-0.061676478422979034,11.49996800000008,1.7499840000000404,0.04525378942996988,0.24191504692964602,0.3360759676533955,5.500031999999919,-1.2499840000000404,0.24704910822395912,0.3408118124673076,0.257077609619458,-0.5,-1.2500159999999596,-0.0925175128399541,-0.05075730231928341,-0.18089409447656202,10.75001599999996,0.7500159999999596,-0.3413995209065476,-0.39945663137706744,-0.33202361175204054,5.24998400000004,1.4999680000000808,-0.5344851664221073,-0.41843153537364797,-0.45074982874590164,12.0,-0.4999680000000808,-0.2851403847179157,0.03909918151520509,0.06273195073105499,18.0,1.2499840000000404,0.43321791786389574,0.4228145358630339,0.32759336249740606,11.0,-2.0,-0.1659297808251492,0.06316695446082239,0.1461690366905189
2024-11-06,4.424571791178695,13.721063122316313,15.99996800000008,0.7499840000000404,-0.050551531073778196,-0.1097147413238731,-0.26865493239483057,12.87500799999998,-0.6250239999999394,-0.4279326472433171,-0.35416742438728877,-0.31490770189281825,10.0,-1.9999680000000808,-0.5331653397767516,-0.5759336530545051,-0.5870128308514836,8.5,-1.0000319999999192,-0.4897486675669304,0.0016953356691038284,-0.10574325406195557,11.74998400000004,0.2500159999999596,0.06102321018767541,0.2346961143348129,0.333019233560929,6.25001599999996,0.7499840000000404,0.3383861833292724,0.3114010358478094,0.2888620080674738,-5.0,-4.5,-0.3707384049049884,-0.22064522019037647,-0.2676569636089579,13.87497600000006,3.124960000000101,-0.04885368254908106,-0.21439946476067218,-0.22501362603091818,2.2500159999999596,-2.999968000000081,-0.6194646171086682,-0.44562493265322634,-0.4884161763344973,8.5,-3.5,-0.4146979972523798,-0.04101628426707098,0.00025224212166962307,20.25001599999996,2.2500159999999596,0.48140319493412526,0.4039282784267248,0.3479118871668438,12.99996800000008,1.9999680000000808,-0.04105388580721029,0.13610326538079642,0.17196222289600316
2024-11-07,4.341309995365306,-8.326179581338966,16.25001599999996,0.2500479999998788,-0.0858071892314965,-0.12725267094574086,-0.26257807059043353,14.0,1.1249920000000202,-0.542013479227745,-0.3729103577134768,-0.3521457599525207,10.75001599999996,0.7500159999999596,-0.5634549525341259,-0.5804936148213998,-0.58001445595706,9.49996800000008,0.9999680000000808,-0.5577083288943171,-0.05337599049983168,-0.1055021597672745,12.25001599999996,0.5000319999999192,0.012849875551160208,0.1973909373820285,0.27317703002506244,7.0,0.7499840000000404,0.21430479336383398,0.29751310982630075,0.26154877068340937,-0.5000319999999192,4.499968000000081,-0.5065999728939478,-0.31419654314285494,-0.34659559718781596,10.50003199999992,-3.3749440000001414,0.12773651845675285,-0.11845462922757685,-0.15842583094041185,3.999968000000081,1.7499520000001212,-0.6691276884330348,-0.4864513779214182,-0.4982905538567116,13.25001599999996,4.75001599999996,-0.6629879751701551,-0.15775762294736875,-0.040491184255425174,22.0,1.7499840000000404,0.3930826050750406,0.36024435205812333,0.29032844664143226,7.25001599999996,-5.749952000000121,0.21207070608126583,0.26437097603457277,0.2514235903585016
2024-11-08,4.307218042973315,-3.4091952391990255,17.37500799999998,1.1249920000000202,-0.1325282715522223,-0.14506320836886316,-0.28203066548174394,15.12502399999994,1.1250239999999394,-0.5672684158084698,-0.40127084852901534,-0.3620719561012446,10.37497600000006,-0.375039999999899,-0.5487622667073774,-0.5702764705921214,-0.5674381625737744,9.75001599999996,0.2500479999998788,-0.6228004343201432,-0.05891784649055008,-0.10566058089896462,12.62499200000002,0.3749760000000606,0.023402205363819564,0.1861438498637156,0.26275115301428936,4.74998400000004,-2.2500159999999596,0.27683637795031524,0.3480044240989836,0.2786711038390077,3.2499840000000404,3.7500159999999596,-0.5734977213820033,-0.3511416650411475,-0.3500791060306361,10.50003199999992,0.0,0.1415022881421688,-0.13298058380191943,-0.1697959683260517,3.624960000000101,-0.3750079999999798,-0.6650876146873557,-0.48346760701179997,-0.48826045952539243,17.62502399999994,4.37500799999998,-0.6534977259783409,-0.1942792684993604,-0.05294118055136978,19.75001599999996,-2.2499840000000404,0.41927281823494383,0.39222232162069315,0.3086146323609911,5.74998400000004,-1.5000319999999192,0.23898739863984897,0.2794490855233326,0.24009515539731519
2024-11-12,4.4324425253148,12.522448234148431,16.00003199999992,-1.3749760000000606,-0.20516606493767403,-0.17720296290202045,-0.2731218825280955,14.74998400000004,-0.375039999999899,-0.5518882112109803,-0.3747545344377941,-0.39363267199009244,9.0,-1.3749760000000606,-0.5865796570638993,-0.5704896278584183,-0.5857349813109964,8.24998400000004,-1.5000319999999192,-0.7544222607415288,-0.11558603236664308,-0.11236903236994876,12.75001599999996,0.1250239999999394,0.01859198347168259,0.16217962907476097,0.22858214068964774,5.75001599999996,1.0000319999999192,0.3393136417147197,0.38082798475088725,0.36812535904761123,2.5,-0.7499840000000404,-0.5568550899708927,-0.3684678534362202,-0.3225407103654498,9.25001599999996,-1.2500159999999596,0.08706106808082993,-0.1368437167473524,-0.2133761243971279,2.499968000000081,-1.1249920000000202,-0.6455426436599135,-0.4522202135753046,-0.5017066459595735,14.25001599999996,-3.37500799999998,-0.7263181464036468,-0.2794524265676731,-0.08823381452217523,23.0,3.2499840000000404,0.501737457209716,0.45998238571398203,0.33859054285893675,8.0,2.2500159999999596,0.29354181389706935,0.29202444991604093,0.28012429959273627
2024-11-13,4.450173416179437,1.7730890864637416,14.25001599999996,-1.7500159999999596,-0.204527134146082,-0.18121698260997146,-0.2719089550338296,15.74998400000004,1.0,-0.5224368208344728,-0.35540826685202875,-0.3788005817764829,8.0,-1.0,-0.6012617101490302,-0.5554621022255777,-0.5937463227808364,9.5,1.2500159999999596,-0.6951893607375319,-0.1398233709077929,-0.10987620804499769,11.74998400000004,-1.0000319999999192,-0.08210808168118129,0.14611012329064493,0.2181226986507752,6.500031999999919,0.7500159999999596,0.3670552834215545,0.40261650342659644,0.37877864146272466,0.2499840000000404,-2.2500159999999596,-0.5808429142982547,-0.3392630657056148,-0.310489511580066,10.0,0.7499840000000404,0.1526528532402586,-0.11667433874834915,-0.21005672821696567,1.0,-1.4999680000000808,-0.6741043780059308,-0.4537326071472255,-0.5029649075118782,16.74998400000004,2.499968000000081,-0.7131419644704545,-0.27710299620753764,-0.08467403309053216,22.75001599999996,-0.2499840000000404,0.47824554543081127,0.4502126690351837,0.33283460705942997,6.75001599999996,-1.2499840000000404,0.30385811339337704,0.27754777307942924,0.29197648251468944
2024-11-14,4.418672634943065,-3.15007812363719,14.99996800000008,0.7499520000001212,-0.2150841249234151,-0.1979654786351033,-0.28101721614877234,15.25001599999996,-0.4999680000000808,-0.48293355622969997,-0.3441131881592107,-0.37035847383947273,8.5,0.5,-0.6604941615516341,-0.5907012435980507,-0.6030541826827795,10.0,0.5,-0.6964312837369323,-0.14981056625300035,-0.11306027791304123,11.0,-0.7499840000000404,-0.050567456105040265,0.16731641158107266,0.2400510444618372,6.75001599999996,0.2499840000000404,0.37446007665330144,0.3940410006697951,0.36497484814253556,0.0,-0.2499840000000404,-0.6106695490914955,-0.33797826763110833,-0.3261866952462355,9.0,-1.0,0.21573542624219716,-0.10525964334993886,-0.19293031349986373,2.5,1.5,-0.7027634494135498,-0.5035328524586329,-0.5158297318801243,16.25001599999996,-0.4999680000000808,-0.6814385735630232,-0.2695631896660304,-0.07686716309604635,22.49996800000008,-0.2500479999998788,0.46094690790368303,0.4557580818177365,0.3315886801974049,6.25001599999996,-0.5,0.3074074520782586,0.2811714315333928,0.3026050251049823
2024-11-15,4.42464060815544,0.5967973212374744,15.24998400000004,0.2500159999999596,-0.16388269639334696,-0.20704015130103598,-0.2740046917389073,12.75001599999996,-2.5,-0.41900939565220924,-0.3288183175828236,-0.3611253452920573,9.75001599999996,1.2500159999999596,-0.6678733483999811,-0.6053351676268118,-0.5956941073269401,8.49996800000008,-1.5000319999999192,-0.6222438489723051,-0.1314563457941686,-0.09731543158577753,10.75001599999996,-0.2499840000000404,-0.06691493339187594,0.17534731771090026,0.22153598472904773,6.75001599999996,0.0,0.3571449919149176,0.3890474974785855,0.35648979855817137,0.9999680000000808,0.9999680000000808,-0.6028806464155868,-0.3361773524799846,-0.3182550922275102,6.75001599999996,-2.2499840000000404,0.26641625053229806,-0.13267336885401151,-0.19663168805188888,3.7500159999999596,1.2500159999999596,-0.7179155572943078,-0.49848678478529646,-0.5062612361732622,12.74998400000004,-3.500031999999919,-0.6315041530335039,-0.2677694814288821,-0.06876979291801551,20.74998400000004,-1.7499840000000404,0.4521691437867855,0.48512271890125414,0.32047730663914376,8.50003199999992,2.2500159999999596,0.3301935097026627,0.2595717936167454,0.30627127599964415
2024-11-18,4.412858708502937,-1.1781899652502759,15.0,-0.2499840000000404,-0.13301588706707007,-0.23301929992491535,-0.26235908518092416,12.74998400000004,-3.199999991920777e-05,-0.4412149376076667,-0.3366038095927896,-0.36354077549001396,8.50003199999992,-1.2499840000000404,-0.609613112351652,-0.59928617438448,-0.576072216649778,9.74998400000004,1.2500159999999596,-0.6949261993056763,-0.12862533196252138,-0.10744261973704039,11.0,0.2499840000000404,-0.06628439213749172,0.16214119707087668,0.19834759127747278,6.5,-0.2500159999999596,0.35659451030406036,0.3845498166015956,0.3708044879235646,1.5,0.5000319999999192,-0.593124440999238,-0.38559687075933186,-0.3257545236161433,6.0,-0.7500159999999596,0.2445392268849087,-0.13837763366287797,-0.1970133045259735,2.7499840000000404,-1.0000319999999192,-0.6967194634138509,-0.4851515851317115,-0.49226426822191616,15.25001599999996,2.500031999999919,-0.672535511849267,-0.2832993802769661,-0.07497812183861502,20.75001599999996,3.199999991920777e-05,0.4466703229641853,0.4770561164378067,0.3025264812071642,7.74998400000004,-0.7500479999998788,0.3743067272930169,0.3235465660261978,0.31705484703705283
2024-11-19,4.376556125342508,-3.6302583160429336,15.0,0.0,-0.14549949281561583,-0.2305495326092065,-0.2604244222888817,12.74998400000004,0.0,-0.3384777292976412,-0.377011866626216,-0.3507683924092355,9.25001599999996,0.7499840000000404,-0.57208276395881,-0.6152178363618525,-0.5797095362112422,9.25001599999996,-0.4999680000000808,-0.6441595297121079,-0.10084365937583022,-0.11176767237672912,11.99996800000008,0.9999680000000808,-0.11763398365562783,0.14857910786381812,0.19131064356130023,6.000031999999919,-0.4999680000000808,0.36987258491864977,0.388951140714767,0.3598324623384536,0.7500159999999596,-0.7499840000000404,-0.5699581613829499,-0.3647711573668551,-0.31678369740297824,6.24998400000004,0.2499840000000404,0.41910743842089554,-0.15604008518357337,-0.17956160583679484,4.24998400000004,1.5,-0.691497111550614,-0.5229201666612409,-0.5061067698823808,14.00003199999992,-1.2499840000000404,-0.6378259585125715,-0.259449775281511,-0.07569546359688592,23.74998400000004,2.999968000000081,0.28829323698910375,0.43363592246555316,0.28245751685919623,6.5,-1.2499840000000404,0.5676173712308786,0.33059041501929326,0.3208412465621306
2024-11-20,4.405034634415713,2.8478509073205593,15.25001599999996,0.2500159999999596,-0.1342475247509028,-0.23494331465665638,-0.2355770480295249,11.99996800000008,-0.7500159999999596,-0.3433339564782289,-0.3973582948357724,-0.3500506039960474,9.75001599999996,0.5,-0.5701056635404309,-0.6081659160121187,-0.5658109471528041,9.5,0.2499840000000404,-0.641903355421514,-0.09661185498978302,-0.10405355353142526,11.25001599999996,-0.7499520000001212,-0.14611093759549493,0.13966967888793738,0.17690505533224135,6.74998400000004,0.7499520000001212,0.38088251834622977,0.3933589900868857,0.3660582476092342,3.000031999999919,2.2500159999999596,-0.5312459689908152,-0.3491545389894565,-0.294637093394121,5.24998400000004,-1.0,0.4093813728567853,-0.16495490020277648,-0.17363340847877626,3.0,-1.2499840000000404,-0.7189748987107041,-0.5281139942515846,-0.5241033081661712,15.0,0.9999680000000808,-0.624884179668817,-0.2561474947964845,-0.0583758638140896,22.24998400000004,-1.5,0.27756283536911996,0.42552041653191636,0.2814181985855053,9.75001599999996,3.2500159999999596,0.5853378367400551,0.3335076117305428,0.3097599609469976
2024-11-21,4.430646521986968,2.561188757125432,16.0,0.7499840000000404,-0.13485128868647908,-0.24046702867378145,-0.23156349485724392,11.75001599999996,-0.2499520000001212,-0.3432348816057544,-0.3944756309339459,-0.35058617550345783,9.99996800000008,0.2499520000001212,-0.5583257364688919,-0.602364653365408,-0.5637762799195997,8.25001599999996,-1.2499840000000404,-0.6265062782869283,-0.09434382483653816,-0.10819969232989685,10.5,-0.7500159999999596,-0.17691578129314342,0.12952728582376316,0.17253414219210902,7.25001599999996,0.5000319999999192,0.38763323171958625,0.39270514006989327,0.3713637460618066,3.5,0.4999680000000808,-0.5317012939915564,-0.3654925201832873,-0.29296228340222785,3.7500159999999596,-1.4999680000000808,0.3781830830949678,-0.15915017963165373,-0.17669727646911007,4.499968000000081,1.4999680000000808,-0.7104009098209899,-0.5137454571176322,-0.5155490450980927,12.75001599999996,-2.2499840000000404,-0.6195940809751508,-0.2658597989397686,-0.06209337040013647,21.25001599999996,-0.9999680000000808,0.26013049142519123,0.42368836350721,0.2773323847769418,11.99996800000008,2.249952000000121,0.5826879583467304,0.3291213732784779,0.3131184804477636
2024-11-22,4.409049996847259,-2.1596525139708334,17.0,1.0,-0.26379372017050884,-0.24498077665854223,-0.24082900667931154,11.5,-0.2500159999999596,-0.2773143757173468,-0.399059357104649,-0.347680761139447,10.5,0.5000319999999192,-0.5488047679833936,-0.6045873544390062,-0.5664651208468642,8.0,-0.2500159999999596,-0.6127377638590101,-0.09270920124900836,-0.10708132125269755,11.74998400000004,1.2499840000000404,-0.2244447163682375,0.10942132512264088,0.15287178560244097,6.75001599999996,-0.5,0.37359443061598047,0.398136869422415,0.37660411956905054,4.5,1.0,-0.5511462642939524,-0.3683194385062493,-0.2982150347917129,3.0,-0.7500159999999596,0.4903752210305996,-0.1605390357871735,-0.17301504170810258,6.0,1.5000319999999192,-0.7090563054790454,-0.5334476489614062,-0.520154581693682,12.0,-0.7500159999999596,-0.6112855708459376,-0.2532877120581418,-0.059925595652729174,23.0,1.7499840000000404,0.2158425936857511,0.42336285115360645,0.2683146737665538,11.24998400000004,-0.7499840000000404,0.5778747444458858,0.3282316085643961,0.31566517908352737
2024-11-25,4.262452834760663,-14.659716208659646,17.99996800000008,0.9999680000000808,-0.29915360946509206,-0.2956876933794223,-0.26023951282114177,13.25001599999996,1.7500159999999596,-0.4676394267468106,-0.4578050064701907,-0.3809774180504435,12.0,1.5,-0.6252040945434313,-0.6415667228525258,-0.5827913971370206,9.25001599999996,1.2500159999999596,-0.6580572059446249,-0.1556560161143912,-0.154949702639096,12.24998400000004,0.5,-0.21856069813781076,0.07205277683761642,0.116146617985462,5.24998400000004,-1.5000319999999192,0.4842630014945006,0.47939130113523226,0.43202793068681494,4.499968000000081,-3.199999991920777e-05,-0.4514602338959441,-0.3682154096014447,-0.27555105075048475,4.75001599999996,1.7500159999999596,0.20841430732127889,-0.22997877967412608,-0.20488606573217819,7.75001599999996,1.7500159999999596,-0.7237327629306122,-0.5794905590064092,-0.5245129930534735,15.24998400000004,3.2499840000000404,-0.6507165249044644,-0.30929668720958275,-0.11599530386130932,20.5,-2.5,0.39555967053692354,0.4649337251040041,0.30638184164805415,9.5,-1.7499840000000404,0.6204054536042214,0.3616837654826588,0.3338187509451198
2024-11-26,4.3013483040338345,3.8895469273171557,17.24998400000004,-0.7499840000000404,-0.2995702518506725,-0.31387931484465686,-0.2649820907475318,12.75001599999996,-0.5,-0.4844640054016322,-0.44813841166907953,-0.38255195711220785,12.0,0.0,-0.6142317997374575,-0.6394664090572282,-0.5830940698845377,9.25001599999996,0.0,-0.6519886259602302,-0.14166683387457107,-0.1571853232683192,11.99996800000008,-0.2500159999999596,-0.18515537156354173,0.02784001021345083,0.1166804758539271,6.25001599999996,1.0000319999999192,0.48140664948084294,0.5350941357931323,0.4521495524321683,3.5,-0.9999680000000808,-0.4671547379433441,-0.37294202280436006,-0.27901494466480736,4.0,-0.7500159999999596,0.19243751137007925,-0.23738439307076298,-0.20891230305566594,9.5,1.7499840000000404,-0.6658491112864925,-0.5511074476380373,-0.5084279814285911,14.0,-1.2499840000000404,-0.6630314751150144,-0.302186607884866,-0.13314379016198252,21.0,0.5,0.4560340886007878,0.4504157598033686,0.31884930799483713,9.5,0.0,0.6043036747950066,0.36175959744764735,0.34030911413190573
2024-11-27,4.240106128674896,-6.124217535893894,17.0,-0.2499840000000404,-0.286767306127421,-0.29588942911654564,-0.27225521991021634,13.75001599999996,1.0,-0.5113505286963225,-0.46785773821479865,-0.3833179647331073,12.49996800000008,0.4999680000000808,-0.6173716234910073,-0.6369453107908847,-0.5904786043884441,10.00003199999992,0.7500159999999596,-0.6819832581708173,-0.1540174981972083,-0.17702380694283334,12.99996800000008,1.0,-0.22050916580183513,-0.02005473278473436,0.09886446480590967,4.75001599999996,-1.5,0.5142917208602238,0.5521500589421604,0.46745652520693803,2.5,-1.0,-0.43405809951012936,-0.3411661686603161,-0.262890688396657,6.0,2.0,0.10586110862325648,-0.2598885550607939,-0.21822112123504978,10.5,1.0,-0.6837578588905289,-0.5509665333512913,-0.5091959289505066,15.75001599999996,1.7500159999999596,-0.6739070732581741,-0.36340333982311673,-0.1723327892918464,20.99996800000008,-3.199999991920777e-05,0.4659412124551611,0.45487775108045064,0.3484922199245342,8.50003199999992,-0.9999680000000808,0.6171955684904114,0.37768663167115224,0.34163404381633805
2024-11-29,4.19264726494961,-4.745886372528574,17.25001599999996,0.2500159999999596,-0.2863663982390819,-0.2802722874380488,-0.2461502299889538,14.74998400000004,0.9999680000000808,-0.5703490710243424,-0.47947826637755486,-0.39310450816937514,13.24998400000004,0.7500159999999596,-0.643190724644356,-0.6333135611693865,-0.5981628503860708,10.50003199999992,0.5,-0.6899814795313295,-0.17689016312561914,-0.17967427490265803,12.74998400000004,-0.2499840000000404,-0.19686045873344155,-0.04009664834213655,0.08381639909253204,5.0,0.2499840000000404,0.4946307940181955,0.5310303765810797,0.453537779463841,3.500031999999919,1.0000319999999192,-0.43984442686190084,-0.3758155887946761,-0.24603760413699113,6.74998400000004,0.7499840000000404,0.07924580379732522,-0.2657586173651614,-0.2384328163149972,11.0,0.5,-0.6835748534113202,-0.559508339819157,-0.511203810566194,17.74998400000004,1.9999680000000808,-0.6846841509368113,-0.3510841432256874,-0.1761924606452562,20.00003199999992,-0.9999360000001616,0.4876295064184359,0.4393452586367693,0.3427391086718013,9.24998400000004,0.7499520000001212,0.6377086376607654,0.35510098710472715,0.3249921353094955
2024-12-02,4.192622322987401,-0.0024941962208480106,17.75001599999996,0.5,-0.32327655493439517,-0.3003185165807569,-0.2403326252300019,15.25001599999996,0.5000319999999192,-0.5728384577311597,-0.4743756947027316,-0.3980678927336891,12.24998400000004,-1.0,-0.6271931304758213,-0.657758616829395,-0.5858428321958093,10.24998400000004,-0.2500479999998788,-0.687680366103969,-0.17426378684356525,-0.15427699614688956,12.75001599999996,3.199999991920777e-05,-0.18804770505892554,-0.032994289441870675,0.05893185555116793,5.0,0.0,0.5275567203441486,0.5335320582580675,0.45325050904576136,3.5,-3.199999991920777e-05,-0.47927543449119775,-0.3925616592911822,-0.25058991957558885,8.0,1.2500159999999596,0.08593365178586632,-0.25462234661764904,-0.24793577380393003,9.74998400000004,-1.2500159999999596,-0.6691848778385062,-0.6343170605001407,-0.4863625979798429,17.50003199999992,-0.2499520000001212,-0.682014612194879,-0.3416674681195207,-0.21202635493561617,19.74998400000004,-0.2500479999998788,0.4813081246944827,0.43650918286831775,0.38125142833614206,7.74998400000004,-1.5,0.629237279626981,0.3546844640902561,0.30771873262673416
2024-12-03,4.219676991484565,2.705466849716398,19.00003199999992,1.2500159999999596,-0.35539264621728744,-0.28241075850344854,-0.24885407475129726,14.49996800000008,-0.7500479999998788,-0.5308651567949202,-0.4831753505644857,-0.3874837990156688,9.50003199999992,-2.749952000000121,-0.6596750306215703,-0.6330708443245557,-0.5716637280227512,10.74998400000004,0.5,-0.6389841172148324,-0.20624583299950536,-0.15575601622001697,13.0,0.2499840000000404,-0.30337120777670495,-0.04556828541575215,0.05426143740875618,6.24998400000004,1.2499840000000404,0.5562047825801977,0.5373151593358624,0.44510547942705825,3.500031999999919,3.199999991920777e-05,-0.4856499908506452,-0.3898802667179854,-0.2575068362223995,7.74998400000004,-0.2500159999999596,0.027650776675576683,-0.26069016178193305,-0.23912456923840417,6.74998400000004,-3.0,-0.6108646301005259,-0.6222429098302973,-0.47704138049916645,18.50003199999992,1.0,-0.6680496828154614,-0.37965313265855855,-0.23241862085954235,20.24998400000004,0.5,0.4378693183650368,0.43408972391841416,0.40004160409658707,7.74998400000004,0.0,0.6268209432299456,0.3505376714886476,0.28886262594912526
2024-12-04,4.180986288750029,-3.869070273453623,19.0,-3.199999991920777e-05,-0.3052824486937786,-0.2189167146236577,-0.23996524625424728,14.0,-0.4999680000000808,-0.5574743641754584,-0.4375756489404063,-0.38648031006784045,10.75001599999996,1.2499840000000404,-0.6701376829326523,-0.5779676156370729,-0.5767210809849403,10.74998400000004,0.0,-0.6266680586076153,-0.5434984891076227,-0.17306464029663318,12.5,-0.5,-0.2591892238520473,-0.04689244563017779,0.0607908309790787,5.5,-0.7499840000000404,0.6120012812618947,0.50044223336656,0.46429811315672265,3.0,-0.5000319999999192,-0.4728374950496012,-0.3636766904473205,-0.25517583713887587,7.75001599999996,3.199999991920777e-05,0.028828894599153568,-0.12483524165578481,-0.22996838423737717,6.999968000000081,0.2499840000000404,-0.6150437028476708,-0.5907187158851137,-0.47260447218972435,19.00003199999992,0.5,-0.684991109207858,-0.5868838969652945,-0.2562980934940623,20.49996800000008,0.2499840000000404,0.4307717385238188,0.4289213694568234,0.4025376797781831,4.500031999999919,-3.249952000000121,0.6537260784319333,0.35926513347400874,0.32164221878826954
2024-12-05,4.180959254994492,-0.002703375553725351,18.74998400000004,-0.2500159999999596,-0.3023527301470388,-0.18648003103679514,-0.23495553777270378,14.50003199999992,0.5000319999999192,-0.5502993629310261,-0.4661688497719086,-0.3848494164408278,10.49996800000008,-0.2500479999998788,-0.6712955871661143,-0.5756251196166496,-0.5837137357719829,10.75001599999996,3.199999991920777e-05,-0.6286054652072426,-0.5492129479570083,-0.18115776473010484,12.5,0.0,-0.2720676025218554,-0.08601823079122438,0.07122521829501872,5.25001599999996,-0.2499840000000404,0.6213926391466695,0.4919384631301126,0.4690021270838458,0.9999680000000808,-2.000031999999919,-0.47838649556689616,-0.3572409687254941,-0.2459294960873486,10.00003199999992,2.2500159999999596,0.0405826157230691,-0.10699801223305352,-0.22785622968020963,4.999968000000081,-2.0,-0.5973572964616125,-0.5761343995349192,-0.4693784809543145,20.25001599999996,1.2499840000000404,-0.6882592472349739,-0.5772053801136663,-0.26647748711876607,18.0,-2.499968000000081,0.4110626972243121,0.40826170594462835,0.4033535782791788,8.75001599999996,4.24998400000004,0.5978973239455334,0.33521390174861937,0.32150771167279596
2024-12-06,4.150979908963873,-2.9979346030619247,19.0,0.2500159999999596,-0.46656857086195264,-0.18813652801649974,-0.21973242410025032,14.24998400000004,-0.2500479999998788,-0.5440463231800996,-0.4901466742685019,-0.3853371460761477,11.375039999999899,0.8750719999998182,-0.5957634854238415,-0.5814925440724215,-0.5828050859004167,12.37497600000006,1.624960000000101,-0.5687659540687172,-0.5643340503794004,-0.19195931758673682,12.24998400000004,-0.2500159999999596,-0.35642228812913374,-0.08394401412646665,0.07477121587581766,4.625023999999939,-0.6249920000000202,0.6261112427879445,0.49746501832074624,0.4578335276749334,0.3750079999999798,-0.624960000000101,-0.261256390312961,-0.35472890591700057,-0.2611278596702666,8.24998400000004,-1.7500479999998788,-0.24427694548528248,-0.08835886005223302,-0.18324965653961636,7.5,2.500031999999919,-0.47827435539674523,-0.5806820151486914,-0.47321359319894096,21.62502399999994,1.3750079999999798,-0.6264023816507462,-0.5828271023265404,-0.2746862777802088,18.74998400000004,0.7499840000000404,0.2973320484308835,0.41170831067802727,0.37932270392610395,5.12499200000002,-3.6250239999999394,0.5759318967926225,0.3508914262044356,0.34722363823603547
2024-12-09,4.197288871941426,4.630896297755349,18.12502399999994,-0.8749760000000606,-0.5132729166837189,-0.2504747685300321,-0.22986925149959828,14.12499200000002,-0.1249920000000202,-0.49957883519330437,-0.5211108953610849,-0.3873810366287801,11.12499200000002,-0.2500479999998788,-0.5808007707179635,-0.5761710945794173,-0.5821330205722924,12.00003199999992,-0.3749440000001414,-0.5534987848908642,-0.5708243364439315,-0.20016695602557413,12.249952000000121,-3.199999991920777e-05,-0.31393449537814017,-0.09230792085194886,0.07329449366360571,3.750047999999879,-0.8749760000000606,0.6634852847754874,0.4721838421514515,0.46663317121286946,2.3749760000000606,1.9999680000000808,-0.03062976869684465,-0.3207953585417135,-0.24437120187610453,7.374976000000061,-0.8750079999999798,-0.49015655033581057,-0.09931458494653603,-0.18825126539924994,7.625023999999939,0.1250239999999394,-0.4320642935355526,-0.5758039346015724,-0.48615042217249516,21.0,-0.6250239999999394,-0.5851106465574364,-0.6263730798804297,-0.2978021728407427,17.75001599999996,-0.9999680000000808,0.3661847848947409,0.3949541280449492,0.37482366544402534,7.24998400000004,2.12499200000002,0.5424545244222917,0.3651714540191308,0.35548814710564836
2024-12-10,4.219549524146168,2.2260652204741938,19.0,0.8749760000000606,-0.4600864312547075,-0.25478020067634805,-0.221702421080505,13.5,-0.6249920000000202,-0.4978865901220455,-0.528369967986348,-0.404740106310037,11.0,-0.1249920000000202,-0.5970500588617915,-0.5750003784545299,-0.5813870196429478,11.5,-0.5000319999999192,-0.5613835444801474,-0.6016904686564651,-0.20070210476804623,13.0,0.7500479999998788,-0.257467834575437,-0.06868920057421263,0.07452349075362653,3.7500159999999596,-3.199999991920777e-05,0.709832430940238,0.46984915666170685,0.4784211990088721,3.000031999999919,0.6250559999998586,0.06312187489349667,-0.34500091653517323,-0.2405299784738446,7.74998400000004,0.3750079999999798,-0.4738374195209568,-0.08703337726928455,-0.20687167012494692,6.24998400000004,-1.375039999999899,-0.45876254763907176,-0.5767340459073229,-0.48766927805815957,21.75001599999996,0.7500159999999596,-0.5853955133611013,-0.622410736567715,-0.297545656882198,19.0,1.2499840000000404,0.3629335758161482,0.3953873277108704,0.38787898003267446,6.75001599999996,-0.4999680000000808,0.5220925662983981,0.36540689941232996,0.3534121588723408
2024-12-11,4.270098035541315,5.054851139514671,19.24998400000004,0.2499840000000404,-0.2709399165568369,-0.23993145109700992,-0.21299333684652594,13.50003199999992,3.199999991920777e-05,-0.5232467537349119,-0.5259565712419929,-0.39287530846160695,10.24998400000004,-0.7500159999999596,-0.5593134626464221,-0.5798846398498957,-0.579441275548452,12.24998400000004,0.7499840000000404,-0.36325848505525393,-0.6127241912983741,-0.19373379595532114,13.00003199999992,3.199999991920777e-05,-0.3261194691478224,-0.0686210186914344,0.06375449742183646,4.24998400000004,0.4999680000000808,0.6923646157337594,0.47375485983747173,0.4834192504252713,3.2499840000000404,0.2499520000001212,0.18594849795520332,-0.3401890246650085,-0.24697699974921092,8.00003199999992,0.2500479999998788,-0.405441447805137,-0.07355297813117337,-0.19344715119565636,5.24998400000004,-1.0,-0.46002395220061126,-0.5817236665954179,-0.48141111271671383,22.74998400000004,0.9999680000000808,-0.4065399139210865,-0.6163432433326941,-0.31247515971434037,19.00003199999992,3.199999991920777e-05,0.11888463639406772,0.3976255422680973,0.4052668911926826,7.499968000000081,0.7499520000001212,0.4818497005582709,0.3684945566051867,0.34443046318370163
2024-12-12,4.322873662958306,5.277562741699171,18.5,-0.7499840000000404,-0.32350808118624497,-0.2620377562147868,-0.22618543024027019,13.24998400000004,-0.2500479999998788,-0.5726279625887141,-0.5157251252878947,-0.3829137840757379,10.25001599999996,3.199999991920777e-05,-0.532357259318719,-0.5859844956321514,-0.5681699868446599,11.25001599999996,-0.9999680000000808,-0.47660624482413627,-0.6169423693480354,-0.2202700348708831,12.74998400000004,-0.2500479999998788,-0.320761896757145,-0.1314373684357224,0.048270005973749384,5.0,0.7500159999999596,0.7099744811753025,0.502206667763733,0.5061938887921169,1.7500159999999596,-1.4999680000000808,0.15458225538908327,-0.37044213726955283,-0.24061674659211107,8.99996800000008,0.9999360000001616,-0.3508297312979146,-0.031514703837519885,-0.1717969552454466,4.75001599999996,-0.4999680000000808,-0.45443672862024564,-0.5998311590779287,-0.48269775212393523,21.25001599999996,-1.4999680000000808,-0.5040451200503544,-0.62883395239379,-0.31896734934182813,19.74998400000004,0.7499520000001212,0.15926153004675794,0.3897344708917512,0.4006745430465938,8.0,0.5000319999999192,0.5020986877176985,0.374933273773541,0.33857962701554073
2024-12-13,4.397678555102491,7.480489214418462,17.99996800000008,-0.5000319999999192,-0.36509031841283607,-0.26877006739511167,-0.23680521409288027,12.75001599999996,-0.4999680000000808,-0.5883005133257094,-0.5121830591627777,-0.3837668970833365,9.75001599999996,-0.5,-0.5357857098103724,-0.6086183705694497,-0.5887978137958964,9.74998400000004,-1.5000319999999192,-0.5413596145475843,-0.6303519493532892,-0.24005216475447305,13.0,0.2500159999999596,-0.33534216643061693,-0.13246291010846398,0.05276065659070847,5.24998400000004,0.2499840000000404,0.7167812034367619,0.5156983517989745,0.5041605803688071,0.9999680000000808,-0.7500479999998788,0.075831873139514,-0.3957945421885963,-0.25098947621807305,7.75001599999996,-1.2499520000001212,-0.4255215268439285,-0.037052165686509736,-0.18021874362724233,4.25001599999996,-0.5,-0.4444861885397982,-0.6030174742171399,-0.5064513358324692,19.24998400000004,-2.000031999999919,-0.5703739358710375,-0.6371801750222446,-0.33133128236774634,21.0,1.2500159999999596,0.22242077371944355,0.391550503694974,0.40937683356373256,9.5,1.5,0.5156545287990926,0.3841454309969524,0.34684622718592173
2024-12-16,4.397701188172889,0.002263307039829243,18.5,0.5000319999999192,-0.3629980461093242,-0.22972196449217505,-0.24446439611089726,12.24998400000004,-0.5000319999999192,-0.7374857306064398,-0.5092537494414351,-0.38945002212059976,9.75001599999996,0.0,-0.5676559555660997,-0.6240784836230723,-0.6040174424718671,9.0,-0.7499840000000404,-0.562385606456185,-0.6015416250349396,-0.2296203815937227,13.25001599999996,0.2500159999999596,-0.33355180775461296,-0.1523374083160822,0.057105854049616635,5.74998400000004,0.5,0.7075292975697983,0.5026457573941039,0.4961609203645412,1.0,3.199999991920777e-05,0.07073927836968229,-0.38224327282444165,-0.24675581210020073,8.24998400000004,0.4999680000000808,-0.44882709515533276,-0.009802998818863913,-0.217086875467657,2.7500159999999596,-1.5,-0.4479580386219442,-0.6043970265890437,-0.49764807201259953,18.0,-1.2499840000000404,-0.6212343420127165,-0.6329595145276444,-0.3408792227734638,22.0,1.0,0.2391666896163019,0.37910913216847736,0.43104554286833807,10.5,1.0,0.521174595722551,0.4090278534595511,0.3361066611413538
2024-12-17,4.383901174537579,-1.380001363531047,18.74998400000004,0.2499840000000404,-0.3761164621820701,-0.22128940555017262,-0.26969291775002824,12.25001599999996,3.199999991920777e-05,-0.7372202322494079,-0.5221892599973752,-0.3960224778703611,9.5,-0.2500159999999596,-0.6052389704581671,-0.6173875975861898,-0.6094192013887825,9.5,0.5,-0.5824545220181534,-0.6407649291860291,-0.2209635295500398,12.75001599999996,-0.5,-0.3078422248695535,-0.14069699745774003,0.05268900095551681,4.999968000000081,-0.7500159999999596,0.70260205045449,0.5042214100529305,0.4931795885800271,-1.7500159999999596,-2.7500159999999596,0.09472315297562495,-0.3450798505176902,-0.2649693823822447,9.74998400000004,1.5,-0.4620892142899591,-0.04020858410001908,-0.22999370686767034,3.000031999999919,0.2500159999999596,-0.46182525107838296,-0.6033895810241927,-0.4917660766200821,16.99996800000008,-1.0000319999999192,-0.622795966071538,-0.6456609634745374,-0.341629045538763,21.50003199999992,-0.4999680000000808,0.24279982319613677,0.37835979443346135,0.42278560926019604,10.74998400000004,0.2499840000000404,0.5179861144021437,0.42669043217355235,0.3825711100962692
2024-12-18,4.496037874944606,11.213670040702706,18.50003199999992,-0.2499520000001212,-0.4193047321730327,-0.23310236022039155,-0.26464669754302433,11.74998400000004,-0.5000319999999192,-0.7294393362193876,-0.4647392400648898,-0.4273444729657003,8.74998400000004,-0.7500159999999596,-0.6048029279677604,-0.5881959488302175,-0.6085519195974741,7.500031999999919,-1.9999680000000808,-0.7024557552853233,-0.6724105776647188,-0.25747068325037137,12.49996800000008,-0.2500479999998788,-0.29401406638149674,-0.17135710254738246,0.04674877350544505,6.25001599999996,1.2500479999998788,0.7401606474787336,0.545093280693555,0.516681465785342,-2.499968000000081,-0.7499520000001212,0.019427787505316835,-0.33821911736616633,-0.2619761428561696,11.74998400000004,2.0,-0.25176387433793757,0.12022592354030341,-0.18897397620730316,1.7499840000000404,-1.2500479999998788,-0.46923469780020577,-0.5871507441835466,-0.5077712336060246,11.50003199999992,-5.499936000000162,-0.7524543334963986,-0.6864414755383685,-0.38498084211034,22.99996800000008,1.4999360000001616,0.45699612629697833,0.34043953345756683,0.43069669882784495,13.25001599999996,2.500031999999919,0.5494616654865588,0.556532157728456,0.40230688317613805
2024-12-19,4.569168576321578,7.313070137697242,18.5,-3.199999991920777e-05,-0.4243643683531179,-0.227711884361888,-0.26611261199849606,10.75001599999996,-0.9999680000000808,-0.7532830859932119,-0.4793826242254662,-0.4510660559339195,7.74998400000004,-1.0,-0.647830741347776,-0.6078687710604507,-0.613277827451988,6.5,-1.0000319999999192,-0.7317030938322718,-0.6866451786712031,-0.27086800826502155,11.0,-1.4999680000000808,-0.37217507527304955,-0.23056493189215754,0.008045020282253817,6.0,-0.2500159999999596,0.6961531474569027,0.5303236102911348,0.5051061301401588,-1.0,1.4999680000000808,0.06606104299504578,-0.29944213758309524,-0.238466941725847,10.75001599999996,-0.9999680000000808,-0.2849461582519215,0.09832583951418739,-0.20130293972879942,0.9999680000000808,-0.7500159999999596,-0.4706604750990249,-0.5978090531768908,-0.5093497605597953,8.50003199999992,-3.0,-0.7935782125968732,-0.6983118662288305,-0.4013849544132355,21.99996800000008,-1.0,0.42771234005278636,0.32865793573816016,0.4144587839097093,11.75001599999996,-1.5,0.4714106341427677,0.5290914114614604,0.38182897829527146
2024-12-20,4.522208619413681,-4.695995690789712,19.0,0.5,-0.46616503356087213,-0.24267959483714324,-0.27948153709838297,10.5,-0.2500159999999596,-0.7213363717122893,-0.46819041264011535,-0.442947343077983,7.5,-0.2499840000000404,-0.6373770581894653,-0.592496240997628,-0.6069812542416542,8.25001599999996,1.7500159999999596,-0.7465998269382605,-0.6913439882595911,-0.28998166040861634,10.74998400000004,-0.2500159999999596,-0.33678176530925574,-0.23331807876169539,0.012040656311306068,6.24998400000004,0.2499840000000404,0.6599206242690736,0.5170271237142711,0.4976650111957815,-4.0,-3.0,0.1461657964516917,-0.24775998230009827,-0.20934161294518883,12.5,1.7499840000000404,-0.31482320979891376,0.05093258234310482,-0.21486836415102456,1.0,3.199999991920777e-05,-0.502345809332718,-0.5989252898519033,-0.5073819201768311,10.25001599999996,1.7499840000000404,-0.8089745105098002,-0.7037895302373505,-0.41535308323148556,20.24998400000004,-1.7499840000000404,0.48367208829304803,0.3424214238659369,0.42850936691176317,12.74998400000004,0.9999680000000808,0.43226473419539996,0.5105027679254013,0.36791219889998283
2024-12-23,4.597608144587912,7.539952517423032,19.24998400000004,0.2499840000000404,-0.4293405405935771,-0.30684449319618823,-0.2656530581351037,8.50003199999992,-1.9999680000000808,-0.735771100263942,-0.4926546917446477,-0.4666380558212575,7.499968000000081,-3.199999991920777e-05,-0.6009211531369545,-0.5723030177316014,-0.5929946859342526,8.25001599999996,0.0,-0.7338330894350727,-0.6786092528077233,-0.28723791531411125,10.25001599999996,-0.4999680000000808,-0.36138194294006293,-0.25772560477952294,0.0025771664700392784,6.74998400000004,0.5,0.664014654000584,0.5139302491591041,0.49863076990416183,-1.2499840000000404,2.7500159999999596,0.2761121702934802,-0.1894751720671537,-0.1655627968404613,8.75001599999996,-3.7499840000000404,-0.4237966557621603,0.001989003702197815,-0.2466795616580715,0.7499840000000404,-0.2500159999999596,-0.4784467915189684,-0.5857371377981635,-0.5081243064685148,10.24998400000004,-3.199999991920777e-05,-0.7931980894121078,-0.6938552208745153,-0.4069311802280402,20.00003199999992,-0.2499520000001212,0.5306326473419805,0.32885485210724874,0.429886942030976,12.74998400000004,0.0,0.4097548251736509,0.4913757416660646,0.3571213327311836
2024-12-24,4.58464054933194,-1.2967595255971354,19.49996800000008,0.2499840000000404,-0.29298267419787205,-0.30733908218823563,-0.28656009389905296,8.75001599999996,0.2499840000000404,-0.6144301257679962,-0.513597032226886,-0.47872034675668407,7.0,-0.4999680000000808,-0.4633773128733416,-0.570254279563879,-0.6008871005590517,8.75001599999996,0.5,-0.734439353533758,-0.6793883909915793,-0.2897394398526013,10.99996800000008,0.7499520000001212,-0.2972353300064455,-0.2609208157801984,-0.0027669098996276776,6.000031999999919,-0.7499520000001212,0.5711785148070188,0.5221813560567942,0.5021273654613698,-3.199999991920777e-05,1.2499520000001212,0.33590021189192293,-0.1867499723914575,-0.1858745591742448,9.00003199999992,0.2500159999999596,-0.36791927529582363,-0.009898126543054477,-0.2530582950465674,-1.7500159999999596,-2.5,-0.2818585320367915,-0.5576050638624808,-0.511024157153513,12.24998400000004,2.0,-0.7627139118281397,-0.6931229916937514,-0.41153449815997867,19.25001599999996,-0.7500159999999596,0.3655671745948851,0.37409430893122,0.4321803063891085,14.25001599999996,1.5000319999999192,0.31952028265243937,0.5001784738408831,0.3497368337265872
2024-12-26,4.577655330672912,-0.6985218659028014,19.75001599999996,0.2500479999998788,-0.2772428530738033,-0.2972948015529708,-0.2988358772753992,8.0,-0.7500159999999596,-0.5806702851689922,-0.5140047404637935,-0.46488994084161467,7.25001599999996,0.2500159999999596,-0.4820131529987146,-0.5681570834085553,-0.6033339794847008,9.24998400000004,0.4999680000000808,-0.7426506159773445,-0.679734104578213,-0.28385564861013496,10.74998400000004,-0.2499840000000404,-0.2804338308094426,-0.23661402431248107,-0.03308798381416663,6.000031999999919,0.0,0.5643508491701287,0.5139894148003779,0.5417204730106274,-0.2499840000000404,-0.2499520000001212,0.3532962488113841,-0.18872552370160714,-0.18325391828470164,7.74998400000004,-1.2500479999998788,-0.32416257933407766,-0.0059765534887434085,-0.25539734998420116,-1.2500159999999596,0.5,-0.3648636132879182,-0.558210227548937,-0.5074940124638185,12.75001599999996,0.5000319999999192,-0.760695137844974,-0.6975061448503914,-0.4051835878255132,19.0,-0.2500159999999596,0.3581253347778408,0.40725358320945715,0.4220387926868165,14.25001599999996,0.0,0.3262019112643612,0.49466932745683084,0.3511431267207977
2024-12-27,4.61823329587486,4.057796520194756,19.25001599999996,-0.5,-0.3843898502659411,-0.3305322661961662,-0.2975035919719319,8.24998400000004,0.2499840000000404,-0.47250052047488256,-0.5015021067239376,-0.46430905294396563,6.74998400000004,-0.5000319999999192,-0.4498744580446714,-0.5703017641813652,-0.5991061689289656,8.75001599999996,-0.4999680000000808,-0.7408798197543999,-0.6872027145797412,-0.28302809467176043,10.75001599999996,3.199999991920777e-05,-0.13006178881352118,-0.23766198913503153,-0.04882837670800231,7.24998400000004,1.2499520000001212,0.47970230598428676,0.5179091366339349,0.5367747608010716,-0.2499840000000404,0.0,0.33198344801849394,-0.19490615098956818,-0.17847753618532428,6.5,-1.2499840000000404,-0.2640511661969002,-0.023827052800958183,-0.25105041223563784,-1.2499840000000404,3.199999991920777e-05,-0.2766801658477932,-0.5598157353640695,-0.49800365627634663,11.99996800000008,-0.7500479999998788,-0.7495336309575786,-0.6983364140318372,-0.4455560974517284,19.75001599999996,0.7500159999999596,0.4043239482896925,0.41375796157757466,0.426794395644715,17.75001599999996,3.5,0.31130771042906075,0.504118717380371,0.3604639119408174
2024-12-30,4.543703004493128,-7.4530291381731395,18.75001599999996,-0.5,-0.22183129816374855,-0.2914689901669246,-0.26260480371573075,9.24998400000004,1.0,-0.5076845977657602,-0.5616044168272104,-0.4770595778580057,7.5,0.7500159999999596,-0.4645127833210328,-0.5881404690413806,-0.5964239544243564,9.0,0.2499840000000404,-0.6993728632384585,-0.6790493816888874,-0.29700077978213296,11.5,0.7499840000000404,-0.3015354185887625,-0.2614900755789231,-0.09563431717303146,6.24998400000004,-1.0,0.5965730556223989,0.5364858256947229,0.5477116736726685,-0.7499840000000404,-0.5,0.4015085324221321,-0.17694396209870478,-0.1831818073083323,9.24998400000004,2.7499840000000404,-0.3725979361862385,-0.09504116974963363,-0.2832315070357049,-2.7500159999999596,-1.5000319999999192,-0.12613462363017136,-0.5069050485482934,-0.4689694297109311,15.00003199999992,3.0000639999998384,-0.7703900089141625,-0.712755645274059,-0.4477041764980286,18.74998400000004,-1.0000319999999192,0.41013787415283964,0.42669956931559616,0.4140934718075419,14.74998400000004,-3.000031999999919,0.45063304897869894,0.5550249940805466,0.38121905093062697
2024-12-31,4.576030323610564,3.2327319117436026,18.5,-0.2500159999999596,-0.21633867120152322,-0.31735269584960796,-0.27788339250487426,9.0,-0.2499840000000404,-0.5031567244533534,-0.5660323860536757,-0.47336000703417724,6.75001599999996,-0.7499840000000404,-0.49715795773452676,-0.5930744908286925,-0.6200875773023109,8.99996800000008,-3.199999991920777e-05,-0.7038777660418436,-0.6766696048268227,-0.29565717611087217,11.25001599999996,-0.2499840000000404,-0.30386862291009753,-0.2636938377884564,-0.09449619282136025,5.5,-0.7499840000000404,0.5622372350099094,0.536776985862249,0.5383371081340806,-1.7499840000000404,-1.0,0.39481232383509707,-0.19530203443636765,-0.19628023599578437,8.49996800000008,-0.7500159999999596,-0.3689592322921702,-0.09819503803247177,-0.2772406299958834,-1.4999680000000808,1.2500479999998788,-0.10728031690851624,-0.4871989762403384,-0.5144251287464414,12.49996800000008,-2.5000639999998384,-0.7625321261076391,-0.7120931999137793,-0.44622303789326495,19.25001599999996,0.5000319999999192,0.41230497690481427,0.427114764471674,0.41098525741194464,15.0,0.2500159999999596,0.4422200489744993,0.5551628979509947,0.3806010872332884
2025-01-02,4.574079383123847,-0.19509404867177338,17.0,-1.5,-0.1690599170189667,-0.3376804274115447,-0.26161369210183816,9.0,0.0,-0.5091906286374561,-0.5421443963989891,-0.4795632029274473,7.25001599999996,0.5,-0.6698816601609753,-0.6416657352717396,-0.6181383598832689,9.24998400000004,0.2500159999999596,-0.7192119028889935,-0.6654977012061642,-0.32563918795243335,10.5,-0.7500159999999596,-0.27331439403677843,-0.33032689577033314,-0.10124235403139753,4.24998400000004,-1.2500159999999596,0.5851355018012312,0.5373378935538953,0.538200100443565,-3.2499840000000404,-1.5,0.4029954863769132,-0.19111569722801858,-0.18862308988376347,8.49996800000008,0.0,-0.3657195309998774,-0.1278777135066262,-0.28104006094841094,-0.2499840000000404,1.2499840000000404,-0.12521131858683193,-0.45818800675564003,-0.5062299433631259,11.75001599999996,-0.7499520000001212,-0.7679550202064512,-0.7118713297491874,-0.47823090830375403,18.49996800000008,-0.7500479999998788,0.41859083850721307,0.39852738394794784,0.4087155817119122,14.75001599999996,-0.2499840000000404,0.4479956054586261,0.5566790681799688,0.3799209656694341
2025-01-03,4.594472244125244,2.0392861001397478,16.5,-0.5,-0.16173906918803382,-0.29999305224717127,-0.2147406768647414,8.5,-0.5,-0.5543982353337439,-0.5765208860420145,-0.45324375468148986,7.75001599999996,0.5,-0.6163411908078736,-0.6397398780387165,-0.569770612573392,8.74998400000004,-0.5,-0.7389348179392613,-0.6628275086482589,-0.5861197446659665,9.24998400000004,-1.2500159999999596,-0.30184538177458214,-0.3138401473766893,-0.12390151527786214,3.500031999999919,-0.7499520000001212,0.5498871231747375,0.5672024543576561,0.49759295094091593,-5.0,-1.7500159999999596,0.4030760975350541,-0.1881958682852137,-0.17179603868609458,8.24998400000004,-0.2499840000000404,-0.3816562313104175,-0.12974568353415278,-0.19136546869913024,-0.2499840000000404,0.0,-0.09723239148326607,-0.4576773505121167,-0.47385950323646797,11.75001599999996,0.0,-0.7736035754219407,-0.724430554564162,-0.6329546526874857,17.74998400000004,-0.7499840000000404,0.45392919512493274,0.39335702087516766,0.3967490637653485,15.24998400000004,0.4999680000000808,0.3822144154256555,0.5715921230637162,0.37680037659669297
2025-01-06,4.614782030036344,2.0309785911099887,15.74998400000004,-0.7500159999999596,-0.1616317835989715,-0.29558655964421204,-0.19899538953508009,8.0,-0.5,-0.5491922878293055,-0.57360896716543,-0.4762239709525773,7.74998400000004,-3.199999991920777e-05,-0.6244160455398733,-0.6359312641382008,-0.5672734657569345,8.75001599999996,3.199999991920777e-05,-0.7405521606536449,-0.6641166981850111,-0.595734579210189,9.0,-0.2499840000000404,-0.2969101025962411,-0.31176567419924317,-0.15593513290096656,3.2500159999999596,-0.2500159999999596,0.5482423451239068,0.5634006909595868,0.49100288274780174,-5.5,-0.5,0.3913596221660844,-0.1989284252002513,-0.1739195243811087,8.0,-0.2499840000000404,-0.3693400242728354,-0.12451234432722764,-0.18198759241552503,-1.7500159999999596,-1.5000319999999192,-0.13354818874176053,-0.4519960000330009,-0.47133012153694936,12.75001599999996,1.0,-0.7626197969623336,-0.7251741035779053,-0.62597089184257,18.0,0.2500159999999596,0.467224699103294,0.4108490838188845,0.38949822004630025,14.5,-0.7499840000000404,0.48470794291725033,0.5641341584090076,0.37405820261208134
2025-01-07,4.68397701663073,6.9194986594386165,15.49996800000008,-0.2500159999999596,-0.12865456096492406,-0.39320715629455566,-0.20798218714416825,6.500031999999919,-1.4999680000000808,-0.5896114203353896,-0.6002771222515597,-0.5092112042648438,7.74998400000004,0.0,-0.5503421638965189,-0.5699313505156637,-0.5586074179667782,7.5,-1.2500159999999596,-0.7360348466668968,-0.6685081351155394,-0.6179967279081052,8.24998400000004,-0.7500159999999596,-0.3486676451991488,-0.3903459825123918,-0.173411534336211,4.25001599999996,1.0,0.5599804498153323,0.568083333178284,0.5039788334635316,-5.25001599999996,0.2499840000000404,0.4007161596565068,-0.051255981482119864,-0.1684469965408019,4.25001599999996,-3.7499840000000404,-0.5070213472967374,-0.33000377982258716,-0.21495744392726931,-0.5,1.2500159999999596,0.10189496158952284,-0.3367323391001635,-0.44522301937167963,10.25001599999996,-2.5,-0.7625998751902588,-0.7129603710651603,-0.6354950020444441,15.74998400000004,-2.2500159999999596,0.3642908790611004,0.2830472067505086,0.3671392315594968,18.0,3.5,0.465718765928728,0.5734579380146495,0.3940089030018872
2025-01-08,4.692231282563306,0.82542659325755,12.74998400000004,-2.7499840000000404,-0.009435328136701306,-0.33270860320253065,-0.2204109078842331,7.24998400000004,0.7499520000001212,-0.5911665521034598,-0.5624187955747182,-0.546775896599857,7.25001599999996,-0.4999680000000808,-0.5284266688792627,-0.552615785391423,-0.5566806872311401,6.75001599999996,-0.7499840000000404,-0.7167185105740064,-0.6487279360379719,-0.61753860475339,8.49996800000008,0.2499840000000404,-0.36757844805953566,-0.3650789663838409,-0.1790246278931748,5.000031999999919,0.7500159999999596,0.5765900133742371,0.6330183383182713,0.5021547279513783,-4.74998400000004,0.5000319999999192,0.37461182399778853,0.08543308651129271,-0.16778854610220859,3.999968000000081,-0.2500479999998788,-0.4993691057875691,-0.46083868634352954,-0.2161456888976903,-3.499968000000081,-2.999968000000081,0.12068695770850581,-0.2789130054885929,-0.43264316126533103,11.49996800000008,1.2499520000001212,-0.7646860690972014,-0.6823754508347405,-0.6706195225867674,16.50003199999992,0.7500479999998788,0.369310562203332,0.3632143408640801,0.37276780207982846,19.24998400000004,1.2499840000000404,0.44446794372263526,0.5232332463360625,0.3946586846059612
2025-01-09,4.680079034964145,-1.2152247599161115,15.37500799999998,2.6250239999999394,-0.12176921726679044,-0.3061665708913613,-0.23337983622814742,5.75001599999996,-1.4999680000000808,-0.48283291616428714,-0.515656222176376,-0.5304750597497639,8.0,0.7499840000000404,-0.5474654813896237,-0.5686008961362439,-0.5607651584660251,7.0,0.2499840000000404,-0.7243275869750208,-0.649266127088217,-0.6373335605558755,8.37497600000006,-0.1249920000000202,-0.39090347021320077,-0.3531666004417871,-0.17275334769214384,5.625023999999939,0.6249920000000202,0.5306001245483761,0.6262499456211787,0.4922008211851111,-5.74998400000004,-1.0,0.3914993165094826,0.16848454124407594,-0.1776283759073641,3.12499200000002,-0.8749760000000606,-0.47346162220379956,-0.4550886949810743,-0.2085172414023067,-1.3750079999999798,2.124960000000101,0.024458361119869588,-0.29174511247393853,-0.4336490433604505,11.5,3.199999991920777e-05,-0.7677455757657703,-0.6828212371137902,-0.670962207132007,17.0,0.4999680000000808,0.3554572978437535,0.3367554207429533,0.36816371756421534,18.25001599999996,-0.9999680000000808,0.4713907438375522,0.5162965695066202,0.399624354728127
2025-01-10,4.772599733610049,9.252069864590418,14.75001599999996,-0.6249920000000202,-0.1605099025914993,-0.26190388818440696,-0.23509722467062008,6.0,0.2499840000000404,-0.4066318010129706,-0.495145042547715,-0.5102397630144493,6.25001599999996,-1.7499840000000404,-0.6008876324914888,-0.568623198772071,-0.5786994785096986,5.24998400000004,-1.7500159999999596,-0.8187064804983598,-0.6480953131327116,-0.6842144797745555,7.24998400000004,-1.1249920000000202,-0.47415075370888077,-0.4461049494288919,-0.20092947424627497,5.000031999999919,-0.6249920000000202,0.41819900603786175,0.5418589345584772,0.45706249498250473,-3.7499840000000404,2.0,0.4570544048848284,0.2652861445513492,-0.13768159001190025,-1.0,-4.12499200000002,-0.5610238651090005,-0.5021384438567046,-0.2490956484413418,-2.7499840000000404,-1.3749760000000606,-0.019169331330248687,-0.29627838966432324,-0.44271499876257026,9.49996800000008,-2.000031999999919,-0.8106317643152728,-0.6632166927017495,-0.6850278484736153,14.75001599999996,-2.2499840000000404,0.16173834480324317,0.12773961757441504,0.3269657694176146,21.0,2.7499840000000404,0.5238966875069275,0.5232573721536177,0.4179032292145738
2025-01-13,4.802614455918977,3.0014722308928654,15.49996800000008,0.7499520000001212,-0.1369996492651765,-0.25343218932647227,-0.23450379420931866,7.25001599999996,1.2500159999999596,-0.36001029062071815,-0.47560571667701845,-0.48355683305471986,5.0,-1.2500159999999596,-0.5886752739963474,-0.5723359763734963,-0.5882981299630519,4.5,-0.7499840000000404,-0.8131572046734395,-0.6765736243765433,-0.6814650973964282,7.0,-0.2499840000000404,-0.4798426504043115,-0.45200576476943577,-0.2492736130911908,5.0,-3.199999991920777e-05,0.4021176773428367,0.5437362009185014,0.4709784826531329,-1.2500159999999596,2.499968000000081,0.4656413658952111,0.2895738759039016,-0.13738124406830662,-1.5,-0.5,-0.6006076499404382,-0.5083464579928096,-0.23364771074733454,-3.37500799999998,-0.6250239999999394,-0.0180582900668306,-0.2981026455986265,-0.45687477091979817,7.0,-2.499968000000081,-0.7968536458592539,-0.6861381205032592,-0.6862691050765672,14.87500799999998,0.1249920000000202,0.14032258352284047,0.1304955178870166,0.315889245159327,21.5,0.5,0.5311248369175031,0.5321730734640292,0.42235548710017223
2025-01-14,4.787252465566085,-1.536199035289254,17.25001599999996,1.7500479999998788,-0.17659303203386628,-0.2521509945680793,-0.23934496791123486,7.25001599999996,0.0,-0.36472067855655205,-0.4890643367558133,-0.47886441938063534,4.74998400000004,-0.2500159999999596,-0.5791296965156815,-0.5617835421715948,-0.6031212424317837,4.74998400000004,0.2499840000000404,-0.8033259897977308,-0.6735629352649783,-0.680012926813119,7.75001599999996,0.7500159999999596,-0.5787304311472321,-0.48927490198791157,-0.2605020528047056,4.5,-0.5,0.4111784453856061,0.5610683018247541,0.48426484800826847,1.5,2.7500159999999596,0.3953561741925994,0.24837102703163497,-0.161630069536208,-3.5,-2.0,-0.5484244882538769,-0.5006616450952649,-0.21184030406241577,-0.2500159999999596,3.12499200000002,-0.10130705878126542,-0.2909506974082606,-0.4620313521046822,3.500031999999919,-3.499968000000081,-0.6919688320748798,-0.6477340536286305,-0.6516989211719914,16.74998400000004,1.8749760000000606,-0.016413701399556974,0.10508110994207008,0.29172016339023876,19.74998400000004,-1.7500159999999596,0.5421450906733021,0.5323833474882581,0.4255873836034305
2025-01-15,4.652070319096797,-13.518214646928772,18.75001599999996,1.5,-0.30979566877619047,-0.32636319402531283,-0.26115326553158236,6.75001599999996,-0.5,-0.2614206157874094,-0.4680048531904946,-0.43458838465577676,6.999968000000081,2.2499840000000404,-0.7388670970885928,-0.6518800209363982,-0.6578024737093774,6.500031999999919,1.7500479999998788,-0.8624934904012678,-0.7356881145318993,-0.69816957432273,9.49996800000008,1.7499520000001212,-0.7241684168307676,-0.5807053956912671,-0.35243278593886546,3.7500159999999596,-0.7499840000000404,0.46066887501209913,0.5644860316398567,0.4855104259992967,3.2500159999999596,1.7500159999999596,0.17898649022099358,0.1431992727355426,-0.18374772328880198,-4.74998400000004,-1.2499840000000404,-0.3896322041454655,-0.4218273857957351,-0.16109504395455293,2.499968000000081,2.7499840000000404,-0.3269110393469638,-0.375626754320037,-0.5063296330661144,6.500031999999919,3.0,-0.7441755992959911,-0.6998575274687164,-0.6732598753680519,20.49996800000008,3.7499840000000404,-0.37046094348550523,-0.09887876910867216,0.15600891841784947,16.25001599999996,-3.499968000000081,0.669265404555463,0.5973330724711232,0.48715234983561756
2025-01-16,4.605398494609171,-4.667182448762652,18.75001599999996,0.0,-0.29866245634773836,-0.3241260326676072,-0.25194752917919266,7.24998400000004,0.4999680000000808,-0.29074297281202727,-0.4781684531966848,-0.4489953555525567,7.5,0.5000319999999192,-0.7544426714237171,-0.6828226222030789,-0.6586113407334612,7.74998400000004,1.2499520000001212,-0.8677299461738166,-0.7515229291394487,-0.7284997366203732,10.25001599999996,0.7500479999998788,-0.7568664628137359,-0.5905525619004542,-0.36111793988740976,3.7500159999999596,0.0,0.43466322057900136,0.554926286080996,0.4795518528890818,-0.5,-3.7500159999999596,0.23879516157137032,0.1919575678438312,-0.13013857945505322,-3.0,1.7499840000000404,-0.4184746666887803,-0.4422446426568522,-0.19190674496029098,3.7499840000000404,1.2500159999999596,-0.35080563163699513,-0.39513900565321314,-0.5098444603339143,7.500031999999919,1.0,-0.760142858295496,-0.7100342372780439,-0.6875476443136329,21.99996800000008,1.5,-0.4144072130817081,-0.1221409969300732,0.13719048857559188,16.50003199999992,0.2500159999999596,0.6560173886274387,0.5886186470126772,0.4967764557819575
2025-01-17,4.609762767321205,0.43642727120341007,17.74998400000004,-1.0000319999999192,-0.296782689166178,-0.32202019165561246,-0.25413561858566,8.50003199999992,1.2500479999998788,-0.26930033867672143,-0.460511284925247,-0.40102055414369975,7.24998400000004,-0.2500159999999596,-0.7568539168824832,-0.6768141617976532,-0.6390467842096808,7.74998400000004,0.0,-0.8405910911596703,-0.7694354654604499,-0.7280262765212472,9.50003199999992,-0.7499840000000404,-0.7959065357832833,-0.5740919333056714,-0.3755543963627968,3.999968000000081,0.2499520000001212,0.3218577098552174,0.5487676788147989,0.4807220320229964,0.2499840000000404,0.7499840000000404,0.30582320387068623,0.18399275077511618,-0.11730457958186326,1.7500159999999596,4.75001599999996,-0.5244715082335889,-0.3967734483332686,-0.14057467115054006,1.2500159999999596,-2.499968000000081,-0.28867898643594775,-0.37090923599994147,-0.4826627919874811,7.74998400000004,0.2499520000001212,-0.7052353888801169,-0.7286724847243725,-0.6913259961493489,20.74998400000004,-1.2499840000000404,-0.5600058584144344,-0.08494529152463756,0.08238060777457647,17.50003199999992,1.0,0.6171489797920917,0.5810209647952593,0.5732335580522049
2025-01-21,4.573335401264757,-3.642736605644803,17.0,-0.7499840000000404,-0.2835059437274588,-0.30319341927051496,-0.2386224377101029,9.74998400000004,1.2499520000001212,-0.2588962518396928,-0.46893430208507125,-0.41037083081219045,7.500031999999919,0.2500479999998788,-0.7383935242461208,-0.6894626047571605,-0.6456345290021519,8.49996800000008,0.7499840000000404,-0.8326065206328002,-0.7792784990449606,-0.7341301826814667,9.25001599999996,-0.2500159999999596,-0.7553624279799036,-0.5615290032095438,-0.38123934052284586,4.25001599999996,0.2500479999998788,0.3254332456203181,0.5332834540409747,0.474800443662825,0.7499840000000404,0.5,0.25799508448744196,0.16466545795966034,-0.11862292425019785,2.2500159999999596,0.5,-0.5388389594654448,-0.39642844213259615,-0.14314711824685622,1.5,0.2499840000000404,-0.27440311655989763,-0.36706435115181096,-0.4857780869004421,9.75001599999996,2.000031999999919,-0.684838327617583,-0.7446503935603519,-0.6948537130373927,20.24998400000004,-0.5,-0.5277046748225387,-0.06727140532626695,0.07631140917715203,14.74998400000004,-2.750047999999879,0.7291765226538094,0.5916977146034346,0.5877094622844344
2025-01-22,4.59773258024444,2.4397178979683076,17.50003199999992,0.5000319999999192,-0.2534830969431431,-0.30751109050151937,-0.2406682058373056,9.49996800000008,-0.2500159999999596,-0.2789933713166351,-0.46889974672289075,-0.41031442049706807,7.000031999999919,-0.5,-0.7733171698876645,-0.6968481118577903,-0.6448048669182507,8.49996800000008,0.0,-0.8393342820618054,-0.7846929771430767,-0.7324966191899331,9.00003199999992,-0.2499840000000404,-0.784870707553993,-0.5613600265192481,-0.39582512582569734,4.24998400000004,-3.199999991920777e-05,0.3607038003464983,0.5305517670131314,0.47535922368202016,-1.2499840000000404,-1.9999680000000808,0.15796130822633592,0.14612743262911418,-0.1254332552569418,0.4999680000000808,-1.7500479999998788,-0.5204859755100614,-0.3961475516765252,-0.16280282855908287,1.0000319999999192,-0.4999680000000808,-0.2857705555614073,-0.3841036580257193,-0.4851657901907631,11.49996800000008,1.7499520000001212,-0.6335457904726314,-0.728157121092493,-0.6840796841086947,19.50003199999992,-0.7499520000001212,-0.6253065617891098,-0.06528077742084878,0.06896693717770017,15.24998400000004,0.5,0.7718546624216543,0.5918610006416125,0.5854929823292374
2025-01-23,4.636449758160009,3.87171779155695,16.74998400000004,-0.7500479999998788,-0.30550572962655764,-0.3085613042349781,-0.28700372494850646,10.00003199999992,0.5000639999998384,-0.12163727866086636,-0.45819106023900386,-0.3922627865219249,6.24998400000004,-0.7500479999998788,-0.8252775007803856,-0.6980672737762188,-0.642752157706152,7.5,-0.9999680000000808,-0.8863391047936027,-0.7923989492492998,-0.7343257269784166,8.74998400000004,-0.2500479999998788,-0.7879222273445879,-0.5689652995904266,-0.4045839337580858,4.75001599999996,0.5000319999999192,0.34222994184255534,0.5326547820503019,0.4720408468348359,-2.2499840000000404,-1.0,0.023763350045348162,0.14674559118986635,-0.13047008815252492,-3.199999991920777e-05,-0.5,-0.45386626899608223,-0.4042165691717282,-0.14901344716110307,0.2500159999999596,-0.7500159999999596,-0.3017112287759153,-0.38145969111186095,-0.48247365628971123,10.5,-0.9999680000000808,-0.6731240804071763,-0.7381427884672418,-0.6877448636199219,19.25001599999996,-0.2500159999999596,-0.6449160652233049,-0.05145030502582681,0.06255084019415574,14.74998400000004,-0.5,0.7937886179712714,0.5811667647725456,0.5764056244189142
2025-01-24,4.622439609772511,-1.4010148387498589,16.25001599999996,-0.4999680000000808,-0.2953349022185859,-0.25342292174418535,-0.2774368931924965,9.74998400000004,-0.2500479999998788,-0.11138287179570494,-0.3533997430489352,-0.40185744379752775,7.0,0.7500159999999596,-0.837130334679543,-0.6634408190849973,-0.6474911085698604,7.24998400000004,-0.2500159999999596,-0.8808654682839099,-0.7875790633220101,-0.7308284158164121,9.25001599999996,0.5000319999999192,-0.7970790228565139,-0.5718973239933474,-0.40981589745225283,4.5,-0.2500159999999596,0.33883569839077887,0.46369074400733307,0.47484609045960363,-3.7499840000000404,-1.5,0.05100883291735234,0.18135115407907415,-0.11566022687324591,0.0,3.199999991920777e-05,-0.45285335497924406,-0.37394999604218365,-0.15845562616723555,0.5,0.2499840000000404,-0.3463573449919879,-0.335768614054694,-0.48883552359073895,11.0,0.5,-0.6798214249991211,-0.7165171656308353,-0.6874398479861455,19.5,0.2499840000000404,-0.660394383475442,-0.2235773495173453,0.08083076597219424,15.5,0.7500159999999596,0.8081104513245858,0.5716835904125569,0.5898217730681207
2025-01-27,4.527228333342193,-9.521127643031768,16.00003199999992,-0.2499840000000404,-0.2638130691611465,-0.21926044118517943,-0.2537842725478531,10.24998400000004,0.5,-0.1584918666325335,-0.3653859588695756,-0.4144149911321032,8.24998400000004,1.2499840000000404,-0.8534402795394832,-0.6934772974562214,-0.6601262001552982,8.50003199999992,1.2500479999998788,-0.9013569420194206,-0.8040618967373061,-0.7419281094891914,9.49996800000008,0.2499520000001212,-0.7713181048370106,-0.565180756450837,-0.3981022230361269,3.500031999999919,-0.9999680000000808,0.4143090970724461,0.48957464497320496,0.48615787041419917,-4.74998400000004,-1.0,0.09055828493809624,0.2070546917897765,-0.09812899267897962,0.9999680000000808,0.9999680000000808,-0.4789074211765384,-0.3811460084974752,-0.1775075545536079,1.5000319999999192,1.0000319999999192,-0.36294170919959834,-0.38520654907976337,-0.49349146248078146,12.24998400000004,1.2499840000000404,-0.678306374332368,-0.7083220033981444,-0.6881036039815623,21.74998400000004,2.2499840000000404,-0.7075581964433596,-0.30137504321817193,0.04863765864685981,11.50003199999992,-3.999968000000081,0.8408403734991072,0.6202898044337053,0.6114713909969496
2025-01-28,4.547496659296194,2.02683259540013,16.5,0.4999680000000808,-0.24062407150599308,-0.22794123767218746,-0.2591335702301291,10.24998400000004,0.0,-0.17107036589872987,-0.33281286436723745,-0.4132528181314846,8.00003199999992,-0.2499520000001212,-0.8513490725099282,-0.6901213222765437,-0.6603908548244867,7.999968000000081,-0.5000639999998384,-0.9017803571676127,-0.8003290065192906,-0.7476094332860287,10.00003199999992,0.5000639999998384,-0.7551003698108291,-0.5272614113585818,-0.3932285966167701,3.499968000000081,-6.399999983841553e-05,0.38128378244088096,0.4555614081391752,0.4862018422472205,-4.0,0.7499840000000404,0.0987135996255601,0.1973682914085491,-0.09840732655077195,0.0,-0.9999680000000808,-0.474017348980389,-0.3572689678476714,-0.1839279817290178,1.7499840000000404,0.2499520000001212,-0.3622311214999167,-0.36633238993491496,-0.4950673741790601,12.00003199999992,-0.2499520000001212,-0.6752528955011619,-0.6995228784288501,-0.6884041012436768,20.49996800000008,-1.2500159999999596,-0.743862591603978,-0.31097837762586317,0.04116323205203179,14.75001599999996,3.2499840000000404,0.822921484029942,0.6084671628478724,0.609255043096309
2025-01-29,4.553632885563746,0.6136226267551947,16.24998400000004,-0.2500159999999596,-0.2776218818262991,-0.22290134671882703,-0.2611289734204307,11.25001599999996,1.0000319999999192,-0.08741807405863862,-0.2977893457310798,-0.4292855064961091,6.75001599999996,-1.2500159999999596,-0.8175690120511517,-0.6654478521563507,-0.6569210777734956,8.99996800000008,1.0,-0.8861215815268562,-0.787019050165854,-0.7388454094318638,9.00003199999992,-1.0,-0.7136633194659232,-0.527363745241434,-0.39220299484630794,3.999968000000081,0.5,0.31486596608509526,0.4711164560621448,0.48395765555547837,-5.75001599999996,-1.7500159999999596,0.08202794506870188,0.22270808223296534,-0.0967581884109741,2.000031999999919,2.000031999999919,-0.38320425192377244,-0.3442913287555705,-0.1854860010332861,-0.2500159999999596,-2.0,-0.4569276551810286,-0.3512155587933305,-0.4882727834801332,13.24998400000004,1.2499520000001212,-0.6194284418160575,-0.6855501872073606,-0.6862151516289348,19.50003199999992,-0.9999360000001616,-0.8394042548142955,-0.33715308838765407,0.036159000063259346,14.99996800000008,0.2499520000001212,0.8036841281833171,0.62724933643193,0.6267849336447977
2025-01-30,4.511262942257507,-4.236994330623922,16.25001599999996,3.199999991920777e-05,-0.2765260780976155,-0.21938786453344503,-0.27086133852287464,11.0,-0.2500159999999596,-0.05384654511793654,-0.28744186851634457,-0.42625734427185946,6.25001599999996,-0.5,-0.7726960827335144,-0.6575532732545942,-0.6465855287236933,9.74998400000004,0.7500159999999596,-0.899097132678079,-0.7933815752975979,-0.7416154124967079,9.24998400000004,0.2499520000001212,-0.7200130563909835,-0.5321209061945653,-0.3932035179709367,4.75001599999996,0.7500479999998788,0.2905876409678227,0.4288044716314917,0.47525704616535785,-6.0,-0.2499840000000404,0.09820181784551407,0.22085359546186772,-0.1040568733037925,3.2500159999999596,1.2499840000000404,-0.4008282749241704,-0.35656709867875563,-0.19379425802104727,-1.7500159999999596,-1.5,-0.436121848878327,-0.32765590439080355,-0.46836928442657094,14.74998400000004,1.5,-0.6243445221718951,-0.6930281673522136,-0.6890559638014988,20.00003199999992,0.5,-0.8584620690100876,-0.3433227501507188,0.02901980860405355,13.99996800000008,-1.0,0.810528757712538,0.6331732322660074,0.6295111635842473
2025-01-31,4.566064315589389,5.4801373331882175,15.74998400000004,-0.5000319999999192,-0.29825824742964363,-0.24824084672695418,-0.3077958582766359,10.0,-1.0,-0.12142051480985347,-0.3021993120503485,-0.41105904608518884,6.24998400000004,-3.199999991920777e-05,-0.7537361264142937,-0.7085523742332993,-0.6765512526217802,8.75001599999996,-0.9999680000000808,-0.906707697388265,-0.8084238363960377,-0.7396674006702051,9.0,-0.2499840000000404,-0.7249719846597156,-0.5398439257943974,-0.4556270182596081,2.5,-2.2500159999999596,0.0728975174380375,0.3064508206864519,0.40615740898993236,-7.25001599999996,-1.2500159999999596,0.060727795789065196,0.20133239373475448,-0.1131000400757168,5.24998400000004,1.9999680000000808,-0.3153939629238352,-0.31919853739997944,-0.1928274970157114,-3.2499840000000404,-1.4999680000000808,-0.4686570450271379,-0.3382521106418651,-0.45692099172380596,14.25001599999996,-0.4999680000000808,-0.6279392738659645,-0.7002364020077492,-0.6884379361529067,18.74998400000004,-1.2500479999998788,-0.8699390890276937,-0.3629855238525937,-0.02035261117059226,14.5,0.5000319999999192,0.7996735256576528,0.6319903010518189,0.6305936243458606
2025-02-03,4.541814596056027,-2.424971953336197,16.0,0.2500159999999596,-0.29601565136463376,-0.2533324365704625,-0.283232962543743,10.0,0.0,-0.10648982493885338,-0.3201312027749741,-0.4321077420235945,6.0,-0.2499840000000404,-0.7695132863499031,-0.6949585527250812,-0.677952821889149,8.5,-0.2500159999999596,-0.894544984301345,-0.8077169190727678,-0.734200358662932,9.5,0.5,-0.7510426316081292,-0.5710317667216415,-0.4519398890519229,1.5,-1.0,0.11633695645785797,0.3046772419154863,0.43540926260663315,-0.5,6.75001599999996,-0.005205232258887521,0.1004606756007639,-0.12606620256997836,1.2500159999999596,-3.999968000000081,-0.25218486962443076,-0.2677590528994906,-0.16627387557165532,-3.500031999999919,-0.2500479999998788,-0.4693151286022622,-0.33244601007309055,-0.455297190348483,12.25001599999996,-2.0,-0.5772892807713311,-0.6713232539246221,-0.6819306308209865,21.0,2.2500159999999596,-0.851593242332612,-0.3752427446004236,-0.03684521259314491,16.0,1.5,0.7676041404284922,0.603931402722786,0.6304594353034852
2025-02-04,4.511550579590502,-3.026401646552479,16.99996800000008,0.9999680000000808,-0.29975480056386566,-0.27101611436813555,-0.2880812489690979,9.75001599999996,-0.2499840000000404,-0.08002398964920514,-0.31315165568976905,-0.4253909984587881,6.5,0.5,-0.7791398287224545,-0.7012606072746806,-0.6793722129402793,9.0,0.5,-0.9007996147352225,-0.809738177621898,-0.736846709319593,9.25001599999996,-0.2499840000000404,-0.7311512624117433,-0.5607384085852155,-0.45531848827339444,2.499968000000081,0.9999680000000808,0.08191020069708771,0.2662723280719426,0.4119262295276741,3.2500159999999596,3.7500159999999596,-0.03412109455596077,0.054851830291069444,-0.14693260634416683,0.5,-0.7500159999999596,-0.24838622115926418,-0.2599021591343267,-0.1589345243916596,-4.0,-0.4999680000000808,-0.45128694287027254,-0.3381371611585199,-0.4482960051603607,13.5,1.2499840000000404,-0.6049509266140877,-0.6781195257753488,-0.6871640294034138,20.25001599999996,-0.7499840000000404,-0.8310280730312003,-0.38560492774205196,-0.024871314832986595,14.99996800000008,-1.0000319999999192,0.7869616984484242,0.6541727434023867,0.6314289961035413
2025-02-05,4.41911401964851,-9.243655994199251,17.0,3.199999991920777e-05,-0.2719220990186941,-0.2571695967348329,-0.33249489882399424,10.5,0.7499840000000404,0.015157572710355791,-0.3544233973809202,-0.4343021059117136,7.5,1.0,-0.8411061184937799,-0.7169955914787833,-0.6595038967466541,10.0,1.0,-0.8908217456620255,-0.8206561126223829,-0.7420694031638081,9.0,-0.2500159999999596,-0.6249297735442034,-0.5304756372065492,-0.47788957860879944,3.0,0.5000319999999192,-0.07623349664056456,0.2074806559634678,0.3633977896962008,3.7500159999999596,0.5,-0.02953107595300506,0.03591631817368899,-0.06047126901785033,1.5,1.0,-0.18213695353014522,-0.29673259258419066,-0.26960812763745423,-3.2499840000000404,0.7500159999999596,-0.5599042816162016,-0.33780177076824497,-0.4076622145404201,15.24998400000004,1.7499840000000404,-0.5818640508290834,-0.6825166758137394,-0.6700142141723241,20.5,0.2499840000000404,-0.7597978142891267,-0.3692414662066066,-0.09827207384054742,13.24998400000004,-1.7499840000000404,0.7627837809516774,0.6687340774262399,0.6341688042898913
2025-02-06,4.43718917383895,1.8075154190440479,17.99996800000008,0.9999680000000808,-0.23650001459594838,-0.232984698370268,-0.32261064882840534,10.00003199999992,-0.4999680000000808,-0.02806513230186374,-0.3578460926029327,-0.4137209409244357,7.74998400000004,0.2499840000000404,-0.8230945657385661,-0.7134994116376794,-0.6501693227361384,9.5,-0.5,-0.8983421663090053,-0.8209568237169621,-0.7362937394927274,9.24998400000004,0.2499840000000404,-0.618959147344678,-0.5317575745979244,-0.46365985257120196,3.000031999999919,3.199999991920777e-05,-0.0976518361511547,0.2341558392098859,0.4010288023724246,4.999968000000081,1.2499520000001212,-0.01960715466399026,0.020826629020741186,0.004574844952667744,0.5000319999999192,-0.9999680000000808,-0.1918616960333649,-0.2936880614273236,-0.336639465241052,-2.7500159999999596,0.4999680000000808,-0.5573080962286546,-0.34138907224861015,-0.38400266321038484,14.0,-1.2499840000000404,-0.6123678702183396,-0.6832254323498109,-0.652892763473369,22.24998400000004,1.7499840000000404,-0.7162467989489322,-0.3436638676048269,-0.05996363824624158,12.00003199999992,-1.2499520000001212,0.7352524123117812,0.6521936095017475,0.6081365058597886
2025-02-07,4.485598472073155,4.840929823420481,18.24998400000004,0.2500159999999596,-0.27668674794930803,-0.23568157477008173,-0.3073478723106842,9.74998400000004,-0.2500479999998788,-0.06971786552659447,-0.35615170029975673,-0.40612669303434695,6.500031999999919,-1.2499520000001212,-0.8481167557111542,-0.7179853733688565,-0.6633308072025552,10.24998400000004,0.7499840000000404,-0.824118907887595,-0.7883048714416944,-0.7153818762683677,9.0,-0.2499840000000404,-0.6222779719649022,-0.5552855662065352,-0.4606142752922361,3.2499840000000404,0.2499520000001212,-0.06844183412084189,0.2391449098695023,0.39920555345576264,8.75001599999996,3.750047999999879,0.053320590645516856,0.05401920569578806,0.05824020517656718,-1.2500159999999596,-1.7500479999998788,-0.22567128425548214,-0.3086032426769628,-0.345818726448921,-6.25001599999996,-3.5,-0.6202686416443757,-0.35878175125941375,-0.4012830142001803,15.75001599999996,1.7500159999999596,-0.5304689958871411,-0.6548979444237418,-0.6351787808252324,23.25001599999996,1.0000319999999192,-0.6649260296663977,-0.3354251164095498,-0.06981359405183371,11.99996800000008,-6.399999983841553e-05,0.7243059489631565,0.6499838113713312,0.5997604835600385
2025-02-10,4.493722199209181,0.8123727136025494,18.12499200000002,-0.1249920000000202,-0.207203611467933,-0.24475703024907275,-0.2616416490066365,9.00003199999992,-0.7499520000001212,-0.11312433533465178,-0.35984554966637117,-0.41099530663949074,7.749952000000121,1.249920000000202,-0.7437943323453519,-0.6841792977372921,-0.6302404183446303,10.375039999999899,0.1250559999998586,-0.7781535379176685,-0.821565579758966,-0.6974570092758448,8.49996800000008,-0.5000319999999192,-0.5482118605064306,-0.5619550194351101,-0.4954349918787087,5.000031999999919,1.7500479999998788,0.05092999687513154,0.21614603868950302,0.35748039243941643,9.5,0.7499840000000404,0.0013494141115769223,0.05368105387147257,0.08151821137061327,-0.8750079999999798,0.3750079999999798,-0.04058413556516417,-0.3163959771100469,-0.3367655068267925,-4.87500799999998,1.3750079999999798,-0.5783910069226755,-0.34562337332569,-0.3897243621139696,16.50003199999992,0.7500159999999596,-0.4584576294744229,-0.6747309746841041,-0.607555512977664,20.74998400000004,-2.500031999999919,-0.5814218491354707,-0.3231715316551239,-0.17721539255044466,11.62499200000002,-0.3749760000000606,0.6680611392537827,0.6482461660837818,0.5870080729744132
2025-02-11,4.536257452991474,4.253525378229295,17.74998400000004,-0.3750079999999798,-0.28218385966461856,-0.23564121190164272,-0.2654217895608684,8.25001599999996,-0.7500159999999596,-0.26792613903676676,-0.369271428522085,-0.43257866678003426,8.75001599999996,1.0000639999998384,-0.6359849056305772,-0.6496687018710329,-0.6049711759274793,8.99996800000008,-1.3750719999998182,-0.7787746023584382,-0.8162670653104412,-0.7204591314491837,8.75001599999996,0.2500479999998788,-0.5041312133396482,-0.5467303352619646,-0.48638486236725026,4.5,-0.5000319999999192,0.016045457617301508,0.18525302880051533,0.34377301917533876,12.24998400000004,2.7499840000000404,0.01689422078003398,0.09460510638131145,0.10814827794774036,-4.0,-3.12499200000002,-0.11554821682233617,-0.35265065954181896,-0.3541629736994727,-4.25001599999996,0.6249920000000202,-0.5303458282062615,-0.3309904112518392,-0.3781179391598281,15.00003199999992,-1.5,-0.46110956252602947,-0.673890516662617,-0.6296589917420992,20.99996800000008,0.2499840000000404,-0.5710734101233492,-0.3348308769014308,-0.17259352710695722,13.25001599999996,1.6250239999999394,0.6841588534650394,0.6555881823401766,0.5988505588328726
2025-02-12,4.632377621920022,9.612016892854847,16.75001599999996,-0.9999680000000808,-0.4206886604850621,-0.2588641908096932,-0.28638291022857226,6.5,-1.7500159999999596,-0.4309809321393514,-0.41779722630042687,-0.4739443816443947,9.5,0.7499840000000404,-0.5151637713232774,-0.5740135389439949,-0.5566428329477553,7.5,-1.4999680000000808,-0.8180412340857489,-0.8198090453603123,-0.7324404585140266,7.25001599999996,-1.5,-0.6209913234481548,-0.6189439396506831,-0.5394071012391259,4.499968000000081,-3.199999991920777e-05,0.013473890417637788,0.17239129778268097,0.3413354398888456,11.75001599999996,-0.4999680000000808,-0.02550656567446347,0.09349485730559783,0.09091239388314787,-5.5,-1.5,-0.17836225778423712,-0.357146974101422,-0.37179933131490617,-5.0,-0.7499840000000404,-0.566365541260687,-0.33471211884099095,-0.3733674270568546,13.0,-2.000031999999919,-0.6429535070153358,-0.6734392321099686,-0.6440899154656415,18.75001599999996,-2.249952000000121,-0.644423905190557,-0.4226224941677557,-0.2149686273050077,16.49996800000008,3.249952000000121,0.7485125907248348,0.6751119201809962,0.6178590965260051
2025-02-13,4.523951010473913,-10.842661144610943,16.75001599999996,0.0,-0.1932534957519838,-0.24720860288808977,-0.27530148206857863,6.75001599999996,0.2500159999999596,-0.5707628115478828,-0.4218332807394974,-0.5067901805919294,11.74998400000004,2.2499840000000404,-0.48423057717032847,-0.6270118847355816,-0.6038576571001877,7.5,0.0,-0.6894513734003793,-0.7865807422604998,-0.721741981395618,8.5,1.2499840000000404,-0.5654316501764769,-0.6590586811515821,-0.5710310148247947,4.0,-0.4999680000000808,-0.03919162359229229,0.19517506224419848,0.3483405841771393,11.0,-0.7500159999999596,0.09044320984742377,0.11306740890974933,0.10509515643452869,-5.24998400000004,0.2500159999999596,-0.2805559818093846,-0.353443139104561,-0.3706902111405718,-3.7500159999999596,1.2499840000000404,-0.48400055270699854,-0.36815636781043876,-0.3930707631100661,15.24998400000004,2.2499840000000404,-0.6056537864446572,-0.6926516579962283,-0.6734841352365973,19.50003199999992,0.7500159999999596,-0.5082229139546605,-0.4300678607514518,-0.22812395648582356,15.74998400000004,-0.7499840000000404,0.6554266405810063,0.6654780513209214,0.6161333759934402
2025-02-14,4.475272355631543,-4.867865484236944,17.0,0.2499840000000404,-0.20935802969475534,-0.2500224945845832,-0.27916478613743073,5.0,-1.7500159999999596,-0.406721492080038,-0.35301869243517614,-0.4514271477563635,13.75001599999996,2.000031999999919,-0.5066127676595807,-0.6378401471043657,-0.6259827664602461,7.999968000000081,0.4999680000000808,-0.6871665168400433,-0.7884628489278164,-0.7310932604320766,8.75001599999996,0.2500159999999596,-0.5554383188206239,-0.6693713858593867,-0.5722209328441159,3.7500159999999596,-0.2499840000000404,-0.026663711030115837,0.19468461029649664,0.34901578605809996,10.0,-1.0,0.05021550484598871,0.11803087682981411,0.11480166036476701,-3.5,1.7499840000000404,-0.2818919743110426,-0.36692087395106904,-0.3833982631203113,-4.74998400000004,-0.9999680000000808,-0.43060083908407354,-0.34870810800941715,-0.3836709998482695,17.49996800000008,2.2499840000000404,-0.6186754069170706,-0.7070158595086795,-0.6845481382551397,19.75001599999996,0.2499840000000404,-0.4887273152791788,-0.43381407167622443,-0.22952893351156906,17.25001599999996,1.5000319999999192,0.6138349794724011,0.6380304381558526,0.597226348226645
2025-02-18,4.543450842011653,6.817848638011004,16.99996800000008,-3.199999991920777e-05,-0.1922908600775587,-0.2448871213189717,-0.2781743391825003,5.500031999999919,0.5000319999999192,-0.37305767916188814,-0.31756377134489366,-0.4272880384687763,12.24998400000004,-1.5000319999999192,-0.5607906346415727,-0.6476398112550386,-0.63437175596884,8.0,3.199999991920777e-05,-0.6574591817600163,-0.748476101001219,-0.7327717936257035,8.24998400000004,-0.5000319999999192,-0.5810765793241264,-0.6953288284697441,-0.5728005305954306,4.25001599999996,0.5,0.012278230689364556,0.14203650971660575,0.3528516106421056,10.25001599999996,0.2500159999999596,0.03900439552326376,0.14829268742721446,0.10933434080752087,-4.75001599999996,-1.2500159999999596,-0.3946841605146255,-0.4641275362119918,-0.38905649182592544,-3.5,1.2499840000000404,-0.3250390025599084,-0.2917594099542096,-0.3495698415801646,15.74998400000004,-1.7499840000000404,-0.6554800805444901,-0.6784591501159234,-0.7047152427600026,20.25001599999996,0.5,-0.4370226131763808,-0.5004878809429859,-0.2017709493275193,16.75001599999996,-0.5,0.5661535704650702,0.5937909059294636,0.5783312332553153
2025-02-19,4.533639901953417,-0.9810940058236461,18.0,1.0000319999999192,-0.24205928600896465,-0.2526863681946439,-0.28198545770235367,4.74998400000004,-0.7500479999998788,-0.340365076278061,-0.28849723462086235,-0.4184633812934101,12.50003199999992,0.2500479999998788,-0.5659244944814067,-0.6338863997528058,-0.6409844606648922,8.24998400000004,0.2499840000000404,-0.6492361184527929,-0.7381068696998023,-0.7375555412877592,7.74998400000004,-0.5,-0.5845937200599217,-0.6712486121744787,-0.5657597164600352,5.500031999999919,1.2500159999999596,0.010179130446924442,0.14239131635643787,0.33450895481875387,11.25001599999996,1.0,0.03765789872305382,0.13002053921382917,0.09928079437148789,-5.5,-0.7499840000000404,-0.3822730494399431,-0.4634265150729434,-0.38495744002122184,-2.0,1.5,-0.3117385012984089,-0.28500327049759205,-0.34628004407890534,15.25001599999996,-0.4999680000000808,-0.6381222592404133,-0.6564393532257433,-0.710335423793919,20.74998400000004,0.4999680000000808,-0.4558091728872047,-0.4916343117017991,-0.19648221912165043,17.0,0.2499840000000404,0.5575527861188952,0.6445430632602012,0.5793335389689034
2025-02-20,4.4984767818254845,-3.5163120127932324,18.5,0.5,-0.28654320739615535,-0.25058503126222703,-0.2950132572140154,4.0,-0.7499840000000404,-0.31703713387274524,-0.2788012951841109,-0.4052918526205976,13.0,0.4999680000000808,-0.5592628731573234,-0.6519351984270976,-0.6456124565805408,8.0,-0.2499840000000404,-0.6385376808301056,-0.7304833698165772,-0.7346250607219396,9.5,1.7500159999999596,-0.5493907905334312,-0.6657303024627321,-0.5580141960130204,5.24998400000004,-0.2500479999998788,0.022087941135433043,0.15538360768833356,0.33308056010656706,10.24998400000004,-1.0000319999999192,0.09027506396482386,0.10812315447641044,0.10435501623858329,-4.0,1.5,-0.3868618256009974,-0.45844270636935247,-0.3882024413433098,-1.7500159999999596,0.2499840000000404,-0.3132876072622254,-0.2885012945761017,-0.3594491307737576,16.00003199999992,0.7500159999999596,-0.690022053246509,-0.6505733050827628,-0.7127039566761407,23.24998400000004,2.5,-0.45830631493461904,-0.5415033861328487,-0.20677786861208808,12.74998400000004,-4.25001599999996,0.540344976360923,0.653589281614063,0.576050640413667
2025-02-21,4.418719771521595,-7.975701030388915,18.75001599999996,0.2500159999999596,-0.25126040354807655,-0.2720877422266409,-0.2918977658261885,3.7499840000000404,-0.2500159999999596,-0.3693907009177355,-0.20514372910346207,-0.3959834368121783,16.5,3.5,-0.5865497178960892,-0.6757192080412053,-0.6522777188809967,8.0,0.0,-0.5945252185398977,-0.7314302108150808,-0.7251815695560601,9.5,0.0,-0.5186767719823109,-0.6464459668520713,-0.5540557420109632,4.5,-0.7499840000000404,0.05481835081218961,0.16241604270975157,0.3443415310067986,10.75001599999996,0.5000319999999192,0.12495184388999885,0.05988340805498355,0.10084633184709353,-2.5,1.5,-0.42494289387583517,-0.4407240847121567,-0.40454129111956894,-0.2499840000000404,1.5000319999999192,-0.3526009954722023,-0.3172266723480053,-0.37282178341066796,17.24998400000004,1.2499520000001212,-0.6856024716447543,-0.6678792854850493,-0.7189289998726996,22.5,-0.7499840000000404,-0.38725380520984687,-0.50936984220713,-0.18280906144598014,11.74998400000004,-1.0,0.5623588884427941,0.6704813672081238,0.5763810138249188
2025-02-24,4.391601847134687,-2.7117924386907966,17.0,-1.7500159999999596,-0.16292582988894885,-0.23983108496780026,-0.22639238338642229,4.0,0.2500159999999596,-0.3739719756846787,-0.2078991940348569,-0.32692223179517754,18.0,1.5,-0.5873862189337788,-0.6821331862381913,-0.6412089831499155,8.24998400000004,0.2499840000000404,-0.599396313530536,-0.7338838857957612,-0.7156363516844712,9.00003199999992,-0.4999680000000808,-0.5049562346690644,-0.6402579495416238,-0.5438755870876746,4.499968000000081,-3.199999991920777e-05,0.05401924106406778,0.15955325587144317,0.2855861512367957,8.49996800000008,-2.250047999999879,0.1387601123002767,0.07450634502208238,0.11512290110808171,0.7500159999999596,3.2500159999999596,-0.4132471459240888,-0.43957630990021956,-0.38890790854086893,-1.2499840000000404,-1.0,-0.3372546718566483,-0.325507438968195,-0.3335571151112709,18.49996800000008,1.2499840000000404,-0.6862989135190758,-0.6759031681309143,-0.7015417466543837,21.00003199999992,-1.4999680000000808,-0.35755288395474,-0.4929226444828632,-0.2796760360024507,13.49996800000008,1.7499840000000404,0.5380545921405089,0.6605186523654654,0.5593973468010106
2025-02-25,4.297359768720276,-9.424207841441135,16.25001599999996,-0.7499840000000404,-0.10294190186982709,-0.20178914443489115,-0.18449441633232908,6.12499200000002,2.12499200000002,-0.443004988232811,-0.2901499335856065,-0.3766606625002678,17.74998400000004,-0.2500159999999596,-0.49605066999452285,-0.638482126437043,-0.6150221173910648,10.00003199999992,1.7500479999998788,-0.6100691334015754,-0.7571799225975461,-0.7354742198929708,9.74998400000004,0.7499520000001212,-0.544255245277176,-0.6548813814210019,-0.5577618792426732,3.2499840000000404,-1.2499840000000404,0.07295738752452356,0.21029982683379847,0.3087868707516595,6.499968000000081,-2.0,0.169059335596617,0.11596871340341647,0.15236563557024357,2.37500799999998,1.6249920000000202,-0.43368120299205826,-0.4603883288450399,-0.40112911968028014,1.0,2.2499840000000404,-0.3843580016878843,-0.3654683781252573,-0.38764863072969336,19.74998400000004,1.2500159999999596,-0.6866489376004025,-0.6767382840288468,-0.6975645487359197,20.50003199999992,-0.5,-0.22773748217269654,-0.4604344657796935,-0.2663524559836378,12.74998400000004,-0.7499840000000404,0.46262778579777386,0.6528670596483038,0.5591440686570579
2025-02-26,4.247632781660348,-4.972698705992773,15.75001599999996,-0.5,-0.1020933275597683,-0.18427850050807262,-0.18109981490494123,10.25001599999996,4.125023999999939,-0.4103688993071277,-0.3093848270367685,-0.3629326062245054,17.74998400000004,0.0,-0.4667613113281728,-0.6231446856936145,-0.6091126156321905,10.74998400000004,0.7499520000001212,-0.6114909833500927,-0.7581105746919731,-0.7351393286876547,9.25001599999996,-0.4999680000000808,-0.5432545652151665,-0.6417204522073474,-0.5278246956840343,2.2500159999999596,-0.9999680000000808,0.10384216589237284,0.19873023064751477,0.29808216105154195,10.0,3.500031999999919,0.1194270820010676,0.08383055432590678,0.1091342799232399,1.2500159999999596,-1.1249920000000202,-0.3935878642625057,-0.43898272771500013,-0.3740626238231402,3.499968000000081,2.499968000000081,-0.41496215770371986,-0.38351427238161906,-0.39373453618188253,21.00003199999992,1.2500479999998788,-0.6885277656740955,-0.6772160818064082,-0.6949491414816066,18.49996800000008,-2.0000639999998384,-0.14980771557705405,-0.436564231934982,-0.23825808828291867,13.50003199999992,0.7500479999998788,0.4290868226395295,0.6314963129890558,0.5455086404881658
2025-02-27,4.284752494120523,3.711971246017498,13.75001599999996,-2.0,-0.19000576777613756,-0.2299229020845001,-0.19462621433133032,13.24998400000004,2.999968000000081,-0.28224435479161014,-0.21191464238541882,-0.29044669108867244,16.5,-1.2499840000000404,-0.4977276325552314,-0.6307794288769121,-0.6094570377737887,9.24998400000004,-1.5,-0.6693639858786693,-0.7646145338891853,-0.7320744432930918,9.00003199999992,-0.2499840000000404,-0.5485393499089426,-0.6290151056517276,-0.537104070746381,2.499968000000081,0.2499520000001212,0.10735463524740874,0.17770118354827258,0.3092442753036586,9.00003199999992,-0.9999680000000808,0.10433715548069304,0.06025102123152261,0.10982765910918424,1.7499840000000404,0.4999680000000808,-0.4055518606540883,-0.4003623416285517,-0.36460214597158375,4.5,1.0000319999999192,-0.37390593941016853,-0.412986111018569,-0.37889548223502506,18.24998400000004,-2.750047999999879,-0.7124063446012942,-0.6666673747932036,-0.6906000643265594,17.75001599999996,-0.7499520000001212,-0.15771284686578513,-0.47394583961801207,-0.25686516346621696,14.25001599999996,0.7499840000000404,0.4388544087992213,0.6163409802605713,0.5566167918785393
2025-02-28,4.228199652762877,-5.65528413576466,14.0,0.2499840000000404,-0.20120345005828433,-0.23475309817794338,-0.19942009738272817,16.0,2.7500159999999596,-0.3293906214599141,-0.24136778826805205,-0.31768675096743265,16.25001599999996,-0.2499840000000404,-0.49513044342945284,-0.606998007533642,-0.6033350663406178,9.74998400000004,0.5,-0.6714458333307727,-0.7714439815424426,-0.7339241357514185,8.0,-1.0000319999999192,-0.4614238963685106,-0.5807976014356843,-0.4977205360330177,3.5,1.0000319999999192,0.08396921074641289,0.15964711584526697,0.2774279452126575,7.25001599999996,-1.7500159999999596,0.1303716777598088,0.09259293312592036,0.1253689807719651,6.24998400000004,4.5,-0.42181804299821435,-0.41817735575268294,-0.38785041971889933,4.74998400000004,0.2499840000000404,-0.41716994170266714,-0.4282592342249615,-0.38138162356915223,18.25001599999996,3.199999991920777e-05,-0.6929085304028022,-0.6545030660714429,-0.683978570939177,15.75001599999996,-2.0,-0.09108803789770636,-0.43920665355349287,-0.22353863047993056,14.74998400000004,0.4999680000000808,0.4109340782433476,0.6045571407793705,0.5502518351083155
2025-03-03,4.177781085870151,-5.041856689272528,14.24998400000004,0.2499840000000404,-0.18809846833445845,-0.24063829233630687,-0.22105492524901194,16.75001599999996,0.7500159999999596,-0.29949380105365053,-0.24729303715334916,-0.32063640187978004,15.0,-1.2500159999999596,-0.4229563001689749,-0.5664055129920009,-0.5864376294318876,11.5,1.7500159999999596,-0.6337462523410927,-0.7678537520418454,-0.7436947267227646,6.75001599999996,-1.2499840000000404,-0.38863551920739403,-0.5319837676167533,-0.4613333401753191,2.999968000000081,-0.5000319999999192,0.30406280883453163,0.17939726167251038,0.27699193564671354,7.24998400000004,-3.199999991920777e-05,0.20108244663043706,0.09794304717480264,0.12551767150222842,6.75001599999996,0.5000319999999192,-0.5116485786997591,-0.420209253940758,-0.38900766108484885,4.75001599999996,3.199999991920777e-05,-0.35171610215962323,-0.4287920699706639,-0.37588510726956603,19.49996800000008,1.2499520000001212,-0.7010908095819466,-0.6597130002062793,-0.6951888273075354,13.00003199999992,-2.7499840000000404,0.0037129949576590994,-0.3856248748586936,-0.18901076237115208,14.24998400000004,-0.5,0.4136862307279258,0.6056419079581976,0.5525522826759138
2025-03-04,4.208978562899038,3.119747702888631,16.75001599999996,2.500031999999919,-0.03651407697667251,-0.17063330161170476,-0.17830790493159182,14.49996800000008,-2.250047999999879,-0.344365668777348,-0.2642078608935828,-0.33578033221960357,15.50003199999992,0.5000319999999192,-0.4199299998411071,-0.5632421814322361,-0.5749243651618944,10.49996800000008,-1.0000319999999192,-0.6561193474129863,-0.7693539077199876,-0.7479804251047033,6.75001599999996,0.0,-0.3758684896307538,-0.5231435664427276,-0.46895859020572883,3.7500159999999596,0.7500479999998788,0.33817702637393265,0.210599815901944,0.27584180297277966,10.00003199999992,2.750047999999879,0.3069957502010488,0.1334196686121677,0.13360499049589492,4.499968000000081,-2.250047999999879,-0.6111379624067474,-0.43171754536585377,-0.3962697403247727,5.500031999999919,0.7500159999999596,-0.33898169770057623,-0.41785117005390865,-0.3680488248177054,18.24998400000004,-1.2499840000000404,-0.7619243276104081,-0.666232834840261,-0.6972437161253474,13.5,0.4999680000000808,0.03939026157522549,-0.37092555278973505,-0.18147444258669285,13.0,-1.2499840000000404,0.3834940872963409,0.5839213518427073,0.5369135121750164
2025-03-05,4.265095884942468,5.611732204343056,15.5,-1.2500159999999596,-0.09616593710466523,-0.1917407128094809,-0.1964865559703214,13.0,-1.4999680000000808,-0.3890595809352053,-0.28653667521144427,-0.35077015355800734,15.5,-3.199999991920777e-05,-0.42570159862174606,-0.5582503210189943,-0.5719821528891601,9.5,-0.9999680000000808,-0.6779167572611203,-0.7791179063538569,-0.7525316981920126,7.5,0.7499840000000404,-0.2872645476565685,-0.47245690876752117,-0.43807091824123173,4.5,0.7499840000000404,0.3997206482753483,0.23811447350681234,0.28845136745876576,8.0,-2.000031999999919,0.25447170962148113,0.10171126295871183,0.11325887383789632,4.24998400000004,-0.2499840000000404,-0.6135957670178572,-0.42700105582826947,-0.3992014859794877,2.500031999999919,-3.0,-0.4290023693935015,-0.44149873685436786,-0.3925287499400357,18.49996800000008,0.2499840000000404,-0.7354123541591795,-0.66443142749443,-0.6912689655588744,14.75001599999996,1.2500159999999596,0.0980458137592611,-0.33941153226842047,-0.16691313446346748,14.75001599999996,1.7500159999999596,0.42245856478649174,0.6043577813118295,0.5691440445724565
2025-03-06,4.280305660356898,1.5209775414430027,15.25001599999996,-0.2499840000000404,-0.09846517590839322,-0.19047200799411024,-0.19465336771330016,11.74998400000004,-1.2500159999999596,-0.39260969005599666,-0.261502511023265,-0.3546278777740918,16.24998400000004,0.7499840000000404,-0.40949627927750626,-0.5577120011063089,-0.5634039731031388,9.25001599999996,-0.2499840000000404,-0.6552757433271837,-0.7684079372373114,-0.7580261009600134,6.75001599999996,-0.7499840000000404,-0.32861899807319556,-0.45907319351687637,-0.4421983976902981,4.74998400000004,0.2499840000000404,0.4668125806923484,0.20509498751753694,0.28384058268439,7.0,-1.0,0.26157879295746234,0.09759512273851083,0.10713849752057435,2.7500159999999596,-1.4999680000000808,-0.6189990292992675,-0.39304818120443386,-0.4128483311486903,3.499968000000081,0.9999360000001616,-0.4181886725245563,-0.47277074381417883,-0.38152376042640596,16.75001599999996,-1.7499520000001212,-0.7116298415743858,-0.6445395121853401,-0.6873293972070796,15.25001599999996,0.5,0.14029310368971543,-0.29816415173894306,-0.1599806480744423,16.24998400000004,1.4999680000000808,0.38290236081567697,0.5802759976783837,0.5721717237945972
2025-03-07,4.317456169844501,3.715050948760279,15.74998400000004,0.4999680000000808,-0.10043795496256683,-0.17320510546644596,-0.17706328962330212,10.24998400000004,-1.5,-0.40944546511163266,-0.28546051880779283,-0.36339673620321444,17.75001599999996,1.5000319999999192,-0.363795863658558,-0.518419198559188,-0.5352896872596096,8.5,-0.7500159999999596,-0.6618273123026072,-0.7739387608570321,-0.7601347379822907,6.75001599999996,0.0,-0.3312313861119048,-0.4584672469906223,-0.4434932155077969,5.24998400000004,0.5,0.4824409823025257,0.2107482428001299,0.31000535112766303,6.24998400000004,-0.7500159999999596,0.22785593246130964,0.08502008982339108,0.08951687272300735,0.7499840000000404,-2.000031999999919,-0.6289791433368416,-0.4055754533101446,-0.4160688457593774,3.500031999999919,6.399999983841553e-05,-0.4243671562633506,-0.47878146411106537,-0.38368833505365296,17.99996800000008,1.2499520000001212,-0.6610210218500581,-0.6304665741948684,-0.6736105358976078,15.00003199999992,-0.2499840000000404,0.11584546669158031,-0.3043469687743707,-0.1528774429316166,14.99996800000008,-1.2500159999999596,0.36390261127404466,0.5556923294914531,0.5515172739645671
2025-03-10,4.212161059597761,-10.529511024673965,14.74998400000004,-1.0,-0.04378314680343962,-0.13092062909108232,-0.14555686983332305,16.0,5.75001599999996,-0.5207037608842503,-0.3816689624229588,-0.4277945796277024,9.62499200000002,-8.12502399999994,0.14171512135954206,-0.12747302041783487,-0.1736765284781199,14.0,5.5,-0.6962849136727196,-0.7245653447844982,-0.7303795621051213,6.87500799999998,0.1249920000000202,-0.33316967332973463,-0.45163284670171894,-0.453956753344308,3.37500799999998,-1.8749760000000606,0.570801559141395,0.2880734624298429,0.3623767280172048,2.499968000000081,-3.7500159999999596,0.2790030236122632,0.155227884001727,0.14377385746234256,3.6250239999999394,2.875039999999899,-0.6529521360174169,-0.44234415681296135,-0.44701344540336313,6.0,2.499968000000081,-0.4468181323380187,-0.5208075063594064,-0.4149044274512272,18.87500799999998,0.875039999999899,-0.7394284795456868,-0.6251822683644017,-0.6729704674000131,12.87500799999998,-2.1250239999999394,0.15638514128143458,-0.2300025003104778,-0.10467587672488979,13.49996800000008,-1.5,0.4245110871647689,0.5665756526322713,0.5644908755557387
2025-03-11,4.286572963142335,7.441190354457383,13.25001599999996,-1.4999680000000808,-0.12974599065787612,-0.1607722320635785,-0.18050700494035388,17.0,1.0,-0.4686847508754164,-0.36732297169986866,-0.40699645628547426,7.25001599999996,-2.3749760000000606,0.0497575550589802,-0.13336046997644266,-0.19682169356753434,13.24998400000004,-0.7500159999999596,-0.6988688697960693,-0.7075303072420325,-0.7486058937252865,7.5,0.6249920000000202,-0.24335881773880763,-0.35940002029565415,-0.4250351656818369,4.5,1.1249920000000202,0.6427647258555121,0.37506048886769705,0.3764508684078833,2.2500159999999596,-0.2499520000001212,0.2618270189762177,0.11148372367170097,0.13793839145602615,1.5,-2.1250239999999394,-0.6830694722364513,-0.40969781435281544,-0.46556785622743585,4.25001599999996,-1.7499840000000404,-0.5244253111077462,-0.5254405858450796,-0.4243797488840684,17.24998400000004,-1.6250239999999394,-0.7714228225201802,-0.6181471478717558,-0.6939966435112287,15.0,2.12499200000002,0.2918395846193856,-0.1094807275035978,-0.0672193816124803,15.0,1.5000319999999192,0.46213278451921735,0.5460254175966326,0.5699511908223397
2025-03-12,4.315293149433415,2.872018629107931,12.5,-0.7500159999999596,-0.14052115038202992,-0.19194660369889174,-0.17646653619491745,19.0,2.0,-0.42229985444762125,-0.35549592193906077,-0.3874544375699181,5.5,-1.7500159999999596,0.006436300184796333,-0.13737206370589128,-0.20610857280156306,13.5,0.2500159999999596,-0.6770527341247339,-0.6978347733248599,-0.7414971618342463,7.5,0.0,-0.2607347400937415,-0.3535030496610622,-0.4225741787234851,4.5,0.0,0.6809762910823502,0.3752131501180837,0.3663190933729339,0.2500159999999596,-2.0,0.16816719862756768,0.07293316522968027,0.14137724093067694,2.2499840000000404,0.7499840000000404,-0.6539620687971243,-0.3977329302985805,-0.47382751843435966,3.0,-1.2500159999999596,-0.5547074404693685,-0.5289361802479207,-0.42654044325451057,17.24998400000004,0.0,-0.7551439326758629,-0.6115180209944467,-0.6882616557178483,15.50003199999992,0.5000319999999192,0.29455382013560916,-0.10489170564801534,-0.07348581283493626,17.24998400000004,2.2499840000000404,0.4589995207948013,0.5523628713906025,0.5731206356838955
2025-03-13,4.2748970845443015,-4.039606488911307,12.75001599999996,0.2500159999999596,-0.09083905159150184,-0.20389774599251925,-0.17298505292435024,19.74998400000004,0.7499840000000404,-0.36337831914094937,-0.35796323274920905,-0.38736681176836657,6.0,0.5,-0.038453260035493,-0.1404407213448293,-0.2063063443083044,14.24998400000004,0.7499840000000404,-0.6478920373538115,-0.6994121131814753,-0.7351386200570709,7.500031999999919,3.199999991920777e-05,-0.11252674674487055,-0.3560014547066874,-0.4412220909233816,3.7499840000000404,-0.7500159999999596,0.743132639800951,0.38231097290972865,0.37150682419571857,1.7499840000000404,1.4999680000000808,0.14542072973950254,0.06672483407053624,0.1420481971143366,0.2500159999999596,-1.9999680000000808,-0.5798960994275317,-0.3844455780933485,-0.45165206713492545,5.25001599999996,2.2500159999999596,-0.5388471699437539,-0.555070615900742,-0.43396984989392606,16.24998400000004,-1.0,-0.6866420319314369,-0.6482755980717853,-0.6695946274661332,16.74998400000004,1.2499520000001212,0.4489398314191502,-0.11445768768922278,-0.10764421557106019,15.00003199999992,-2.249952000000121,0.3591748494888898,0.560425667736166,0.5717632176765518
2025-03-14,4.307277610865742,3.2380526321440506,13.25001599999996,0.5,-0.049658545204514355,-0.09406069732621788,-0.1663234235784546,21.0,1.2500159999999596,-0.39035376847694925,-0.39789171414431185,-0.3763337444342379,4.25001599999996,-1.7499840000000404,0.028008624409944928,-0.09382997800797713,-0.21500045420414626,13.99996800000008,-0.2500159999999596,-0.7202941623802019,-0.686429715859522,-0.7382274344616687,7.000031999999919,-0.5,0.009373668473154979,-0.26134356748757614,-0.4458385576341256,4.74998400000004,1.0,0.7636157004396208,0.3726775795607832,0.3793388937132096,5.500031999999919,3.750047999999879,0.21191286903634346,0.14974176694520988,0.156428712554094,-3.199999991920777e-05,-0.2500479999998788,-0.6246495821529925,-0.4545949254306659,-0.45142672909813497,2.7500159999999596,-2.5,-0.5578416843683445,-0.5193953871527128,-0.44269893273701755,16.75001599999996,0.5000319999999192,-0.6157357628846216,-0.5989115292089843,-0.6661095450438373,17.74998400000004,1.0,0.5576727273169745,0.04533494687428081,-0.09974035522389334,15.24998400000004,0.2499520000001212,0.35037016995293807,0.5065216610190982,0.5719122064245178
2025-03-17,4.305272865547165,-0.20047453185769726,14.49996800000008,1.2499520000001212,-0.02497649679748259,-0.08438656778556412,-0.16279267045802856,19.75001599999996,-1.2499840000000404,-0.45282633798441446,-0.39658628805098495,-0.3737001844280689,4.25001599999996,0.0,0.07121683061135504,-0.08839385215679202,-0.21551342898465622,14.24998400000004,0.2500159999999596,-0.7256073591770362,-0.6811182020581538,-0.7378864768284041,6.74998400000004,-0.2500479999998788,0.026438980615793372,-0.24520417224547558,-0.4492590709183019,5.000031999999919,0.2500479999998788,0.763447146015874,0.37492489903715054,0.3783581221559061,6.999968000000081,1.4999360000001616,0.20294391954257035,0.12429092977423147,0.15305308198531914,-0.9999680000000808,-0.9999360000001616,-0.6113593981581729,-0.4457238663716396,-0.4503954407030163,0.7499840000000404,-2.000031999999919,-0.5852280537996805,-0.5046064896426468,-0.4360519768349312,18.0,1.2499840000000404,-0.5849959177813996,-0.5889027985678682,-0.6676098073565715,18.0,0.2500159999999596,0.5754665283772318,0.06852717508992702,-0.10104089441177493,14.0,-1.2499840000000404,0.39153639513848604,0.5078156588841837,0.5700094374439224
2025-03-18,4.2802113468702325,-2.5061518676932515,15.99996800000008,1.5,-0.051333102802184186,-0.09058423846751641,-0.16928493668308123,19.00003199999992,-0.7499840000000404,-0.4554319743253756,-0.39425179818993306,-0.36664120087102536,4.24998400000004,-3.199999991920777e-05,0.11127702046250429,-0.08813723459576933,-0.2081313924435552,14.5,0.2500159999999596,-0.7509665314909466,-0.6805644397466298,-0.7198446021249956,6.24998400000004,-0.5,0.08396301464184916,-0.23556013934108336,-0.4525474907319047,4.000031999999919,-1.0,0.7590160683221998,0.37638634358359296,0.34690254637366935,9.0,2.000031999999919,0.1802635267284555,0.11475945579086404,0.1677038721615719,-2.7499840000000404,-1.7500159999999596,-0.5697797228639891,-0.4870007558915417,-0.5053947850275945,1.7499840000000404,1.0,-0.6754485580121746,-0.5147070809547379,-0.42879933622550853,18.0,0.0,-0.5329066805504163,-0.5866445440267133,-0.6336514771527284,16.5,-1.5,0.5768963011824311,0.08145813919211276,-0.13882647834444323,13.0,-1.0,0.43595429675290814,0.5089664826412056,0.551780345384084
2025-03-19,4.255198092351565,-2.501325451866787,17.5,1.5000319999999192,-0.06865353962219677,-0.11274739763170244,-0.1794883076550556,19.0,-3.199999991920777e-05,-0.4527257528599262,-0.3873086319894182,-0.35448103596416075,3.7499840000000404,-0.5,0.11068723823106814,-0.08381502373711641,-0.19499860667714242,15.25001599999996,0.7500159999999596,-0.7516697664511401,-0.679461920196112,-0.7145565325616413,6.0,-0.2499840000000404,0.08953307216648163,-0.23757333873444247,-0.42295640655752614,1.7500159999999596,-2.2500159999999596,0.7164400320017539,0.3723874271159721,0.3550767495325104,10.74998400000004,1.7499840000000404,0.16577101580881,0.1102704706676814,0.1492347027451569,-2.499968000000081,0.2500159999999596,-0.5710955570721525,-0.48559632555422777,-0.5059744974401679,1.9999680000000808,0.2499840000000404,-0.6879252309712207,-0.5150304901399755,-0.42571254903361316,17.25001599999996,-0.7499840000000404,-0.518816186565687,-0.5732915611593579,-0.6105291706069506,18.0,1.5,0.5460552025436289,0.06709943729528818,-0.13140432839403632,10.75001599999996,-2.2499840000000404,0.4327147926315274,0.504601835279016,0.5862735989315618
2025-03-20,4.232144099792571,-2.3053992558994096,20.74998400000004,3.2499840000000404,-0.07382179711258911,-0.1273272497589687,-0.17757395158820447,19.25001599999996,0.2500159999999596,-0.4736744506094922,-0.3845592374266364,-0.360384214622352,3.5,-0.2499840000000404,0.12021828361968193,-0.07986565515166717,-0.1967830496131532,14.25001599999996,-1.0,-0.7418181118850715,-0.6653550354416721,-0.698519669957495,5.999968000000081,-3.199999991920777e-05,0.19333085951683043,-0.2352387713050032,-0.4291183570980268,2.2500159999999596,0.5,0.7018634842422922,0.3669813598786365,0.35687614340271084,17.24998400000004,6.5,0.10306105100982359,0.09962990182510084,0.10451187462618682,-3.999968000000081,-1.5,-0.5474826708824949,-0.4690582602740471,-0.4930766836492215,0.7499840000000404,-1.2499840000000404,-0.6686253876152041,-0.5019973375651936,-0.42064117277328106,17.24998400000004,-3.199999991920777e-05,-0.5120140367269944,-0.604038212483098,-0.604175132243163,17.50003199999992,-0.4999680000000808,0.6460377000961111,0.07768703359836927,-0.14819404551227897,12.24998400000004,1.4999680000000808,0.43106992825061896,0.48939194192818225,0.5895671129495549
2025-03-21,4.250997763364938,1.885366357236773,21.24998400000004,0.5,-0.06105328964123822,-0.10466032669251867,-0.18256368558351127,18.24998400000004,-1.0000319999999192,-0.5488855939330394,-0.39884864286556926,-0.33823961807432046,3.500031999999919,3.199999991920777e-05,0.29396921636886736,-0.07101919786076487,-0.2012608298577201,13.74998400000004,-0.5000319999999192,-0.7990230561633874,-0.6603286903278226,-0.7117472154709223,6.74998400000004,0.7500159999999596,0.2592622689211034,-0.20817630822837332,-0.4063940623941985,2.2500159999999596,0.0,0.6954310031292488,0.3579664014422415,0.3477469258806566,21.99996800000008,4.74998400000004,0.15146691315786617,0.1356420463996449,0.0910432797477165,-6.499968000000081,-2.5,-0.5370521396904061,-0.47547547098194887,-0.47105233334416297,-0.2500159999999596,-1.0,-0.6592992839601218,-0.501784179103407,-0.4280616597343813,18.24998400000004,1.0,-0.4405394000824508,-0.5818803459019795,-0.6070641003811749,17.25001599999996,-0.2500159999999596,0.6499600260318563,0.0796144092296289,-0.14821572421127957,12.5,0.2500159999999596,0.40755358522349094,0.5016407175096401,0.6014876242705526
2025-03-24,4.3297777361643845,7.877997279944626,21.5,0.2500159999999596,-0.0865413488864588,-0.09810828022976777,-0.17279682714538136,17.24998400000004,-1.0,-0.5767526759322052,-0.413979297259902,-0.3508902853241217,2.2500159999999596,-1.2500159999999596,0.28439782218757814,-0.09414493782320478,-0.2176624450284967,13.0,-0.7499840000000404,-0.7938424527369405,-0.6663218419417171,-0.7135591896680854,6.75001599999996,3.199999991920777e-05,0.2493220004964943,-0.19729659245481726,-0.397006958580064,2.999968000000081,0.7499520000001212,0.7115887650261733,0.3776857113796188,0.36320442322320196,23.74998400000004,1.7500159999999596,0.15651318305690845,0.14862841850548417,0.10650090556838887,-5.25001599999996,1.2499520000001212,-0.4299955753304277,-0.4250006088573617,-0.4367281348060282,-2.7499840000000404,-2.499968000000081,-0.7184808939689155,-0.5338591819647297,-0.46540804227411875,16.5,-1.7499840000000404,-0.49771666646525764,-0.6057787341024834,-0.6238308711329378,19.0,1.7499840000000404,0.6865796587452493,0.1273161353561702,-0.11061578606691252,12.25001599999996,-0.2499840000000404,0.4097983807798322,0.4831939177356697,0.5910029252598047
2025-03-25,4.306552131060942,-2.322560510344296,20.25001599999996,-1.2499840000000404,-0.1390111278819039,-0.10393092362859596,-0.16354371336738918,17.49996800000008,0.2499840000000404,-0.5584073058671966,-0.42046314990390793,-0.35267651460200905,2.500031999999919,0.2500159999999596,0.3223126408482248,-0.06579918899316158,-0.21856189146544852,13.49996800000008,0.4999680000000808,-0.7869128371789262,-0.6581591156022617,-0.7148618519988511,6.500031999999919,-0.2499840000000404,0.4691713622546033,-0.1806343262462505,-0.39517973768134046,2.2499840000000404,-0.7499840000000404,0.6866496060265848,0.3543935320868122,0.3657570436204971,26.25001599999996,2.500031999999919,0.04682414183707126,0.11657502984697536,0.09975414025349111,-7.25001599999996,-2.0,-0.34143664655982264,-0.4011593944443615,-0.4289423573462731,-2.0,0.7499840000000404,-0.6863962106263367,-0.5278692286925204,-0.46706800074797966,15.5,-1.0,-0.41954957011221417,-0.5838572794812917,-0.6166997713664817,18.5,-0.5,0.7251947861270203,0.21090803680514456,-0.10842691897673432,12.74998400000004,0.4999680000000808,0.3844284033387103,0.42614953798461347,0.5881049705280043
2025-03-26,4.337357723355768,3.080559229482649,16.25001599999996,-4.0,-0.2178494839938799,-0.15044550654743613,-0.18003072338236806,18.24998400000004,0.7500159999999596,-0.5077153732493349,-0.41121940397742374,-0.3491772132262446,4.0,1.4999680000000808,0.37527906151232143,-0.04790419602917466,-0.2015264034727129,12.5,-0.9999680000000808,-0.795983718543008,-0.6610430402573546,-0.7159797387917838,6.24998400000004,-0.2500479999998788,0.44023440150820575,-0.19802600832169603,-0.4005656501567108,3.000031999999919,0.7500479999998788,0.6747814739567807,0.36445378374044457,0.359626671484969,27.99996800000008,1.7499520000001212,0.11773408787640277,0.1231973645481633,0.10933798042786085,-7.74998400000004,-0.4999680000000808,-0.3717623964508329,-0.3982479886254838,-0.42473707198891153,-2.2499840000000404,-0.2499840000000404,-0.6550638832665427,-0.5310824814055501,-0.46993158450215805,15.24998400000004,-0.2500159999999596,-0.3722847559391872,-0.5833604830158032,-0.6140540747848733,19.24998400000004,0.7499840000000404,0.7090845080454314,0.23256679603614644,-0.11038664482947338,12.75001599999996,3.199999991920777e-05,0.43005926422697255,0.42351771490931966,0.5811184142303499
2025-03-27,4.368267400474658,3.0909677118890144,17.00003199999992,0.7500159999999596,-0.16653504439972178,-0.13758180198214676,-0.18309391068990646,16.49996800000008,-1.7500159999999596,-0.6076652166448853,-0.42597211800635465,-0.35024286724569287,3.2500159999999596,-0.7499840000000404,0.3869667376558969,-0.05076172533334257,-0.19697494735523755,13.0,0.5,-0.7757229833850753,-0.6596574104475881,-0.7152130513558256,6.25001599999996,3.199999991920777e-05,0.4576334420049549,-0.1922185201786484,-0.38010196952402736,3.7499840000000404,0.7499520000001212,0.6830159561343433,0.3719517263818472,0.34993459675903277,29.5,1.5000319999999192,0.15526208197709634,0.13491675576891762,0.10554126513118302,-9.25001599999996,-1.5000319999999192,-0.409599986761128,-0.41975479895556345,-0.40770387790944546,-4.499968000000081,-2.2499840000000404,-0.713052521557221,-0.5427758619361008,-0.508165204364199,16.74998400000004,1.5,-0.27042456031106266,-0.564230812276321,-0.5802347308476594,18.5,-0.7499840000000404,0.7162265643437756,0.22666787977215178,-0.134242674294408,14.0,1.2499840000000404,0.4325916760503245,0.4314088358429434,0.5684273895086158
2025-03-28,4.254192895432996,-11.407450504166228,16.75001599999996,-0.2500159999999596,-0.11565810733537656,-0.1209364400027308,-0.1688865993687355,17.74998400000004,1.2500159999999596,-0.5564761768215472,-0.44217314792019924,-0.36138522594137223,4.24998400000004,0.9999680000000808,0.26037261768753117,-0.08269514025176693,-0.20890092065516086,14.00003199999992,1.0000319999999192,-0.7432664918720782,-0.6566988947978128,-0.7165589105179936,5.74998400000004,-0.5000319999999192,0.42216689454277323,-0.13992498120720065,-0.34247016020698656,3.5,-0.2499840000000404,0.7253769585591452,0.3848135028479398,0.35921351281519875,30.0,0.5,0.1025338090056988,0.1293623822220384,0.11070179723827571,-7.5,1.7500159999999596,-0.42878236484406734,-0.4394540631130875,-0.4257975472711683,-4.0,0.4999680000000808,-0.6807501754732893,-0.5578859327432955,-0.5152614868467958,17.25001599999996,0.5000319999999192,-0.29869275206343143,-0.5441527566972678,-0.5661879390740792,18.74998400000004,0.2499840000000404,0.5744827811220753,0.21331593351678863,-0.14057733434046746,14.0,0.0,0.4106776241607912,0.4028508784905099,0.5482748061679351
2025-03-31,4.244505700371312,-0.9687195061683695,16.25001599999996,-0.5,-0.10887672466465162,-0.11044846125573382,-0.16893439268499372,17.25001599999996,-0.4999680000000808,-0.5470088557972448,-0.43032258214981384,-0.36009130913673154,4.74998400000004,0.5,0.24170746286066125,-0.08501512544147104,-0.20975754737294292,14.0,-3.199999991920777e-05,-0.7251085197054353,-0.647303972082387,-0.716724831105803,6.0,0.2500159999999596,0.34670709105443365,-0.13449146070601567,-0.34430761091687423,3.7499840000000404,0.2499840000000404,0.7159530377775362,0.4996327220351521,0.3668193996099926,25.5,-4.5,0.09816757477712262,0.1517761251129274,0.1107600757610394,-6.74998400000004,0.7500159999999596,-0.40620406668444947,-0.49108459068994903,-0.4256819382959098,-3.2500159999999596,0.7499840000000404,-0.6851308037151547,-0.5444445966429033,-0.518663797347425,18.0,0.7499840000000404,-0.25601137406526764,-0.5406328759634899,-0.5667718401257409,18.74998400000004,0.0,0.5501228751457563,0.24569729297743564,-0.14033277361338173,12.75001599999996,-1.2499840000000404,0.4075361352875413,0.39712616107738247,0.5469375170577659
2025-04-01,4.15460821391872,-8.989748645259255,16.5,0.2499840000000404,-0.17048121123134702,-0.11329436196907379,-0.16820918684980735,18.74998400000004,1.4999680000000808,-0.5559973980801162,-0.4454511943765361,-0.37197882720505493,4.000031999999919,-0.7499520000001212,0.22097337538240877,-0.06874496695634935,-0.19713941064215842,16.24998400000004,2.2499840000000404,-0.7508986110510261,-0.6728685362706065,-0.7284480031983592,5.5,-0.5,0.4039958234411199,-0.10017473062438115,-0.31376123462752104,2.0,-1.7499840000000404,0.7528225173258798,0.5354324455856578,0.40958632592515676,26.99996800000008,1.4999680000000808,0.05205673042680967,0.1662065868334429,0.10647131105047179,-8.74998400000004,-2.0,-0.2749499408967233,-0.47829864447785625,-0.39151814055955353,-0.5,2.7500159999999596,-0.7648050768101283,-0.5746913473261577,-0.5409895319102528,19.25001599999996,1.2500159999999596,-0.3079471151321643,-0.5823284415848922,-0.5732351685662377,16.74998400000004,-2.0,0.621134041922481,0.30795546844237043,-0.09508002132341249,9.74998400000004,-3.000031999999919,0.5365964404306323,0.4517544793578845,0.5658241112390743
2025-04-02,4.194536299059148,3.992808514042867,16.75001599999996,0.2500159999999596,-0.11889057759331326,-0.10102750152851632,-0.15974678227229414,18.12499200000002,-0.6249920000000202,-0.5380440331087565,-0.4547463814182776,-0.3742296452407881,3.5,-0.5000319999999192,0.2099964742526313,-0.07061237529481841,-0.20066360554265866,16.0,-0.2499840000000404,-0.7393117255227623,-0.6725053079839036,-0.7287236807361985,6.5,1.0,0.3790311399066416,-0.060698947676076656,-0.27961350290459186,1.2499840000000404,-0.7500159999999596,0.6937540328268116,0.5280041500955229,0.39559178372609605,27.25001599999996,0.2500479999998788,0.10843972518931974,0.17837254166164257,0.10822885792722237,-12.87500799999998,-4.125023999999939,-0.35022927199520226,-0.4962390401572686,-0.40568666924062685,1.0,1.5,-0.6725665367209249,-0.5500673405791966,-0.5177793399729276,19.5,0.2499840000000404,-0.31554164908463544,-0.5733596809511964,-0.5764061096700456,18.24998400000004,1.5,0.6178554888336347,0.322099977311683,-0.08003505630527033,7.75001599999996,-1.9999680000000808,0.4240167794824813,0.41054439063132303,0.5454357270508909
2025-04-03,4.053976607208199,-14.055969185094952,15.749952000000121,-1.0000639999998384,-0.017761437439069848,-0.05038648161370083,-0.11599847473303943,21.62502399999994,3.500031999999919,-0.6208465323919975,-0.5136877130328622,-0.4119390087623829,4.5,1.0,0.08232126377386237,-0.08053703908612805,-0.2219120577129342,17.25001599999996,1.2500159999999596,-0.7029360247759888,-0.6692340290094747,-0.7200487296210597,6.24998400000004,-0.2500159999999596,0.4435725521439369,-0.05236420554201966,-0.23496705413721433,-0.2500159999999596,-1.5,0.7176704938449695,0.6069004513414468,0.4169048382417654,31.00003199999992,3.7500159999999596,-0.006201789260239986,0.0877328645261905,0.052520288049658644,-12.50003199999992,0.3749760000000606,-0.37420874011627764,-0.4748831496831022,-0.37598563044840366,3.2500159999999596,2.2500159999999596,-0.7267972309165499,-0.5785860319846832,-0.5666237072461939,21.0,1.5,-0.4045608903526712,-0.5688984214346189,-0.5650945131812863,15.75001599999996,-2.499968000000081,0.6994974083700477,0.40510521654610343,0.027956047279850387,7.499968000000081,-0.2500479999998788,0.34971999367788664,0.365220409383146,0.5015733983812759
2025-04-04,3.9886807529588655,-6.529585424933337,15.24998400000004,-0.4999680000000808,-0.017643165302706765,-0.05204898794504339,-0.09943133366678883,21.12499200000002,-0.5000319999999192,-0.5612615989298447,-0.4935576363319475,-0.402719472401878,7.500031999999919,3.000031999999919,-0.034460731526358555,-0.11832195516518178,-0.2425905836915423,15.74998400000004,-1.5000319999999192,-0.5961634352290247,-0.6128662697823692,-0.6784355016792011,5.24998400000004,-1.0,0.47716168398325487,-0.02360758982495984,-0.20861887770354853,-0.2499840000000404,3.199999991920777e-05,0.6826795549444732,0.5987142139958538,0.41029487623242655,26.74995200000012,-4.250079999999798,0.10431409710580594,0.12687048775084117,0.08280317382364605,-10.87497600000006,1.6250559999998586,-0.3871685261599796,-0.4856029589023948,-0.3862702804077762,7.5,4.24998400000004,-0.7270033961061463,-0.5905139063911864,-0.5792077671520781,19.0,-2.0,-0.33322709905860554,-0.5017814990545381,-0.5340541312786662,14.0,-1.7500159999999596,0.7327590962272941,0.4151305062267638,0.04362814676228572,7.0,-0.4999680000000808,0.38078533878622245,0.37914823999582553,0.499341239021572
2025-04-07,4.154889540238103,16.62087872792375,16.49996800000008,1.2499840000000404,0.0433093458383231,0.019918866490266307,-0.04098952148553286,20.75001599999996,-0.3749760000000606,-0.4583659156332534,-0.4690092326896261,-0.39835748680993005,3.7500159999999596,-3.7500159999999596,-0.7188696876897238,-0.22265782055343375,-0.3243267379906341,14.24998400000004,-1.5,-0.6539713591648908,-0.648805713094533,-0.6871933474748828,7.24998400000004,2.0,0.7179086389247387,0.18292000325242233,-0.039338914732785425,1.2500159999999596,1.5,0.69877768645629,0.6352177496999492,0.4603224800131879,27.24998400000004,0.5000319999999192,-0.06378603904867228,0.0871555093382489,0.07600558327138207,-12.25001599999996,-1.375039999999899,-0.27634191473645775,-0.4676987335868739,-0.386290750193386,4.000031999999919,-3.499968000000081,-0.7519192692387775,-0.6381126634303197,-0.6251000213661146,15.74998400000004,-3.2500159999999596,-0.5181461894284615,-0.6251603990110357,-0.5819242135880629,17.74998400000004,3.7499840000000404,0.7880808046800777,0.5093891589769636,0.15822827985865862,7.25001599999996,0.2500159999999596,0.33653263030499303,0.36093741020335474,0.4769619669329981
2025-04-08,4.259154572550891,10.426503231278783,16.25001599999996,-0.2499520000001212,0.08650387774452421,0.01266120594923631,-0.03227674273715681,19.74998400000004,-1.0000319999999192,-0.5464031661785166,-0.4787509344725089,-0.41974315963296926,0.5,-3.2500159999999596,-0.7370926275997456,-0.2802531101639875,-0.34604799866394553,14.5,0.2500159999999596,-0.5825688405506477,-0.621238488003365,-0.6500822613776992,5.74998400000004,-1.5,0.4290989606948764,0.09231194806389754,-0.05959253054051834,2.000031999999919,0.7500159999999596,0.6914596916082809,0.6642632584975946,0.502362559595282,24.75001599999996,-2.499968000000081,-0.13369937014156785,0.030718430449874063,0.019134110226085726,-12.5,-0.2499840000000404,-0.19866288700862475,-0.4534134437050392,-0.3404426537421878,0.2500159999999596,-3.7500159999999596,-0.7745325128655911,-0.6760914892015601,-0.6442867622261795,14.24998400000004,-1.5,-0.5237405826552345,-0.6446439878183751,-0.5767938388790547,17.5,-0.2499840000000404,0.7027335367787896,0.5132507497795842,0.19670752039119793,9.5,2.2499840000000404,0.3801646155678812,0.4026699249784798,0.47470416719152203
2025-04-09,4.393707276613156,13.45527040622656,18.49996800000008,2.249952000000121,0.2110275998869805,0.10435923617326534,0.036202555470320155,11.62502399999994,-8.124960000000101,-0.6423130544417225,-0.5491829234645548,-0.5025342074587014,5.37500799999998,4.87500799999998,-0.3019949443846136,-0.13877272535781304,-0.20365422933538613,12.87497600000006,-1.6250239999999394,-0.6499725981866771,-0.6376508842444975,-0.6650394454362905,4.0,-1.7499840000000404,0.1726492134886989,-0.027764125484132363,-0.13725094148434855,3.87500799999998,1.8749760000000606,0.7418443171116221,0.7124315727786054,0.5423341939796836,13.5,-11.25001599999996,-0.35565466406959967,-0.18324528151015593,-0.145145613869551,-6.12499200000002,6.37500799999998,0.14357355528899177,-0.2013371276438794,-0.17611854200800606,-1.6250239999999394,-1.875039999999899,-0.7677421979991845,-0.6948477069654286,-0.6500565117309116,15.37500799999998,1.1250239999999394,-0.3901135957186095,-0.5594555772322499,-0.5232732059693148,14.25001599999996,-3.2499840000000404,0.397351405995206,0.3584443751683261,0.10270535949507352,4.24998400000004,-5.25001599999996,0.01985481388320053,0.1794848456425882,0.3120088348833356
2025-04-10,4.389749588719937,-0.3957687893219486,19.24998400000004,0.7500159999999596,0.20932207021846938,0.1380921906473257,0.04070643434713377,10.00003199999992,-1.6249920000000202,-0.6279375056883364,-0.5336611174699084,-0.49977574929764024,4.24998400000004,-1.1250239999999394,-0.29054395845179376,-0.15778103145841454,-0.20381134206810325,12.74998400000004,-0.1249920000000202,-0.6414206519495168,-0.6202210853873821,-0.6648362858349914,4.000031999999919,3.199999991920777e-05,0.17942514399868859,0.038415244415403865,-0.13610646455132056,4.24998400000004,0.3749760000000606,0.7318598342244215,0.7300216598163585,0.5419927925373299,14.74998400000004,1.2499840000000404,-0.3531479645766177,-0.18091312439723842,-0.14369307381852878,-11.24998400000004,-5.12499200000002,0.12396471141504362,-0.1705360571741381,-0.17257464658696642,-1.2499840000000404,0.375039999999899,-0.765976977539481,-0.6986789524182596,-0.6630178708675574,12.99996800000008,-2.375039999999899,-0.37982977978397486,-0.5158663431775422,-0.5452482391150247,16.00003199999992,1.7500159999999596,0.41224697008409583,0.4226304688032708,0.10646239241896963,4.74998400000004,0.5,-0.013702187606274332,0.11453312012185911,0.3118396618932031
2025-04-11,4.491491953649259,10.17423649293221,19.74998400000004,0.5,0.20749328582567744,0.14885083060212784,0.10010096347745391,10.24998400000004,0.2499520000001212,-0.6065344016587085,-0.5278153714346374,-0.513403257992331,3.000031999999919,-1.2499520000001212,-0.3074224737007484,-0.13475119374817274,-0.18309876708342518,11.74998400000004,-1.0,-0.6592515467991462,-0.6521795021426442,-0.6567317834735104,1.7499840000000404,-2.250047999999879,0.021967593196071306,0.00027460503895793625,-0.13105658147624322,4.500031999999919,0.2500479999998788,0.7210577335882454,0.721400682812187,0.5300850266273158,13.74998400000004,-1.0,-0.38453986149805425,-0.20536413598318537,-0.13844213192290458,-7.75001599999996,3.499968000000081,0.2058174606648522,-0.09696431122040089,-0.14268534235395922,-5.499968000000081,-4.24998400000004,-0.789066160629027,-0.7197475707481968,-0.6651433878676518,13.74998400000004,0.7500159999999596,-0.33297744336154733,-0.44492486912859974,-0.4862298526169765,11.5,-4.500031999999919,0.19819883315265344,0.30545689789719993,0.11098152386054976,6.5,1.7500159999999596,0.05855377226998429,0.14808375515903457,0.2872674556113977
2025-04-14,4.363207873924668,-12.828407972459122,18.5,-1.2499840000000404,0.27619594674187103,0.18950690747225887,0.13249637014681517,14.5,4.25001599999996,-0.6703215938217804,-0.5882786875122094,-0.5468464776242291,5.0,1.9999680000000808,-0.3637986563212057,-0.16027136965851632,-0.20948836691443282,12.0,0.2500159999999596,-0.6432481114604222,-0.6297279336705824,-0.6376172242970254,3.0,1.2500159999999596,-0.10240177263589907,-0.06738001530858975,-0.1704022612952761,4.0,-0.5000319999999192,0.708904741884409,0.7136477953323948,0.5321216497588525,14.0,0.2500159999999596,-0.35567831557498836,-0.20697186061336112,-0.15348686933191538,-4.74998400000004,3.000031999999919,0.08281229592694074,-0.1389808200196897,-0.17294516960488127,-3.000031999999919,2.4999360000001616,-0.8214382607395596,-0.7472587440900464,-0.6767088163262798,14.50003199999992,0.7500479999998788,-0.36467164705563204,-0.4417830761949764,-0.48128251455924737,14.24998400000004,2.7499840000000404,0.05560744066971592,0.21237958131184023,0.0593594965962773,5.5,-1.0,0.07916654675907034,0.18254550274717193,0.29744545639799846
2025-04-15,4.32234223922848,-4.08656346961882,17.75001599999996,-0.7499840000000404,0.30948875370409223,0.19896270050468085,0.14088720230064905,14.24998400000004,-0.2500159999999596,-0.6719253692535303,-0.5942464761443826,-0.5465710668937961,5.74998400000004,0.7499840000000404,-0.3710247388982872,-0.15180398431405176,-0.2124597950488719,11.75001599999996,-0.2499840000000404,-0.6332879611536708,-0.6298045606184416,-0.632859342837059,3.7500159999999596,0.7500159999999596,-0.1294152680057341,-0.06955422474092118,-0.17776322530417446,5.499968000000081,1.4999680000000808,0.6354710185750054,0.6685598951221747,0.5038610113717295,13.75001599999996,-0.2499840000000404,-0.3446088120786923,-0.2088466780964322,-0.15189368910218504,-7.500031999999919,-2.750047999999879,0.0964265617580755,-0.10964720188898612,-0.17113258236922704,-0.7499840000000404,2.250047999999879,-0.819604615279208,-0.7764644805702153,-0.6849166873798116,15.0,0.4999680000000808,-0.3717560598141919,-0.4261151994176229,-0.4826337166763736,15.75001599999996,1.5000319999999192,0.02313807643502466,0.19095626792795928,0.05123070679515358,7.499968000000081,1.9999680000000808,0.03575288054658931,0.16613415095505946,0.28039920411108143
2025-04-16,4.277750974615313,-4.459126461316654,17.0,-0.7500159999999596,0.3447931916104703,0.20786971954749195,0.14214010850700173,13.5,-0.7499840000000404,-0.6605618646028699,-0.5866425089109091,-0.5373866153075756,6.5,0.7500159999999596,-0.3832861387087665,-0.1567153120621262,-0.21506664876737192,12.0,0.2499840000000404,-0.6375543966475143,-0.6289682498364463,-0.6307190759068639,4.25001599999996,0.5,-0.1464881846527182,-0.07948471771760067,-0.1862133663637334,5.24998400000004,-0.2499840000000404,0.6981053646687472,0.6850412373085786,0.5081754980302664,14.0,0.2499840000000404,-0.3381471300394312,-0.20866979639445085,-0.151017866745681,-10.5,-2.999968000000081,0.1239227308703417,-0.09064462979844633,-0.1526471432124341,2.0,2.7499840000000404,-0.817303486653691,-0.7787057666467667,-0.6853305840412585,14.0,-1.0,-0.35815463562967803,-0.41231403511202924,-0.4678177581398328,17.75001599999996,2.0,0.007345566337562196,0.1713333429448266,0.03545165049694523,7.24998400000004,-0.2499840000000404,0.01871520898078007,0.16618192813699048,0.27374271165706315
2025-04-17,4.3258617363832235,4.81107617679104,16.00003199999992,-0.9999680000000808,0.4224758366384236,0.19637200549275508,0.12556267662956333,12.74998400000004,-0.7500159999999596,-0.6592519016182636,-0.5964741054282731,-0.5391847330173971,5.0,-1.5,-0.4000221565767759,-0.1640268835055514,-0.22220575600143608,11.0,-1.0,-0.6705840367661328,-0.6396872779140333,-0.6359787369946474,5.24998400000004,0.9999680000000808,-0.11338967140961954,-0.03260497878390561,-0.16251370955896788,5.25001599999996,3.199999991920777e-05,0.6974993717935766,0.6794987109864713,0.506142771725739,9.00003199999992,-4.999968000000081,-0.357901269775683,-0.23544984708165664,-0.1659728077912233,-9.25001599999996,1.2499840000000404,0.1317329842307246,-0.07189224300470354,-0.13770506110740333,0.0,-2.0,-0.8345071194116652,-0.7832472550273486,-0.6890192885352857,13.0,-1.0,-0.36707183430573426,-0.416801845490112,-0.48975872353488115,18.74998400000004,0.9999680000000808,0.016071021694230317,0.20218285985263837,0.047039659636338826,8.25001599999996,1.0000319999999192,0.05247773618066109,0.16446430779169893,0.2782524239235748
2025-04-21,4.403774732908952,7.791299652572814,15.75001599999996,-0.2500159999999596,0.41502809683526287,0.19900756664829622,0.12762474973370685,11.5,-1.2499840000000404,-0.6611602408047087,-0.6169368960095728,-0.5489774598263073,3.2500159999999596,-1.7499840000000404,-0.42248345841921714,-0.13928669948816855,-0.23399797059372238,10.24998400000004,-0.7500159999999596,-0.6775462182125286,-0.655372034342708,-0.6364717533246789,4.74998400000004,-0.5,-0.1363535881507056,-0.04223845967776431,-0.16959453230270738,6.500031999999919,1.2500159999999596,0.7124248551209701,0.6845713156257349,0.516919307195056,9.25001599999996,0.2499840000000404,-0.37478174437542144,-0.22782403556598407,-0.15958680059853952,-11.0,-1.7499840000000404,0.11376634033305894,-0.07144228769137305,-0.14938816371835514,-2.7499840000000404,-2.7499840000000404,-0.8411829677317083,-0.7881327947549776,-0.6972020330294665,13.49996800000008,0.4999680000000808,-0.35016209449517177,-0.379285567074556,-0.4715630155602748,18.00003199999992,-0.7499520000001212,0.0005860953412504506,0.18137521885741614,0.03876074980688397,9.74998400000004,1.4999680000000808,0.08842945433534063,0.17547954275266514,0.2958997956460934
2025-04-22,4.388074599105613,-1.57001338033389,18.25001599999996,2.5,0.33906295475119186,0.17173306523477694,0.11519838583747039,10.49996800000008,-1.0000319999999192,-0.6567133611249173,-0.6124448197388805,-0.546494164036404,3.500031999999919,0.2500159999999596,-0.4073315819951254,-0.13355945340253667,-0.23367769335796137,10.24998400000004,0.0,-0.6705746470820125,-0.6546473366535226,-0.6373380986266812,5.74998400000004,1.0,-0.15077934819789288,-0.053359847820562085,-0.16992466914928658,4.500031999999919,-2.0,0.6522297810206856,0.6609559824711293,0.5037007576110021,12.50003199999992,3.2500159999999596,-0.41719383806307153,-0.23933969148532172,-0.16330216644210852,-13.25001599999996,-2.2500159999999596,0.09910293039541557,-0.053631700463448694,-0.1452099782537934,-2.7500159999999596,-3.199999991920777e-05,-0.8337076409165045,-0.79555285485981,-0.6969707419696194,13.50003199999992,6.399999983841553e-05,-0.31899662931266687,-0.3753566261131677,-0.47100966236195163,18.74998400000004,0.7499520000001212,-0.04122069905937067,0.17208613557822047,0.037713971306457525,9.74998400000004,0.0,0.09194511669181081,0.18969457806653275,0.2975982468751629
2025-04-23,4.386062681416255,-0.20119176893578228,20.0,1.7499840000000404,0.31352808700817375,0.15100219161478315,0.10948078219049684,9.5,-0.9999680000000808,-0.6532090210951145,-0.5998210091269011,-0.5485784516649961,4.75001599999996,1.2499840000000404,-0.4054063845967589,-0.13491682738014407,-0.2203568906616832,9.49996800000008,-0.7500159999999596,-0.6613160523297329,-0.6342338035415628,-0.6261533884237902,5.500031999999919,-0.2499520000001212,-0.15353461453735356,-0.01944175189051704,-0.16363297474190971,5.24998400000004,0.7499520000001212,0.643881905344285,0.6408018033909241,0.48965327444307294,11.49996800000008,-1.0000639999998384,-0.41211982229676125,-0.26946857050041156,-0.17677048469791684,-13.24998400000004,3.199999991920777e-05,0.09016401117041165,-0.02531102934684699,-0.13452076089536205,-1.7499840000000404,1.0000319999999192,-0.8306512739483833,-0.7864030802605518,-0.6951313388913766,12.49996800000008,-1.0000639999998384,-0.32779041133595843,-0.348477131661944,-0.45837279993853447,21.25001599999996,2.500031999999919,-0.04796689466798364,0.16078914489135185,0.0711942859340699,8.0,-1.7499840000000404,0.09957571584643397,0.17885195782208227,0.2569409906308405
2025-04-24,4.304216467153375,-8.184621426287997,20.00003199999992,3.199999991920777e-05,0.4774909900270992,0.1436467013507958,0.10724857682150142,9.99996800000008,0.4999680000000808,-0.6685061755269975,-0.5900184468400432,-0.5475903925289187,5.75001599999996,1.0,-0.4344063913737566,-0.14949044293083516,-0.2281746200569793,10.25001599999996,0.7500479999998788,-0.6759561427493022,-0.6341109894109505,-0.6283732785469858,5.74998400000004,0.2499520000001212,-0.16001975855401662,-0.04108940708775019,-0.17466982058805725,4.74998400000004,-0.5,0.6490981898919223,0.6371775394738907,0.4941054471925782,9.25001599999996,-2.249952000000121,-0.40103201030572005,-0.2250881861322855,-0.15728375762702868,-14.24998400000004,-1.0,0.10163330437289118,-0.022958852802390257,-0.12389866823343547,0.2499840000000404,1.9999680000000808,-0.8369096797622236,-0.789920490895011,-0.7033557483823631,15.24998400000004,2.7500159999999596,-0.3802516308752872,-0.37473932869065024,-0.47670131960992423,22.00003199999992,0.7500159999999596,-0.06613799857323586,0.1274863499491718,0.06617444115663106,2.7499840000000404,-5.25001599999996,0.19259445428378083,0.2549436801234372,0.29135864845188386
2025-04-25,4.265236695126349,-3.897977202702574,20.0,-3.199999991920777e-05,0.4730221048369067,0.17108738909352988,0.10824614543711297,10.0,3.199999991920777e-05,-0.6652622837088601,-0.6243157543492985,-0.5492075283120369,6.74998400000004,0.9999680000000808,-0.4345371603755727,-0.1516592665421338,-0.23105687351520135,11.50003199999992,1.2500159999999596,-0.690146752316155,-0.635772398419007,-0.6365143989095655,6.499968000000081,0.7499840000000404,-0.17272348234024532,-0.05190332975363409,-0.18062364771263384,4.375039999999899,-0.3749440000001414,0.6486467539652403,0.6391946844097861,0.4956267107523924,9.25001599999996,0.0,-0.4269794871371962,-0.2209935910729714,-0.15498590511161867,-15.0,-0.7500159999999596,0.1142521405633199,-0.026046593113517612,-0.12555850597164753,1.5,1.2500159999999596,-0.8429607583520006,-0.804092458360126,-0.7088471956204687,16.75001599999996,1.5000319999999192,-0.4214644172213047,-0.37762205187332626,-0.48576608935898236,23.24998400000004,1.2499520000001212,-0.0675819976831467,0.12439941389736119,0.061220325099903744,2.87500799999998,0.1250239999999394,0.17189144063054151,0.24471974158145007,0.28844025381423716
2025-04-28,4.214972159341496,-5.026453578485324,19.0,-1.0,0.48336247319261644,0.18696367333588534,0.11721409033999701,11.75001599999996,1.7500159999999596,-0.6634570804159908,-0.6220839999858937,-0.5564557429265722,6.999968000000081,0.2499840000000404,-0.42467166214120305,-0.1562794787092556,-0.235054082368685,12.25001599999996,0.7499840000000404,-0.6745309723768848,-0.6382240227651089,-0.6369727794067771,7.0,0.5000319999999192,-0.22498626408753064,-0.08806851129198018,-0.18426492702949468,3.2500159999999596,-1.1250239999999394,0.6668619155518029,0.6780876075042551,0.5126670097625885,4.75001599999996,-4.5,-0.3724738589873648,-0.20187658776931183,-0.13417902793095024,-11.5,3.5,0.12414051361394765,-0.013612947082475695,-0.13597254472043135,1.5,0.0,-0.8633519890563398,-0.8031896578507698,-0.7194501856096784,18.5,1.7499840000000404,-0.4342606535368061,-0.3935984783591086,-0.48764689299519526,23.25001599999996,3.199999991920777e-05,-0.06624892930777315,0.10321888618811742,0.06414984132200414,1.4999680000000808,-1.375039999999899,0.20736997153830317,0.2649525656267203,0.29093195969948565
2025-04-29,4.172591010755279,-4.238114858621689,18.74998400000004,-0.2500159999999596,0.48913139289366325,0.19320230356798282,0.1273979951107043,13.25001599999996,1.5,-0.6688202994775898,-0.6242908564980639,-0.5564236758707577,7.25001599999996,0.2500479999998788,-0.42338345991021753,-0.16984775081788434,-0.23715470302190111,12.49996800000008,0.2499520000001212,-0.6766429295811963,-0.6319382694588959,-0.6315431636513409,6.500031999999919,-0.4999680000000808,-0.20965187992004305,-0.10915660828548646,-0.17516937013548725,3.2499840000000404,-3.199999991920777e-05,0.6649427965713958,0.6724132215245681,0.5766930353889823,1.7499840000000404,-3.000031999999919,-0.3683228685888647,-0.18553499820404307,-0.11616172044725465,-8.74998400000004,2.7500159999999596,0.09780910175531825,-0.027167989499628856,-0.16395301713001362,4.25001599999996,2.7500159999999596,-0.8608533733033079,-0.8066736394686439,-0.7151836937941926,16.74998400000004,-1.7500159999999596,-0.39200649103583995,-0.353053190584295,-0.4657770561849987,22.5,-0.7500159999999596,-0.055227541110306394,0.08346761729804532,0.08160985831965355,1.7499840000000404,0.2500159999999596,0.19500278458230585,0.2583353547684112,0.28352286248075004
2025-04-30,4.174405655670746,0.1814644915467234,18.5,-0.2499840000000404,0.5083327169661171,0.1800611529174768,0.12769392375411703,13.5,0.2499840000000404,-0.6563408025607488,-0.6222257704730061,-0.5565788686474922,7.0,-0.2500159999999596,-0.46259543949433457,-0.1745890921236601,-0.23824123023103685,11.75001599999996,-0.7499520000001212,-0.6643974664620915,-0.6268198604009976,-0.6322538702090279,7.24998400000004,0.7499520000001212,-0.24193882170539657,-0.10745514703890212,-0.16933332892294456,3.5,0.2500159999999596,0.6395978267977408,0.6699764373899808,0.5780713513579445,3.5,1.7500159999999596,-0.3316643811395471,-0.19727119153448378,-0.10921928235247301,-11.5,-2.7500159999999596,0.06235158126995175,-0.018681257495751474,-0.1766421836574452,5.0,0.7499840000000404,-0.8523987397830667,-0.8126224355301357,-0.715395112330957,17.25001599999996,0.5000319999999192,-0.3615502826387216,-0.34601505265090843,-0.4803215504555614,20.24998400000004,-2.2500159999999596,-0.11467269372139224,0.07829512111499735,0.0849097689632568,4.0,2.2500159999999596,0.13461275157331642,0.2609836376671822,0.28863830743920593
2025-05-01,4.229148418140871,5.474276247012444,16.74998400000004,-1.7500159999999596,0.4182580241926287,0.1706715665125931,0.10797129078078144,14.0,0.5,-0.6378210233191632,-0.6061224342658432,-0.5508531313843593,6.0,-1.0,-0.46883005261320565,-0.18443354406805,-0.2430754670284196,10.74998400000004,-1.0000319999999192,-0.676494133578795,-0.626650658190297,-0.6364829985194475,7.75001599999996,0.5000319999999192,-0.25191618263187116,-0.11485123672518538,-0.15942894375684297,5.0,1.5,0.6832432553207696,0.6708169025472891,0.5983950547633731,3.0,-0.5,-0.33470726751931734,-0.18820543057231912,-0.10465183882928092,-13.75001599999996,-2.2500159999999596,0.0732090296884929,-0.036001732574348806,-0.19004354874313958,6.000031999999919,1.0000319999999192,-0.853805085064302,-0.7927376691305087,-0.7062002037117132,15.99996800000008,-1.2500479999998788,-0.38486210587944203,-0.36577853050432474,-0.4859272875105148,21.25001599999996,1.0000319999999192,-0.11679326350102516,0.07520104463548911,0.09070274261796085,4.0,0.0,0.16069711609872034,0.2446150262154522,0.2862165760830902
2025-05-02,4.31903162764669,8.98832095058193,16.24998400000004,-0.5,0.34011516352500454,0.1550717608248486,0.0981711725712296,12.25001599999996,-1.7499840000000404,-0.5876070683756466,-0.6154740776630148,-0.5604209990838437,5.75001599999996,-0.2499840000000404,-0.4646378236551045,-0.1839984235949135,-0.2337317069258513,11.24998400000004,0.5,-0.5328717377663003,-0.6000976179980588,-0.6091772550675628,8.0,0.2499840000000404,-0.2885502178831281,-0.09928416790781316,-0.15766952845655868,4.74998400000004,-0.2500159999999596,0.5787858828728027,0.6479437065315268,0.6024286046025584,1.2499840000000404,-1.7500159999999596,-0.22652362615293262,-0.1989988386478513,-0.11461978363290606,-14.74998400000004,-0.9999680000000808,0.0754569914765803,-0.04056895070974559,-0.18520941673810343,5.25001599999996,-0.7500159999999596,-0.8569523705070925,-0.7924399358118205,-0.7086161648033422,17.24998400000004,1.2500159999999596,-0.25727479029092915,-0.32371542814864845,-0.43968370980357363,20.24998400000004,-1.0000319999999192,-0.28623483044978176,0.050791182021849894,0.07923908208710399,5.75001599999996,1.7500159999999596,0.21035434212654577,0.2697840872878282,0.2900792797672227
2025-05-05,4.3423564881137455,2.332486046705551,15.50003199999992,-0.7499520000001212,0.31931594546389647,0.14535326124050216,0.09033242062736463,11.24998400000004,-1.0000319999999192,-0.6049292976347486,-0.613464442112137,-0.5611873839001191,6.74998400000004,0.9999680000000808,-0.41508849012888155,-0.19161960517702634,-0.23027283143477772,11.25001599999996,3.199999991920777e-05,-0.6651073477055774,-0.5964050735216405,-0.6078291111419224,7.25001599999996,-0.7499840000000404,-0.36083882998447964,-0.10566783838018724,-0.16406951538385178,4.74998400000004,0.0,0.5795237416931346,0.6448632862569655,0.6021176107050041,1.5000319999999192,0.2500479999998788,-0.2848050434509306,-0.1959312224752985,-0.11642649555711304,-15.75001599999996,-1.0000319999999192,0.11181086833521418,-0.033998471292734714,-0.18556946824691878,7.24998400000004,1.9999680000000808,-0.8347974970063836,-0.7776695068823499,-0.6978321507250264,15.75001599999996,-1.4999680000000808,-0.33853325801488465,-0.3446380114079685,-0.4405006739352679,19.75001599999996,-0.4999680000000808,-0.35689056408923875,0.05073902798659142,0.0726562049302451,5.24998400000004,-0.5000319999999192,0.2044990874213813,0.2775429506435155,0.29277147474749105
2025-05-06,4.316009109988459,-2.634737812528609,15.00003199999992,-0.5,0.24613459587506406,0.12376755267282763,0.08972916513484015,10.74998400000004,-0.5,-0.6798113893397731,-0.5786328908881653,-0.5596680671535166,8.74998400000004,2.0,-0.2786637694923039,-0.4590141544211841,-0.22761207145678558,10.75001599999996,-0.5,-0.5783623389499238,-0.6196707860082115,-0.6167584405473105,7.25001599999996,0.0,-0.6766897153492383,-0.10298748694366168,-0.1615327782152291,3.7499840000000404,-1.0,0.5294512065256731,0.6197846236489556,0.6022028070727767,-3.7499840000000404,-5.25001599999996,-0.34150618881613093,-0.22613965802811678,-0.12209231842656569,-13.0,2.7500159999999596,0.141724296760191,0.0069539954671537845,-0.18361004880632797,7.25001599999996,3.199999991920777e-05,-0.7998227797431388,-0.7667007378770886,-0.6970492333330403,16.99996800000008,1.2499520000001212,-0.17908332230666346,-0.3347871109514275,-0.46663096298439394,18.25001599999996,-1.5,-0.620114421999622,0.010422118784658263,0.06975091169241932,4.75001599999996,-0.4999680000000808,0.21363338386498681,0.2603717296711317,0.2942664967700067
2025-05-07,4.274206584221934,-4.18025257665251,16.25001599999996,1.2499840000000404,0.2231422699784354,0.1435057591203122,0.0783740178951945,11.49996800000008,0.7499840000000404,-0.7072017924600178,-0.6097271549761056,-0.5607829001161623,9.50003199999992,0.7500479999998788,-0.15282319570439337,-0.44144171134767235,-0.23328495402958074,10.49996800000008,-0.2500479999998788,-0.6548848572491005,-0.6050688751658286,-0.6130338123874237,7.500031999999919,0.2500159999999596,-0.6320903366399765,-0.1304515116400009,-0.16304549881073793,1.7499840000000404,-2.0,0.5221354976220152,0.6055791030947247,0.6113234599315434,-8.49996800000008,-4.74998400000004,-0.291915472679657,-0.2002990541308904,-0.10498992375955274,-10.50003199999992,2.499968000000081,0.12226782744207948,0.008011905547894896,-0.19340968519635374,8.50003199999992,1.2500159999999596,-0.7755121808187179,-0.7635210905695129,-0.70286080405444,17.74998400000004,0.7500159999999596,-0.11539983600606496,-0.318830349535806,-0.4721216841943069,18.24998400000004,-3.199999991920777e-05,-0.6364853489319672,-0.02116894205687405,0.07490616224003444,4.500031999999919,-0.2499840000000404,0.13827713680024742,0.23903580799788604,0.29471229642643854
2025-05-08,4.371599107122151,9.73925229002166,16.74995200000012,0.4999360000001616,0.057466282932490884,0.15887836413729453,0.09132663801954502,10.875039999999899,-0.6249280000001818,-0.6089694429640191,-0.6273662301791141,-0.5565549378810526,8.74998400000004,-0.7500479999998788,-0.756715016247707,-0.44422417461069674,-0.24659698597589003,10.24998400000004,-0.2499840000000404,-0.5344938920805785,-0.603548543982442,-0.6030929857624447,7.25001599999996,-0.2500159999999596,-0.5277700395672746,-0.138156390950566,-0.17167119941638984,5.5,3.7500159999999596,0.5262590133322679,0.6215154925896834,0.6301761575982701,-10.62499200000002,-2.1250239999999394,0.01961918621409814,-0.21015827216210065,-0.13230194308271379,-11.62502399999994,-1.1249920000000202,-0.17029824030282809,-0.008955868455092204,-0.1888382735462764,7.0,-1.5000319999999192,-0.7746138337634225,-0.7653019709128198,-0.713183228872139,18.0,0.2500159999999596,-0.1998810149911407,-0.30506830635219045,-0.4530622366676524,18.62502399999994,0.375039999999899,-0.5043537217786771,-0.01704879775035926,0.07820143018965246,3.999968000000081,-0.5000639999998384,0.505220024472196,0.22058170131646507,0.27560018746849907
2025-05-09,4.37355626797304,0.19571608508890392,16.75001599999996,6.399999983841553e-05,0.0608352377858446,0.16141716171543927,0.11449430617009097,11.74998400000004,0.8749440000001414,-0.6278438793678656,-0.6215722774199351,-0.546076585774237,8.24998400000004,-0.5,-0.7819953209246548,-0.4416346725340992,-0.2623425888074522,10.25001599999996,3.199999991920777e-05,-0.5334470678249622,-0.598473634259996,-0.5890058983219236,6.25001599999996,-1.0,-0.5053481915359123,-0.13593152110643103,-0.1320287724285258,6.24998400000004,0.7499840000000404,0.5251446635516114,0.6147432907371587,0.6410601440657243,-17.0,-6.37500799999998,0.015995526808352253,-0.19501795846696796,-0.13231196097894113,-9.5,2.1250239999999394,-0.1895047713542624,-0.020141994759881418,-0.17402148378348045,7.24998400000004,0.2499840000000404,-0.7747520016130749,-0.7633845083563714,-0.7153426700349392,16.00003199999992,-1.9999680000000808,-0.21417474858948177,-0.31152604138035705,-0.4255731775793291,20.49996800000008,1.8749440000001414,-0.4980752928707988,-0.006287764697475359,0.11736651407241033,3.000031999999919,-0.9999360000001616,0.5018382273590961,0.20698677087499187,0.23670854797348231
2025-05-12,4.45510401549698,8.154774752394012,17.24998400000004,0.4999680000000808,0.051867899779583455,0.16476425263031724,0.12403990774944598,9.24998400000004,-2.5,-0.7285718134033439,-0.6498814218915486,-0.5681412791466645,8.25001599999996,3.199999991920777e-05,-0.7326732430403846,-0.4323182795869993,-0.23320548312713676,9.25001599999996,-1.0,-0.5238202225111087,-0.6102902677354692,-0.610535829845153,5.999968000000081,-0.2500479999998788,-0.39352523070141393,-0.13609232507796,-0.09732181283506679,7.000031999999919,0.7500479999998788,0.5608896596301151,0.6168458762679712,0.6458069665017367,-15.25001599999996,1.7499840000000404,0.08606465258753654,-0.18959697716740115,-0.11927931386217165,-11.25001599999996,-1.7500159999999596,-0.4004670091806423,-0.03762112453432386,-0.18669877629600332,4.75001599999996,-2.499968000000081,-0.7652480592895673,-0.7752430913344429,-0.7259211252011906,15.25001599999996,-0.7500159999999596,-0.3089381487538179,-0.32618398481648037,-0.4050407517140365,21.24998400000004,0.7500159999999596,-0.3219296770375195,-0.0008327789487387323,0.14029505640339116,5.74998400000004,2.749952000000121,0.5166952395234098,0.2424068398229051,0.26143218802002954
2025-05-13,4.497603607513061,4.249959201608089,17.24998400000004,0.0,-0.08333649037734517,0.16707798092531156,0.12665452457507484,10.25001599999996,1.0000319999999192,-0.5531552729612726,-0.6377232851059089,-0.5779330388189624,6.25001599999996,-2.0,-0.6628989637221134,-0.4393364348668523,-0.2311485146834893,8.74998400000004,-0.5000319999999192,-0.537017328648754,-0.6132193779195294,-0.6107607686581893,6.0,3.199999991920777e-05,-0.2605827696472704,-0.13599029945121216,-0.09218831681380515,7.5,0.4999680000000808,0.5839323197433092,0.6192437361672539,0.6469576230827307,-19.99996800000008,-4.749952000000121,0.13462191292508768,-0.20159270002051263,-0.13523104938495606,-7.500031999999919,3.7499840000000404,-0.19787882879386226,-0.014646659459617182,-0.1548571065104404,1.5000319999999192,-3.2499840000000404,-0.7343751227708375,-0.7810646679091092,-0.73633072817842,15.74998400000004,0.4999680000000808,-0.2711105446320322,-0.32037250527719763,-0.38920168737988936,21.0,-0.2499840000000404,-0.1746005593953149,-0.003309147754629247,0.14026950746040054,7.74998400000004,2.0,0.5396142306078321,0.2535999841262252,0.28638291414616934
2025-05-14,4.527357295010873,2.975368749781193,16.75001599999996,-0.4999680000000808,-0.12927719535441784,0.1787420481374316,0.1242284173255874,10.0,-0.2500159999999596,-0.5656067888688074,-0.6421231807783343,-0.5873910260753189,6.25001599999996,0.0,-0.651084316672795,-0.4403609099234359,-0.21995123850221582,7.24998400000004,-1.5,-0.5384261973114467,-0.6047459834844584,-0.6162175362999606,6.5,0.5,-0.20553006468219143,-0.1373077271023308,-0.076883934314993,6.74998400000004,-0.7500159999999596,0.6438040595969419,0.6063761967228578,0.6365877205637934,-21.75001599999996,-1.7500479999998788,0.16493103833238162,-0.19700178225249323,-0.14375235968670125,-7.74998400000004,-0.2499520000001212,-0.2702826584710627,-0.02237972579613481,-0.1477590318639707,0.5,-1.0000319999999192,-0.7227947900290094,-0.7806551190916243,-0.7569679376841266,15.25001599999996,-0.4999680000000808,-0.26706306252504014,-0.32257433840973493,-0.37673811986343925,17.99996800000008,-3.000031999999919,-0.15966808405388877,-0.028450050975307534,0.11797477657947858,10.50003199999992,2.750047999999879,0.6141949515424749,0.25484687829834957,0.2983514983306619
2025-05-15,4.454146385137419,-7.3210909873454355,17.25001599999996,0.5,-0.2061584430299473,0.1813035770085402,0.11760457622805458,10.25001599999996,0.2500159999999596,-0.6055399910087175,-0.6391403931610203,-0.5848732536459031,6.999968000000081,0.7499520000001212,-0.6474323672877291,-0.4505984082127386,-0.22565318886119737,8.00003199999992,0.7500479999998788,-0.5722742115280725,-0.6152796522400498,-0.6199219601366552,6.24998400000004,-0.2500159999999596,-0.11304122923153115,-0.13015580479342387,-0.07234754837682403,7.0,0.2500159999999596,0.5984660156313416,0.604821356120206,0.635702803701677,-22.25001599999996,-0.5,0.16198373205046107,-0.1900515986205754,-0.14171102419011325,-7.499968000000081,0.2500159999999596,-0.3585790475911597,-0.0247235648565697,-0.14947021067236171,3.499968000000081,2.999968000000081,-0.7412826412253269,-0.7889706438795027,-0.7644869410458561,14.00003199999992,-1.2499840000000404,-0.21961069369925065,-0.2971761119089009,-0.3536916427373485,18.74998400000004,0.7500159999999596,-0.12687550560901317,-0.030715895745654358,0.10855413012932921,9.0,-1.5000319999999192,0.6398317019825082,0.2634191723622945,0.3090398191051981
2025-05-16,4.43845185496141,-1.5694530176008747,17.00003199999992,-0.2499840000000404,-0.16489768338389785,0.23195365451119826,0.12246175878837207,10.99996800000008,0.7499520000001212,-0.6018873470258848,-0.6393459496325895,-0.591404210760492,6.500031999999919,-0.4999360000001616,-0.6159539519401525,-0.44981922993569606,-0.2224529022186577,8.24998400000004,0.2499520000001212,-0.5603302602576415,-0.6347658957532194,-0.6238427242854111,6.24998400000004,0.0,-0.1886338279147639,-0.13029225019727012,-0.054973992333054424,6.500031999999919,-0.4999680000000808,0.6135175391070594,0.6114218275008979,0.6355300988529283,-22.99996800000008,-0.7499520000001212,0.21212118983400288,-0.1800503511174115,-0.14304161650494018,-8.00003199999992,-0.5000639999998384,-0.37959598036087777,-0.029382024434819343,-0.14356390585696288,3.7500159999999596,0.2500479999998788,-0.7308873087493818,-0.8002554932197258,-0.7654966854888167,15.75001599999996,1.7499840000000404,-0.21260333498856257,-0.30008392690752783,-0.3498806938675515,16.99996800000008,-1.7500159999999596,-0.1260248366799741,-0.025843544537807434,0.1277063477200786,8.50003199999992,-0.4999680000000808,0.6356590997380888,0.276619921101092,0.3044125198500994
2025-05-19,4.4740279303187,3.5576075357290016,17.24998400000004,0.2499520000001212,-0.14168631938681686,0.23288225773827828,0.13055087195585283,10.25001599999996,-0.7499520000001212,-0.5792651116576373,-0.6401072307406948,-0.6044687530017411,6.25001599999996,-0.2500159999999596,-0.5679920313034267,-0.4507779497076077,-0.19016071892218608,7.499968000000081,-0.7500159999999596,-0.5473104643603329,-0.6365495731988838,-0.633890024347728,5.75001599999996,-0.4999680000000808,-0.1523169943039032,-0.14179974781083632,-0.059257885639559145,7.75001599999996,1.2499840000000404,0.5996646516972463,0.6138082855254895,0.6331971961722034,-24.0,-1.0000319999999192,0.17699047492806202,-0.19710081413416694,-0.13860607251552057,-8.75001599999996,-0.7499840000000404,-0.34828022126453395,-0.02784722514099463,-0.13369430048350686,2.500031999999919,-1.2499840000000404,-0.7038377586383615,-0.8017172267366762,-0.7649092205192835,15.74998400000004,-3.199999991920777e-05,-0.2452669386024935,-0.3050991412129972,-0.3360357223601969,17.0,3.199999991920777e-05,-0.09407175434149753,-0.0250847728672165,0.1214210859677487,6.74998400000004,-1.7500479999998788,0.5706856487547387,0.26268461777198254,0.28504692299254597
2025-05-20,4.4799998331857545,0.5971902867054624,17.5,0.2500159999999596,-0.11188929393989028,0.22781492365230874,0.12249386408136274,10.74998400000004,0.4999680000000808,-0.6076275116576682,-0.6374415765831852,-0.6044629505553811,5.000031999999919,-1.2499840000000404,-0.539256087813559,-0.43470942556690245,-0.18495329261030927,7.24998400000004,-0.2499840000000404,-0.545911502859293,-0.6306137204848429,-0.6334770959032995,6.24998400000004,0.4999680000000808,-0.12360351139818378,-0.14334422578244763,-0.06275727123351303,8.25001599999996,0.5,0.613965074638093,0.6093739363080664,0.6334048705249508,-22.49996800000008,1.5000319999999192,0.23281058603212157,-0.22558181568500513,-0.14197157700674842,-8.50003199999992,0.2499840000000404,-0.38804591927735727,-0.043004380430761276,-0.12502987317072056,1.5000319999999192,-1.0,-0.7007613023733934,-0.7930089521742544,-0.770662214640945,14.49996800000008,-1.2500159999999596,-0.24309875513103527,-0.2793334229700204,-0.33076563684186117,17.75001599999996,0.7500159999999596,-0.08172668033191369,-0.05283553954179703,0.1162808064206815,10.25001599999996,3.500031999999919,0.5290560635331465,0.256831754150928,0.28806773904682903
2025-05-21,4.595530001347244,11.553016816148975,18.25001599999996,0.7500159999999596,0.027860506635920462,0.24137433443925668,0.12326555965230832,8.74998400000004,-2.0,-0.6944007324487149,-0.6479072739683523,-0.6050289461087086,4.0,-1.0000319999999192,-0.5889325699383217,-0.4451464650122714,-0.19688908609324973,5.74998400000004,-1.5,-0.6378675108349335,-0.6505647746810113,-0.6316036860418076,6.000031999999919,-0.2499520000001212,-0.17149359955129198,-0.15347025534209982,-0.04308345581720676,8.99996800000008,0.7499520000001212,0.6056855216525288,0.6079288933208973,0.6224833093621945,-27.0,-4.500031999999919,0.10111003379238322,-0.2498019780098829,-0.18914256358862944,-8.5,3.199999991920777e-05,-0.36391087178093146,-0.04951484971183676,-0.10223004331397582,1.2500159999999596,-0.2500159999999596,-0.6579271486470937,-0.7750925264224192,-0.7495161933244798,11.24998400000004,-3.2499840000000404,-0.4071539463545941,-0.34741505365309205,-0.35851938553951335,16.0,-1.7500159999999596,-0.182971402906614,-0.0909877561105725,0.0778955707138622,15.74998400000004,5.499968000000081,0.6344405271558764,0.3306167246741149,0.340389820922818
2025-05-22,4.551622178719737,-4.3907822627507365,18.50003199999992,0.2500159999999596,0.013694198858281754,0.3286763063226864,0.11485135911622432,9.24998400000004,0.5,-0.7103633469448069,-0.6572043579893502,-0.601646876015456,3.5,-0.5,-0.5070013701479825,-0.4501457084433126,-0.19326591588051867,5.74998400000004,0.0,-0.5953173345294481,-0.65017270949264,-0.6256296279687746,6.000031999999919,0.0,-0.1366929496682855,-0.1506249726698552,-0.05283660173850776,9.74998400000004,0.7500159999999596,0.5598110259429322,0.5915936926376312,0.6045743628276093,-25.25001599999996,1.7499840000000404,0.013139991313871873,-0.27548126438719667,-0.1819519712144572,-8.0,0.5,-0.45023825199563655,-0.051379617488247695,-0.11244029695608222,0.5,-0.7500159999999596,-0.5765320407311806,-0.7620112262299441,-0.7369872071700961,11.5,0.2500159999999596,-0.3023594762499227,-0.3489871839619189,-0.350963926562585,16.24998400000004,0.2499840000000404,-0.1440933685485062,-0.09800393646073509,0.05944232233675348,19.00003199999992,3.250047999999879,0.4447451305572928,0.2948802572026306,0.31699284302244146
2025-05-23,4.509993868759091,-4.1628309960645815,17.75001599999996,-0.7500159999999596,0.06911361047487151,0.3337459344130585,0.14057844903310818,9.24998400000004,0.0,-0.7087405068918428,-0.6547945657624143,-0.6282086798695561,3.5,0.0,-0.472220968108614,-0.4455432526518459,-0.18997381559076956,6.74998400000004,1.0,-0.6015896564974688,-0.6662579657717896,-0.6287992773389899,6.25001599999996,0.2499840000000404,-0.0930988695178992,-0.15490953337325564,-0.055251985060657476,9.5,-0.2499840000000404,0.5558687638249884,0.5916692674195578,0.605903960954037,-27.24998400000004,-1.9999680000000808,0.05162775001282531,-0.2832392421735555,-0.17462090332442604,-6.000031999999919,1.9999680000000808,-0.5158290026232576,-0.05830433708847131,-0.1253306586935485,-0.9999680000000808,-1.4999680000000808,-0.4876171147049387,-0.7435048289217858,-0.7298486450297061,13.24998400000004,1.7499840000000404,-0.3100775339857275,-0.3765640523140818,-0.35600181869775893,15.5,-0.7499840000000404,-0.06875861165988131,-0.08791070193687008,0.06830062842528943,19.74998400000004,0.7499520000001212,0.42994994244659196,0.2853613245780144,0.3093122442639648
2025-05-27,4.432769813307154,-7.722405545193745,16.74998400000004,-1.0000319999999192,0.0989197905364637,0.3546552739921545,0.1602913996348863,10.0,0.7500159999999596,-0.6908119445648323,-0.6514347755335769,-0.621707512603382,5.0,1.5,-0.5389507006171104,-0.4514590225788923,-0.20802807161036888,7.74998400000004,1.0,-0.6266594451845707,-0.6609723271555309,-0.63373298538218,6.75001599999996,0.5,-0.1175025366966589,-0.200927263224608,-0.09141687080056508,9.5,0.0,0.5078363466076645,0.5919733368206912,0.6212452764734689,-25.5,1.7499840000000404,-0.12036397932553244,-0.2893918377403892,-0.1948569289898727,-7.5,-1.4999680000000808,-0.3463438105987623,-0.010716510977547429,-0.08257124416439952,1.7499840000000404,2.749952000000121,-0.5679207621610226,-0.7701542013924444,-0.7403709289855657,14.50003199999992,1.2500479999998788,-0.3118238134076859,-0.3895962034459095,-0.37077859937878854,16.24998400000004,0.7499840000000404,-0.12180112374509035,-0.09511089101342415,0.0395069788811074,19.24998400000004,-0.5,0.4164685186385799,0.29601096053422443,0.317151567888009
2025-05-28,4.478304746719617,4.553493341246373,17.50003199999992,0.7500479999998788,0.12085600004882238,0.3604483988344056,0.16905544444089526,9.74998400000004,-0.2500159999999596,-0.6685463254517188,-0.6507641789592846,-0.6185735523314545,4.74998400000004,-0.2500159999999596,-0.5343435404170603,-0.45105043133964534,-0.21830090905015603,7.75001599999996,3.199999991920777e-05,-0.5987728794798773,-0.6552339145352981,-0.6260954524318973,6.5,-0.2500159999999596,-0.19536486026221428,-0.20335339841426847,-0.1221143322699356,9.5,0.0,0.49378545954187936,0.5884790559581783,0.6153407226239888,-26.49996800000008,-0.9999680000000808,-0.14894011597881743,-0.2964961360245608,-0.19435825435461962,-5.500031999999919,1.9999680000000808,-0.25724213074058633,0.0028101912049410815,-0.06649932602987572,1.0000319999999192,-0.7499520000001212,-0.541609406397064,-0.7710249759820618,-0.7447952420030526,14.99996800000008,0.4999360000001616,-0.3742536131826057,-0.3805040358161977,-0.3556503978760868,15.00003199999992,-1.2499520000001212,-0.15992152148323824,-0.10350745592799994,0.006851768770965837,19.99996800000008,0.7499840000000404,0.40497833974615083,0.29685021865872746,0.3172614923803033
2025-05-29,4.422953840378079,-5.53509063415385,18.25001599999996,0.7499840000000404,0.0428843227782322,0.3536457864804951,0.14951001271705786,10.0,0.2500159999999596,-0.6658395995509214,-0.6396913048939521,-0.6171322254709747,5.25001599999996,0.5000319999999192,-0.5507065975316505,-0.48196424258310366,-0.2256429296549782,8.74998400000004,0.9999680000000808,-0.6523052541252382,-0.6489320409260791,-0.6304566220538804,7.0,0.5,-0.2503865283264965,-0.24106998165945423,-0.13169097944082284,9.0,-0.5,0.51227015952234,0.569720854293512,0.6166866265371262,-24.74998400000004,1.7499840000000404,-0.20677894115690854,-0.29002946636142035,-0.21361178137114356,-4.0,1.5000319999999192,-0.32905014160842566,-0.04026178092338927,-0.07154092378441738,1.5,0.4999680000000808,-0.5435897787921847,-0.7576546898443378,-0.748493734762688,13.25001599999996,-1.7499520000001212,-0.27252765459650735,-0.32691859076016316,-0.3260910180037306,18.74998400000004,3.749952000000121,-0.31280402755547476,-0.18320864168484072,-0.029807747273830426,16.5,-3.499968000000081,0.4839144377820622,0.2849193820831478,0.3403265808792715
2025-05-30,4.4171077848671265,-0.5846055510952297,19.0,0.7499840000000404,0.1488417780751557,0.3462858693753591,0.16588042013677448,10.0,0.0,-0.7126173304984792,-0.6393473971630804,-0.6128818020695136,6.24998400000004,0.9999680000000808,-0.5319775853421638,-0.47996104226331665,-0.22881037688009406,8.50003199999992,-0.2499520000001212,-0.6344181886215173,-0.6492929531737984,-0.6251357905160069,6.999968000000081,-3.199999991920777e-05,-0.3154586928418555,-0.26068786214533596,-0.14829524073463282,9.00003199999992,3.199999991920777e-05,0.49349928751612854,0.5878458808936248,0.6135382792516617,-25.0,-0.2500159999999596,-0.22992659716440408,-0.29921444991651713,-0.20887901900790698,-3.7500159999999596,0.2499840000000404,-0.28781924743184506,-0.019477218726006235,-0.07160364978630555,3.7500159999999596,2.2500159999999596,-0.5764372801717523,-0.7663247269220105,-0.7404695278840472,11.25001599999996,-2.0,-0.22040273877944747,-0.3199632739466148,-0.3228798061336142,19.49996800000008,0.7499840000000404,-0.3566544683769677,-0.196200435342809,-0.040771374475176175,15.75001599999996,-0.7499840000000404,0.5068126010510662,0.3030568371235219,0.3328136564812613
2025-06-02,4.4606386095641,4.353082469697345,20.24998400000004,1.2499840000000404,0.2821660976240806,0.3162223565874914,0.17584905098748005,9.24998400000004,-0.7500159999999596,-0.6816027715255468,-0.5959095079692682,-0.6146319472145616,5.25001599999996,-0.9999680000000808,-0.5569618147009752,-0.4811080945307617,-0.2348966144966518,8.5,-3.199999991920777e-05,-0.7369304585052826,-0.6068460093178852,-0.6227113372712352,6.25001599999996,-0.7499520000001212,-0.42083568242669456,-0.3030142392017462,-0.1555294839079039,8.74998400000004,-0.2500479999998788,0.5339161595359323,0.5420398222823537,0.6076474474872839,-22.50003199999992,2.499968000000081,-0.16797897605810003,-0.2052636430681902,-0.19565860832106904,-5.499968000000081,-1.7499520000001212,-0.2678256192185395,-0.027606830524117658,-0.07711600083767765,2.2499840000000404,-1.5000319999999192,-0.5934789999961877,-0.7656323403530934,-0.7459084932458693,10.74998400000004,-0.5000319999999192,-0.32923942647761667,-0.2798385962128875,-0.32489495775740895,19.50003199999992,6.399999983841553e-05,-0.32546620388823316,-0.2944560864449607,-0.041988728775822666,15.99996800000008,0.2499520000001212,0.4860829313991666,0.30863425208149936,0.33230985323598533
2025-06-03,4.458690275104931,-0.19483344591693097,20.75001599999996,0.5000319999999192,0.3214693072014367,0.3007168025461423,0.17252143342149778,8.74998400000004,-0.5,-0.6774422625501931,-0.6082904781040143,-0.6115733633937178,5.24998400000004,-3.199999991920777e-05,-0.5933240071115872,-0.4544210841453282,-0.2461256011992877,9.00003199999992,0.5000319999999192,-0.7344081566727413,-0.6885659788218114,-0.6199321986452241,5.74998400000004,-0.5000319999999192,-0.40468214890810444,-0.34624833092824603,-0.15458889548959318,9.0,0.2500159999999596,0.5380271669059588,0.5445966327659937,0.6058602451743345,-20.24998400000004,2.250047999999879,-0.180493914976189,-0.24369440879300935,-0.19504318034940735,-8.75001599999996,-3.250047999999879,-0.21340802530711026,-0.0015044617375604538,-0.0671970502604056,2.7499840000000404,0.5,-0.644049699158439,-0.7609355389396066,-0.7475595003324134,12.00003199999992,1.2500479999998788,-0.3209188192440614,-0.32723552142960866,-0.33577968709412137,17.24998400000004,-2.250047999999879,-0.29346966541687136,-0.3203878064372261,-0.038115623763256196,15.5,-0.4999680000000808,0.49832303443521314,0.3054845715679211,0.34012051136161686
2025-06-04,4.364008463123713,-9.468181198121783,18.75001599999996,-2.0,0.46027752908896347,0.3148072946996187,0.18901950143520718,10.0,1.2500159999999596,-0.7346287482363858,-0.6622840050748494,-0.5954993099435948,6.75001599999996,1.5000319999999192,-0.6753485149409411,-0.3825287311736897,-0.4935731895652271,8.99996800000008,-6.399999983841553e-05,-0.7154682448284179,-0.6402560956468745,-0.64505366682587,6.000031999999919,0.2500479999998788,-0.4326560278799683,-0.5817505183584629,-0.15901407511482193,8.99996800000008,-3.199999991920777e-05,0.5055628177616126,0.508030507363541,0.575547085208341,-18.24998400000004,2.0,-0.311905176736204,-0.331782230891264,-0.24729096459252045,-9.24998400000004,-0.4999680000000808,-0.12983369671899547,0.04733584633815077,-0.025165535375649507,4.499968000000081,1.7499840000000404,-0.6762282404859125,-0.7427263225685881,-0.7429067340140136,13.50003199999992,1.5,-0.37297038205782135,-0.2627139331549461,-0.3443519183447442,16.99996800000008,-0.2500159999999596,-0.29561411898217044,-0.4872593192256454,-0.07133561239186706,14.75001599999996,-0.7499840000000404,0.5009372519730789,0.33507627898861836,0.33096419355730716
2025-06-05,4.392549508343311,2.8541045219598438,18.74998400000004,-3.199999991920777e-05,0.5469131118783973,0.3376594882142534,0.21972174539581427,10.25001599999996,0.2500159999999596,-0.7132276224039859,-0.6629810996606117,-0.6145829742318621,6.25001599999996,-0.5,-0.6656974834497221,-0.3221372912471894,-0.47985587843897143,8.99996800000008,0.0,-0.7316444620086394,-0.6824041628786207,-0.6382162183319529,6.000031999999919,0.0,-0.4090718141066673,-0.5451784305535113,-0.1787212988573068,9.99996800000008,1.0,0.4948404900875952,0.5070536678969368,0.5688757856433353,-12.75001599999996,5.499968000000081,-0.3137067180732991,-0.28275271424411363,-0.22977759179385993,-11.75001599999996,-2.500031999999919,-0.10479635890658037,0.04250096072756377,-0.015902233896069293,3.500031999999919,-0.9999360000001616,-0.6681279350740466,-0.7235657381400631,-0.7396972399388629,12.99996800000008,-0.5000639999998384,-0.35777378611984756,-0.23369511202766463,-0.3314553551921621,18.00003199999992,1.0000639999998384,-0.27938958420635984,-0.48831060709389945,-0.09286655498853634,15.49996800000008,0.7499520000001212,0.49576366706111924,0.3113503259293321,0.3232742542403165
2025-06-06,4.508573665344064,11.60241570007523,19.00003199999992,0.2500479999998788,0.5110653083594646,0.2434052156848577,0.22443619804750609,8.74998400000004,-1.5000319999999192,-0.7544667403756343,-0.6619092191894054,-0.6394045998150306,5.74998400000004,-0.5000319999999192,-0.6361841029502558,-0.7017895078001256,-0.47647623622385477,7.75001599999996,-1.2499520000001212,-0.7964901209153559,-0.6684797956646868,-0.6572749518422786,5.0,-1.0000319999999192,-0.5168146310605172,-0.5116680513483596,-0.21127966761315722,10.5,0.5000319999999192,0.3723590449491976,0.4535345499104206,0.5668676151082231,-10.74998400000004,2.000031999999919,-0.17847259112453526,-0.06883845324954357,-0.19982125686209037,-16.24998400000004,-4.499968000000081,-0.26024629846147856,-0.2064826669009773,-0.07342085296189768,2.499968000000081,-1.0000639999998384,-0.6394057887711896,-0.7108565106079813,-0.7336367422811932,12.50003199999992,-0.4999360000001616,-0.3945930193659406,-0.3028515356019708,-0.332913933563822,16.74998400000004,-1.2500479999998788,-0.3644703054175483,-0.44314468176817706,-0.11507034286351056,17.24998400000004,1.7500159999999596,0.5735138900704916,0.5389835643110461,0.3356809962011932
2025-06-09,4.482732174672256,-2.5841490671807854,18.25004799999988,-0.7499840000000404,0.5212966058567791,0.25502451462873854,0.23093388913782412,9.99996800000008,1.2499840000000404,-0.7655956902111588,-0.6820688303690703,-0.638401540054807,5.12499200000002,-0.6249920000000202,-0.6160025732021917,-0.7034250537490209,-0.46958469091023114,9.375039999999899,1.6250239999999394,-0.7607721100350139,-0.6480072377525377,-0.6446460365739382,5.874976000000061,0.8749760000000606,-0.5752945094007033,-0.5150928520658352,-0.21769835152140918,7.12499200000002,-3.37500799999998,0.31250070652784584,0.4310232856645427,0.5367427897738093,-11.49996800000008,-0.7499840000000404,-0.20619999999451338,-0.06660603097397655,-0.19331497577964607,-14.50003199999992,1.7499520000001212,-0.2850589996627544,-0.23490323994861267,-0.08889579294418698,2.000031999999919,-0.4999360000001616,-0.6304622493477062,-0.7038447396111659,-0.7284268811926413,14.62499200000002,2.124960000000101,-0.4312336924758232,-0.3278792907349193,-0.347361424838512,18.12499200000002,1.3750079999999798,-0.39139462585730156,-0.45126102158828363,-0.11295053518999658,9.5,-7.74998400000004,0.5100073552061364,0.49036326994075463,0.31579349591442857
2025-06-10,4.472830299245781,-0.9901875426474582,18.0,-0.2500479999998788,0.5110267947944741,0.2403051834458304,0.22957269988278903,10.25001599999996,0.2500479999998788,-0.7577108725536371,-0.7172295783530469,-0.6508375161554386,5.74998400000004,0.6249920000000202,-0.6535563523379401,-0.6867264751292871,-0.46789789857749575,8.74998400000004,-0.6250559999998586,-0.7235040861616233,-0.6227005298079541,-0.6398230411390102,6.500031999999919,0.6250559999998586,-0.5579622281780899,-0.4579820252131931,-0.21532366421291907,6.499968000000081,-0.6250239999999394,0.28107039768639724,0.4403627129225938,0.5347301236339146,-12.5,-1.0000319999999192,-0.25543519678823395,-0.06273029365018574,-0.20511634180009175,-15.0,-0.4999680000000808,-0.24461343376335196,-0.32984820313601665,-0.08861897698333279,4.0,1.9999680000000808,-0.5787477700412327,-0.6708322601574255,-0.726728289062233,13.0,-1.6249920000000202,-0.3956847062493999,-0.3529167237168403,-0.34351665793047265,17.75001599999996,-0.3749760000000606,-0.45372229578050016,-0.38294255273562333,-0.11717280462277606,10.49996800000008,0.9999680000000808,0.4773761427614585,0.4775573888457394,0.31273073054033784
2025-06-11,4.413402559645088,-5.942773960069303,18.49996800000008,0.4999680000000808,0.4731990441366337,0.1592282123679845,0.2249292404587917,10.75001599999996,0.5,-0.8452066196855119,-0.6767843128146649,-0.6551011185449541,6.75001599999996,1.0000319999999192,-0.6836887646379153,-0.6575164118614102,-0.4737763404932482,9.99996800000008,1.2499840000000404,-0.734237299069269,-0.6545335167733215,-0.6468002114195877,6.000031999999919,-0.5,-0.48252793335299404,-0.34600366133261257,-0.20295602007276922,5.499968000000081,-1.0,0.30073523265772933,0.4565439615383204,0.5418693692327964,-12.25001599999996,0.2499840000000404,-0.19396280991164552,-0.05519215136990259,-0.2063752551304979,-14.0,1.0,-0.4015728915773928,-0.27849881643519775,-0.09689839071320976,5.0,1.0,-0.5825440787078069,-0.6519777646698579,-0.7361725006843748,15.0,2.0,-0.45884209097029055,-0.3702509711137577,-0.35938289794674777,17.5,-0.2500159999999596,-0.4442747630334183,-0.3010586320821341,-0.11378070128988452,9.0,-1.4999680000000808,0.4777598166979745,0.491693712843597,0.3198700289791606
2025-06-12,4.356250191631514,-5.715236801357371,19.0,0.5000319999999192,0.4726625130540388,0.12770403811821296,0.22950182114196002,11.5,0.7499840000000404,-0.8506768118997841,-0.6921379671342359,-0.6617384461133665,7.0,0.2499840000000404,-0.686682938758324,-0.6490697497482282,-0.47373531225489246,11.0,1.0000319999999192,-0.7616046929863768,-0.6762237071799723,-0.651674469488309,6.0,-3.199999991920777e-05,-0.526555911728221,-0.3230128032213724,-0.2074224833193263,3.7499840000000404,-1.7499840000000404,0.37139228416049064,0.5150099251158674,0.5486635796288644,-13.0,-0.7499840000000404,-0.13846481857537446,-0.050999107572836565,-0.19920613549616717,-11.75001599999996,2.2499840000000404,-0.43994187141586244,-0.33431504090609204,-0.1166522693567184,3.500031999999919,-1.4999680000000808,-0.4920036385619679,-0.6014404536138768,-0.7142765026258732,17.74998400000004,2.7499840000000404,-0.4860087366009697,-0.394787743845662,-0.37454279708217636,18.0,0.5,-0.4391690003114644,-0.2912365639254177,-0.12476032222704626,6.24998400000004,-2.7500159999999596,0.4852709536864165,0.5316097897227954,0.3299618383543489
2025-06-13,4.423399998494873,6.714980686335892,18.99996800000008,-3.199999991920777e-05,0.4973525167335005,0.10730757125723507,0.2399961341496552,10.25001599999996,-1.2499840000000404,-0.8786005629279657,-0.7274317133251169,-0.6655986719094297,7.0,0.0,-0.6449749337651712,-0.6329812307429967,-0.4746956572674187,10.5,-0.5,-0.7634611983901833,-0.6787812176921761,-0.6527124042212725,6.0,0.0,-0.5538063946285844,-0.30805174143979075,-0.208548935570742,3.7500159999999596,3.199999991920777e-05,0.4046496725000351,0.508262755205139,0.5504579613041135,-10.00003199999992,2.999968000000081,-0.09002092873238864,-0.003267880904107368,-0.17433965078699468,-14.24998400000004,-2.499968000000081,-0.4817198094400207,-0.40121315159915977,-0.13044671047019335,2.2500159999999596,-1.2500159999999596,-0.46629226306366467,-0.6014635733143808,-0.7170765006476638,16.74998400000004,-1.0,-0.5820473877714815,-0.4283645318615621,-0.3862174651045973,18.74998400000004,0.7499840000000404,-0.36814828869205024,-0.24904071895425225,-0.11088657357508996,8.00003199999992,1.7500479999998788,0.49397764012653234,0.5432945308466924,0.33561845240944577
2025-06-16,4.4521858146859055,2.8785816191032154,18.0,-0.9999680000000808,0.4328315287358753,0.11854317078832127,0.27344817736190385,10.0,-0.2500159999999596,-0.8857128209650914,-0.7236095975399147,-0.6647226435318292,6.75001599999996,-0.2499840000000404,-0.6638878315445451,-0.6279639186588097,-0.47767888841926326,10.49996800000008,-3.199999991920777e-05,-0.7615787535462347,-0.6702551278798499,-0.6658995139858375,5.25001599999996,-0.7499840000000404,-0.5573371948055017,-0.3706957596023071,-0.2131953121454266,5.0,1.2499840000000404,0.41467190980518265,0.5153722380963731,0.5554593297383403,-10.37497600000006,-0.3749440000001414,-0.11028482924777591,0.031946203755690544,-0.16676730289049432,-15.0,-0.7500159999999596,-0.4856783988381162,-0.42321404912663835,-0.13619542966408613,3.2500159999999596,1.0,-0.4354296808935378,-0.5813744961274714,-0.7193728921036547,15.99996800000008,-0.7500159999999596,-0.5909922299336486,-0.42351193367955353,-0.3885951686445329,17.25001599999996,-1.4999680000000808,-0.41770665246898353,-0.27623957234850255,-0.11821022555155782,10.5,2.499968000000081,0.5022116406956844,0.5435767763698833,0.3453101212497483
2025-06-17,4.38983247734275,-6.235333734315507,17.5,-0.5,0.4476514893543739,0.14931700467903786,0.2766838921229806,9.5,-0.5,-0.8256782413360819,-0.6846496345208829,-0.6554332788924159,6.74998400000004,-3.199999991920777e-05,-0.6427077502327785,-0.5914454834582875,-0.47333683886175115,11.00003199999992,0.5000639999998384,-0.756116266918689,-0.6644255441793273,-0.668648867359559,5.74998400000004,0.4999680000000808,-0.5691918175992974,-0.3666331566806913,-0.2283901061936426,5.0,0.0,0.37778358552721036,0.48801725888264436,0.5522070564759238,-13.75001599999996,-3.375039999999899,0.00931220825237321,0.05274238520934251,-0.16001421000383426,-14.0,1.0,-0.5009484733091035,-0.41555513045674286,-0.14039797949485375,5.0,1.7499840000000404,-0.45498300623777377,-0.5684318221601902,-0.7233996354140417,15.24998400000004,-0.7499840000000404,-0.5538871472121004,-0.41983638104838833,-0.3813752460590031,17.75001599999996,0.5,-0.42753866999669965,-0.27110604691648754,-0.12167361212937064,10.0,-0.5,0.5323906595936632,0.5347281775462407,0.34563079234438976
2025-06-18,4.393826528592622,0.3994051249871511,17.0,-0.5,0.4373178512636577,0.18917396069551004,0.2731822796367492,8.75001599999996,-0.7499840000000404,-0.8332818427808486,-0.6976485727927482,-0.653196518962038,6.999968000000081,0.2499840000000404,-0.6757474029767453,-0.59025921585145,-0.46315398741397373,10.50003199999992,-0.5,-0.7496275413963696,-0.6626957786238419,-0.662536355538503,5.74998400000004,0.0,-0.5937135656337317,-0.3712174968912354,-0.2313453478946785,5.24998400000004,0.2499840000000404,0.37750816645719654,0.4955362199503923,0.547635521557615,-16.5,-2.7499840000000404,-0.00435017068669921,0.06306614615316691,-0.17837206599260613,-13.0,1.0,-0.49406403595961346,-0.42860047813488017,-0.15377320041930478,5.75001599999996,0.7500159999999596,-0.4509592717952733,-0.5684164204302252,-0.7153837065299049,15.24998400000004,0.0,-0.5560754507412844,-0.4204930758026679,-0.36688699898692273,16.0,-1.7500159999999596,-0.42738676094502187,-0.26521657497937534,-0.14501863895683592,10.24998400000004,0.2499840000000404,0.5435119927726917,0.5353140252107086,0.35139303445154946
2025-06-20,4.374136372829327,-1.969015576329447,16.24998400000004,-0.7500159999999596,0.38500394585404346,0.2120555308554381,0.271736915748839,8.75001599999996,0.0,-0.7817454619890348,-0.7069925453853527,-0.652638876120785,6.75001599999996,-0.2499520000001212,-0.6074752757964148,-0.5988014267480277,-0.4610421223054112,11.24998400000004,0.7499520000001212,-0.676100911552479,-0.6719413482046288,-0.6611440540196919,6.0,0.2500159999999596,-0.6184683277745724,-0.37567493723051204,-0.23526160644285732,5.0,-0.2499840000000404,0.324722887115776,0.49997580447290313,0.5468660746836276,-17.50003199999992,-1.0000319999999192,0.27261781367272037,0.0638235889476334,-0.17289693975655862,-13.74998400000004,-0.7499840000000404,-0.5693086856313037,-0.423650252685696,-0.15834600730637624,7.25001599999996,1.5,-0.46753630307769767,-0.5713761527290488,-0.7148874582840656,15.74998400000004,0.5,-0.4269909593434257,-0.425538888481899,-0.37427991982397824,16.24998400000004,0.2499840000000404,-0.3494950230769164,-0.2784489841407072,-0.1478082968625808,6.500031999999919,-3.749952000000121,0.40447126153102125,0.5347764815858771,0.3536905737930411
2025-06-23,4.32098273323695,-5.315363959237729,16.74998400000004,0.5,0.36251585458412144,0.19846583905047344,0.34163813264824444,8.5,-0.2500159999999596,-0.7497285633573936,-0.693760773124013,-0.6556251542410995,7.74998400000004,0.9999680000000808,-0.6746517625209476,-0.593144958375836,-0.479733478091203,11.75001599999996,0.5000319999999192,-0.6973881108994038,-0.66686658302294,-0.6635254573465266,6.5,0.5,-0.6393716615275117,-0.38431780834684015,-0.24036385502090246,3.7500159999999596,-1.2499840000000404,0.39533162597135985,0.512100696137842,0.5512535476916447,-18.75001599999996,-1.2499840000000404,0.3198252995037777,0.047645429832940074,-0.17771116750093738,-12.0,1.7499840000000404,-0.5818320735871199,-0.46958302056635076,-0.16657999966585627,7.74998400000004,0.4999680000000808,-0.5014081041938032,-0.5501817529135149,-0.7131489071458119,16.25001599999996,0.5000319999999192,-0.4313731963037458,-0.3865122944852799,-0.3758941059907263,17.25001599999996,1.0000319999999192,-0.3669834821877456,-0.27771176015002186,-0.15939088874972585,3.999968000000081,-2.5000639999998384,0.5061191148900053,0.5108920958809088,0.36283739941302223
2025-06-24,4.291558920352364,-2.9423812884585843,16.75001599999996,3.199999991920777e-05,0.3442657392174745,0.1995142139657269,0.33703150680526445,8.99996800000008,0.4999680000000808,-0.7554597850350886,-0.7001156884623828,-0.6555444083324461,8.75001599999996,1.0000319999999192,-0.6887386283809098,-0.5896850449496157,-0.4795522219927316,11.75001599999996,0.0,-0.6801515620322265,-0.6608292429247168,-0.6708506875352644,7.24998400000004,0.7499840000000404,-0.6269795534835612,-0.37883037612196235,-0.2454976330020201,3.0,-0.7500159999999596,0.40514215990674135,0.5147368543554037,0.5509194913486005,-20.0,-1.2499840000000404,0.30768385757338784,0.055774472133173575,-0.18405107915672964,-10.25001599999996,1.7499840000000404,-0.5733830802527292,-0.4873498052689018,-0.1669155065828869,8.75001599999996,1.0000319999999192,-0.5799247812651636,-0.5476998822068984,-0.7153039932944221,16.5,0.2499840000000404,-0.41490469108867956,-0.3757352887039242,-0.389209778588297,17.75001599999996,0.5,-0.39586908655325154,-0.26882843281878305,-0.1583234605806136,2.999968000000081,-1.0,0.5354875500702067,0.5180435813726516,0.3614203653354339
2025-06-25,4.291559687258605,7.669062407344995e-05,17.25001599999996,0.5,0.28725782708681374,0.17259093159301117,0.3361803646165715,9.75001599999996,0.7500479999998788,-0.7082521839530144,-0.6886012091118403,-0.6485792566164166,8.74998400000004,-3.199999991920777e-05,-0.6531280155200012,-0.5908441054104518,-0.4731791491583093,11.5,-0.2500159999999596,-0.65359285668719,-0.6513332212135347,-0.6599074374735279,8.5,1.2500159999999596,-0.5236836484400281,-0.3397106452200126,-0.2676334580216946,2.5,-0.5,0.44620740656040564,0.5021654761786292,0.5576354662184915,-17.74998400000004,2.2500159999999596,0.37051623690053853,0.019807048956978247,-0.1736231392879389,-10.5,-0.2499840000000404,-0.6541253564737234,-0.4689513692787129,-0.1485583926786746,9.5,0.7499840000000404,-0.5247687335246081,-0.5563985028331153,-0.7284124559084659,17.25001599999996,0.7500159999999596,-0.37679493003361825,-0.3553011548544848,-0.38790183017904667,17.49996800000008,-0.2500479999998788,-0.3830577355087791,-0.2692130748938597,-0.1574561721123198,5.75001599999996,2.750047999999879,0.5497431655253046,0.5021049327850682,0.367468452967835
2025-06-26,4.25242994506129,-3.912974219731513,16.74998400000004,-0.5000319999999192,0.2611271738335487,0.17835326136882013,0.33969244425543765,10.25001599999996,0.5,-0.7185631120397745,-0.6884311944992461,-0.6508606037671192,8.25001599999996,-0.4999680000000808,-0.5882811567158879,-0.5709670248906816,-0.46633071482235916,12.49996800000008,0.9999680000000808,-0.6654129380219024,-0.6567364334338945,-0.6619491391846203,9.75001599999996,1.2500159999999596,-0.5164689637054667,-0.3868005742244076,-0.27662746259041776,1.7500159999999596,-0.7499840000000404,0.44657733148987916,0.5131138939371325,0.5616218318239962,-20.25001599999996,-2.500031999999919,0.4398548961555943,0.0146344098648495,-0.17234651083421518,-6.24998400000004,4.25001599999996,-0.7296439999463699,-0.4655831941232465,-0.16187625338714187,6.5,-3.0,-0.34361635614704505,-0.47198260061096703,-0.6916091584030577,20.25001599999996,3.0,-0.41806368183779324,-0.40984461946411244,-0.393124550320505,16.99996800000008,-0.5,-0.3274301515178679,-0.27453528737426325,-0.1538704041425678,5.500031999999919,-0.2499840000000404,0.5269148952219448,0.5068110461107124,0.3664359195447874
2025-06-27,4.2817616771467355,2.9331732085445594,17.5,0.7500159999999596,0.35559267448779946,0.1888649599554632,0.3556083701520645,9.24998400000004,-1.0000319999999192,-0.7298108563270501,-0.6912085020770197,-0.6440683377633596,9.00003199999992,0.7500159999999596,-0.5284719447579403,-0.5539629699419261,-0.48472569405041005,12.49996800000008,0.0,-0.6479421428320512,-0.6637207640403692,-0.6489073769887482,9.75001599999996,0.0,-0.5061862454049634,-0.3945037189869289,-0.30033191911519613,1.0,-0.7500159999999596,0.4287563025866334,0.5015680368891684,0.5372754352029466,-15.00003199999992,5.24998400000004,0.5053260718054378,0.041291644047542,-0.13623996794010568,-9.49996800000008,-3.2499840000000404,-0.7273432266073436,-0.48105098119245066,-0.19331300072043672,7.499968000000081,0.9999680000000808,-0.31634871558995964,-0.4614842687055732,-0.6758381087603574,19.75001599999996,-0.5,-0.5337280899600568,-0.41327560089089527,-0.3835349781126986,18.0,1.0000319999999192,-0.20736051271359646,-0.270563725702832,-0.18268012123876037,3.0,-2.500031999999919,0.4550375975221064,0.4900530372435675,0.33558862969968634
2025-06-30,4.225071864786028,-5.668981236070714,18.0,0.5,0.31365051702675395,0.24697362437540651,0.34253748958054986,10.0,0.7500159999999596,-0.7427852704228765,-0.7283123529917869,-0.6459790314865497,8.74998400000004,-0.2500479999998788,-0.5053482687821645,-0.5208020577092761,-0.47517696007136195,13.25001599999996,0.7500479999998788,-0.6662616118894683,-0.6620728904999702,-0.653940424842239,10.0,0.2499840000000404,-0.5022047805934927,-0.42647361330497735,-0.31914263686033806,1.5,0.5,0.36766474878367905,0.46158393370921413,0.5362734662522413,7.5,22.50003199999992,0.030389528458737415,-0.11035479217591196,-0.17937764088929808,-18.25001599999996,-8.750047999999879,-0.399199865009973,-0.27343380591731475,-0.10875654697716576,7.000031999999919,-0.4999360000001616,-0.30110517798280495,-0.4681274435611214,-0.6782638500484489,19.74998400000004,-3.199999991920777e-05,-0.5448696375856354,-0.3916684945047734,-0.38381667198072883,19.24998400000004,1.2499840000000404,-0.26046140952414526,-0.3178667646207073,-0.20333714714456713,1.5000319999999192,-1.4999680000000808,0.45951821146717153,0.5028651775576216,0.35291319300925955
2025-07-01,4.24848482939268,2.3412964606651876,19.99996800000008,1.9999680000000808,0.2865450438701813,0.2983007406169346,0.3140108884988501,8.00003199999992,-1.9999680000000808,-0.7016110049522643,-0.6881304569595628,-0.6109209461735796,9.24998400000004,0.5,-0.43140392720025,-0.5143615783589129,-0.46795306007023546,12.5,-0.7500159999999596,-0.6778913935881506,-0.7175998370923227,-0.6336261539290486,9.74998400000004,-0.2500159999999596,-0.47442207956690463,-0.46309715645216715,-0.3506799198871675,1.5000319999999192,3.199999991920777e-05,0.37929154524339403,0.48519227610105764,0.5131835214896849,20.37497600000006,12.87497600000006,0.08611199802442647,-0.056070920253282565,-0.12273953436065392,-25.24998400000004,-6.999968000000081,-0.417687286677112,-0.27466469777850905,-0.11420196043738014,8.25001599999996,1.2499840000000404,-0.21473776784854534,-0.44971158446387965,-0.6639755278433089,17.74998400000004,-2.0,-0.5409686137468661,-0.45233920019535984,-0.3649913904879559,19.0,-0.2499840000000404,-0.2736775603886159,-0.29932593506334054,-0.28009636676814037,4.0,2.499968000000081,0.47355601595663277,0.49575565791293996,0.3674284700744001
2025-07-02,4.2905884237103775,4.210359431769728,21.24998400000004,1.2500159999999596,0.33700497254852985,0.3383562928712846,0.3140447895397696,7.24998400000004,-0.7500479999998788,-0.7128745072017554,-0.6913648296456714,-0.6219839650291139,8.50003199999992,-0.7499520000001212,-0.4710996872563826,-0.5481195799068356,-0.4535601611843602,11.99996800000008,-0.5000319999999192,-0.6999839500209651,-0.7232615913774051,-0.6964423633727671,9.50003199999992,-0.2499520000001212,-0.500678665257859,-0.4657036555308212,-0.3904733394602398,2.499968000000081,0.9999360000001616,0.4189308367427975,0.4961273245185864,0.5220493242202864,2.2499840000000404,-18.12499200000002,-0.07094553951020365,-0.11521675450096358,-0.16196430994378846,-11.75001599999996,13.49996800000008,-0.12148719186971967,-0.1231852982272373,-0.04192040395015427,5.000031999999919,-3.2499840000000404,-0.29915396655084003,-0.4900591499516562,-0.6557036540953173,17.49996800000008,-0.2500159999999596,-0.5574644930430271,-0.44739953361145895,-0.4006905061605495,17.25001599999996,-1.7499840000000404,-0.3559291354904635,-0.3150270474471022,-0.3159711741171811,6.75001599999996,2.7500159999999596,0.5073337458405851,0.5112542859735049,0.37429965802502707
2025-07-03,4.338832411429868,4.8243987719490455,21.24998400000004,0.0,0.14351637015889032,0.3233870005854789,0.2747453369667926,7.500031999999919,0.2500479999998788,-0.6225421166840432,-0.6835561409758114,-0.6487879143824042,7.24998400000004,-1.2500479999998788,-0.41042624705490516,-0.5767000597479124,-0.37900658835629786,12.0,3.199999991920777e-05,-0.7701711011534109,-0.7319179397960843,-0.6679839106553548,9.24998400000004,-0.2500479999998788,-0.5503482340596423,-0.4748642222549898,-0.5752473564812317,3.7500159999999596,1.2500479999998788,0.5249689036251722,0.5046641624982021,0.505487924310675,4.24998400000004,2.0,-0.057133451497307544,-0.11946799447102097,-0.17331349164913323,-10.49996800000008,1.2500479999998788,-0.11934204985421776,-0.10518285000591512,-0.01924260830786699,2.2499840000000404,-2.750047999999879,-0.29374841585710093,-0.5067405423417556,-0.6313427648111037,17.24998400000004,-0.2499840000000404,-0.5302525667676586,-0.44184609560002475,-0.3352015472614673,17.50003199999992,0.2500159999999596,-0.38812205588977355,-0.32688224746574734,-0.4669805991816175,8.24998400000004,1.4999680000000808,0.5560388292741778,0.516320743018788,0.39790442115542435
2025-07-07,4.393263097646857,5.443068621698899,21.5,0.2500159999999596,0.15519492407322885,0.36674471802515257,0.29432286190873436,6.74998400000004,-0.7500479999998788,-0.6578900244334832,-0.6826285611380589,-0.6519083822606756,6.75001599999996,-0.4999680000000808,-0.42326924646776565,-0.5728620766729919,-0.33183780400662505,11.75001599999996,-0.2499840000000404,-0.7719841870012148,-0.746437966526078,-0.6973197248083438,8.74998400000004,-0.5,-0.5758858515850499,-0.4849630502764762,-0.552596450151139,3.2499840000000404,-0.5000319999999192,0.48388349233106115,0.47235265102014623,0.4883107039249469,0.5,-3.7499840000000404,-0.11002146602565539,-0.15518981041360735,-0.1739056250426258,-2.2500159999999596,8.249952000000121,0.004333632470243673,-0.028149643786046966,0.021228476589437793,-2.7499840000000404,-4.999968000000081,-0.3684331066378109,-0.5110854781693508,-0.6069444093445209,15.0,-2.2499840000000404,-0.5641878664299279,-0.4556930872256074,-0.3295918217772105,19.0,1.4999680000000808,-0.31291558344499654,-0.29033309681912467,-0.45174043647189693,8.0,-0.2499840000000404,0.5350594802859084,0.5079590116910895,0.3779542542571759
2025-07-08,4.415138981897207,2.187588425034992,20.00003199999992,-1.4999680000000808,0.07675493767604148,0.3163051185691807,0.2012475733088088,7.74998400000004,1.0,-0.5162926127326356,-0.6613377969583153,-0.6328264841022153,5.5,-1.2500159999999596,-0.4088373413852721,-0.5588253799281285,-0.6442211054474204,11.24998400000004,-0.5000319999999192,-0.716820684213845,-0.762743683101585,-0.6706691177654779,9.00003199999992,0.2500479999998788,-0.4425660739765519,-0.4762973359176105,-0.4975876080230247,2.999968000000081,-0.2500159999999596,0.46499753592088744,0.3906557119540905,0.4493806013124187,-4.124960000000101,-4.624960000000101,-0.17744783068709516,-0.1494893416376973,-0.10242370617101702,4.499968000000081,6.74998400000004,0.19967158204835686,0.006834413643703527,-0.04063991268273896,-8.62499200000002,-5.87500799999998,-0.40127831236006983,-0.4785902184490371,-0.5741664298672873,16.24998400000004,1.2499840000000404,-0.5726081294360512,-0.47070625962958845,-0.3718013215683527,18.25001599999996,-0.7499840000000404,-0.20925173890163837,-0.3206755212274966,-0.4020491167251914,1.5,-6.5,0.3945095099910384,0.47127275771817306,0.4602550611267369
2025-07-09,4.340847319379174,-7.429166251803299,18.62499200000002,-1.375039999999899,0.17902929607669898,0.3598856091057172,0.2315015047463987,11.50003199999992,3.750047999999879,-0.5828296838848088,-0.6679772513913381,-0.6505854625023528,5.874976000000061,0.3749760000000606,-0.45581859376925843,-0.5642878184211655,-0.6528324373704765,12.0,0.7500159999999596,-0.7743676589607862,-0.7687082221341154,-0.6785019402101898,7.87500799999998,-1.1250239999999394,-0.18845820722853826,-0.37911304498383347,-0.4342673262238853,3.5,0.5000319999999192,0.4090907738133465,0.35898088730618466,0.43156836441028906,-14.62499200000002,-10.50003199999992,-0.05622723725577506,-0.07564404700603188,-0.05215385552329666,-2.62499200000002,-7.124960000000101,0.3025764670519975,0.0741275660370082,0.006384780969586811,2.7499840000000404,11.37497600000006,-0.5130250888136229,-0.4945208049682272,-0.5560937347161695,17.37500799999998,1.1250239999999394,-0.581953468561617,-0.49418493847986794,-0.3937843776372494,16.75001599999996,-1.5,-0.04256424056124018,-0.27662966508975867,-0.37151426964150697,4.999968000000081,3.499968000000081,0.23252275070866119,0.4036367728466833,0.41250036719446664
2025-07-10,4.34481303356332,0.3965714184146485,17.75001599999996,-0.8749760000000606,0.16083637382147759,0.3401347350336442,0.21655406872758867,16.25001599999996,4.74998400000004,-0.397788094544215,-0.502571781157647,-0.5928334782901106,2.999968000000081,-2.87500799999998,-0.36980282561821515,-0.5205913599960209,-0.5919892937336922,12.00003199999992,3.199999991920777e-05,-0.8125789259633982,-0.7552692240210216,-0.6652076216051332,7.74998400000004,-0.1250239999999394,-0.19262311760082612,-0.3709961081698509,-0.37515583863231594,4.0,0.5,0.41312307165205187,0.3359620843231217,0.43664921501248205,-7.5,7.12499200000002,-0.04469569790045693,-0.08479464579560728,-0.04654415214502737,-5.5,-2.87500799999998,0.29030453679136037,0.09421445688683545,-0.02689009584915293,2.0,-0.7499840000000404,-0.5167163205210163,-0.4792238335616789,-0.5303601199837292,16.75001599999996,-0.6249920000000202,-0.6137085074532393,-0.4892551003463238,-0.4228252338234735,18.24998400000004,1.4999680000000808,-0.023397657298384406,-0.3052393417225248,-0.30268877051345155,6.24998400000004,1.2500159999999596,0.24040782134221794,0.38037171568448863,0.4031877336937442
2025-07-11,4.421266391525509,7.645335796218866,18.49996800000008,0.7499520000001212,0.2652981388392423,0.3648439296199186,0.18945947163419344,13.50003199999992,-2.7499840000000404,-0.4957293153864066,-0.5629251604581746,-0.5606527961185036,3.999968000000081,1.0,-0.16830158525289954,-0.4341539349469766,-0.512711094381327,10.25001599999996,-1.7500159999999596,-0.8190184902002902,-0.7666428420860026,-0.6975819888585689,7.5,-0.2499840000000404,-0.29777828142462004,-0.3813772976458102,-0.3287271033749069,4.5,0.5,0.3984659243104675,0.3401701257951967,0.4423597204681556,-9.75001599999996,-2.2500159999999596,-0.06895057213859457,-0.08135791481240132,-0.052005891618470225,-8.99996800000008,-3.499968000000081,0.21842276751350653,0.03686592199342439,-0.016847110623922093,3.499968000000081,1.4999680000000808,-0.4354578656969738,-0.42801238788040974,-0.4947997434106711,16.00003199999992,-0.7499840000000404,-0.5829453249615816,-0.5069492148947895,-0.42860640385221443,17.49996800000008,-0.7500159999999596,-0.10167331247684983,-0.31537265688964544,-0.2527872048068628,8.25001599999996,2.000031999999919,0.2679694375605727,0.38518659541563094,0.4169441482796759
2025-07-14,4.426280766659642,0.501437513413272,21.0,2.500031999999919,0.27358690249955525,0.35226780640252436,0.1715271424476628,13.5,-3.199999991920777e-05,-0.49422410294480096,-0.5621901952640508,-0.5664194399015011,2.5,-1.4999680000000808,-0.1420672235183884,-0.42880521996922716,-0.49846344464752235,9.5,-0.7500159999999596,-0.7792095817830191,-0.7714643308849891,-0.7014926482319425,7.5,0.0,-0.32035547616934723,-0.4007859363480074,-0.3179163741976942,4.75001599999996,0.2500159999999596,0.3057334609471147,0.3575099973463758,0.4731176040770794,-8.24998400000004,1.5000319999999192,-0.07930254179410177,-0.07564567319781967,-0.051448651418532075,-8.50003199999992,0.4999360000001616,0.25588186979234473,0.03839344646234503,-0.027612110086942303,2.500031999999919,-0.9999360000001616,-0.48550784491026383,-0.4251613280357233,-0.48823963050105074,15.49996800000008,-0.5000639999998384,-0.527769233962617,-0.5049007435442189,-0.42648567683020233,16.75001599999996,-0.7499520000001212,-0.07368313026565125,-0.3025538379869474,-0.2411446333710758,7.25001599999996,-1.0,0.21102612654971512,0.37388372686935806,0.4317886561791533
2025-07-15,4.4882973542815074,6.201658762186568,22.75001599999996,1.7500159999999596,0.37074125345367076,0.4096668634513646,0.18799299684948542,12.5,-1.0,-0.48605044439249856,-0.5812514461336517,-0.5867435275148466,1.5,-1.0,-0.21340129937879274,-0.4273166690968182,-0.5012196120316278,9.25001599999996,-0.2499840000000404,-0.7626257540120583,-0.7619057422629508,-0.6985378445273874,6.24998400000004,-1.2500159999999596,-0.4196504300641746,-0.4635131944135146,-0.3356997357386712,5.74998400000004,0.9999680000000808,0.391475689279313,0.40197348338779854,0.48265740553973846,-4.24998400000004,4.0,-0.07334110187829859,-0.062278822708280175,-0.033203459293609246,-11.5,-2.999968000000081,0.25383456218608147,0.01803812768056868,-0.05737975623579732,1.2500159999999596,-1.2500159999999596,-0.4874705983940876,-0.4074495757568939,-0.4833035876310178,15.24998400000004,-0.2499840000000404,-0.49015944428208147,-0.5515952305255082,-0.4417408639970851,15.24998400000004,-1.5000319999999192,-0.21915973969869088,-0.31363835538628637,-0.24084184266473146,8.75001599999996,1.5,0.20258431350894454,0.37442856719622886,0.43893302018078284
2025-07-16,4.454302284782657,-3.3995069498850228,25.25001599999996,2.5,0.2999219691452136,0.33708641887369756,0.16905673287039244,11.99996800000008,-0.5000319999999192,-0.4599196564161345,-0.5683790750492932,-0.5758025905209568,1.7500159999999596,0.2500159999999596,-0.2324853770976202,-0.4359108436272604,-0.4933582705641674,9.0,-0.2500159999999596,-0.7477302502475546,-0.7494360954903413,-0.687113651446252,6.5,0.2500159999999596,-0.4065295775985521,-0.46775687376821534,-0.3750316290170267,6.0,0.2500159999999596,0.35151671246573446,0.39163238990479987,0.48083696742795623,5.000031999999919,9.25001599999996,-0.11060549232198691,-0.0864270802026132,-0.040506380029593635,-14.00003199999992,-2.500031999999919,0.27592818135961195,0.027313481044967346,-0.05436642271091104,3.199999991920777e-05,-1.2499840000000404,-0.4803032274778795,-0.39606712177408826,-0.4675060605023519,15.99996800000008,0.7499840000000404,-0.4946141670142756,-0.5571944016932323,-0.43892642497654427,15.25001599999996,3.199999991920777e-05,-0.19118378354794907,-0.3325062574670494,-0.25560091183450506,9.25001599999996,0.5,0.16540372639968398,0.3680520959639003,0.4319932628404748
2025-07-17,4.462344833435544,0.8042548652886339,24.74998400000004,-0.5000319999999192,0.25364999564112606,0.3333211286946418,0.1805762160259152,13.74998400000004,1.7500159999999596,-0.5008809744299334,-0.5473283057001209,-0.5539180999987201,0.2500159999999596,-1.5,-0.22409916684025846,-0.4296890350813729,-0.46343140389065923,9.0,0.0,-0.7343328401316604,-0.7459573709202391,-0.6805510066764592,6.75001599999996,0.2500159999999596,-0.376156488373909,-0.4567494255766833,-0.3594524219325084,5.74998400000004,-0.2500159999999596,0.3617008571473782,0.3773909241528482,0.4641708593438846,2.0,-3.000031999999919,-0.15989345641763106,-0.08416273626722866,-0.043940863006590725,-13.0,1.0000319999999192,0.3075447850453629,0.031325925350107676,-0.042400047878034,0.0,-3.199999991920777e-05,-0.4670619145207814,-0.3913621527212974,-0.45189996074464767,16.0,3.199999991920777e-05,-0.5844082351966219,-0.5603210220339792,-0.45586566040502197,14.0,-1.2500159999999596,-0.15867168371067272,-0.3349867809475038,-0.2471916547357684,12.0,2.7499840000000404,0.16194174691079824,0.38364247586652506,0.42362056825025535
2025-07-18,4.430479692914703,-3.1865140520840995,23.99996800000008,-0.7500159999999596,0.28730622661255795,0.3420106696303127,0.21191700685755452,14.75001599999996,1.0000319999999192,-0.5116298359450946,-0.5536479897042396,-0.5657028931449866,1.2500159999999596,1.0,-0.26579623098667676,-0.44247452129540005,-0.46801438808090573,7.999968000000081,-1.0000319999999192,-0.6375429819954097,-0.7041327222980339,-0.6546878675972443,6.500031999999919,-0.2499840000000404,-0.34794551607972274,-0.4533674752099117,-0.3523804693009248,5.999968000000081,0.2499840000000404,0.3417037725871461,0.36957909017540247,0.46515715404185315,6.24998400000004,4.24998400000004,-0.17312202833807444,-0.09279395562167034,-0.049103812271260455,-21.0,-8.0,0.34523654768831624,0.05808251005625613,-0.020173776089356464,5.74998400000004,5.74998400000004,-0.4957654032351981,-0.3989111171062258,-0.45485289850457333,14.25001599999996,-1.7499840000000404,-0.47977056873365037,-0.5299472360935464,-0.434442339635371,14.25001599999996,0.2500159999999596,-0.17915372336595267,-0.34179494519657916,-0.24652123310199006,10.99996800000008,-1.0000319999999192,0.17593687748583778,0.3914458327191365,0.4263991625385926
2025-07-21,4.368788524711643,-6.16911682030592,25.50003199999992,1.5000639999998384,0.1847447281481881,0.2817660392675243,0.1820854588467071,14.99996800000008,0.2499520000001212,-0.49029745614666853,-0.5063148192638802,-0.5656868772754959,1.0000319999999192,-0.2499840000000404,-0.2552726119374004,-0.4050881609312104,-0.46467879655035216,8.74998400000004,0.7500159999999596,-0.6720122665894259,-0.6739331136681952,-0.6677549682648675,6.74998400000004,0.2499520000001212,-0.3483311787978205,-0.4626741844257034,-0.35741365268058434,6.25001599999996,0.2500479999998788,0.2945949770714063,0.3236580155282001,0.45739559442848365,9.75001599999996,3.500031999999919,-0.19093045157105373,-0.05796154083755239,-0.06189547710764962,-21.00003199999992,-3.199999991920777e-05,0.3228451539835553,0.05438070354942344,-0.020631597251127544,4.75001599999996,-0.9999680000000808,-0.4458394816930153,-0.40054720386111037,-0.4396374095965238,16.0,1.7499840000000404,-0.5279498019636177,-0.4749588935901681,-0.45107666529128754,14.0,-0.2500159999999596,-0.15225941104677435,-0.2761566196782887,-0.24892242136234433,10.5,-0.4999680000000808,0.15894059626053111,0.3044853836531099,0.42698325934774817
2025-07-22,4.335105101369666,-3.368342334197738,25.75001599999996,0.2499840000000404,0.19812776863362944,0.28313828313327877,0.18072047448144965,15.25001599999996,0.2500479999998788,-0.5224189435203055,-0.5043679947887855,-0.568742557675706,1.9999680000000808,0.9999360000001616,-0.232918858533163,-0.4273337696233714,-0.4544963204190931,8.75001599999996,3.199999991920777e-05,-0.6499737615158737,-0.6769250536963147,-0.6579059122420734,7.25001599999996,0.5000319999999192,-0.3392912487448336,-0.47334946475238954,-0.3603665799227872,5.999968000000081,-0.2500479999998788,0.21733521231491296,0.3514636523464014,0.45500239355680655,17.25001599999996,7.5,-0.24257351739310665,-0.07036143316069059,-0.0889195105592076,-23.5,-2.499968000000081,0.3699547491437981,0.06606481115799574,-0.020070511548510694,4.0,-0.7500159999999596,-0.43829177548487513,-0.40360679812837846,-0.42426847429047065,18.0,2.0,-0.5479922605871396,-0.4836004952235667,-0.4287481550589765,14.5,0.5,-0.11244245758421437,-0.2783947514931109,-0.24000649333053173,9.75001599999996,-0.7499840000000404,0.11020977290617712,0.34555279168955166,0.3949203220002245
2025-07-23,4.386725422173499,5.162032080383305,26.25001599999996,0.5,0.18250526340964113,0.2740120335263487,0.18558089528445829,12.75001599999996,-2.5,-0.5631572048872062,-0.5327726841185384,-0.5813939977473391,2.999968000000081,1.0,-0.11366554672706401,-0.3848711781315931,-0.4186248679965686,8.75001599999996,0.0,-0.6166586633140957,-0.6625536997387793,-0.6490599375015605,7.25001599999996,0.0,-0.3022265433367815,-0.4638355986175636,-0.3474100183625147,6.499968000000081,0.5,0.20150507759297492,0.3625093450119655,0.45597123582021254,14.25001599999996,-3.0,-0.2821032012928972,-0.09796608920047759,-0.09816464408662322,-23.74998400000004,-0.2499840000000404,0.3847480786055596,0.07813533899226827,-0.022691918112162715,4.24998400000004,0.2499840000000404,-0.41214987763661354,-0.411460352983033,-0.41603259193719955,18.24998400000004,0.2499840000000404,-0.5266251474909196,-0.46230839760086434,-0.4146618150819142,14.50003199999992,3.199999991920777e-05,-0.07780273964444805,-0.2882462531868643,-0.2246784600807301,10.74998400000004,0.9999680000000808,0.10360792801402045,0.36472667447633045,0.3995654701178806
2025-07-24,4.406671857756224,1.9946435582724575,25.24998400000004,-1.0000319999999192,0.15573670240220996,0.2209751249265574,0.15967781274055165,10.50003199999992,-2.2499840000000404,-0.5595179577206202,-0.5301344344600151,-0.5666955342957196,4.499968000000081,1.5,-0.07835354997982119,-0.31247413981798583,-0.39729227634276,8.25001599999996,-0.5,-0.6208875745524332,-0.6460956080909883,-0.6429601996666223,7.25001599999996,0.0,-0.32816697650181437,-0.44752412636481187,-0.3365401039010377,6.24998400000004,-0.2499840000000404,0.18497953415905352,0.37398865735808745,0.44199045273852705,7.500031999999919,-6.74998400000004,-0.29045241752148854,-0.10776172699701275,-0.12004056696784769,-19.00003199999992,4.749952000000121,0.3913036424423272,0.08219474947318126,0.002696536355221337,1.2500159999999596,-2.999968000000081,-0.41699106380567896,-0.3955491624918634,-0.42119696383011185,18.5,0.2500159999999596,-0.5232774866624584,-0.4438332133272863,-0.3999864401707418,15.5,0.9999680000000808,-0.05655394216291247,-0.2585295353058521,-0.21727774292994229,12.0,1.2500159999999596,0.1192078837714121,0.3754609643814192,0.3946345267445663
2025-07-25,4.384842641654389,-2.1829216101834525,25.49996800000008,0.2499840000000404,0.12456247468451938,0.2101542757443697,0.15350958458799818,9.75001599999996,-0.7500159999999596,-0.5404906830762026,-0.5234871677241145,-0.5520726572516489,4.5,3.199999991920777e-05,-0.09989857869565454,-0.30951919797550353,-0.39512136476996057,8.75001599999996,0.5,-0.6042981225990391,-0.655507474937373,-0.643579824688619,7.499968000000081,0.2499520000001212,-0.26455349854292254,-0.4447977808242146,-0.3589021459282236,6.000031999999919,-0.2499520000001212,0.131557643229235,0.3772474472950743,0.44557733544988176,6.74998400000004,-0.7500479999998788,-0.3120205129809582,-0.09883182627972854,-0.12822408172160346,-18.74998400000004,0.2500479999998788,0.4460859504533547,0.06803729438775383,0.014080327875453595,1.0,-0.2500159999999596,-0.46935888469420833,-0.3921280453958502,-0.40967929529453223,19.0,0.5,-0.49223922166789863,-0.45939438678731115,-0.4311752046673687,15.75001599999996,0.2500159999999596,-0.09088110828075908,-0.2398280556877295,-0.22929112313874223,11.74998400000004,-0.2500159999999596,0.11613435526184714,0.3703188457246287,0.39845625226035186
2025-07-28,4.418779211894839,3.393657024045016,26.99996800000008,1.5,0.14285533726298594,0.24753719510404953,0.16470347833055798,8.75001599999996,-1.0,-0.5416216441866305,-0.5332541937275312,-0.5553226993260194,3.5,-1.0,-0.14576722302107495,-0.3128558557438981,-0.40090764728743183,9.5,0.7499840000000404,-0.5333505229436679,-0.6077562755946768,-0.6295645442023275,7.0,-0.4999680000000808,-0.29353625164426306,-0.4405863245406454,-0.36996064791777605,6.25001599999996,0.2499840000000404,0.20160121790802063,0.37412935220548804,0.446523998871334,5.500031999999919,-1.2499520000001212,-0.333713351506733,-0.10141108824129746,-0.13008585038677395,-17.75001599999996,0.9999680000000808,0.468321764768383,0.08764243312561922,0.016781175653350203,-0.7500159999999596,-1.7500159999999596,-0.48977922926432604,-0.4004025774970069,-0.41387200082284703,19.75001599999996,0.7500159999999596,-0.4539107379219516,-0.5092754466863982,-0.423651115916511,15.5,-0.2500159999999596,-0.12855817356610694,-0.17535938832660491,-0.23773409240165647,12.75001599999996,1.0000319999999192,0.1653540080191606,0.3498324333835502,0.40390574521109984
2025-07-29,4.326296951193294,-9.24822607015452,26.99996800000008,0.0,0.17504478447356484,0.24794547157158728,0.20737527642391834,9.00003199999992,0.2500159999999596,-0.49399511469125057,-0.5182941538498865,-0.5601482815543802,4.24998400000004,0.7499840000000404,-0.2275993759040425,-0.33827353280860767,-0.40288472997267266,10.24998400000004,0.7499840000000404,-0.5506988184496981,-0.6235183651151113,-0.6310416379592577,8.25001599999996,1.2500159999999596,-0.4533969366998446,-0.4952114085530608,-0.4355924314094401,5.0,-1.2500159999999596,0.46276296214499363,0.413071003887847,0.45493369931043603,4.5,-1.0000319999999192,-0.14445094309969492,-0.08412795885466222,-0.11993768847791375,-18.0,-0.2499840000000404,0.35414435438998265,0.08296916229246183,0.02813872579449935,0.7499840000000404,1.5,-0.5099144044451221,-0.4091021490876463,-0.43243595320067235,19.50003199999992,-0.2499840000000404,-0.39860496690512054,-0.4926212202935805,-0.3944451240629813,18.99996800000008,3.499968000000081,-0.33363975845371135,-0.2933622156665459,-0.3209595492000739,9.00003199999992,-3.7499840000000404,0.28046179307580715,0.3950497311217577,0.43842392813419917
2025-07-30,4.376958099361763,5.066114816846934,28.25001599999996,1.2500479999998788,0.18533995930188496,0.25075092115871844,0.25007308861076194,8.0,-1.0000319999999192,-0.5004596315889067,-0.5216177918914594,-0.54916115724239,4.75001599999996,0.5000319999999192,-0.2046110484044729,-0.3001606964021338,-0.39289352519975723,8.99996800000008,-1.2500159999999596,-0.57487791890106,-0.6432578565229159,-0.6778464104072982,8.75001599999996,0.5,-0.37792126878193255,-0.4480795041363269,-0.4390238370567352,5.25001599999996,0.2500159999999596,0.46666824416449687,0.4259840510991105,0.4747930611628092,8.75001599999996,4.25001599999996,-0.15912036947882033,-0.07503544519483192,-0.09927920028279955,-22.0,-4.0,0.3465620973758848,0.0663576578284007,0.018005338607262337,4.0,3.2500159999999596,-0.45341488099697,-0.3577579896378572,-0.4036517027590405,17.0,-2.500031999999919,-0.4436231160113196,-0.5090617369127232,-0.4496030422853158,19.0,3.199999991920777e-05,-0.32357253292675764,-0.2922449216739017,-0.304784290984678,10.25001599999996,1.2499840000000404,0.2815286421186369,0.40391755348430786,0.4342613146112609
2025-07-31,4.359077138715714,-1.7880960646049715,28.24998400000004,-3.199999991920777e-05,0.16757476500262425,0.25204617323940426,0.2616069453286879,8.24998400000004,0.2499840000000404,-0.493487361635536,-0.5229119413936704,-0.5476649206775617,5.000031999999919,0.2500159999999596,-0.197299742516021,-0.301723419268166,-0.4068124765151347,9.99996800000008,1.0,-0.5649134412804796,-0.6421825305410105,-0.6758174498066842,7.75001599999996,-1.0,-0.30598243833182537,-0.420472720999668,-0.4121601846916943,5.25001599999996,0.0,0.44360766662926304,0.4253167908794802,0.47517728238274287,8.24998400000004,-0.5000319999999192,-0.06066487176784641,-0.0734182899669614,-0.09881195172223783,-19.37500799999998,2.62499200000002,0.285142609737006,0.06076783494424354,0.01522912297921353,3.2500159999999596,-0.7499840000000404,-0.4279627100218452,-0.35488725935908016,-0.4103957215925752,17.87497600000006,0.8749760000000606,-0.45220543964030774,-0.5157391105252824,-0.4486002448744806,17.00003199999992,-1.9999680000000808,-0.22579496550538292,-0.2803113918047401,-0.2865937848942888,11.24998400000004,0.9999680000000808,0.2392356727965518,0.39872874826669086,0.4336776530674738
2025-08-01,4.218832905927062,-14.02442327886515,28.50003199999992,0.2500479999998788,0.1682027142947614,0.1505730980035035,0.24047885289749005,8.74998400000004,0.5,-0.45492957158089814,-0.48543559141934084,-0.5381022166636295,7.24998400000004,2.249952000000121,-0.3563677260328672,-0.3618251204324772,-0.46811150246223593,12.75001599999996,2.750047999999879,-0.733566744234096,-0.741652257286474,-0.7276659924319999,8.25001599999996,0.5,-0.3617431470415915,-0.4320236711044948,-0.42516859216664005,2.499968000000081,-2.750047999999879,0.642805607935208,0.5529613536640514,0.5339035491716271,8.50003199999992,0.2500479999998788,-0.06763775448025282,-0.05582488936277571,-0.10281723881189403,-17.75001599999996,1.6249920000000202,0.1607735671005204,0.025398782956688296,0.00019248250522619723,7.5,4.24998400000004,-0.46516080292670203,-0.4009400951390779,-0.45161043950424423,21.74998400000004,3.87500799999998,-0.629050103581324,-0.5851188463978295,-0.5105790160575104,15.50003199999992,-1.5,-0.05330129144968865,-0.1822479340081173,-0.22947635821697152,5.74998400000004,-5.5,0.43345576796195456,0.48666892865165196,0.4884614395237183
2025-08-04,4.197245778567512,-2.158712735954982,28.75001599999996,0.2499840000000404,0.1804564224113745,0.1552944034065664,0.258244264993474,7.24998400000004,-1.5,-0.4271996356554116,-0.4760793238281219,-0.5211436376498851,9.24998400000004,2.0,-0.3414230657258152,-0.3546690621482756,-0.4581237393556206,13.00003199999992,0.2500159999999596,-0.7421612019473992,-0.7438831139275957,-0.7366878550652093,8.24998400000004,-3.199999991920777e-05,-0.3337263346263066,-0.43132170168466566,-0.4217724429917902,2.7499840000000404,0.2500159999999596,0.6962717198443283,0.5405993808981322,0.5266050705011017,6.74998400000004,-1.7500479999998788,-0.016818881370307934,-0.06581565828068724,-0.1131772759076678,-17.25001599999996,0.5,0.03890577292690349,0.033064050991961,0.008298972381225579,9.50003199999992,2.000031999999919,-0.42107418220604875,-0.4003260998987265,-0.4505411249738698,22.74998400000004,1.0,-0.5971135452483265,-0.5833499758412067,-0.5096321038995963,14.0,-1.5000319999999192,-0.12067563605491459,-0.1856888624404336,-0.2200442135185294,7.74998400000004,2.0,0.43341960952610387,0.4715343977529057,0.48111052013847894
2025-08-05,4.195272404137865,-0.1973374429647734,29.0,0.2499840000000404,0.24839071365367718,0.1675923544863032,0.2557737976279767,7.25001599999996,3.199999991920777e-05,-0.4508449443674268,-0.45472909830693,-0.5237417587574046,9.24998400000004,0.0,-0.3215765873200586,-0.3472109750946779,-0.4493640801926786,13.74998400000004,0.7499520000001212,-0.722329744477337,-0.7159112694652198,-0.7432284566148998,9.00003199999992,0.7500479999998788,-0.3278218950198535,-0.3565720108208014,-0.4134282614665549,2.2499840000000404,-0.5,0.7009984805893232,0.537974788919481,0.4823975784802772,1.7499840000000404,-5.0,0.0053955066016227035,-0.08875716690019002,-0.10193243092248803,-15.74998400000004,1.5000319999999192,-0.024953266460076864,0.1057794038123302,0.017815540370900766,9.75001599999996,0.2499840000000404,-0.4062446469882891,-0.4065901377311685,-0.4460551740074874,24.24998400000004,1.5,-0.6109700475723816,-0.5884457858760763,-0.5241201042513003,15.5,1.5,-0.09353435789808107,-0.1288992632852189,-0.2348829661157758,6.5,-1.2499840000000404,0.6258034027757646,0.46090194145315566,0.5017223606757535
2025-08-06,4.230592752124574,3.5320347986709244,30.24998400000004,1.2499840000000404,0.18327790634436406,0.1784125271829175,0.2662101384086294,5.0,-2.2500159999999596,-0.40732515023124605,-0.4673183798421891,-0.5329616720068736,10.74998400000004,1.5,-0.2698788743093607,-0.31574752437245285,-0.42089328339483234,14.00003199999992,0.2500479999998788,-0.6972939311395665,-0.7193045608797504,-0.7367667040556372,9.24998400000004,0.2499520000001212,-0.48722526745240424,-0.3421765988119657,-0.41609903937282916,2.0,-0.2499840000000404,0.7606574598993971,0.5943812257614515,0.4797028113485965,1.9999680000000808,0.2499840000000404,-0.16614290560075104,-0.09002798848306204,-0.10098582030402393,-16.24998400000004,-0.5,-0.1692621604948521,0.10675773149343047,0.01547798411277947,11.25001599999996,1.5,-0.28784576408249646,-0.39508142158085796,-0.43609201747338483,23.74998400000004,-0.5,-0.6141202688354404,-0.593926641795918,-0.5341973728675158,15.0,-0.5,-0.18125492384650993,-0.12651100230152254,-0.24472005804688024,6.5,0.0,0.7927148332956425,0.486765463603825,0.5006883938194417
2025-08-07,4.243232223015553,1.2639470890978721,30.5,0.2500159999999596,0.20048458503127942,0.17709360395124657,0.26391787999513794,4.5,-0.5,-0.6105154366586213,-0.4684427701968194,-0.5096197568081321,11.0,0.2500159999999596,-0.30002724868266095,-0.3139812027639165,-0.42759687758930687,12.74998400000004,-1.2500479999998788,-0.6862881965451973,-0.7180226423849594,-0.7197961477614147,9.50003199999992,0.2500479999998788,-0.4779390381620133,-0.3402531821974383,-0.4084106119670809,1.4999680000000808,-0.5000319999999192,0.7494264571272549,0.5886925979661681,0.46315786533937586,2.2499840000000404,0.2500159999999596,-0.19335631506433062,-0.090511671779496,-0.1107999545776545,-16.24998400000004,0.0,-0.16024916737984707,0.10644443864041296,0.028818921675224426,10.5,-0.7500159999999596,-0.29189305575768937,-0.3977539093351324,-0.42236442236250726,22.75001599999996,-0.9999680000000808,-0.6162722683646222,-0.6122790743139135,-0.531355606057276,15.74998400000004,0.7499840000000404,-0.1859760901246926,-0.11916624994834406,-0.2651287699739788,4.74998400000004,-1.7500159999999596,0.761912935044464,0.47809744110940783,0.48006737122722387
2025-08-08,4.281964583582945,3.8732360567392377,21.24998400000004,-9.25001599999996,-0.11263392005672694,-0.01878347683094786,0.07353912325406807,8.75001599999996,4.25001599999996,-0.2361740628494135,-0.3535063138231318,-0.4381795516213627,9.87497600000006,-1.1250239999999394,-0.4134416282497017,-0.3152990031030882,-0.42368332948992576,13.12502399999994,0.375039999999899,-0.6043780378264377,-0.690256259304054,-0.706965994378468,8.5,-1.0000319999999192,-0.4988932957002404,-0.401205058479171,-0.4212521714421879,2.7499840000000404,1.2500159999999596,0.7527872091038069,0.5861852250518297,0.4672072928271313,-9.37500799999998,-11.62499200000002,-0.23853274488881665,-0.12803212903232367,-0.12347942131094841,-11.5,4.74998400000004,0.014107946996893678,0.13770342578644737,0.03123740886821502,9.50003199999992,-0.9999680000000808,-0.3789712867437577,-0.4002327801888177,-0.4143420243815224,22.37497600000006,-0.375039999999899,-0.6090965495609085,-0.5998033707051411,-0.5407346045745309,15.0,-0.7499840000000404,-0.17540957462430373,-0.13808204920021835,-0.27018673786004566,8.0,3.2500159999999596,0.7547512888873096,0.48574002038264624,0.48220979077976317
2025-08-11,4.271298822955653,-1.0665760627292187,22.5,1.2500159999999596,-0.12972866149275247,-0.014933266830696075,0.07604729482417308,7.5,-1.2500159999999596,-0.2342193885380476,-0.3399545909587846,-0.43332937100168695,9.75001599999996,-0.12496000000010099,-0.42053003103381326,-0.3145787962194791,-0.42393554742775597,13.99996800000008,0.8749440000001414,-0.6022958059995434,-0.67490422028366,-0.70721550234396,8.75001599999996,0.2500159999999596,-0.4983123341428574,-0.41185826301981493,-0.43467564688478644,2.7500159999999596,3.199999991920777e-05,0.7513312262586236,0.566997590924985,0.47997633138309254,-11.5,-2.12499200000002,-0.24112469610948534,-0.13210105563574095,-0.11906827053394309,-10.5,1.0,0.01009815894861292,0.15459859586198935,0.0312705290018606,8.75001599999996,-0.7500159999999596,-0.37133041307887144,-0.42315215797733313,-0.41020605978258673,23.49996800000008,1.1249920000000202,-0.6051997368586267,-0.5804907294679504,-0.5378373133311056,15.50003199999992,0.5000319999999192,-0.17081094582787212,-0.12810700759044347,-0.25790948185219265,8.24998400000004,0.2499840000000404,0.766303825214088,0.4669576803722769,0.47624502704821153
2025-08-12,4.2916702119868955,2.0371389031242693,23.24998400000004,0.7499840000000404,-0.18339570714039943,-0.008624443054665944,0.08657566529715152,5.5,-2.0,-0.23940344864668514,-0.3326318008402003,-0.43844309971039735,10.0,0.2499840000000404,-0.3583887440359516,-0.3176336062208341,-0.4131019807882293,14.0,3.199999991920777e-05,-0.6003534093662727,-0.669819376982052,-0.7032958852127337,9.74998400000004,0.9999680000000808,-0.3305413173901867,-0.38574574179893123,-0.43016217390612954,3.000031999999919,0.2500159999999596,0.727648512050078,0.5839549229896291,0.4984039170946348,-13.75001599999996,-2.2500159999999596,-0.33921969694124315,-0.1574983855548145,-0.12679987518892946,-11.49996800000008,-0.9999680000000808,0.07966146488468358,0.17926656533191632,0.03158689446848188,8.99996800000008,0.2499520000001212,-0.337539016054026,-0.41597504460300705,-0.39295371584769406,24.25001599999996,0.7500479999998788,-0.5907247420223426,-0.5590040194250342,-0.5693558122226692,16.25001599999996,0.7499840000000404,-0.07018878617358575,-0.1495850489894385,-0.24104555749328094,8.74998400000004,0.5,0.7628714072150937,0.4556782966436102,0.47183792339452435
2025-08-13,4.239366895030388,-5.230331695650747,23.25001599999996,3.199999991920777e-05,-0.15925841912364105,0.004399304053241036,0.0860909168740975,4.5,-1.0,-0.21946672909921117,-0.31377494342706075,-0.42205809928842225,11.75001599999996,1.7500159999999596,-0.40050291898335155,-0.3407070780137522,-0.43142294661871045,14.99996800000008,0.9999680000000808,-0.6380222211613827,-0.6815933073918589,-0.7083560281768436,10.00003199999992,0.2500479999998788,-0.3288136272384005,-0.373028302767842,-0.43250229374958493,2.999968000000081,-6.399999983841553e-05,0.7267144861062712,0.5692629170015691,0.4924165410323695,-17.75001599999996,-4.0,-0.28271428285920785,-0.13982567656272896,-0.11385136655268596,-10.5,0.9999680000000808,0.04204607663577528,0.17592503288330397,0.02601792013170532,11.0,2.000031999999919,-0.3874539913406477,-0.4331182696122476,-0.4004188702556996,25.24998400000004,0.9999680000000808,-0.5935535342967858,-0.5589951213400473,-0.5747206124944193,15.75001599999996,-0.5,-0.04999677542432559,-0.11759683701164624,-0.24276805252705733,8.75001599999996,3.199999991920777e-05,0.7601783081923053,0.4392145285227135,0.4676380865428491
2025-08-14,4.2916702119868955,5.230331695650747,23.75001599999996,0.5,-0.1338079685602881,-0.0009669311505414279,0.08912375672882804,3.999968000000081,-0.5000319999999192,-0.2521939638204559,-0.32815620902877923,-0.41964109143749717,10.75001599999996,-1.0,-0.4647286808843862,-0.37164149136951113,-0.44102588009642596,14.75001599999996,-0.2499520000001212,-0.6429785767941509,-0.6807859395879999,-0.7049753207990972,10.24998400000004,0.2499520000001212,-0.31086693292674145,-0.34758145893649234,-0.4148419178836141,3.5,0.5000319999999192,0.7424421107640712,0.5909171652182131,0.4904519845674365,-17.74998400000004,3.199999991920777e-05,-0.24893360686502627,-0.1554188806844892,-0.11110078750616768,-11.00003199999992,-0.5000319999999192,0.020376386553411154,0.17880410252789405,0.026072415804900013,9.50003199999992,-1.4999680000000808,-0.4205131191720542,-0.43356815315299574,-0.4028826447996365,25.74998400000004,0.5,-0.5664634766587635,-0.583133368687062,-0.5655867619947481,15.0,-0.7500159999999596,-0.07137105992704915,-0.1208701223385034,-0.2521750308776043,10.5,1.7499840000000404,0.7870854978280954,0.4538937253748329,0.48767620591184385
2025-08-15,4.325715598880237,3.4045386893341245,22.00003199999992,-1.7499840000000404,-0.16876693868078566,-0.020221201546083246,0.0729881785174867,4.24998400000004,0.2500159999999596,-0.20728891492962584,-0.32036410579254154,-0.4165287920929084,9.0,-1.7500159999999596,-0.4826983610157978,-0.38881765445954264,-0.45158890290609016,14.5,-0.2500159999999596,-0.7308990622852012,-0.6849962799459899,-0.7063485916847454,10.74998400000004,0.5,-0.30764985650167087,-0.330132151455574,-0.40619614840205154,4.25001599999996,0.7500159999999596,0.7714099884098468,0.5987276355042106,0.49627947136076245,-15.75001599999996,1.9999680000000808,-0.18918489492778598,-0.14701581881834994,-0.10719545266399619,-11.75001599999996,-0.7499840000000404,-0.09599695701886785,0.17303349530486725,0.023349026800479913,7.75001599999996,-1.7500159999999596,-0.46423754098737713,-0.44168389948493364,-0.40780531810854076,25.25001599999996,-0.4999680000000808,-0.6726482305172736,-0.5875576941562106,-0.5701742028150428,15.24998400000004,0.2499840000000404,-0.05945654566622207,-0.11313355206620251,-0.250926145324765,14.0,3.5,0.7831447850027982,0.4666012313772161,0.4986941111591009
2025-08-18,4.33742424070311,1.1708641822873567,21.99996800000008,-6.399999983841553e-05,-0.13134879745204497,-0.025710309682460374,0.05830087841379618,2.500031999999919,-1.7499520000001212,-0.1908516651668854,-0.3228818961692121,-0.3891907241788154,8.99996800000008,-3.199999991920777e-05,-0.5431300024333275,-0.3925990296391336,-0.4337847423914706,14.25001599999996,-0.2499840000000404,-0.7307486481377464,-0.684824916173379,-0.6821207501231542,11.25001599999996,0.5000319999999192,-0.30428090800300844,-0.32253802962929196,-0.3970318428536767,3.999968000000081,-0.2500479999998788,0.8233301467451268,0.5941200644056567,0.48231370287744785,-15.74998400000004,3.199999991920777e-05,-0.12409172788445708,-0.14879604197089671,-0.07865208223590378,-14.00003199999992,-2.2500159999999596,-0.126477515638284,0.1670422191084411,0.020412330481058148,7.25001599999996,-0.5,-0.5259571982855155,-0.43957350901017084,-0.4225912495953392,24.5,-0.7500159999999596,-0.6508503415177768,-0.5873546222784364,-0.5245130340746978,17.75001599999996,2.500031999999919,-0.044447441147044436,-0.08933520839029381,-0.18818808292726605,12.99996800000008,-1.0000319999999192,0.7778744024846217,0.46222642815212217,0.44692035105237343
2025-08-19,4.3013669291403875,-3.605731156272274,22.74998400000004,0.7500159999999596,-0.1390996659749466,-0.026761246335243547,0.05509968163296168,3.2499840000000404,0.7499520000001212,-0.20148358004738123,-0.3368191147731655,-0.39014944796301343,8.25001599999996,-0.7499520000001212,-0.47748207208447574,-0.35874084625159763,-0.4321547422212586,14.75001599999996,0.5,-0.7503230098963074,-0.6858448877609085,-0.6900578128132216,10.99996800000008,-0.2500479999998788,-0.25419209085763256,-0.29511755894380215,-0.39228851527988495,4.25001599999996,0.2500479999998788,0.7970185973485432,0.5640892403808762,0.496189618634232,-10.25001599999996,5.499968000000081,-0.11752775255552582,-0.17051363380255138,-0.0849109108046235,-15.75001599999996,-1.7499840000000404,-0.13858757753321546,0.18863221584597514,0.02771954617965825,8.50003199999992,1.2500159999999596,-0.5625044570811519,-0.4460163624234002,-0.4329295384633095,24.24998400000004,-0.2500159999999596,-0.6124043720497973,-0.5784129080265654,-0.5207012194324816,17.24998400000004,-0.5000319999999192,-0.0174813854146696,-0.057659682132609046,-0.1810219207264723,11.50003199999992,-1.4999360000001616,0.7819945611158521,0.45148635765150663,0.48088874022710043
2025-08-20,4.295526450850196,-0.584047829019152,21.75001599999996,-0.9999680000000808,-0.16043813220006192,-0.026032267549282055,0.048839532166109714,3.5,0.2500159999999596,-0.1373746919367692,-0.3334237350628345,-0.391198272272441,9.25001599999996,1.0,-0.5316505753655277,-0.348965115459233,-0.4330784434929231,14.24998400000004,-0.5000319999999192,-0.73928794086743,-0.6839716653687867,-0.6816580022575741,11.0,3.199999991920777e-05,-0.24193983503241154,-0.28271638276913463,-0.39050380709449,5.0,0.7499840000000404,0.7673093475013371,0.5473721274543332,0.49131115202576725,-7.999968000000081,2.250047999999879,-0.09441698655509563,-0.17583108497231903,-0.0909920513212227,-17.50003199999992,-1.7500159999999596,-0.12031642327765343,0.19808192484872778,0.036041389659183465,10.00003199999992,1.5,-0.5757087721142915,-0.44350064466321226,-0.4448337009157369,22.74998400000004,-1.5,-0.5968061247453986,-0.5639645817020574,-0.5057411836036381,16.24998400000004,-1.0,-0.010346892740469994,-0.04777737547507908,-0.1891387522772663,13.75001599999996,2.2499840000000404,0.7644245268071707,0.43902969619758386,0.4838077606069636
2025-08-21,4.329627069503906,3.4100618653710058,21.49996800000008,-0.2500479999998788,-0.15109486182526255,-0.02949282243734386,0.028818966837254843,2.7500159999999596,-0.7499840000000404,-0.11743840305292619,-0.3383678348295518,-0.3876734316716023,11.25001599999996,2.0,-0.4777404423942721,-0.30250359625953693,-0.37331381334190433,12.74998400000004,-1.5,-0.7326760040803049,-0.6843315442904838,-0.6718975578249111,10.5,-0.5,-0.2712826625410989,-0.31054456895462207,-0.38821176524339207,6.24998400000004,1.2499840000000404,0.7833965302801587,0.559194451559172,0.5107166667619997,-4.0,3.999968000000081,-6.590566356180998e-05,-0.16398228693376352,-0.07697721338380992,-21.24998400000004,-3.749952000000121,-0.25940351714756693,0.17981007925333437,0.014407322952191638,11.24998400000004,1.2499520000001212,-0.5516045493558636,-0.4321193582844554,-0.42184484045850235,22.0,-0.7499840000000404,-0.6133761077875294,-0.5708302022258499,-0.5011250643083971,16.74998400000004,0.5,-0.015224154655617267,-0.039103762215352444,-0.17115782299147717,14.50003199999992,0.7500159999999596,0.7588772518816688,0.4475326030406634,0.4908591598245296
2025-08-22,4.256644700223008,-7.298236928089796,22.24998400000004,0.7500159999999596,-0.16903436390004617,-0.04969164138468214,0.010586548109384943,2.7500159999999596,0.0,-0.13544481567285033,-0.32722126403883883,-0.38450901753112493,13.25001599999996,2.0,-0.534705171302524,-0.36059921619292173,-0.3980433835761371,14.49996800000008,1.7499840000000404,-0.758564447560236,-0.7004320251661559,-0.6898018639380267,10.25001599999996,-0.2499840000000404,-0.20647923573662097,-0.2529561415296688,-0.3618488343821435,5.75001599999996,-0.4999680000000808,0.7782502026334395,0.5593861593817442,0.516328719743272,0.4999680000000808,4.499968000000081,-0.09057976105388266,-0.19322814248087047,-0.08964805888992933,-22.99996800000008,-1.7499840000000404,-0.18813674666301092,0.21473729895383215,0.01387767521272959,13.99996800000008,2.7499840000000404,-0.6037165340426934,-0.4835557996670225,-0.43357579571058963,25.50003199999992,3.500031999999919,-0.6574907740952843,-0.599496009466558,-0.5351745349326703,14.99996800000008,-1.7500159999999596,0.07707454067625401,0.01082017856356519,-0.11572931444410754,13.50003199999992,-1.0,0.7531247906415929,0.4534946471304893,0.4895898133382807
2025-08-25,4.274108376077587,1.7463675854578753,22.00003199999992,-0.2499520000001212,-0.20617020786502468,-0.0572591639181729,0.017281304441023486,2.499968000000081,-0.2500479999998788,-0.11578514117276038,-0.3218154195467461,-0.38378221317511935,14.25001599999996,1.0,-0.4953601456324737,-0.3618770439336552,-0.3874233397065302,14.0,-0.4999680000000808,-0.7994009952130954,-0.7042338402745536,-0.6846024842996553,10.25001599999996,0.0,-0.17403824065725296,-0.25360167385341764,-0.3531441621025091,6.24998400000004,0.4999680000000808,0.7838831466622347,0.5937172614903614,0.5151033910132973,0.5000319999999192,6.399999983841553e-05,-0.07924295753804811,-0.20710763711985222,-0.0866877868377811,-23.50003199999992,-0.5000639999998384,-0.22047810977415053,0.22727729308916056,0.022828751328986173,16.25001599999996,2.250047999999879,-0.546974827357831,-0.4801337120895197,-0.42698749377834094,23.25001599999996,-2.2500159999999596,-0.6754534328586653,-0.5893645200068397,-0.572614233128222,15.99996800000008,1.0,0.10219873284958457,0.005264469987060283,-0.058524555569431876,13.00003199999992,-0.5,0.739232988854902,0.4800567986573853,0.47396693328532835
2025-08-26,4.254680749322724,-1.9427626754862537,21.74998400000004,-0.2500479999998788,-0.212672452278908,-0.04933499130544877,0.018972866335223337,3.000031999999919,0.5000639999998384,-0.09493735509488356,-0.3147092963801439,-0.3852976273754927,14.49996800000008,0.2499520000001212,-0.5146064861197202,-0.3794311993532329,-0.38886562687418114,14.00003199999992,3.199999991920777e-05,-0.817782575781029,-0.695862256034489,-0.6846788337576332,10.49996800000008,0.2499520000001212,-0.002505108113391839,-0.24871434302398823,-0.3546076468715705,6.25001599999996,3.199999991920777e-05,0.7522588519182454,0.6237319037955624,0.514332065964223,-0.2500159999999596,-0.7500479999998788,-0.10322818994521663,-0.12387764566513944,-0.0854838496270287,-22.74998400000004,0.7500479999998788,-0.2448935455092596,0.17440041322165675,0.02122426124767012,12.75001599999996,-3.5,-0.44151320028692864,-0.47239641942237137,-0.41155306837358824,25.74998400000004,2.499968000000081,-0.7494947158521603,-0.5982474125541714,-0.5826031092573547,16.5,0.5000319999999192,0.4277068979920903,0.034770748512866746,-0.060663576764101786,12.74998400000004,-0.2500479999998788,0.6907881806727364,0.46887167245806033,0.4739972858003821
2025-08-27,4.237218120363308,-1.7462628959416193,22.5,0.7500159999999596,-0.2736501392664316,-0.06722109186443465,0.003823073348215081,3.0,-3.199999991920777e-05,-0.06760112269253918,-0.3066954624379795,-0.38167346023727794,14.5,3.199999991920777e-05,-0.5254562623784355,-0.3830491443418536,-0.37661564144213694,14.24998400000004,0.2499520000001212,-0.7999038709514426,-0.6944767198300984,-0.6886225097947977,10.75001599999996,0.2500479999998788,-0.05724761710911432,-0.2470504158659418,-0.340717489587921,5.75001599999996,-0.5,0.7667603341872904,0.6291688040830834,0.5237117997838954,0.4999680000000808,0.7499840000000404,-0.19574761435888857,-0.167962762496158,-0.0927439860196525,-22.49996800000008,0.2500159999999596,-0.14953570303944916,0.20467597301528642,0.027272736316336168,12.99996800000008,0.2499520000001212,-0.5800884961967506,-0.4790853450028608,-0.4053024495608777,24.50003199999992,-1.2499520000001212,-0.6911005223014424,-0.5801650316637267,-0.5685864479059005,17.74998400000004,1.2499840000000404,0.4080766730704537,0.025939248170613764,-0.06672838053950493,12.5,-0.2499840000000404,0.6888555673696892,0.464668195920489,0.4757367883043611
2025-08-28,4.206244275305489,-3.097384505781875,22.75001599999996,0.2500159999999596,-0.2767878350488958,-0.08583419551917024,0.0022654998047364865,4.0,1.0,-0.0859688405348931,-0.30893398496960567,-0.38614328907437556,14.0,-0.5,-0.49340449489158195,-0.3601603733339118,-0.3683273229363356,15.0,0.7500159999999596,-0.8070018450038665,-0.6941915438546835,-0.6924454104293137,11.5,0.7499840000000404,-0.1303718043690275,-0.2527692142508255,-0.3494849586873502,4.5,-1.2500159999999596,0.7607790537668147,0.6187465622873612,0.5273532115531627,3.5,3.000031999999919,-0.21532563412002867,-0.1155720973800065,-0.09709272693606195,-24.0,-1.5000319999999192,-0.11577206527491299,0.15375887883143008,0.031182151904077176,13.75001599999996,0.7500479999998788,-0.5960240292154546,-0.4652965998185783,-0.40634515372018126,24.74998400000004,0.2499520000001212,-0.6830781946569571,-0.5779101200579863,-0.5703944064297478,19.0,1.2500159999999596,0.3747948502769015,0.04457411548154867,-0.07738467384135937,10.5,-2.0,0.7040283894915635,0.45759556828380404,0.47991966534002745
2025-08-29,4.224543015772964,1.8298740467474595,23.0,0.2499840000000404,-0.31945759351727837,-0.08493088160409083,-0.04177341359428386,3.7499840000000404,-0.2500159999999596,-0.004928952561162676,-0.3201101954328411,-0.37009447983221927,13.75001599999996,-0.2499840000000404,-0.3748168884356211,-0.34102781170776625,-0.34315907703867504,15.25001599999996,0.2500159999999596,-0.6590252375456996,-0.6979960326780511,-0.7161823816499516,11.24998400000004,-0.2500159999999596,-0.05281729502644774,-0.2467948719951715,-0.35463119319362313,4.5,0.0,0.519481461365242,0.6007796836703857,0.5469823175357437,5.5,2.0,-0.2470760540279065,-0.12455388856771539,-0.08827862570906864,-25.25001599999996,-1.2500159999999596,0.05622561945454522,0.13823135555897956,0.027744816124037477,12.25001599999996,-1.5,-0.4268500443368584,-0.45320693735402334,-0.4026903790926802,27.25001599999996,2.500031999999919,-0.44339238061519337,-0.5403365634424341,-0.536139364927354,16.74998400000004,-2.2500159999999596,0.13325877253213372,0.01660675958948322,-0.10014346093816826,11.5,1.0,0.48673878342719323,0.4511089096467112,0.4877772250433318
2025-09-02,4.275022553199898,5.047953742693423,23.0,0.0,-0.288936070243937,-0.08960776823154008,-0.04184859217100784,3.0,-0.7499840000000404,-0.06640505156955714,-0.3200721591073886,-0.3784893652152752,13.24998400000004,-0.5000319999999192,-0.37373287113760906,-0.3406913505328769,-0.3455150254529644,14.75001599999996,-0.5,-0.6742965935042923,-0.7049536588775167,-0.7205272176272606,11.5,0.2500159999999596,-0.048010293035324884,-0.20634753387656043,-0.3447394692540237,4.5,0.0,0.4970263367549737,0.6294965065449394,0.5381817895870898,11.25001599999996,5.75001599999996,-0.13660646923194586,-0.057751114305005395,-0.07952893193084021,-30.00003199999992,-4.75001599999996,-0.09079631408558013,0.008050237129804579,0.01069389013413048,11.50003199999992,-0.7499840000000404,-0.42138843003456256,-0.42429333575590145,-0.40178302805238647,28.24998400000004,0.9999680000000808,-0.3714176688822187,-0.4892012806786129,-0.5162744613188742,16.24998400000004,-0.5,0.04628263258363098,-0.0349519058640472,-0.11781002123504103,12.75001599999996,1.2500159999999596,0.5637601414802276,0.47233469276483553,0.49040755745358944
2025-09-03,4.209983667349888,-6.503888585001061,22.25001599999996,-0.7499840000000404,-0.24391713362815434,-0.061162166271052,-0.03668333804772296,4.25001599999996,1.2500159999999596,-0.15379425541368077,-0.3504416070251789,-0.3724634440411593,14.49996800000008,1.2499840000000404,-0.4233377988131642,-0.3503424746137275,-0.355566032327778,16.25001599999996,1.5,-0.7327660928179514,-0.7171924668091536,-0.7152770709984891,10.0,-1.5,0.2354215687010088,-0.10112516367568276,-0.19954334016464478,3.7500159999999596,-0.7499840000000404,0.559913803031644,0.6517388286814687,0.5469250953641157,12.99996800000008,1.7499520000001212,-0.17215524875758595,-0.05210805657073843,-0.1014516375770412,-30.99996800000008,-0.9999360000001616,-0.06429631616214608,-0.030087686560303313,0.06886656747185455,15.74998400000004,4.249952000000121,-0.5387933544399763,-0.449991085597705,-0.42705177472836114,29.0,0.7500159999999596,-0.371316204188672,-0.5020183748745745,-0.5229559317763864,14.24998400000004,-2.0,0.2061659860509638,0.025537102628446936,-0.034792253522402776,11.25001599999996,-1.5,0.6083906611079766,0.6140639752666848,0.4912588945518487
2025-09-04,4.175179160320421,-3.480450702946669,21.99996800000008,-0.2500479999998788,-0.28859874860580753,-0.09222153127455386,-0.038587969998205685,5.75001599999996,1.5,-0.13156040609584393,-0.3011990593445068,-0.3757526127921716,15.25001599999996,0.7500479999998788,-0.5218495801659504,-0.3606377424897447,-0.36806452224479547,16.24998400000004,-3.199999991920777e-05,-0.7365887362723013,-0.7086742682176983,-0.7182071258696155,10.5,0.5,0.1799540564569316,-0.2034393289665145,-0.1988323709659473,4.24998400000004,0.4999680000000808,0.5573916135900223,0.6824311891765734,0.5839668818173601,12.74998400000004,-0.2499840000000404,-0.15875752723946768,-0.16307171259761588,-0.10159015622973994,-28.25001599999996,2.749952000000121,-0.14164100343627697,-0.15907182510688114,0.06355415830470847,15.50003199999992,-0.2499520000001212,-0.5677604023269441,-0.391934832988287,-0.42654522697390157,30.49996800000008,1.4999680000000808,-0.3804330151780168,-0.5035106754701958,-0.5257484214333847,13.00003199999992,-1.2499520000001212,0.26479928742578207,-0.0021919002300669482,-0.01368496098946057,11.99996800000008,0.7499520000001212,0.602732825618112,0.7231993361322006,0.5112449294824151
2025-09-05,4.084753805792428,-9.04253545279925,21.74998400000004,-0.2499840000000404,-0.27342626713183404,-0.07698374999069564,-0.03139938548130112,7.25001599999996,1.5,-0.21292574035217815,-0.40634439060670446,-0.39491484508887065,18.25001599999996,3.0,-0.6355465652344121,-0.4505360052510847,-0.4166000365056054,18.24998400000004,2.0,-0.8151079400118503,-0.7349343231531211,-0.7432905235076367,9.0,-1.5,0.3696524835250098,-0.061657820794603066,-0.1022372220535255,2.5,-1.7499840000000404,0.6970585753145909,0.7143620634405633,0.6130923087511009,9.24998400000004,-3.5,-0.030751808465654798,-0.12069929911065223,-0.07734399258772724,-24.49996800000008,3.750047999999879,-0.3153601383859682,-0.2224368302505527,0.02752988700995017,20.24998400000004,4.749952000000121,-0.6604046714534882,-0.4489922283799115,-0.4576347798862172,34.5,4.000031999999919,-0.5116678526737615,-0.5552681723693845,-0.5704878649814442,10.0,-3.000031999999919,0.41376024691696806,0.09240087119477433,0.06053383143338615,6.5,-5.499968000000081,0.7480171471366456,0.7484094919570059,0.5487924923678432
2025-09-08,4.044583044439481,-4.0170761352947615,20.74998400000004,-1.0,-0.030421869918385774,-0.08654023923834585,-0.017082758537659375,7.5,0.2499840000000404,-0.5707238653607241,-0.353163979578394,-0.39298164947214653,20.24998400000004,1.9999680000000808,-0.6195222370869105,-0.5067427345135136,-0.4181438213232495,19.25001599999996,1.0000319999999192,-0.8561615325966478,-0.712520747650305,-0.7395685311170076,8.5,-0.5,0.5194887135002101,-0.026909356827751633,-0.10927198905673811,2.0,-0.5,0.6778869341679541,0.7186068958366724,0.6064634726383303,8.5,-0.7499840000000404,0.2463731910498322,-0.08772013744688853,-0.07575291349732276,-23.0,1.4999680000000808,-0.5668882436898758,-0.1885203621338069,0.028223357203655264,22.25001599999996,2.000031999999919,-0.6564708010146507,-0.500373785866185,-0.4621155409403537,35.99996800000008,1.4999680000000808,-0.5065590195015259,-0.551002901434411,-0.565180812010383,7.000031999999919,-2.999968000000081,0.47252245031157936,0.14497849594432968,0.08469314102335607,5.499968000000081,-1.0000319999999192,0.7304893168528627,0.7438228994077789,0.5460835309004733
2025-09-09,4.073177932836616,2.859488839713542,21.25001599999996,0.5000319999999192,0.006942590791996046,-0.09362546181609879,-0.0075086175997978915,4.74998400000004,-2.7500159999999596,-0.6030175844669334,-0.374956205997179,-0.39730753670196317,19.5,-0.7499840000000404,-0.6423377222860125,-0.5227779592189015,-0.4283830855384062,19.24998400000004,-3.199999991920777e-05,-0.860637996608339,-0.7148422858079864,-0.7329708570907363,10.25001599999996,1.7500159999999596,0.5458627526734765,0.028809859697773832,-0.07180695942722458,1.7500159999999596,-0.2499840000000404,0.646418363024181,0.706096196339204,0.5890308321124842,7.75001599999996,-0.7499840000000404,0.21620252108400403,-0.09553041773565733,-0.0824002223117807,-23.75001599999996,-0.7500159999999596,-0.5667066655071137,-0.1933481160461893,0.039276370193181795,20.0,-2.2500159999999596,-0.6829103989740779,-0.5105970349866252,-0.4881530944993123,35.5,-0.4999680000000808,-0.5236603963678357,-0.5556078059981328,-0.5555099823656758,9.74998400000004,2.749952000000121,0.5122452709654904,0.18203398557955178,0.1189885237614451,5.000031999999919,-0.4999360000001616,0.7042143905914681,0.7391147910858759,0.5296915922816684
2025-09-10,4.031125835749283,-4.205209708733282,22.49996800000008,1.2499520000001212,-0.10678685137857608,-0.1521587290615837,-0.017535491410995717,5.5,0.7500159999999596,-0.6022985123377987,-0.37232710557764664,-0.3911413528441323,19.75001599999996,0.2500159999999596,-0.6281938573127075,-0.49119094104081357,-0.43089323440439886,19.62499200000002,0.3750079999999798,-0.8555845333040062,-0.7153364489247962,-0.7306602217118155,9.24998400000004,-1.0000319999999192,0.5444797279413883,0.14107303321393802,-0.046625546728175,0.6250239999999394,-1.1249920000000202,0.6521041633376722,0.6920341071643373,0.6063428783534338,-5.000031999999919,-12.750047999999879,0.3004588292862427,-0.06943236089885692,-0.06308984671143286,-14.124960000000101,9.625055999999859,-0.48941815628671065,-0.19177855077583816,0.020231749517488545,22.6249600000001,2.624960000000101,-0.6971465644588029,-0.5063964305930151,-0.4903260886754967,31.62502399999994,-3.8749760000000606,-0.368368676824433,-0.4543435327989736,-0.47038915703356304,10.5,0.7500159999999596,0.4637374094853568,0.21531849372751277,0.09341276014420268,1.7499840000000404,-3.250047999999879,0.7066543719693436,0.7359420127022243,0.5290280956428092
2025-09-11,4.0101246652573685,-2.1001170491914856,23.24998400000004,0.7500159999999596,-0.11645227449630086,-0.13946601233924358,-0.010494841806205763,4.75001599999996,-0.7499840000000404,-0.663308009572827,-0.37347878170886334,-0.38831613877882,20.75001599999996,1.0,-0.6092118400080229,-0.49648096445680745,-0.42971593735814295,19.24998400000004,-0.3750079999999798,-0.827977834910046,-0.7190583518222612,-0.725742432365863,8.5,-0.7499840000000404,0.5773034685458682,0.14922956758376182,-0.023827917536078713,1.5,0.8749760000000606,0.6319842967124147,0.6800739370367697,0.5863655287935624,-8.25001599999996,-3.2499840000000404,0.2642165888446246,-0.03992763992757698,-0.05922182618498849,-11.74998400000004,2.3749760000000606,-0.4847388275171504,-0.20818352927693617,0.019759955929268373,22.25001599999996,-0.3749440000001414,-0.6794785618697587,-0.5198112405014448,-0.49455451370074704,32.99996800000008,1.3749440000001414,-0.3647369301281315,-0.45446297820618997,-0.46700329782283834,8.50003199999992,-1.9999680000000808,0.4680486857117951,0.21976063321282496,0.1142653058400484,0.7499840000000404,-1.0,0.7351412791184002,0.744276078229029,0.5230023253083341
2025-09-12,4.059538885504796,4.941422024742703,24.0,0.7500159999999596,-0.09176206444271988,-0.11768566166121311,-0.009750578338710484,4.74998400000004,-3.199999991920777e-05,-0.632365667867275,-0.38651108576319787,-0.3934070530088368,21.00003199999992,0.2500159999999596,-0.5489356641454071,-0.4958463921338251,-0.434071249030597,18.74998400000004,-0.5,-0.8447479590923243,-0.7244566445718106,-0.730327802394462,7.5,-1.0,0.4389440823563782,0.08908301652406445,-0.041828490633122065,2.0,0.5,0.6327942940474451,0.689597984832242,0.6009785510688804,-8.99996800000008,-0.7499520000001212,0.25104182066138664,-0.03614644726429469,-0.07467134237773775,-11.50003199999992,0.2499520000001212,-0.46801615249510886,-0.205343955340269,0.026113919646543384,19.75001599999996,-2.5,-0.6963945920956832,-0.5412455979841915,-0.5016646628883786,35.25001599999996,2.250047999999879,-0.28978994937541114,-0.4006228537233886,-0.45030153140443757,7.74998400000004,-0.7500479999998788,0.47153072368390253,0.2106764663495196,0.1153120258073176,1.0,0.2500159999999596,0.696430733426242,0.7431032055216233,0.523584159029773
2025-09-16,4.025056486170505,-3.4482399334290648,24.0,0.0,0.06999804425412266,-0.12339868888983906,-0.007442285890582637,6.0,1.2500159999999596,-0.6720034954867529,-0.3882479304612392,-0.3982009946035366,24.0,2.999968000000081,-0.4945898909423804,-0.49045257481330806,-0.43750239459578405,20.0,1.2500159999999596,-0.8437475695101493,-0.7652309648285612,-0.732345598876845,7.0,-0.5,0.41714265783509824,0.09398973342557775,-0.03291505221897521,0.0,-2.0,0.5825086759364411,0.6805782947686099,0.5934222497426634,-9.75001599999996,-0.7500479999998788,0.24140754801375605,-0.021526688356357158,-0.0712175394475337,-10.24998400000004,1.2500479999998788,-0.4759283859930216,-0.2733072197034936,0.021718820070819843,24.75001599999996,5.0,-0.6598203740810823,-0.5508194580223432,-0.5067842398805004,35.74998400000004,0.4999680000000808,-0.26857603890620235,-0.4264829490322693,-0.44940157443803724,7.5,-0.2499840000000404,0.46173853221671834,0.21498477046988734,0.12163712119449671,-3.7500159999999596,-4.75001599999996,0.6443442887974985,0.7236990702692389,0.5247342995240103
2025-09-17,4.0747043810511485,4.964789488064358,23.5,-0.5,-0.0040353087168660704,-0.1062081430197912,-0.01876181336838148,5.25001599999996,-0.7499840000000404,-0.6882796494334107,-0.3887492538419356,-0.4023383108544331,23.49996800000008,-0.5000319999999192,-0.5233338331805587,-0.5379938146173509,-0.44754430443767673,19.25001599999996,-0.7499840000000404,-0.8509747493163278,-0.7741178067204816,-0.7381981879721015,6.75001599999996,-0.2499840000000404,0.36981747016970434,0.09198894242534444,-0.03884630479566597,1.2499840000000404,1.2499840000000404,0.6424524443028815,0.722768462566892,0.6058478510476788,-13.0,-3.2499840000000404,0.15875981176959833,-0.014734625474107317,-0.08291158120714964,-9.0,1.2499840000000404,-0.40300052068554104,-0.2629949975307984,0.02669004064658001,24.0,-0.7500159999999596,-0.6585202337942325,-0.589300693774522,-0.5065935578160735,35.75001599999996,3.199999991920777e-05,-0.2578514076028858,-0.4154583530784607,-0.4479605018339537,5.999968000000081,-1.5000319999999192,0.35984269834252747,0.18165403133648636,0.10006232539623698,-0.7499840000000404,3.000031999999919,0.7035124247574035,0.746614183641555,0.5419182381426761
2025-09-18,4.103447349361487,2.8742968310338846,22.49996800000008,-1.0000319999999192,-0.04839219747761124,-0.1137155380500947,-0.02309004199708579,5.500031999999919,0.2500159999999596,-0.6596876349161915,-0.37452787468091975,-0.40428254247652456,21.49996800000008,-2.0,-0.6089177152048487,-0.5415882894616743,-0.44978126781152233,16.75001599999996,-2.5,-0.8086791660929596,-0.7497898191362639,-0.716240773636129,10.25001599999996,3.5,0.40281416851794116,0.156347581105456,0.03103218348578992,0.4999680000000808,-0.7500159999999596,0.6115136326397729,0.6998128979585821,0.5783549874432586,-21.00003199999992,-8.00003199999992,0.09969950777822797,-0.01929322936050701,-0.10266269410038079,-5.74998400000004,3.2500159999999596,-0.3673621503479977,-0.2570786002482546,0.04468929798520998,21.25001599999996,-2.7499840000000404,-0.6784991667727619,-0.6105661016315662,-0.5160433986959486,33.49996800000008,-2.250047999999879,-0.3208462500759594,-0.42247787254553054,-0.458139681345643,9.00003199999992,3.0000639999998384,0.41432948183450213,0.21809597683950815,0.14020693253455582,-0.7500159999999596,-3.199999991920777e-05,0.6974389593942301,0.7437541081948688,0.5308539031555158
2025-09-19,4.137999999186235,3.4552649824747483,22.75001599999996,0.2500479999998788,-0.024748153500490477,-0.12184668385373779,-0.022248075308419383,5.74998400000004,0.2499520000001212,-0.635856031587095,-0.32649833556280233,-0.3968336291610845,20.0,-1.4999680000000808,-0.6376040693032331,-0.5808765313331878,-0.45586231578143543,16.0,-0.7500159999999596,-0.8194166835421995,-0.7644411628012068,-0.7227807595911169,11.24998400000004,0.9999680000000808,0.4300255297068978,0.1820683009161273,0.05528741729240306,2.000031999999919,1.5000639999998384,0.6484344557812525,0.699863049101101,0.5806970148277409,-16.12499200000002,4.875039999999899,0.15532218526666128,0.030109817984723567,-0.09248398543547816,-8.25001599999996,-2.500031999999919,-0.40135446736214564,-0.2728365720302806,0.0394054807990357,18.25001599999996,-3.0,-0.7025926546545053,-0.6309118207370277,-0.5223804412121109,34.75001599999996,1.2500479999998788,-0.2973293952947506,-0.4110424116516873,-0.4470671111064459,10.24998400000004,1.2499520000001212,0.44458136769861983,0.23555697230163777,0.15727621932694244,-0.5,0.2500159999999596,0.7311399037409827,0.7404558504034343,0.5278465994506447
2025-09-22,4.142792945988877,0.4792946802641751,21.75001599999996,-1.0,-0.027137847125056094,-0.1175551005674531,-0.024357127817647144,5.75001599999996,3.199999991920777e-05,-0.6192379918582294,-0.31347862515646846,-0.39817990770526435,19.99996800000008,-3.199999991920777e-05,-0.7370946381355915,-0.6032408058183613,-0.4560481377855904,14.75001599999996,-1.2499840000000404,-0.7954476698627649,-0.750958968353554,-0.7143298337141639,12.0,0.7500159999999596,0.47299876249268624,0.18781837219550132,0.056901724056683894,2.7500159999999596,0.7499840000000404,0.6234208144724763,0.7029890721422201,0.5812523973580657,-21.74998400000004,-5.62499200000002,0.08461356453403247,0.04500496692013431,-0.09479221112770983,-4.74998400000004,3.500031999999919,-0.33161826762070296,-0.2961141559284518,0.0416222831102858,14.49996800000008,-3.750047999999879,-0.7224514173808515,-0.6138195310158653,-0.5181292518543335,36.00003199999992,1.2500159999999596,-0.26536353625892206,-0.40664559283521945,-0.44454774868218977,11.24998400000004,1.0,0.43989258446084145,0.23037536542946505,0.15867841986006512,-0.5,0.0,0.7232702814775679,0.7379753506797395,0.5341996707504195
2025-09-23,4.115756423688255,-2.7036522300621257,21.00003199999992,-0.7499840000000404,0.09758921153062047,-0.11093884078965688,-0.024588509618385646,5.24998400000004,-0.5000319999999192,-0.6457287360888392,-0.3146353130978685,-0.3915668916307092,21.5,1.5000319999999192,-0.7159542714075063,-0.6102554687165243,-0.4720150028337888,15.0,0.2499840000000404,-0.765989491290842,-0.7492642037636691,-0.7104811599303231,11.74998400000004,-0.2500159999999596,0.484689408567651,0.1931401885889673,0.0826537800945199,3.000031999999919,0.2500159999999596,0.6190060745186431,0.6955213488145289,0.5712755199509156,-23.49996800000008,-1.7499840000000404,0.20801973639643837,0.04776786445102595,-0.0981379255824904,-6.500031999999919,-1.7500479999998788,-0.4027557483084437,-0.28449972533545953,0.06134169916857757,20.00003199999992,5.500063999999838,-0.6876269534295176,-0.6040918617697109,-0.5419435744053799,32.49996800000008,-3.5000639999998384,-0.09953284398625324,-0.3556953761821199,-0.3910419777544415,10.75001599999996,-0.4999680000000808,0.40645749426360334,0.2348853907150535,0.1578849368686093,1.2500159999999596,1.7500159999999596,0.6962748404682739,0.717647384770571,0.5238007626594251
2025-09-24,4.145626955067818,2.9870531379562415,20.0,-1.0000319999999192,0.03682263872265905,-0.14604655697789218,-0.03816099556692433,6.0,0.7500159999999596,-0.5940481093400101,-0.2841335482439524,-0.377567618336671,20.24998400000004,-1.2500159999999596,-0.7557594595350559,-0.6090822073157108,-0.48650881924590245,14.75001599999996,-0.2499840000000404,-0.7575245397588074,-0.774582048034866,-0.7130984433146487,11.75001599999996,3.199999991920777e-05,0.4778582868942365,0.20760104103198945,0.08263395409675113,2.2499840000000404,-0.7500479999998788,0.5626122472785181,0.6698635702155337,0.5710005366695485,-30.5,-7.000031999999919,0.12750513674300304,0.018075208176243092,-0.12193230630725747,-3.0,3.500031999999919,-0.33844915017696947,-0.26122306189444805,0.08212452015732173,18.74998400000004,-1.2500479999998788,-0.7282594259780377,-0.6014943523945216,-0.5503586672983549,33.25001599999996,0.7500479999998788,-0.0530859059132744,-0.3569150187297671,-0.3819876122485801,11.75001599999996,1.0,0.4125767486630499,0.25041821748869963,0.15802145036910648,-1.7500159999999596,-3.000031999999919,0.6116818905312827,0.6685738771495797,0.5182655002006539
2025-09-25,4.172689079603967,2.7062124536149312,21.0,1.0,0.0898967214511047,-0.1329094374943471,-0.025561433432497893,5.0,-1.0,-0.6081692385869812,-0.29482904189808606,-0.37603573590242023,19.0,-1.2499840000000404,-0.7671848385913129,-0.6326678537507355,-0.505565896602954,14.5,-0.2500159999999596,-0.7581305781800516,-0.7855879878295454,-0.7097748455476277,11.0,-0.7500159999999596,0.4412020935619959,0.2670116244704731,0.07812011795120095,2.5,0.2500159999999596,0.5755262349696814,0.6528152300923027,0.5932282328682487,-29.75001599999996,0.7499840000000404,0.14905287756327476,0.02478249543864196,-0.04814306025484607,-3.499968000000081,-0.4999680000000808,-0.3534078039343409,-0.2903959027770334,0.03451366950265313,16.99996800000008,-1.7500159999999596,-0.7913282138457151,-0.6173789515029099,-0.5657223799397022,34.50003199999992,1.2500159999999596,-0.018176111893460793,-0.3795260743999328,-0.38055072944478674,9.49996800000008,-2.250047999999879,0.35952739030452613,0.37275808652154124,0.1619349457865682,-1.4999680000000808,0.2500479999998788,0.6239883170302417,0.6415392260346455,0.5127610195640603
2025-09-26,4.185225293091045,1.2536213487077674,21.5,0.5,0.1263865098282655,-0.16076437123390777,-0.03631451388997603,4.0,-1.0,-0.6128416796345648,-0.2836329470039023,-0.37199168038163527,19.5,0.5,-0.7656877058013113,-0.647053047141088,-0.5075273833257713,15.5,1.0,-0.7187742959367026,-0.7577625632234439,-0.6953263612012961,11.25001599999996,0.2500159999999596,0.4481570444851461,0.2588155293105661,0.08290875441442655,2.499968000000081,-3.199999991920777e-05,0.5738968705498145,0.6553399368302578,0.5943481198909161,-29.5,0.2500159999999596,0.16625906272179083,-0.013072141998918346,-0.07550984976337309,-4.0,-0.5000319999999192,-0.365019767127533,-0.253473785226589,0.053489887870372184,14.5,-2.499968000000081,-0.7911687848156178,-0.6813731116420872,-0.5716333604045658,39.75001599999996,5.24998400000004,0.011771706145221177,-0.28984716061090837,-0.33219092796629063,7.74998400000004,-1.7499840000000404,0.3641249709418348,0.35981678689838803,0.15539933544222603,0.2499840000000404,1.7499520000001212,0.6295014933903302,0.6364725234765184,0.5100451294664928
2025-09-29,4.139670694175727,-4.5554598915317435,21.99996800000008,0.4999680000000808,0.09744069572869622,-0.1677614929071095,-0.05530025912261238,4.000031999999919,3.199999991920777e-05,-0.5830542297743506,-0.28086578125735956,-0.3654896233680246,19.49996800000008,-3.199999991920777e-05,-0.7682768002954059,-0.633696222689516,-0.49514947000349907,16.50003199999992,1.0000319999999192,-0.7254378673426983,-0.7639439719026503,-0.6981595281281978,10.24998400000004,-1.0000319999999192,0.5052209459396523,0.275733047969028,0.10844033051684947,2.5,3.199999991920777e-05,0.5360850440279316,0.6474172458640557,0.5815829730819112,-30.0,-0.5,0.1920089295591423,-0.014776861829138534,-0.019856204935951263,-2.2499840000000404,1.7500159999999596,-0.4071629267367333,-0.25823592856314553,-0.017200810494239792,15.24998400000004,0.7499840000000404,-0.7831663388440042,-0.6835947841037932,-0.5620743902209764,37.74998400000004,-2.000031999999919,0.06804015229033024,-0.24800454262538146,-0.299064934968724,8.25001599999996,0.5000319999999192,0.3691341734151921,0.3404053171730253,0.1674648750303649,-0.5,-0.7499840000000404,0.6078814693645387,0.6425993334086014,0.5002387149413782
2025-09-30,4.149312394504443,0.9641700328715253,21.75001599999996,-0.2499520000001212,0.08220095965783415,-0.17123628890600537,-0.05655827020838794,3.499968000000081,-0.5000639999998384,-0.5845120098022664,-0.28112067121396594,-0.37484896010248814,18.75001599999996,-0.7499520000001212,-0.7658053070869464,-0.6123533000019448,-0.4846135143649413,16.75001599999996,0.2499840000000404,-0.7305551031234858,-0.7010490061004071,-0.702816361482549,10.99996800000008,0.7499840000000404,0.5179118544986364,0.3702648198381889,0.1197968185400037,3.7500159999999596,1.2500159999999596,0.532063535833398,0.5275336119352769,0.5644922697354547,-30.24998400000004,-0.2499840000000404,0.177823095383002,0.01240711931642297,-0.031157965423737673,-3.2500159999999596,-1.0000319999999192,-0.40052408415234575,-0.2585829203681859,-0.026046063589578033,14.24998400000004,-1.0,-0.7812125482017632,-0.661534098280101,-0.554165416785327,39.50003199999992,1.7500479999998788,0.05444938495676144,-0.12042550459723698,-0.2902734158253341,9.49996800000008,1.2499520000001212,0.41594924967120517,0.3200683981179318,0.1672703021083806,-1.2499840000000404,-0.7499840000000404,0.5977629284593122,0.5522514297216308,0.49126902643824855
2025-10-01,4.1048486625159875,-4.44637319884551,21.74998400000004,-3.199999991920777e-05,0.07386754082688779,-0.16876423244332256,-0.06057763586355081,3.7499840000000404,0.2500159999999596,-0.5654433080145597,-0.3059007278171203,-0.3708978331691041,20.50003199999992,1.7500159999999596,-0.7806665229196065,-0.6240928135194769,-0.48986283153575677,17.49996800000008,0.7499520000001212,-0.7375763872377175,-0.7061707648267195,-0.7089460599764764,10.25001599999996,-0.7499520000001212,0.539651267527905,0.3866296257732314,0.1498055286436704,3.0,-0.7500159999999596,0.5701571670629639,0.5463177086639778,0.5952097545057174,-31.5,-1.2500159999999596,0.045839518342421656,0.011719502229649988,-0.012603447719621401,-2.5,0.7500159999999596,-0.29032503498049966,-0.2588326976818579,-0.09415473075693775,18.5,4.25001599999996,-0.8089678053133429,-0.672271877304353,-0.5454462342391792,38.75001599999996,-0.7500159999999596,0.07048994417849269,-0.09639359401645715,-0.25229483685734916,6.999968000000081,-2.5,0.47235080982955424,0.3418394619710158,0.16596136906530232,-1.2499840000000404,0.0,0.5432971262066205,0.5668722609689891,0.49491690761006357
2025-10-02,4.089394611551756,-1.5454050964231136,22.0,0.2500159999999596,-0.003875174745820508,-0.17088101195027494,-0.05129819019198006,3.0,-0.7499840000000404,-0.5060525732422387,-0.2995828863559163,-0.37872604754339273,22.5,1.9999680000000808,-0.771061806495624,-0.6209249928666861,-0.4822402437307013,17.75001599999996,0.2500479999998788,-0.7091169940598813,-0.7111556352275533,-0.7071100329987485,9.99996800000008,-0.2500479999998788,0.4952078986905202,0.391172308456573,0.1485625855541325,2.7500159999999596,-0.2499840000000404,0.5556093193907807,0.5505698180207569,0.6012916014954579,-37.74998400000004,-6.24998400000004,0.14330708136972575,0.023220756775527276,0.0022809334546293313,-1.2500159999999596,1.2499840000000404,-0.3849946465775864,-0.2618913171216094,-0.1258304440340812,21.0,2.5,-0.784916067392056,-0.6719952509166335,-0.547487694962368,37.5,-1.2500159999999596,0.09128946553633371,-0.0884735421437749,-0.2531637643859303,7.74998400000004,0.7500159999999596,0.42689138616905653,0.3392411642596564,0.16750678270420774,-2.7499840000000404,-1.5,0.5480922438301309,0.5709430580144398,0.573542162293426
2025-10-03,4.11820852414867,2.8813912596914015,21.50003199999992,-0.4999680000000808,-0.04751921187670282,-0.20035060491711099,-0.08333593180908329,3.499968000000081,0.4999680000000808,-0.4383637174401218,-0.2539817874849195,-0.32614541296441685,21.00003199999992,-1.4999680000000808,-0.7835098846560878,-0.6689654661911931,-0.4983235274196011,17.99996800000008,0.2499520000001212,-0.7021304997564756,-0.7147967488685645,-0.7004693606199004,10.25001599999996,0.2500479999998788,0.5236693192329908,0.39166306907039494,0.11766743217622723,3.0,0.2499840000000404,0.5955994123139828,0.5677339458371929,0.6347292180334321,-35.99996800000008,1.7500159999999596,0.21162618605944608,0.02970009710061355,-0.05596498010798556,-3.000031999999919,-1.7500159999999596,-0.4038942628283887,-0.2700412457242133,-0.21585946409938686,21.25001599999996,0.2500159999999596,-0.7907261468598457,-0.6902890535814632,-0.5248878075012854,37.25001599999996,-0.2499840000000404,0.09916210547300915,-0.08414512272082898,-0.24971373779532682,7.499968000000081,-0.2500159999999596,0.40804582630249536,0.34522809346746147,0.1453147874688066,-3.7499840000000404,-1.0,0.5775991676449677,0.5603550299590895,0.6451350596958881
2025-10-06,4.160772886850079,4.256436270140895,19.50003199999992,-2.0,-0.22572967138114433,-0.22969856501453384,-0.10400232501052036,3.2499840000000404,-0.2499840000000404,-0.28256739540463593,-0.2519210141318789,-0.3796703167381791,20.0,-1.0000319999999192,-0.7394303227503102,-0.6794082988631526,-0.5273572145233077,17.5,-0.4999680000000808,-0.6169889627626465,-0.7258721420778828,-0.7029095982050709,10.74998400000004,0.4999680000000808,0.4541662588570343,0.3976742268777535,0.12709571564902694,3.000031999999919,3.199999991920777e-05,0.46716990271173,0.5673331060597188,0.6294853513006576,-38.49996800000008,-2.5,0.20100512068717388,0.015145606261430983,-0.07114954246700854,-4.500031999999919,-1.5,-0.3871382710052015,-0.28399989131577624,-0.22244730426966047,20.75001599999996,-0.5,-0.7438119090387297,-0.6851971152438634,-0.5253550589989247,37.0,-0.2500159999999596,0.35904334472319605,-0.08559104165626642,-0.25229625694617064,8.5,1.0000319999999192,0.30238559263583775,0.35598720606140305,0.15599999925318078,-3.2499840000000404,0.5,0.426641353600994,0.5747887427114622,0.6454532721785969
2025-10-07,4.1258718331815265,-3.4901053668552784,20.25001599999996,0.7499840000000404,-0.36598490502749725,-0.1855125997908762,-0.12794648227877528,2.7499840000000404,-0.5,-0.22949340690517867,-0.4385956901523733,-0.3303900596675881,20.5,0.5,-0.7054399388546764,-0.6675941918412606,-0.5635604040589347,18.0,0.5,-0.5955297749766505,-0.7469762351001868,-0.6841193630093874,10.74998400000004,0.0,0.43000350792469527,0.441364343707024,0.14347637774701366,2.7500159999999596,-0.2500159999999596,0.45267918883676156,0.5511132078667978,0.6298984253301095,-40.0,-1.5000319999999192,0.2187622244798547,0.10049403128537544,-0.056462282524775025,-4.25001599999996,0.2500159999999596,-0.3612766153867118,-0.34869570752097967,-0.18898444142717072,23.75001599999996,3.0,-0.75481875309287,-0.6899980089246677,-0.5643369469583838,35.25001599999996,-1.7499840000000404,0.4591676876717357,-0.05078200063747532,-0.2216495390245483,8.49996800000008,-3.199999991920777e-05,0.20080184498744824,0.36710367670795857,0.17226407147264752,-1.4999680000000808,1.7500159999999596,0.3224555029997207,0.5198332458846259,0.6146945167363567
2025-10-08,4.129708386595414,0.38365534138877777,20.0,-0.2500159999999596,-0.40143777628196975,-0.18563480520675707,-0.13833057438176422,3.6250239999999394,0.875039999999899,-0.1450001149574279,-0.44055808046421996,-0.32559503717943095,20.99996800000008,0.4999680000000808,-0.6964638356949056,-0.6686494317905037,-0.5674594632904018,16.87500799999998,-1.1249920000000202,-0.5880256003578054,-0.7390312022468271,-0.6793559041735577,8.87500799999998,-1.8749760000000606,0.3674159821370351,0.4083988675676541,0.12917426789029945,2.5,-0.2500159999999596,0.4724786860556469,0.5487803106045097,0.6278620075323289,-43.87497600000006,-3.8749760000000606,0.2044267488836712,0.09398009654982402,-0.0610799670915583,-3.375039999999899,0.8749760000000606,-0.3450819058498052,-0.34583877755267933,-0.18847030068689372,26.62502399999994,2.87500799999998,-0.728119877169361,-0.6800859679180671,-0.5545401876941496,31.75001599999996,-3.5,0.44369939439410294,-0.05612569186936907,-0.21918651870418235,7.24998400000004,-1.2499840000000404,0.14188179280063679,0.3642710445915896,0.1706506885783184,1.6249920000000202,3.124960000000101,0.3073787178663293,0.5094418691122375,0.6087542751174996
2025-10-09,4.147112954233954,1.7404567638539703,19.74998400000004,-0.2500159999999596,-0.32293583386573743,-0.21019770935567664,-0.1777897804582703,3.500031999999919,-0.1249920000000202,-0.05984501979500926,-0.4330483001799387,-0.3130810383996164,19.99996800000008,-1.0,-0.7257514663527196,-0.6748429211150212,-0.558721727465737,16.25001599999996,-0.6249920000000202,-0.5858428079065569,-0.7440527727125326,-0.6859227839118224,9.25001599999996,0.3750079999999798,0.3323193540609555,0.4024147336367696,0.1810156526851967,3.999968000000081,1.4999680000000808,0.4157649068628903,0.5471761680232542,0.6116856695099491,-46.49996800000008,-2.62499200000002,0.009621570173622605,0.09334657846551032,-0.09853154916647412,-1.7500159999999596,1.6250239999999394,-0.15596981483836295,-0.32997263229296236,-0.15549942220600413,24.5,-2.1250239999999394,-0.7181073086857498,-0.6851690096207671,-0.5530340095349358,30.74998400000004,-1.0000319999999192,0.35421790257768965,-0.06896106987787129,-0.22135873233347172,9.00003199999992,1.7500479999998788,0.2154759905546336,0.3669525704116861,0.21095070757855708,2.499968000000081,0.8749760000000606,0.22403492544258163,0.5109876501292984,0.604902551514006
2025-10-10,4.049441845368957,-9.767110886499708,19.75001599999996,3.199999991920777e-05,-0.26039204613037653,-0.20260733996264507,-0.15819834501965088,4.24998400000004,0.7499520000001212,-0.2583122392929128,-0.5010039628168657,-0.3318718744125338,22.0,2.000031999999919,-0.7360976741577773,-0.6800296416426508,-0.5804129890261347,17.24998400000004,0.9999680000000808,-0.634123597651656,-0.735436482024355,-0.6968499222253945,8.25001599999996,-1.0,0.36935951191057725,0.44748443024680623,0.22009086369545067,2.7500159999999596,-1.2499520000001212,0.5570952420443719,0.5923438605363894,0.6367239984396076,-52.24998400000004,-5.75001599999996,0.15122529104694982,0.13847913459819539,-0.025837771591685665,2.7500159999999596,4.500031999999919,-0.3559841336716626,-0.3912096835690772,-0.2179074078496304,27.49996800000008,2.999968000000081,-0.7106078770556891,-0.6856274585255959,-0.577054329102578,31.75001599999996,1.0000319999999192,0.24324467202622277,-0.07749481740549807,-0.22512653551999745,6.75001599999996,-2.2500159999999596,0.32850017418274385,0.4117099752329785,0.2529014142307074,-1.7500159999999596,-4.24998400000004,0.42447810051286505,0.5815561974709053,0.6400696831977007
2025-10-14,4.0215402467022265,-2.7901598666730365,20.24998400000004,0.4999680000000808,-0.39880881363422355,-0.24935780385687045,-0.15956631201874613,4.25001599999996,3.199999991920777e-05,-0.27032164083281546,-0.49305766835207554,-0.3503217396141864,22.75001599999996,0.7500159999999596,-0.7812588824818821,-0.671461802743778,-0.5845277763787555,17.99996800000008,0.7499840000000404,-0.6463057810891473,-0.7461261925059691,-0.6982379729507501,8.00003199999992,-0.2499840000000404,0.4623261506685848,0.4493781770277023,0.22091977963032625,1.7499840000000404,-1.0000319999999192,0.567356933277012,0.5923252416110505,0.6400910399175349,-49.5,2.7499840000000404,0.06370573004725114,0.11880433625818825,-0.030136641756156574,4.5,1.7499840000000404,-0.36657778106189054,-0.39474469817954455,-0.22343636386316532,26.24998400000004,-1.2499840000000404,-0.6560347459607517,-0.6648171773784594,-0.5672791895968203,31.75001599999996,0.0,0.17588320228677246,-0.08476299101043232,-0.22286336666824708,5.125023999999939,-1.6249920000000202,0.3983964514698118,0.44275796335402745,0.2643848161390713,-3.199999991920777e-05,1.7499840000000404,0.3843649605039158,0.5429726823010995,0.629341376844724
2025-10-15,4.044534266774414,2.2994020072187205,19.00003199999992,-1.2499520000001212,-0.41536740850261095,-0.22893489762437824,-0.17302189232573767,5.499968000000081,1.2499520000001212,-0.11227605149628127,-0.46381896671317113,-0.32385623535100255,22.50003199999992,-0.2499840000000404,-0.7937721782707612,-0.6617922917297185,-0.5847194968053206,17.99996800000008,0.0,-0.6166440933753137,-0.7441299899578845,-0.72192123866317,7.500031999999919,-0.5,0.4280394059966084,0.4277741374872562,0.20967337951609832,0.2499840000000404,-1.5,0.4425885811230514,0.5247765978998717,0.6089621751957164,-46.74998400000004,2.7500159999999596,0.12169415010054746,0.11769361920564023,-0.00664838743888454,4.0,-0.5,-0.3764588189886055,-0.3926135208096004,-0.2830756377616596,26.5,0.2500159999999596,-0.6311659003897779,-0.6536021742144901,-0.5700798459913151,31.25001599999996,-0.5,0.19020232335693568,-0.08295366701176081,-0.24075727681029652,4.24998400000004,-0.875039999999899,0.38184542775267044,0.42925116875884556,0.26070272390135046,-5.5,-5.499968000000081,0.19045926491176435,0.4296815018855026,0.5620587566255378
2025-10-16,3.9754696781314727,-6.906458864294107,19.75001599999996,0.7499840000000404,-0.4740184008218444,-0.26442485485835593,-0.16392499169741145,5.74998400000004,0.2500159999999596,-0.06395065268672538,-0.45901548592638325,-0.32361357249049194,24.24998400000004,1.7499520000001212,-0.8307130870209485,-0.6737390318602658,-0.6163014312466238,18.00003199999992,6.399999983841553e-05,-0.5602841899886326,-0.7165106304274207,-0.7028259325256391,5.74998400000004,-1.7500479999998788,0.5419526203671925,0.461134417520852,0.257388200399101,-1.5,-1.7499840000000404,0.48000771601778147,0.5611289290452013,0.6440093547225312,-44.75001599999996,1.9999680000000808,0.05060041692235574,0.08394935723271477,-0.0004894420388101666,4.74998400000004,0.7499840000000404,-0.3866682403556327,-0.3788811941264062,-0.289132080072244,29.25001599999996,2.7500159999999596,-0.6609341570718731,-0.6604413405014599,-0.6025961019449698,29.25001599999996,-2.0,0.24851523085622604,-0.03291818049784348,-0.18962008333631636,2.2499840000000404,-2.0,0.5286253421909075,0.44793915079957014,0.2851843126408914,-10.25001599999996,-4.75001599999996,0.25217056279452094,0.4758926744598105,0.5878199334051584
2025-10-17,4.006869497664372,3.1399819532899276,22.00003199999992,2.2500159999999596,-0.23099639973241018,-0.14758435298206576,-0.13391235183583167,7.24998400000004,1.5,0.03250653348380011,-0.388565050334093,-0.29291139640432434,22.74998400000004,-1.5,-0.8386560636218102,-0.7096721608147367,-0.6204262451500785,16.00003199999992,-2.0,-0.5853745006411988,-0.7164907316630805,-0.7040221307396091,6.74998400000004,1.0,0.6113837433323244,0.4770916049547854,0.27774391899004386,-1.5,0.0,0.5223368061905607,0.5702756093502904,0.6427711635629313,-43.5,1.2500159999999596,0.18461151055050068,0.12878084442449608,0.032482574756099176,5.5,0.7500159999999596,-0.4649202239584737,-0.39361429537933773,-0.3037016781377044,29.24998400000004,-3.199999991920777e-05,-0.6344557656935403,-0.6569008117241816,-0.6101277651231121,26.75001599999996,-2.5,0.23671166027008508,-0.06665722980711247,-0.19790884120318117,4.25001599999996,2.000031999999919,0.5346760950299235,0.4681460054485303,0.3056698349821474,-9.00003199999992,1.2499840000000404,0.275014348336681,0.48288388078561484,0.5921906735925586
2025-10-20,3.986688878991234,-2.018061867313792,22.50003199999992,0.5,-0.2628412164566004,-0.15340073354743797,-0.1468914258977135,9.49996800000008,2.2499840000000404,-0.02839488592275804,-0.37947907492259875,-0.2613166734226761,21.75001599999996,-0.9999680000000808,-0.7908210007788715,-0.6939580516880925,-0.6311041647271224,16.25001599999996,0.2499840000000404,-0.5667297604876405,-0.7192634004644101,-0.711863689249702,5.999968000000081,-0.7500159999999596,0.5842215814582647,0.47909380129706036,0.2843468790079325,-1.4999680000000808,3.199999991920777e-05,0.4728340012423842,0.5742468176590487,0.6374016766193028,-40.49996800000008,3.000031999999919,0.06478735053436058,0.11911192063976374,0.03918533398672331,3.499968000000081,-2.000031999999919,-0.3656512575008502,-0.38315652178431586,-0.29286599283704173,30.75001599999996,1.5000319999999192,-0.6094878326950021,-0.6596371460535658,-0.6185758761447208,27.25001599999996,0.5,0.19254548164538923,-0.06783173327214097,-0.20304373600296077,0.9999680000000808,-3.250047999999879,0.4922538282722484,0.46438945850799124,0.307982517388136,-9.24998400000004,-0.2499520000001212,0.2651662498246101,0.48992445937937484,0.588525622821325
2025-10-21,3.9617603079688224,-2.492857102241164,22.24998400000004,-0.2500479999998788,-0.24342849012796225,-0.14232437387901212,-0.13971606929725533,11.0,1.5000319999999192,-0.05510619774346897,-0.3669372244265361,-0.25483382464852716,22.24998400000004,0.4999680000000808,-0.7932743145372709,-0.7562580144288135,-0.6487498285004949,15.00003199999992,-1.2499840000000404,-0.5005441260396866,-0.675847516770756,-0.685759810828678,5.74998400000004,-0.2499840000000404,0.5850089737206741,0.49771403307260637,0.28627908507131883,-1.5,-3.199999991920777e-05,0.4610054569642997,0.553635005455902,0.638975880926602,-40.24998400000004,0.2499840000000404,0.08554622145335793,0.08428341339726657,0.055016704205586964,4.24998400000004,0.7500159999999596,-0.4275388437452167,-0.35525752087669915,-0.3228276070718978,32.24998400000004,1.4999680000000808,-0.638998294327483,-0.6792370839139105,-0.6177532539243945,26.25001599999996,-1.0,0.18653767470663465,-0.05135174634367478,-0.19899709382124658,1.0,3.199999991920777e-05,0.4769874915407834,0.45439782867474343,0.30062857398457116,-8.74998400000004,0.5,0.251433932562976,0.4746229051979344,0.581005194773531
2025-10-22,3.9521418289872647,-0.9618478981557654,22.0,-0.2499840000000404,-0.2714373333954242,-0.10753593966725498,-0.13853912950427588,11.5,0.5,-0.07989988522345573,-0.38977969054499145,-0.26000082278736314,20.74998400000004,-1.5,-0.7629327390045177,-0.72335721957486,-0.6383653468386439,14.50003199999992,-0.5,-0.491049465161944,-0.646314408779878,-0.6820670500253008,6.74998400000004,1.0,0.547586613992267,0.5002341420855415,0.28425245717585823,-1.5,0.0,0.48198424379494004,0.5582118537968719,0.6386292053349387,-40.00003199999992,0.2499520000001212,0.07794889544444746,0.15391950459176756,0.05483421736290431,2.500031999999919,-1.7499520000001212,-0.46156457267852297,-0.40938469490957635,-0.3203519855714317,33.24998400000004,1.0,-0.6719084768868662,-0.6716969873747971,-0.6209061136558431,25.5,-0.7500159999999596,0.15815639623473599,0.020198524686449542,-0.1972499111505691,1.7499840000000404,0.7499840000000404,0.47078213090463816,0.4353852826135105,0.3013637421665898,-7.999968000000081,0.7500159999999596,0.2807864429568967,0.48016636776355337,0.5801139407497057
2025-10-23,3.9884172450777537,3.627541609048901,22.00003199999992,3.199999991920777e-05,-0.21930282871151943,-0.10118188119102503,-0.15694046262497943,11.74998400000004,0.2499840000000404,-0.1101775789219143,-0.37766086445515457,-0.24321055628447796,18.5,-2.2499840000000404,-0.7703854004766602,-0.7512771450792777,-0.6397979444445617,13.74998400000004,-0.7500479999998788,-0.5171222522418106,-0.6508099268402273,-0.7064269654919764,7.500031999999919,0.7500479999998788,0.5809434059991762,0.5128279908910103,0.30669667829259395,-0.7500159999999596,0.7499840000000404,0.5735164403477194,0.5662114496663584,0.6438830533665076,-39.99996800000008,6.399999983841553e-05,0.22927338290095417,0.15567884485690053,0.06047421633863468,2.7499840000000404,0.2499520000001212,-0.6136357536288803,-0.4028742099709139,-0.325534105595473,32.0,-1.2499840000000404,-0.6740273307013459,-0.6962632826561497,-0.6195675691381992,23.74998400000004,-1.7500159999999596,0.07944415355088967,0.01319622914546072,-0.21861344740361435,3.2500159999999596,1.5000319999999192,0.4852846555867365,0.4459592077418947,0.31710158971282265,-5.74998400000004,2.2499840000000404,0.40792434055130916,0.5011848133030067,0.5849752342107231
2025-10-24,3.9949452802343384,0.6528035156584622,24.5,2.499968000000081,-0.1864816695080487,-0.06817023849112873,-0.14746294171932287,9.74998400000004,-2.0,-0.08485789967503665,-0.3705685727005881,-0.2477736760961158,18.00003199999992,-0.4999680000000808,-0.7613453530374513,-0.7523341214459967,-0.6504735267968605,15.49996800000008,1.7499840000000404,-0.4208698349399651,-0.606484570590214,-0.682264783646883,8.00003199999992,0.5,0.6399941284596921,0.5188339366526508,0.3753556500249836,-2.2500159999999596,-1.5,0.49502344121530106,0.5398683410625001,0.60841056357984,-42.00003199999992,-2.0000639999998384,0.19730180910799208,0.15381092199551408,0.058570330804844764,4.75001599999996,2.000031999999919,-0.563825647383801,-0.39619966298872733,-0.34136597385149386,30.25001599999996,-1.7499840000000404,-0.6515615357163032,-0.7330473555534057,-0.627052836005356,24.74998400000004,1.0,0.05158913077934925,0.02879814831521119,-0.22955201164360764,5.24998400000004,1.9999680000000808,0.576257538994696,0.45240876197139684,0.4319948428754345,-10.74998400000004,-5.0,0.32789193725984467,0.46082294412855,0.5299297711207022
2025-10-27,3.994885236672375,-0.006004356196331884,26.74998400000004,2.2499840000000404,-0.1544607498321509,-0.049046593014363156,-0.16441081352239825,8.00003199999992,-1.7499520000001212,-0.06870458738064875,-0.3633027503689752,-0.23182167400049505,18.74998400000004,0.7499520000001212,-0.7680422663425435,-0.7491629396665596,-0.6642480236119063,16.5,1.0000319999999192,-0.4426860505407602,-0.5939993587214758,-0.6642426447014929,8.24998400000004,0.2499520000001212,0.6362879994265882,0.52275732532479,0.3692884488964177,-2.999968000000081,-0.7499520000001212,0.4790806532937631,0.5337494045534293,0.6047410864076861,-42.5,-0.4999680000000808,0.18966322941140637,0.15867211313009852,0.027870958712110754,4.24998400000004,-0.5000319999999192,-0.5577527273067306,-0.3987357183347431,-0.31254849000444973,32.25001599999996,2.0,-0.6379892171351497,-0.7279909864232579,-0.6703212115034076,25.0,0.2500159999999596,-0.05679382663192134,0.024738163087409736,-0.20321499861896675,4.75001599999996,-0.4999680000000808,0.6227103454819353,0.4639020846396362,0.4349205165056883,-12.25001599999996,-1.5000319999999192,0.30291431047074496,0.4599565149971873,0.5214190880851158
2025-10-28,3.982355432029606,-1.2529804642769093,30.74998400000004,4.0,-0.13532742620318094,-0.05498078816899796,-0.1618490735129808,5.000031999999919,-3.0,-0.04953202200087458,-0.3073235736746419,-0.21286262050145524,19.49996800000008,0.7499840000000404,-0.7841267025273909,-0.7627221410612569,-0.6646635077271111,17.75001599999996,1.2500159999999596,-0.39963752586120055,-0.5830564935126307,-0.6601908154767737,8.25001599999996,3.199999991920777e-05,0.613946583611623,0.543165512322958,0.3680504169263058,-3.000031999999919,-6.399999983841553e-05,0.5073702105974215,0.5248737639674892,0.6053842291192424,-44.75001599999996,-2.2500159999999596,0.20027807293410935,0.18267086627957105,0.029321379232544985,4.000031999999919,-0.2499520000001212,-0.5322382988298904,-0.4174951000439698,-0.30952255703295933,34.99996800000008,2.749952000000121,-0.6501279031157999,-0.72639658774238,-0.6719877424626801,25.50003199999992,0.5000319999999192,-0.11912707150023388,0.02575909167832128,-0.2020827039103423,4.999968000000081,0.2499520000001212,0.6622949366363158,0.4851963207197579,0.4333752755082239,-12.74998400000004,-0.4999680000000808,0.30802090249458997,0.45414332395464774,0.5265158827321406
2025-10-29,4.056384475833493,7.4029043803887085,30.49996800000008,-0.2500159999999596,-0.16281352741513314,-0.07291949201392581,-0.17131670544750166,3.000031999999919,-2.0,-0.1917588942480057,-0.3638670193648286,-0.24956517616841256,17.74998400000004,-1.7499840000000404,-0.7984015312051779,-0.7753477112307368,-0.669302024829596,17.0,-0.7500159999999596,-0.44310011441342445,-0.5958363092546619,-0.6064552957434888,9.0,0.7499840000000404,0.6357204552695892,0.557336178949653,0.4562646616805904,0.0,3.000031999999919,0.6444779160908338,0.5877211272947344,0.5724813350419001,-46.25001599999996,-1.5,0.14594197111610108,0.1592163836157979,0.04467530907755634,2.000031999999919,-2.0,-0.5897275403154613,-0.4389780941139958,-0.33156208179277835,33.24998400000004,-1.7499840000000404,-0.6927405271032194,-0.7256203743230046,-0.6624944677918385,26.0,0.4999680000000808,-0.056043508000866375,0.01900334114485458,-0.08568537474938893,6.74998400000004,1.7500159999999596,0.6876024671636619,0.5407274004129852,0.45177205089900796,-12.49996800000008,0.2500159999999596,0.31083222561714957,0.443480469200528,0.4532499213600018
2025-10-30,4.091165179052463,3.4780703218969755,28.99996800000008,-1.5,-0.2364376897683307,-0.10301507364488857,-0.18351214074988473,2.7500159999999596,-0.2500159999999596,-0.188957336877028,-0.3528721822178936,-0.26280993475134207,17.5,-0.2499840000000404,-0.7718212135034404,-0.7767072760319287,-0.6695026556057782,17.25001599999996,0.2500159999999596,-0.3948105636255838,-0.5801069618586452,-0.5979984871381865,9.24998400000004,0.2499840000000404,0.6221535192749829,0.5608343753873469,0.45763801845305835,-0.7500159999999596,-0.7500159999999596,0.5943071970925168,0.5722651290182562,0.5570240723673907,-46.00003199999992,0.2499840000000404,0.15496233411959243,0.1073032510920483,0.04754988411038612,-0.9999680000000808,-3.0,-0.6129195333823931,-0.41835174480622256,-0.34660269349652467,32.49996800000008,-0.7500159999999596,-0.6854363592379532,-0.7289774785745082,-0.6624035640881552,28.75001599999996,2.7500159999999596,0.06181953410022708,0.036302496680093214,-0.054754475639359625,6.25001599999996,-0.4999680000000808,0.6338484628059999,0.5485771209587366,0.4403651262658679,-12.50003199999992,-6.399999983841553e-05,0.33597838587819445,0.4301738872060162,0.4671474724266621
2025-10-31,4.0997821105619865,0.8616931509523695,27.49996800000008,-1.5,-0.24260141558366008,-0.14635968789881376,-0.18632241318018092,3.000031999999919,0.2500159999999596,-0.19941654564520028,-0.3227604010013997,-0.26130624493790794,18.24998400000004,0.7499840000000404,-0.7811985355074741,-0.7670111591739834,-0.6656892667362858,16.74998400000004,-0.5000319999999192,-0.39383969428067706,-0.5555749760776961,-0.6013505083626411,9.50003199999992,0.2500479999998788,0.6216259579488939,0.5354879868508046,0.4612398163500369,-1.5000319999999192,-0.7500159999999596,0.5852932148147563,0.5601765621527004,0.5515692710198762,-46.50003199999992,-0.5,0.1289846050484421,0.15315297581094092,0.04833198150422091,0.2500159999999596,1.2499840000000404,-0.5935149753697851,-0.46250704561427985,-0.3446871708406667,30.25001599999996,-2.249952000000121,-0.661004804088656,-0.7085078430068761,-0.6596931092423899,30.74998400000004,1.9999680000000808,0.06540564002521208,0.06016517030765927,-0.049539040319218935,6.5,0.2499840000000404,0.6526368560318468,0.5315769842685794,0.44557802368456334,-12.75001599999996,-0.2499840000000404,0.3315167902125905,0.4294970017196893,0.46773066807888736
2025-11-03,4.1055720911669455,0.5789980604959055,27.25001599999996,-0.2499520000001212,-0.22947316847781912,-0.15640219382193696,-0.20270652555790686,2.499968000000081,-0.5000639999998384,-0.22032715032755268,-0.30508341835609404,-0.24137518390288845,18.25001599999996,3.199999991920777e-05,-0.7726941748169837,-0.7656123705164145,-0.6959053603190345,16.5,-0.2499840000000404,-0.4143961621095571,-0.5614611661959056,-0.6105853478564689,9.75001599999996,0.2499840000000404,0.6195839020881344,0.5542657297751947,0.4611340544514583,-2.000031999999919,-0.5,0.5763597562093965,0.5787691361449491,0.5567195073550558,-46.24998400000004,0.2500479999998788,0.09857836492483706,0.16498519621683713,0.04484953924773929,-1.2500159999999596,-1.5000319999999192,-0.5727459603437434,-0.45187952449141533,-0.3431468296092429,28.74998400000004,-1.5000319999999192,-0.6566534741597136,-0.7191956935461332,-0.6741728372603055,32.25001599999996,1.5000319999999192,0.07183509073858084,0.08085593353835749,-0.04133435613220967,7.0,0.5,0.6676138270989437,0.5258999481348214,0.45396447292631187,-12.5,0.2500159999999596,0.3461102097623934,0.44925978475409545,0.4695628169762416
2025-11-04,4.090006676720635,-1.5565414446310655,28.24998400000004,0.9999680000000808,-0.15750713799384097,-0.1965123506967856,-0.20719686717048222,2.2499840000000404,-0.2499840000000404,-0.21536343577482664,-0.2425529090642099,-0.23809158311622894,19.50003199999992,1.2500159999999596,-0.7567074147112279,-0.7310262689315415,-0.6973767421915006,15.99996800000008,-0.5000319999999192,-0.3912842549428835,-0.4900808315250117,-0.6063242737667105,9.25001599999996,-0.5,0.6105902533495408,0.5176564684827681,0.4617898589255529,-2.0,3.199999991920777e-05,0.576646594106153,0.5367408047763136,0.5607396043999662,-47.50003199999992,-1.2500479999998788,0.16521387738380616,0.13790433799622817,0.0436231018539072,-0.4999680000000808,0.7500479999998788,-0.5511577538238229,-0.4104682533613825,-0.34366946055098974,30.99996800000008,2.2499840000000404,-0.6541030526226771,-0.6894993981545848,-0.6733636418066279,30.00003199999992,-2.2499840000000404,0.09167665731648086,0.24103647002785517,-0.028946122159854926,7.74998400000004,0.7499840000000404,0.6408304646062958,0.46406414132690615,0.4466988975525273,-12.25001599999996,0.2499840000000404,0.3294579196497982,0.36188486436149225,0.47440726627921187
2025-11-05,4.156149379112704,6.61427023920691,27.00003199999992,-1.2499520000001212,-0.23155193985160355,-0.2729508117292649,-0.18586500989290097,1.9999680000000808,-0.2500159999999596,-0.2326788197627091,-0.23199461666562504,-0.34272193455875644,17.75001599999996,-1.7500159999999596,-0.7810980568640317,-0.7352238675335523,-0.7049497141650476,15.25001599999996,-0.7499520000001212,-0.4004959951100495,-0.4828462108499458,-0.6258297069629939,10.49996800000008,1.2499520000001212,0.6750328974263087,0.5380078048462106,0.5149265718937016,-0.9999680000000808,1.0000319999999192,0.6207889631272191,0.554703640525938,0.5635316453892887,-51.49996800000008,-3.9999360000001616,0.0009677218915922403,0.10551777246327329,0.07573658986783526,0.2499840000000404,0.7499520000001212,-0.4908938663368644,-0.3868378366167532,-0.3782602234371311,29.0,-1.9999680000000808,-0.6707458448675069,-0.6908691517254832,-0.6780405421609847,30.5,0.4999680000000808,0.09105733803879164,0.27794674033584477,-0.017294675183483266,10.0,2.2500159999999596,0.6952795393398424,0.4716681075319067,0.4845470894115719,-13.0,-0.7499840000000404,0.3502785889598615,0.34027408688672267,0.4400598613041233
2025-11-06,4.090902286362289,-6.524709275041474,27.99996800000008,0.9999360000001616,-0.24962524853474843,-0.29920863821272453,-0.2020967446352976,3.000031999999919,1.0000639999998384,-0.28277644963197196,-0.24012151350296698,-0.3672557449408763,18.99996800000008,1.2499520000001212,-0.8030084585853653,-0.7391169455961353,-0.70981909962941,16.00003199999992,0.7500159999999596,-0.44660978779922994,-0.5052011407350067,-0.6319951006768783,10.24998400000004,-0.2499840000000404,0.774368684530905,0.5211878672845477,0.5133047297229911,-2.7500159999999596,-1.7500479999998788,0.6590789034194507,0.5931948263375626,0.584948936438107,-51.00003199999992,0.4999360000001616,-0.025580360144459635,0.07084208660455325,0.06312841866133898,2.7500159999999596,2.500031999999919,-0.5433395418808664,-0.398346119817224,-0.3934044080624185,28.75001599999996,-0.2499840000000404,-0.6513435796056554,-0.6489911262251398,-0.6592845943198729,32.99996800000008,2.499968000000081,-0.03380826109419186,0.2043669059837642,-0.04940950150743266,7.75001599999996,-2.2499840000000404,0.7441491692920745,0.49581939720582235,0.5056204303698381,-14.0,-1.0,0.3545274871434803,0.3399865759848885,0.44014183678514635
2025-11-07,4.091762888832954,0.0860602470664773,24.87497600000006,-3.12499200000002,-0.22086997091203076,-0.2554330170785529,-0.2002437251686226,5.0,1.9999680000000808,-0.26105805190492093,-0.21343568851380298,-0.3454736862344524,20.12502399999994,1.1250559999998586,-0.7795454918352194,-0.7389737559783054,-0.7079541834595335,14.12499200000002,-1.875039999999899,-0.40710548781506,-0.47658349396200395,-0.6145427416232371,8.74998400000004,-1.5,0.6906186247099941,0.4898241795956697,0.4932902792398839,-2.37500799999998,0.3750079999999798,0.6635413371378379,0.5796088632036525,0.583260808767466,-49.74998400000004,1.2500479999998788,0.0024229384693123315,-0.034287938388428155,0.06917087303218956,1.9999680000000808,-0.7500479999998788,-0.5713057125612154,-0.37033535523219546,-0.3901857179928915,29.50003199999992,0.7500159999999596,-0.6488573162525616,-0.6378029881563679,-0.6603450711669576,30.87497600000006,-2.12499200000002,-0.022222858971408934,0.15415703084866106,-0.05445316667092773,5.125023999999939,-2.62499200000002,0.6944969076329519,0.5050017832136887,0.4895271776322422,-5.125023999999939,8.87497600000006,0.2606770296757836,0.25535491438527064,0.3846688487394383
2025-11-10,4.109195262620807,1.7432373787852562,26.24998400000004,1.3750079999999798,-0.263499235687216,-0.2346659198215936,-0.1905256747214498,4.75001599999996,-0.2499840000000404,-0.241424448894973,-0.22854660863079965,-0.374284996667624,19.0,-1.1250239999999394,-0.7419792537994001,-0.7365336966498308,-0.7012539229910763,14.75001599999996,0.6250239999999394,-0.30681061411371274,-0.47023082170706515,-0.5959465602582279,8.74998400000004,0.0,0.6612529664102604,0.48257781052451915,0.5060789172582536,-1.5,0.8750079999999798,0.6718583508979157,0.6056962341500011,0.5956124469942545,-47.25001599999996,2.499968000000081,-0.4001614322042801,-0.03298331334990371,0.055759986012467073,1.2500159999999596,-0.7499520000001212,-0.39745744275185724,-0.3642554767049798,-0.39064972352761457,28.75001599999996,-0.7500159999999596,-0.5809082714896938,-0.6465477174667329,-0.6578679612452603,31.24998400000004,0.3750079999999798,0.0701023230624211,0.170258666296904,-0.043468667347459584,4.0,-1.1250239999999394,0.6446009946324275,0.4871355313964982,0.4844554489555368,-4.0,1.1250239999999394,0.14126414924006223,0.25558295076556337,0.39505634445898397
2025-11-12,4.078999999976763,-3.0195262644043375,27.0,0.7500159999999596,-0.2698166752528492,-0.2663376916496944,-0.20966185273014393,4.75001599999996,0.0,-0.24067314485573602,-0.23132472482296154,-0.36813354745530613,19.49996800000008,0.4999680000000808,-0.7377063868572524,-0.760940321244543,-0.6965144120801116,15.25001599999996,0.5,-0.29992711626973206,-0.47447970517225707,-0.6025350660950948,8.0,-0.7499840000000404,0.67604412694044,0.5453865409518328,0.5124314120972681,-1.2499840000000404,0.2500159999999596,0.6259959157237621,0.5887775878368141,0.5855729382071001,-48.24998400000004,-0.9999680000000808,-0.32157911835303227,-0.03587524047366088,0.05464923747491321,1.7499840000000404,0.4999680000000808,-0.37447505196484804,-0.3693201487903189,-0.3900451228701565,30.24998400000004,1.4999680000000808,-0.6556138148315517,-0.636364189824888,-0.655301299923875,30.25001599999996,-0.9999680000000808,0.09903841030280666,0.14317230083841997,-0.04227262869690994,4.0,0.0,0.6129172805279999,0.5065822367266752,0.49843261545974404,-5.74998400000004,-1.7499840000000404,0.19465324110027277,0.26613988040793046,0.3884390999728487
2025-11-13,4.109533799449093,3.053379947232937,28.75001599999996,1.7500159999999596,-0.21037290809300177,-0.238372539890484,-0.16168094075471134,3.999968000000081,-0.7500479999998788,-0.28948143149535627,-0.21905465412551464,-0.3818324780474294,17.25001599999996,-2.249952000000121,-0.7437401778859374,-0.767868065431206,-0.6934359883380119,14.75001599999996,-0.5,-0.3153382874219141,-0.4602430475988381,-0.6059155816592122,8.99996800000008,0.9999680000000808,0.7187512375032834,0.5493048267931918,0.5164124630601901,-1.2499840000000404,0.0,0.6893602362055357,0.5718629138127226,0.5768331176412778,-48.25001599999996,-3.199999991920777e-05,-0.3880218772360376,-0.02711903145028351,0.0447106362507679,0.7499840000000404,-1.0,-0.3852601511751827,-0.3712597244684602,-0.3912689819311873,27.50003199999992,-2.749952000000121,-0.6699564098878958,-0.6356297923987126,-0.6558907394596553,29.74998400000004,-0.5000319999999192,0.09548196329725497,0.14869734685370456,-0.04185413292698132,6.24998400000004,2.2499840000000404,0.6516817820804872,0.5215193058628903,0.5081732867437421,-4.74998400000004,1.0,0.2825845846798742,0.24039304958804825,0.3779018388069605
2025-11-14,4.147282118756804,3.7748319307711498,29.74998400000004,0.9999680000000808,-0.19808693816467415,-0.20751648223785416,-0.1449098921849022,3.1250239999999394,-0.8749440000001414,-0.3149162029265139,-0.21813092032015538,-0.38943112059577534,16.74998400000004,-0.5000319999999192,-0.6860643450297534,-0.7730159869751918,-0.69447337471809,15.12502399999994,0.3750079999999798,-0.3002812696832715,-0.4293796973305537,-0.5915010977139374,8.99996800000008,0.0,0.606621721752168,0.5646612904534477,0.5103557414813087,-0.7499840000000404,0.5,0.6350289038842711,0.5571997851532728,0.5827159323185781,-49.25001599999996,-1.0,-0.31368658862922194,-0.0008173689535725131,0.040796279203868295,0.8750079999999798,0.1250239999999394,-0.3415390507830972,-0.39718775664175515,-0.38549790833244096,25.74998400000004,-1.7500479999998788,-0.6270533209891598,-0.6456859113895054,-0.660537898122828,30.87500799999998,1.1250239999999394,-0.008129371735103261,0.16437799718582613,-0.028443780656802944,7.74998400000004,1.5,0.6219063148154962,0.5820947832141369,0.5188340945116212,-4.24998400000004,0.5,0.11731169002239132,0.21074498049874799,0.3828883061972413
2025-11-17,4.1317951228255465,-1.5486995931257574,31.25001599999996,1.5000319999999192,-0.26598543507506783,-0.20233448331747558,-0.14304133387426182,2.5,-0.6250239999999394,-0.36302290629628853,-0.2181001153176112,-0.3782412186216709,17.0,0.2500159999999596,-0.6805297166339719,-0.772568608119327,-0.7115152417521511,14.5,-0.6250239999999394,-0.2314040223787236,-0.40897115735999234,-0.5822882652141914,9.0,3.199999991920777e-05,0.5914509752856916,0.6142043088703419,0.5096112169753093,-1.0,-0.2500159999999596,0.6457459164061277,0.5805247170849777,0.5924931104801622,-47.25001599999996,2.0,-0.38678090898020046,0.03989452693591661,0.06500111514418315,0.7499840000000404,-0.1250239999999394,-0.3743525530001861,-0.44788719955790407,-0.40234681887772555,26.00003199999992,0.2500479999998788,-0.6395154808177965,-0.638123982992783,-0.6588758231912354,29.24998400000004,-1.6250239999999394,0.1001351947754232,0.20015288849067242,-0.02602689066884105,7.74998400000004,0.0,0.605494772632673,0.5748570846887512,0.5181238215051616,-8.24998400000004,-4.0,0.15109852604495563,0.2224323547089424,0.3789898317325504
2025-11-18,4.120194120376892,-1.1601002448654363,30.25001599999996,-1.0,-0.23661619917549787,-0.19568098818221338,-0.14046557535309503,3.2499840000000404,0.7499840000000404,-0.3360024045466252,-0.23272068098576962,-0.37907063615128467,17.0,0.0,-0.7261509063798842,-0.765940307225666,-0.71260377165047,14.5,0.0,-0.22122884784598293,-0.39673031850619705,-0.5842005933393349,10.24998400000004,1.2499840000000404,0.48415552327629824,0.5661201081600296,0.4954848573543571,-1.4999680000000808,-0.4999680000000808,0.6612070629610586,0.5683553745566898,0.5983387411315301,-49.99996800000008,-2.749952000000121,-0.27781913805119274,-0.006221709123926993,0.06886041984889274,2.2499840000000404,1.5,-0.47144044829979165,-0.4305450815197725,-0.4074002903669681,26.0,-3.199999991920777e-05,-0.6228884941370068,-0.6254695529348273,-0.6589605104122777,29.5,0.2500159999999596,0.10958495650126276,0.18280860034069318,-0.02761364488532169,9.24998400000004,1.5,0.5652473921960653,0.5495360711442965,0.509989329583461,-9.49996800000008,-1.2499840000000404,0.160951872778571,0.2233548781779673,0.38527392320375037
2025-11-19,4.129890286147624,0.9696165770732179,28.75001599999996,-1.5,-0.2585003820340639,-0.1992890511164062,-0.1417901907498846,3.5,0.2500159999999596,-0.2789148845622366,-0.2304329518232185,-0.3699562649101633,17.0,0.0,-0.7173182756722358,-0.7651469106971449,-0.756505777445617,13.75001599999996,-0.7499840000000404,-0.30883796819705317,-0.4044254256614863,-0.5758251833740686,10.74998400000004,0.5,0.46539920581524075,0.5709204072931422,0.5111488069828797,-0.5,0.9999680000000808,0.6643722084943571,0.568945831886089,0.5887724857627612,-52.74998400000004,-2.7500159999999596,-0.2519584316414444,-0.0048765778626962755,0.04213591853171449,3.2499840000000404,1.0,-0.44762294012784415,-0.4565322501210847,-0.38923072498603584,24.74998400000004,-1.2500159999999596,-0.5973538240264596,-0.6487444393987365,-0.6732814168064524,28.50003199999992,-0.9999680000000808,0.06989670610521927,0.1772135450491496,-0.02353839619880349,9.99996800000008,0.7499840000000404,0.5648417168386398,0.5516803655206817,0.5097212011474914,-7.499968000000081,2.0,0.17472590040433442,0.2270167254023665,0.38323524339092213
2025-11-20,4.102812758173684,-2.7077527973940363,28.62502399999994,-0.1249920000000202,-0.24769615567751108,-0.20920517366339628,-0.1261501432592227,3.0,-0.5,-0.25010520097758093,-0.23041640881593464,-0.3737662534078178,19.0,2.0,-0.7930593651566826,-0.7608576178929684,-0.7446044066877388,14.0,0.2499840000000404,-0.3371192472592512,-0.40442635536263655,-0.549731428826787,10.25001599999996,-0.4999680000000808,0.5488029920479133,0.5750289118402229,0.52072326291429,-1.2500159999999596,-0.7500159999999596,0.6806766134930515,0.5869118743345327,0.5969171613433445,-50.87497600000006,1.8750079999999798,-0.30038648555197683,-0.0333714661523779,0.08897799188531738,2.5,-0.7499840000000404,-0.45857953762989295,-0.47604391274198443,-0.4281824006597076,24.5,-0.2499840000000404,-0.576526124074418,-0.6541200544174978,-0.6599239728813127,29.0,0.4999680000000808,0.0381970373373685,0.14014735318127908,0.03280129313713698,11.5,1.5000319999999192,0.5090672453722876,0.520715509930663,0.4795658178914837,-10.24998400000004,-2.7500159999999596,0.22907833643692777,0.25985256119002065,0.39280746918848974
2025-11-21,4.062308884132495,-4.050387404118894,26.5,-2.1250239999999394,-0.12619487326442613,-0.13737574737547636,-0.08787286709172812,5.25001599999996,2.2500159999999596,-0.3857023774444492,-0.2903990347314905,-0.39071540818926054,20.74998400000004,1.7499840000000404,-0.815849991269232,-0.764185361318952,-0.7612856391677201,13.74998400000004,-0.2500159999999596,-0.2723165643113869,-0.3884342738837374,-0.5376544346625429,10.50003199999992,0.2500159999999596,0.49319164386687625,0.5594396129551207,0.512687980373314,-2.2500159999999596,-1.0,0.6872508566090496,0.6221320154454247,0.6008444078503248,-54.24998400000004,-3.37500799999998,-0.18432279658957113,0.06071454561540257,0.0988788904799366,4.999968000000081,2.499968000000081,-0.5375742081816319,-0.5796268439005503,-0.4351088727397187,25.25001599999996,0.7500159999999596,-0.5827282302786551,-0.6468062712282086,-0.6734257424818337,30.75001599999996,1.7500159999999596,0.030553488908388347,0.0968074994141672,0.029290640980601065,9.99996800000008,-1.5000319999999192,0.5383455141822476,0.5268382529117688,0.48411501673423857,-9.99996800000008,0.2500159999999596,0.17460197040925765,0.281008596228587,0.386095323214096
2025-11-24,4.035368749611542,-2.694013452095323,26.5,0.0,-0.13301551828872238,-0.14966246062936037,-0.08904249584581474,5.0,-0.2500159999999596,-0.3908741377194308,-0.271419741352832,-0.3845082419182727,22.25001599999996,1.5000319999999192,-0.8273884854785557,-0.7616844810216642,-0.7631334974065999,14.24998400000004,0.5,-0.3463229060577726,-0.39279366297678625,-0.5412129535721153,10.12499200000002,-0.375039999999899,0.5112403362858867,0.5940871767795833,0.517685100006748,-2.0,0.2500159999999596,0.7051006619874781,0.6090340970766276,0.5956602761390754,-52.5,1.7499840000000404,-0.22855920486463677,0.030131166225351447,0.0896070870476195,4.25001599999996,-0.7499520000001212,-0.5314349172416838,-0.5592096731553432,-0.42635397879336623,26.49996800000008,1.2499520000001212,-0.6085520190152761,-0.6426534208915612,-0.7038070545354967,31.25001599999996,0.5,0.022352940276035366,0.0751530051155912,0.03700305606903953,9.62502399999994,-0.3749440000001414,0.5603263349352511,0.5781881152101068,0.4881819259180749,-9.250047999999879,0.749920000000202,0.18374358277421654,0.27107981889559446,0.3800745089231594
2025-11-25,4.000819755382278,-3.4548994229263386,26.24998400000004,-0.2500159999999596,-0.12375507688717251,-0.1459231307944913,-0.08162808779037152,6.500031999999919,1.5000319999999192,-0.452785416329301,-0.28412148835953344,-0.39562268423728664,22.74998400000004,0.4999680000000808,-0.8204485247529038,-0.7680680572412069,-0.763800198194291,15.24998400000004,1.0,-0.40923577923436805,-0.4308559969278868,-0.5471385203646522,9.75001599999996,-0.3749760000000606,0.5287205397476431,0.595190373524916,0.5222840512330186,-3.0,-1.0,0.7293854952752769,0.6170461681990982,0.5997867706093377,-54.25001599999996,-1.7500159999999596,-0.18696435503680672,0.036542119287925084,0.09632034453594493,8.25001599999996,4.0,-0.562034913607124,-0.5621345767537897,-0.4379293478860481,27.25001599999996,0.7500479999998788,-0.6487701987547325,-0.6451198731994849,-0.7034794443512729,31.74998400000004,0.4999680000000808,0.015382811607811778,0.03350820678851316,0.029186413124913244,8.0,-1.6250239999999394,0.5910643927183971,0.612959032823524,0.5035902370502671,-10.75001599999996,-1.4999680000000808,0.21096492997240773,0.27226447511770446,0.3844893989187583
2025-11-26,3.9969639357137066,-0.3855819668571847,27.74998400000004,1.5,-0.0967381354819032,-0.1386868286862668,-0.07931290697244599,5.24998400000004,-1.2500479999998788,-0.574171945196519,-0.2856879918552174,-0.3845415564933261,23.50003199999992,0.7500479999998788,-0.8171380411713446,-0.7806778459282602,-0.7736964325241591,14.49996800000008,-0.7500159999999596,-0.3979309789337635,-0.4053769216575985,-0.5391637641057582,10.25001599999996,0.5,0.5191436437687553,0.5760449791272176,0.5367497344145187,-3.0,0.0,0.7316746852381688,0.6321135326529072,0.5948669979817407,-53.24998400000004,1.0000319999999192,-0.21160148717622945,0.038367013864402374,0.11321035872835299,6.499968000000081,-1.7500479999998788,-0.5433826381303161,-0.5395526843296532,-0.4502175045665625,29.00003199999992,1.7500159999999596,-0.6596099385815778,-0.6442486179550818,-0.7013964615027981,30.24998400000004,-1.5,0.025442502727783315,-0.0033641811258707235,0.030169756355094075,7.24998400000004,-0.7500159999999596,0.5926158045652119,0.632579940899094,0.5197219025394769,-9.74998400000004,1.0000319999999192,0.2042304839199586,0.27035943873120905,0.37817409523608114
2025-11-28,4.017080398285209,2.011646257150268,29.24998400000004,1.5,-0.05409342655326561,-0.11795027734414064,-0.0674143441475502,4.24998400000004,-1.0,-0.47683773663491985,-0.29319621837739246,-0.38920262527291105,23.00003199999992,-0.5,-0.7874504716076486,-0.7817951165734541,-0.7745910378816764,14.74998400000004,0.2500159999999596,-0.3240000567343335,-0.40104896885128766,-0.5386581305774567,10.24998400000004,-3.199999991920777e-05,0.47148130681457945,0.5720479437265724,0.5395031595272094,-1.7499840000000404,1.2500159999999596,0.6334888904910582,0.6407387053574232,0.5982338099111835,-52.75001599999996,0.4999680000000808,-0.14896042684916075,0.0447117675548036,0.10944140934226419,6.0,-0.4999680000000808,-0.48809707818281933,-0.540494339988115,-0.44865683048914085,28.0,-1.0000319999999192,-0.6481588410430313,-0.6474260949306819,-0.7011252310063706,30.5,0.2500159999999596,0.0064607113996197965,-0.011027789397688151,0.01806247964108586,7.74998400000004,0.5,0.5537025286834021,0.6330111954893323,0.5436778327565809,-8.74998400000004,1.0,0.23716389539518803,0.27886923659727525,0.37844742938899706
2025-12-01,4.095188349007166,7.810795072195642,28.5,-0.7499840000000404,-0.05324795904855936,-0.15189096570279165,-0.08857945721767403,3.0,-1.2499840000000404,-0.5406568259402761,-0.3289364408423909,-0.4024417189129783,21.5,-1.5000319999999192,-0.813195298482301,-0.7802847725829785,-0.782714740452813,13.75001599999996,-0.9999680000000808,-0.45039171855046095,-0.41512526488498414,-0.5494524713252781,10.74998400000004,0.5,0.4766772484843695,0.5591094568266791,0.5401514448352719,0.2499840000000404,1.9999680000000808,0.8001041885581998,0.6775402810502973,0.6367511530743606,-56.0,-3.2499840000000404,-0.31103406232860015,-0.028997755359875112,0.03065078667609339,5.25001599999996,-0.7499840000000404,-0.44459335807435757,-0.5385224832239873,-0.42301078063984104,24.99996800000008,-3.000031999999919,-0.7194906309285368,-0.6687074459840185,-0.716260835907977,30.75001599999996,0.2500159999999596,-0.08761812493731125,-0.0036945970206551638,0.00891888573519958,8.75001599999996,1.0000319999999192,0.5871431817944008,0.6121514856023482,0.5609560965921843,-6.000031999999919,2.749952000000121,0.3249240356330788,0.3267906544931863,0.39682380271545126
2025-12-02,4.087455795082281,-0.7732553924884478,28.99996800000008,0.4999680000000808,-0.04404337643317326,-0.15266844039034402,-0.11133594441459112,2.7500159999999596,-0.2499840000000404,-0.541374204818078,-0.33657942599566837,-0.38336358464916886,21.87500799999998,0.3750079999999798,-0.8258023447341895,-0.7921820358570969,-0.7816224518134296,15.74998400000004,1.9999680000000808,-0.395843878186513,-0.39465423001278843,-0.5105972687051218,10.12502399999994,-0.624960000000101,0.4728929903730843,0.5564646015547179,0.5176956005404777,-0.2500159999999596,-0.5,0.8281594905900965,0.6776840563191853,0.6344597374583735,-57.00003199999992,-1.0000319999999192,-0.30802060351317734,-0.05848000727224754,0.059105899081057345,6.000031999999919,0.7500159999999596,-0.4603794079051718,-0.5364346217358662,-0.45680974991651424,25.87497600000006,0.8750079999999798,-0.7317847378622198,-0.6721157957273162,-0.701586999760901,31.5,0.7499840000000404,-0.117732704398479,-0.015259613485801836,0.019652159397091338,7.625023999999939,-1.1249920000000202,0.5844891678539453,0.6196529553387014,0.5465817028731768,-5.75001599999996,0.2500159999999596,0.32889020928161783,0.3219816926314248,0.392010505383079
2025-12-03,4.056543431539201,-3.0912363543079913,29.24998400000004,0.2500159999999596,-0.045844127176190005,-0.14418462991250064,-0.11744132721777413,2.0,-0.7500159999999596,-0.49260042605899707,-0.33185979884386346,-0.3595686843678875,23.5,1.6249920000000202,-0.8315355749909874,-0.7920237888150695,-0.7834556696713756,16.5,0.7500159999999596,-0.41721878542440183,-0.41622828444495447,-0.5190971922565013,10.24998400000004,0.12496000000010099,0.45658422629197065,0.5466422792784059,0.5262626311880149,-1.2499840000000404,-0.9999680000000808,0.8493726752102673,0.6832127992479387,0.6535319302450895,-55.75001599999996,1.2500159999999596,-0.33915377391501256,-0.09706552698345422,0.052851689364474486,5.24998400000004,-0.7500479999998788,-0.41995751740964493,-0.506866815730673,-0.4361549135345295,26.75001599999996,0.875039999999899,-0.7461301269945194,-0.6808047870833378,-0.7093241380953931,34.0,2.5,-0.19735761038628377,-0.04987296857481081,0.013494326194219487,6.0,-1.6250239999999394,0.6015746251138244,0.6359295608667878,0.5473667436475584,-7.0,-1.2499840000000404,0.3464861095616368,0.33852265396606374,0.4043682500287266
2025-12-04,4.105880644003466,4.933721246426437,30.5,1.2500159999999596,0.028508880220908285,-0.07270518575070892,-0.11258990953245979,0.2500159999999596,-1.7499840000000404,-0.5527583228153926,-0.3656828617083306,-0.34625117233317704,21.74998400000004,-1.7500159999999596,-0.850072855576543,-0.7980718590284529,-0.7702790637684986,16.0,-0.5,-0.451055321990723,-0.4161798419826574,-0.4763095984729984,10.5,0.2500159999999596,0.4477484167363949,0.5372251258363462,0.4916113766935505,0.5,1.7499840000000404,0.8658539553412179,0.7104769971045106,0.6452774908580098,-54.5,1.2500159999999596,-0.2716173478912692,-0.03998496191410314,0.03945760420995907,3.2500159999999596,-1.9999680000000808,-0.4760829397799124,-0.5147038719796886,-0.4178169189573892,24.49996800000008,-2.250047999999879,-0.7939644045997538,-0.6982651981753015,-0.6904803300251395,34.25001599999996,0.2500159999999596,-0.24033292739884202,-0.038216258661364653,0.11674964712546605,7.25001599999996,1.2500159999999596,0.6391714233241989,0.639139216226224,0.520854018451447,-6.000031999999919,0.9999680000000808,0.3494436608615832,0.3438590500625629,0.35297432502068904
2025-12-05,4.137989899577883,3.2109255574417794,31.50003199999992,1.0000319999999192,0.16521935595705442,-0.05291588390083924,-0.12185926805477063,0.9999680000000808,0.7499520000001212,-0.5310514701283213,-0.3581702386992388,-0.32847739345128635,20.50003199999992,-1.2499520000001212,-0.8372032285371025,-0.8034454848031671,-0.7677404608743368,14.74998400000004,-1.2500159999999596,-0.4513847994385902,-0.42423063325689725,-0.4736487139503215,10.0,-0.5,0.28308081587999556,0.5205552758613149,0.47333681745974016,1.5,1.0,0.8805331490430433,0.7202026727255644,0.6495172674255834,-53.0,1.5,-0.0725735255965712,-0.03282636727358992,0.05376700720473662,3.7499840000000404,0.4999680000000808,-0.5369676088023637,-0.5100271073773321,-0.4105135376177925,22.00003199999992,-2.4999360000001616,-0.7881233672860697,-0.6985181886761835,-0.6899891720830772,35.99996800000008,1.7499520000001212,-0.21135471773583664,-0.03884421535212632,0.1494548596993402,6.25001599999996,-1.0,0.5296423328831804,0.6227906564765856,0.4907284923340075,-7.74998400000004,-1.7499520000001212,0.37081572586725037,0.3476074950880713,0.33735230434454133
2025-12-08,4.171162463655898,3.3172564078014943,30.75001599999996,-0.7500159999999596,0.20866473010203782,-0.06760788157504465,-0.1356181607365828,2.0,1.0000319999999192,-0.4241664143161928,-0.33662241569555523,-0.2951263487904255,17.87497600000006,-2.6250559999998586,-0.8343277029878389,-0.8009494212938633,-0.7644516548996847,13.75001599999996,-0.9999680000000808,-0.44056325925168693,-0.4417871153504435,-0.4850115269948503,9.37500799999998,-0.6249920000000202,0.2169056153094117,0.5433682314065152,0.4497986355040202,0.5,-1.0,0.7346467464208113,0.6870702141577024,0.6317232773520158,-53.87500799999998,-0.8750079999999798,-0.06439904844722548,-0.03626706420050841,0.05325411048297164,2.3749760000000606,-1.3750079999999798,-0.4790371163327784,-0.5224751433318177,-0.4140014231269404,24.00003199999992,2.0,-0.7267957841927882,-0.6822070878014246,-0.66310527391822,30.74998400000004,-5.24998400000004,-0.18162527560739675,-0.1033890215776727,0.09922718089501763,5.125023999999939,-1.1249920000000202,0.3975905148397597,0.603778256364503,0.46734856643402006,3.999968000000081,11.749952000000121,0.39848796255350555,0.36108719560278457,0.3452382466395865
2025-12-09,4.184875322589545,1.371285893364682,33.0,2.2499840000000404,0.2451484555697854,-0.04998069183120355,-0.1075830915068403,0.0,-2.0,-0.4494557170908079,-0.3392671831033682,-0.28585963456544233,18.5,0.6250239999999394,-0.8313692490006037,-0.7916131620544343,-0.7651363579746928,12.75001599999996,-1.0,-0.5056662177909985,-0.44053859304438225,-0.48226388652811164,9.74998400000004,0.3749760000000606,0.24866564663926058,0.5425723994897612,0.4372941961518202,0.5,0.0,0.7326847431670064,0.6911561139789084,0.6225952378682919,-51.74998400000004,2.1250239999999394,-0.0413633565903926,-0.013449992841243198,-0.027234432371598404,1.7499840000000404,-0.6249920000000202,-0.4883379352655452,-0.5418697327952853,-0.4023120043467463,21.0,-3.000031999999919,-0.704104131571186,-0.6714436489311457,-0.6503547135946461,31.5,0.7500159999999596,-0.18765693473183004,-0.09261210624485171,0.06078131035731171,8.24998400000004,3.124960000000101,0.40513603751100513,0.5867136383479044,0.47894756503312824,-0.9999680000000808,-4.999936000000162,0.4206867340753332,0.3340796356373754,0.31039667849386987
2025-12-10,4.163406162841758,-2.146915974778718,33.75001599999996,0.7500159999999596,0.21557860104651494,-0.07759017369796439,-0.10766910883541748,0.7499840000000404,0.7499840000000404,-0.4703808968098026,-0.33399512212263094,-0.30109088445598897,19.74998400000004,1.2499840000000404,-0.8375373063966066,-0.783428049148468,-0.7652055267055815,12.25001599999996,-0.5,-0.5066887293013449,-0.3922459750001647,-0.48014122788373487,9.75001599999996,3.199999991920777e-05,0.2516633581785903,0.4995776803630707,0.4302207307911578,-0.7500159999999596,-1.2500159999999596,0.738084439278776,0.6947614388748338,0.6428757102639038,-50.74998400000004,1.0,-0.09822109102646723,-0.25466966999229396,-0.045906981779268115,2.7499840000000404,1.0,-0.4960275707854693,-0.4429007185996098,-0.3979154832963757,22.0,1.0,-0.7130416984122232,-0.6376961010914068,-0.656485742797067,31.24998400000004,-0.2500159999999596,-0.18403216227505612,-0.05247121144327007,0.07156565186439043,7.25001599999996,-0.9999680000000808,0.45584730515173827,0.559223482022288,0.4768250868773234,-2.7499840000000404,-1.7500159999999596,0.4296156472529663,0.28420736364563,0.3128020059103611
2025-12-11,4.140022899315151,-2.338326352660669,36.74998400000004,2.999968000000081,0.12459968109886434,-0.10750385048464303,-0.1406065057052529,-0.9999680000000808,-1.7499520000001212,-0.38731107991389746,-0.3005145900645751,-0.281600927051874,19.99996800000008,0.2499840000000404,-0.8362650399567222,-0.7792146194001397,-0.7807444312012317,13.75001599999996,1.5,-0.5131145310948766,-0.3949863168436727,-0.48492536196522407,9.25001599999996,-0.5,0.22543612558279033,0.5039433608362052,0.4755301345193435,-0.7500159999999596,0.0,0.7599110473617215,0.681734878529188,0.6385886189847099,-47.24998400000004,3.5,-0.19064179179556998,-0.25406975267890314,-0.06398888739077686,0.7499840000000404,-2.0,-0.4058337120853334,-0.38781256246785645,-0.3805305229434412,22.0,0.0,-0.6922422809282597,-0.6603433197567542,-0.6443035187986001,33.24998400000004,2.0,-0.264443885554918,-0.07598277315487559,0.028370145565021942,7.000031999999919,-0.2499840000000404,0.46584158701474415,0.5474542901472272,0.4960278046052528,-6.25001599999996,-3.500031999999919,0.44077687660655945,0.31626558423474244,0.3242427837563325
2025-12-12,4.19385191309005,5.38290137748989,38.0,1.2500159999999596,0.12686599064786197,-0.06951323181070238,-0.12228715118098117,-3.0,-2.000031999999919,-0.4459816265640096,-0.358841912656457,-0.2960291643741994,18.5,-1.4999680000000808,-0.8563205610361636,-0.788516556550912,-0.7892172461486169,13.5,-0.2500159999999596,-0.48990186054335727,-0.39326029467942014,-0.46764610877772034,9.5,0.2499840000000404,0.18717877078261214,0.519178589659752,0.4677260440026293,0.5,1.2500159999999596,0.7954226947780804,0.7370823117537392,0.6424343579728139,-53.0,-5.75001599999996,-0.3379937608625867,-0.35118014821316085,-0.10788695774179728,2.0,1.2500159999999596,-0.296374883068576,-0.3381203504745058,-0.35090706622533935,21.0,-1.0,-0.6681454703802415,-0.6661002027533294,-0.6386369233649986,30.75001599999996,-2.499968000000081,-0.3393290910581267,-0.12351748422350264,-0.0009207808964802426,7.999968000000081,0.9999360000001616,0.4555883725214519,0.5671990038688705,0.5033931236806162,-3.499968000000081,2.750047999999879,0.46533201695321913,0.3762978480424026,0.3216761136603879
2025-12-15,4.181151102155849,-1.2700810934201279,39.25001599999996,1.2500159999999596,0.09155818507448225,-0.0698435910662735,-0.11620847822290943,-1.7500159999999596,1.2499840000000404,-0.44533304754313435,-0.3692783228733095,-0.2933786953464868,17.5,-1.0,-0.8216041754622663,-0.7584243507507338,-0.7847824371499055,14.24998400000004,0.7499840000000404,-0.541657461318278,-0.417417769891652,-0.46300744302958385,9.75001599999996,0.2500159999999596,0.18283178285409118,0.43375443335334385,0.48094225544065855,-0.2499840000000404,-0.7499840000000404,0.7995406882484969,0.7141125850431237,0.6331386366916093,-54.24998400000004,-1.2499840000000404,-0.31735691433713653,-0.3071860910551112,-0.08716026509221575,4.24998400000004,2.2499840000000404,-0.3218664819585358,-0.33893510805352717,-0.37521439561711856,21.0,0.0,-0.6507549208754285,-0.6316006694841401,-0.6404148818728577,29.74998400000004,-1.0000319999999192,-0.36901272220188686,-0.1938394972439993,0.001602115723554846,8.50003199999992,0.5000639999998384,0.40989156488420225,0.5291953681969993,0.5355601456599561,-4.25001599999996,-0.7500479999998788,0.47364321239358903,0.32296933787419035,0.3062665714368218
2025-12-16,4.147940837121556,-3.3210265034292696,40.5,1.2499840000000404,0.07865618267240822,-0.11129202830785792,-0.11559336017220964,-3.5,-1.7499840000000404,-0.36816375219686276,-0.3621454426904492,-0.2687253200806437,18.5,1.0,-0.8283630845165891,-0.7595752819345635,-0.7871698842227646,15.0,0.7500159999999596,-0.589265209675533,-0.41543920864190254,-0.4668944648602592,10.0,0.2499840000000404,0.15340260401873362,0.402958577029398,0.5023310930122385,-1.0,-0.7500159999999596,0.8057720563638141,0.7257817786161228,0.6536694187785805,-55.5,-1.2500159999999596,-0.27101888118929124,-0.30770802312885137,-0.05027316753692372,1.7499840000000404,-2.5,-0.21797868678794463,-0.29203726112433553,-0.3745240241841522,23.25001599999996,2.2500159999999596,-0.6725727599311532,-0.6537761259752877,-0.6423677640069969,30.62502399999994,0.875039999999899,-0.4182952778371445,-0.1794646709016033,0.009070014612513591,7.999968000000081,-0.5000639999998384,0.4206994223248722,0.520653835710384,0.5309935182702065,-6.12499200000002,-1.8749760000000606,0.4762720538828163,0.33035033874601033,0.3145978016039459
2025-12-17,4.149918348059475,0.19775109379187583,44.49996800000008,3.999968000000081,0.05097074677058647,-0.10773060511975478,-0.10658803025032507,-5.74998400000004,-2.2499840000000404,-0.34243500068815264,-0.33327239129597785,-0.27111621236738226,17.75001599999996,-0.7499840000000404,-0.8250354574802337,-0.7796657997105557,-0.781500115856569,15.49996800000008,0.4999680000000808,-0.5876233414924462,-0.4120434323767439,-0.4575258701937674,10.25001599999996,0.2500159999999596,0.24743895502422278,0.38867140706863723,0.49069742347948025,-0.5,0.5,0.8002203205277856,0.7274162802552211,0.6452726397319722,-58.25001599999996,-2.7500159999999596,-0.29293223206026303,-0.28222644398631436,-0.09050975292166437,2.2499840000000404,0.5,-0.20501266581626143,-0.3235061375217047,-0.35881339242606974,22.25001599999996,-1.0,-0.6692342918725792,-0.6450967924556451,-0.6337748318264902,31.25001599999996,0.6249920000000202,-0.4164991773331375,-0.17634166936940512,-0.002901480533485439,8.49996800000008,0.5,0.4606925582257562,0.5183625765521237,0.5237757745177168,-8.99996800000008,-2.8749760000000606,0.4621100596103059,0.32828019827623095,0.31175618395796967
2025-12-18,4.114838505340873,-3.5079842718602094,43.49996800000008,-1.0,0.1379663184992576,-0.08763717253958923,-0.08693949084304524,-5.499968000000081,0.2500159999999596,-0.36890161800509447,-0.3210449592851305,-0.27531238092385024,19.24998400000004,1.4999680000000808,-0.8356308568671496,-0.7871369956233046,-0.785822391516262,16.5,1.0000319999999192,-0.6105876424175762,-0.477789078409888,-0.47303170169895803,9.74998400000004,-0.5000319999999192,0.2881834261350358,0.39980697975542684,0.49942799860866527,-2.7499840000000404,-2.2499840000000404,0.8069410243847888,0.7423952278911675,0.6519562938238698,-62.74998400000004,-4.499968000000081,-0.1709033897443972,-0.2012121572240947,-0.059571546311545334,4.25001599999996,2.000031999999919,-0.263624105618912,-0.3428296666163625,-0.38891022576445755,24.49996800000008,2.249952000000121,-0.6911757105937845,-0.6521375853767245,-0.6573119069168335,32.25001599999996,1.0,-0.42515340256671125,-0.20754538126497038,-0.014911824607038382,8.25001599999996,-0.2499520000001212,0.45243416963596306,0.520423865761508,0.52246130128506,-13.75001599999996,-4.750047999999879,0.4950707230210959,0.3648716370787198,0.3290403203795782
2025-12-19,4.150020114498223,3.5181609157350024,45.49996800000008,2.0,0.15244552326861455,-0.07034227848550917,-0.07726092601788218,-7.499968000000081,-2.0,-0.4106655015950193,-0.3353287168265685,-0.29784735027175163,19.74998400000004,0.5,-0.7938358031389107,-0.7939927401680267,-0.768840866052316,16.24998400000004,-0.2500159999999596,-0.6182754704839628,-0.4895861720267706,-0.47329191997011066,10.00003199999992,0.2500479999998788,0.27947093268973683,0.43355585980891553,0.5003608781160461,-2.000031999999919,0.7499520000001212,0.808905406443839,0.7482266579320956,0.6651456550499837,-63.0,-0.2500159999999596,-0.125288583490833,-0.1920398705337544,-0.062338943835174174,3.2500159999999596,-1.0,-0.310346775948862,-0.3712355920814168,-0.4182478308073551,24.49996800000008,0.0,-0.6913608940966547,-0.6401747965285022,-0.6654734661649813,33.00003199999992,0.7500159999999596,-0.3967521860046988,-0.20390166167148552,-0.03437691456317716,8.74998400000004,0.4999680000000808,0.549509136994399,0.5271870594961297,0.5227272386457305,-14.5,-0.7499840000000404,0.4603925824809226,0.3604910637603415,0.33517235739186413
2025-12-22,4.169617381514055,1.9597267015831754,45.99996800000008,0.5,0.005924078787720529,-0.06265069575639641,-0.06321077347040506,-8.24998400000004,-0.7500159999999596,-0.3255884598099239,-0.35624767455155143,-0.3157033005352412,19.25001599999996,-0.4999680000000808,-0.7755822529893859,-0.7940724733438089,-0.7664116476609119,16.74998400000004,0.5,-0.6614048639213983,-0.4696144568096587,-0.46439121627815594,10.0,-3.199999991920777e-05,0.3433668396082183,0.41430452274057034,0.5018468300106776,-2.0,3.199999991920777e-05,0.7962937431636389,0.7426210118761959,0.6804081237722365,-66.74998400000004,-3.7499840000000404,-0.2385965622065701,-0.2122957269017432,-0.03879724471249116,6.999968000000081,3.749952000000121,-0.16328380679227125,-0.32694894469712055,-0.4261249481346878,23.25001599999996,-1.2499520000001212,-0.6979574928260301,-0.637778590046574,-0.664074212130527,34.75001599999996,1.7499840000000404,-0.3285400379033339,-0.1659288580431409,-0.03095951561354944,10.49996800000008,1.7499840000000404,0.5133569902580621,0.5184075376490388,0.5212329161987552,-19.49996800000008,-4.999968000000081,0.43851695255771767,0.32060972400411375,0.3296279734650684
2025-12-23,4.167688600207533,-0.1928781306522076,49.99996800000008,4.0,-0.0611248037853039,-0.07211463027460886,-0.06763475995967155,-9.99996800000008,-1.7499840000000404,-0.29850412268185916,-0.3512789871598604,-0.30465779832886597,19.24998400000004,-3.199999991920777e-05,-0.7618214649652412,-0.7948958009153454,-0.7636951971448466,16.0,-0.7499840000000404,-0.6319266199860318,-0.48714169517447076,-0.45869584805464697,10.0,0.0,0.3094145461278641,0.41683128299876415,0.5239156049749149,-1.2500159999999596,0.7499840000000404,0.8098876196748792,0.7555273790696102,0.6754235360817453,-65.25001599999996,1.4999680000000808,-0.2051872485639295,-0.21443738035129756,-0.0473709764072304,8.0,1.0000319999999192,-0.1986231239093977,-0.3358497107246498,-0.42295712992894874,22.74998400000004,-0.5000319999999192,-0.6807355472026749,-0.6422194778561371,-0.6589759547800772,34.25001599999996,-0.5,-0.32082830666852363,-0.1642646107892632,-0.04046840278961383,9.0,-1.4999680000000808,0.5068903063539594,0.5249764644751583,0.5514692653084396,-16.5,2.999968000000081,0.44541087267989166,0.32284019913320344,0.32446725706413476
2025-12-24,4.1325296982580735,-3.5158901949459143,51.00003199999992,1.0000639999998384,-0.12274919398300507,-0.07565727967763593,-0.0729754650450731,-10.25001599999996,-0.2500479999998788,-0.2261867688940035,-0.35845552231245265,-0.299487915543194,20.0,0.7500159999999596,-0.7699420662104548,-0.7974353075154946,-0.7696835467026639,16.5,0.5,-0.6090137370764236,-0.4994954855039666,-0.4759014442463825,10.24998400000004,0.2499840000000404,0.20305220894042875,0.4000363478353093,0.5109067027002088,-1.2499840000000404,3.199999991920777e-05,0.7685706593933618,0.7469577005184435,0.6691994132452399,-65.24998400000004,3.199999991920777e-05,-0.25359479575474153,-0.21841226154771196,-0.053656391693529835,10.25001599999996,2.2500159999999596,-0.14995473890256203,-0.3626472479595476,-0.43316195952565734,21.74998400000004,-1.0,-0.6132638682192486,-0.6267494838606003,-0.6444457420752898,35.5,1.2499840000000404,-0.34614811701112125,-0.1792897406472052,-0.07881534187927754,7.74998400000004,-1.2500159999999596,0.4965033435559825,0.538916290604976,0.5734869744944695,-14.24998400000004,2.2500159999999596,0.37561785219823457,0.29297581815663065,0.30320473680519555
2025-12-26,4.132597971452548,0.00682731944747772,51.24998400000004,0.2499520000001212,-0.11064100139871746,-0.05256392400863091,-0.0738797743304184,-10.99996800000008,-0.7499520000001212,-0.23441181414700568,-0.4075677522054343,-0.2990278465054947,19.99996800000008,-3.199999991920777e-05,-0.771222696923812,-0.795953919127959,-0.7807171934198944,16.75001599999996,0.2500159999999596,-0.6409341978308023,-0.49753019297628914,-0.46202135422687135,10.5,0.2500159999999596,0.22650273216599778,0.39833735453405955,0.4940345620442899,-0.5,0.7499840000000404,0.7551504471902328,0.7423528321222901,0.67635957022317,-65.0,0.2499840000000404,-0.24867440886485945,-0.23119859045011773,-0.05339999621310891,9.5,-0.7500159999999596,-0.16764893616151544,-0.3640067808089213,-0.42066142432037806,22.0,0.2500159999999596,-0.6204264690685803,-0.6357818033433564,-0.646262026812623,35.5,0.0,-0.37127041043856096,-0.17746357410661567,-0.10886478157645493,7.24998400000004,-0.5,0.494045937229505,0.5420954765130276,0.5894487584710052,-12.24998400000004,2.0,0.37311667849275665,0.28883977541105665,0.3024044017969455
2025-12-29,4.115039772259669,-1.7558199192879265,50.75001599999996,-0.4999680000000808,-0.06989428984568324,-0.016374859380179546,-0.06558773693675256,-10.25001599999996,0.7499520000001212,-0.265631702747614,-0.3707518980120149,-0.30285021052588385,20.24998400000004,0.2500159999999596,-0.7703795813392147,-0.7808822512250827,-0.7805731957402652,17.25001599999996,0.5,-0.6519908812605697,-0.48627253960371863,-0.46668023042979234,11.25001599999996,0.7500159999999596,0.13823258043438838,0.32717511557653933,0.47804409313688395,-1.7500159999999596,-1.2500159999999596,0.7636155328867458,0.7044902354257432,0.6809728401851348,-69.24998400000004,-4.24998400000004,-0.19361806625327388,-0.18412377781171033,-0.04006191077827006,10.24998400000004,0.7499840000000404,-0.16993591570167008,-0.32242237008739016,-0.4208394174939367,24.0,2.0,-0.6285385420081281,-0.6299659484589742,-0.6472443578634614,36.74998400000004,1.2499840000000404,-0.38537160877050775,-0.20531908565612378,-0.12212986466369402,7.500031999999919,0.2500479999998788,0.4745815164656119,0.5077402944757099,0.5864907013230706,-16.25001599999996,-4.000031999999919,0.39031228917326316,0.31386326400323133,0.30937515660003617
2025-12-30,4.126779300328056,1.173952806838674,50.24998400000004,-0.5000319999999192,0.07930451528190997,0.013897920314389356,-0.07726515254838515,-10.0,0.2500159999999596,-0.22885927788298732,-0.37181539003484676,-0.295796340933175,20.24998400000004,0.0,-0.7609674170507637,-0.7847117244395097,-0.7730076514729622,16.50003199999992,-0.7499840000000404,-0.6118199416912399,-0.5042522268227748,-0.45844082924128277,11.49996800000008,0.2499520000001212,0.009504395914005299,0.3247159871638461,0.465568284740245,-0.2499840000000404,1.5000319999999192,0.6860048949644003,0.7301426108359441,0.6726065718367257,-71.75001599999996,-2.500031999999919,-0.10332914513817626,-0.20285650444794906,-0.05040208170447057,10.0,-0.2499840000000404,-0.12171794765400976,-0.28987562954500473,-0.42087367295752953,24.74998400000004,0.7499840000000404,-0.525993662586148,-0.6210918436890366,-0.6317792672494362,36.50003199999992,-0.2499520000001212,-0.44899165816581954,-0.26196129736432255,-0.13490380964225754,6.999968000000081,-0.5000639999998384,0.4363861376037149,0.5216714592873971,0.5680898898655228,-17.74998400000004,-1.4999680000000808,0.342247539712822,0.3126066920097458,0.3124891746834538
2025-12-31,4.152274045076331,2.549474474827562,49.24998400000004,-1.0,0.00952036999884699,0.0019413261044166305,-0.08963433170774633,-9.25001599999996,0.7499840000000404,-0.16617825581715162,-0.35129249693599574,-0.28771294046541135,19.50003199999992,-0.7499520000001212,-0.7640466545740859,-0.7954800267418407,-0.78184463676641,16.24998400000004,-0.2500479999998788,-0.6640185182128222,-0.5046758412159204,-0.4581567273115004,12.24998400000004,0.7500159999999596,0.05046857934607011,0.3388677805941613,0.4703861361003305,0.2500159999999596,0.5,0.6877581489513207,0.7433560264512069,0.6744826609764959,-77.0,-5.24998400000004,-0.16370616935995996,-0.23005285573881423,-0.09421107931245722,13.0,3.0,-0.04255156470856784,-0.24898695369138796,-0.38549342325508473,22.5,-2.2499840000000404,-0.5440562720406483,-0.6349321351135442,-0.6365812990083565,36.5,-3.199999991920777e-05,-0.4448790926920739,-0.27453501446230594,-0.14150543109154412,8.74998400000004,1.7500159999999596,0.4595009199295653,0.5314067943284253,0.5800156884292756,-17.24998400000004,0.5,0.3530791385884359,0.31431219909760877,0.3117733708770454
2026-01-02,4.187724320360476,3.5450275284144794,49.99996800000008,0.7499840000000404,-0.0354931529434729,0.00719684178172481,-0.0775462121245544,-11.24998400000004,-1.9999680000000808,-0.2296658130407346,-0.37486403170661436,-0.3149431592588531,18.75001599999996,-0.7500159999999596,-0.7418175924759874,-0.7977403881311734,-0.7807170549330904,15.24998400000004,-1.0,-0.6664603233829761,-0.5200168855260691,-0.47589263106691093,13.74998400000004,1.5,0.1927585093216868,0.37200728176892345,0.4827537431286688,0.7500159999999596,0.5,0.6673838440923779,0.7483501526435569,0.6764440365630114,-76.75001599999996,0.2499840000000404,-0.083792411788117,-0.21672180340053926,-0.10222003422256605,11.0,-2.0,-0.152523174946248,-0.27767342702215103,-0.38956204328620875,20.5,-2.0,-0.5556266688861512,-0.6492063239357585,-0.6491614278963468,36.5,0.0,-0.3862304377728323,-0.27888819970101475,-0.13884457874525238,10.0,1.2500159999999596,0.4362011321985359,0.5420208549379433,0.5922506469109815,-15.75001599999996,1.4999680000000808,0.37132293735971966,0.321755329367498,0.3232786884552604
2026-01-05,4.162201853557488,-2.5522466802987864,50.5,0.5000319999999192,-0.0297965501032407,0.012160010171609894,-0.04424249147573465,-10.74998400000004,0.5,-0.21187226986985433,-0.38466450683963466,-0.32398085011280126,19.24998400000004,0.4999680000000808,-0.7143752384229022,-0.7978599979045204,-0.7784639367873445,15.5,0.2500159999999596,-0.6665022251643905,-0.5339727105417592,-0.4734683255540639,14.24998400000004,0.5,0.14903047561831506,0.3445751128346424,0.46433399717694634,-0.4999680000000808,-1.2499840000000404,0.6426080765087689,0.7552966096264871,0.6878817015098088,-77.49996800000008,-0.7499520000001212,-0.17392661989725927,-0.21863514408248494,-0.08650014227107715,11.74998400000004,0.7499840000000404,-0.06250263346611697,-0.2783220693943646,-0.3778022627249354,22.0,1.5,-0.537386946758695,-0.6587342727786222,-0.655588775489331,36.0,-0.5,-0.3853353370968725,-0.29945088971740846,-0.13246959615779763,10.24998400000004,0.2499840000000404,0.3810545673570304,0.5448145673746323,0.5827184941156913,-16.99996800000008,-1.2499520000001212,0.36443497674959957,0.32859928413399087,0.32513329803732854
2026-01-06,4.17795793699418,1.5756083436691881,52.24998400000004,1.7499840000000404,-0.016774021256917047,0.09054959912728841,-0.035142778878819815,-11.74998400000004,-1.0,-0.29524491956250665,-0.4136921298735121,-0.33388358490408915,18.75001599999996,-0.4999680000000808,-0.6979877821779579,-0.7843494382068377,-0.7796332297402748,15.74998400000004,0.2499840000000404,-0.6243141080316769,-0.5137623108006029,-0.464453465546122,14.24998400000004,0.0,0.2356840434506719,0.2694912070829018,0.46557604000655545,0.2500159999999596,0.7499840000000404,0.6262944064317003,0.7551367531127942,0.692147537212338,-74.5,2.999968000000081,-0.18818959297902843,-0.13367164074582102,-0.08037928144452396,9.0,-2.7499840000000404,-0.10739840493556477,-0.3180993510818156,-0.383774936262908,21.5,-0.5,-0.5004491850890551,-0.6434980461020435,-0.6484580107744319,38.24998400000004,2.2499840000000404,-0.4116916978014271,-0.3022372481482569,-0.14176192709597077,5.25001599999996,-4.999968000000081,0.2395524095509434,0.38652486782667334,0.5067960001383167,-14.5,2.499968000000081,0.4082544501070556,0.36360551297981236,0.34476732469348814
2026-01-07,4.13675550401814,-4.120243297604009,50.0,-2.2499840000000404,0.21285846228858632,0.1721065252632573,0.005119234824013437,-10.25001599999996,1.4999680000000808,-0.4927860285424005,-0.4150065139617091,-0.3565002767476937,19.00003199999992,0.2500159999999596,-0.6728539282472569,-0.7696324014791315,-0.7767575404292606,16.74998400000004,1.0,-0.6255537585566854,-0.5206785438702066,-0.48222063280457045,14.0,-0.2499840000000404,0.4497401651736327,0.26674860879571427,0.5112418220978087,0.0,-0.2500159999999596,0.707062323407245,0.7207664723144318,0.6880417042590851,-72.0,2.5,-0.2775819896510512,-0.1571056637468654,-0.10384062029280378,7.74998400000004,-1.2500159999999596,0.014658915827305555,-0.22425397114213966,-0.3602003144240037,23.25001599999996,1.7500159999999596,-0.6716385637475119,-0.7019628784494416,-0.6767281336026951,36.75001599999996,-1.4999680000000808,-0.16552255340333885,-0.18624375831837714,-0.11966115340510468,5.24998400000004,-3.199999991920777e-05,0.2791239767643427,0.3263123228582577,0.5038788903574589,-13.0,1.5,0.2245047430611843,0.34290299457813955,0.3294919627034312
2026-01-08,4.181964564081197,4.520906006305658,51.0,1.0,0.18521853642660135,0.19036432229464592,0.016457208745466526,-11.0,-0.7499840000000404,-0.4595520395729764,-0.4355337381599102,-0.3614032693434592,18.24998400000004,-0.7500479999998788,-0.7262749155838959,-0.7794597316936056,-0.7761566099684338,16.75001599999996,3.199999991920777e-05,-0.6085911195237576,-0.5510358576223078,-0.4725433771107869,13.5,-0.5,0.2640034346874091,0.2412717511615615,0.47830577110925915,0.5,0.5,0.7026428034414555,0.7178009000165352,0.6905878740703546,-67.74998400000004,4.25001599999996,-0.1303996857097756,-0.07727377452232997,-0.04988367756453502,4.5,-3.2499840000000404,-0.11856903228301958,-0.27884832117475344,-0.39602777712885257,23.5,0.2499840000000404,-0.6374738705713191,-0.6762448382332595,-0.6632301545485451,33.5,-3.2500159999999596,-0.34143083415642034,-0.256086705081171,-0.15551825078575895,11.0,5.75001599999996,0.41664043848127524,0.4010224834351648,0.5167178842616647,-19.0,-6.0,0.09236745806464312,0.2881813615997658,0.27318681624330327
2026-01-09,4.170259729984331,-1.170483409686529,32.5,-18.5,0.15488054325183984,0.14106048036635424,0.04717499285787859,0.1250239999999394,11.12502399999994,-0.26900943078277434,-0.29314878585514426,-0.2678564287371472,28.6249600000001,10.37497600000006,-0.31076455970567207,-0.4838077669657898,-0.5282711628314903,21.50003199999992,4.75001599999996,-0.4469104457323365,-0.4510149570701719,-0.3965952327205572,7.499968000000081,-6.000031999999919,0.17354465966933033,0.17575262214821666,0.31100385467964703,-7.499968000000081,-7.999968000000081,0.402559403566835,0.4788872870710885,0.5203792671069062,-55.87497600000006,11.87500799999998,-0.14572364057508916,-0.1175082772168031,-0.17923993071428043,5.0,0.5,-0.1071939146071409,-0.27622283194294783,-0.3131929376963898,35.12499200000002,11.62499200000002,-0.374824299345642,-0.480942922992816,-0.49420477399218815,31.24998400000004,-2.2500159999999596,-0.298919369368267,-0.23541041573971788,-0.12188376930707874,7.125023999999939,-3.8749760000000606,0.4045826435700106,0.4118775528515157,0.48679452096937414,-28.75001599999996,-9.75001599999996,0.12282857430865551,0.28569061716914756,0.23526565061857388
2026-01-12,4.1860519012987725,1.5792171314441106,29.75001599999996,-2.7499840000000404,0.17458212300284556,0.1367914601373678,0.04163469673490191,5.25001599999996,5.12499200000002,-0.24056256668981532,-0.25031612471744386,-0.23646855131067399,31.99996800000008,3.37500799999998,-0.2791063773148039,-0.4539562699478251,-0.4988952465688456,18.50003199999992,-3.0,-0.4139400512728439,-0.4352332312027185,-0.3831272543443947,5.74998400000004,-1.7499840000000404,0.13155317538863529,0.13854848498630357,0.2898771721141092,-6.0,1.4999680000000808,0.42951843296082853,0.49683151100662576,0.5179233720580262,-56.0,-0.1250239999999394,-0.10588243169061563,-0.1256417281444706,-0.16562333694903567,5.5,0.5,-0.15834446602298002,-0.27037601345769924,-0.2989346279688035,39.5,4.37500799999998,-0.3454344133505452,-0.4366715320994527,-0.4806190104482203,27.75001599999996,-3.499968000000081,-0.2770957461304436,-0.2659049380466266,-0.1324914454545061,2.7499840000000404,-4.375039999999899,0.3218751253323018,0.3609466142516374,0.4373025854452354,-25.5,3.2500159999999596,0.12335729301546927,0.2883771629022117,0.2534073115127783
2026-01-13,4.170327858203003,-1.5724043095769247,32.5,2.7499840000000404,0.13166075936156119,0.11310543247365278,0.038453361632795724,4.74998400000004,-0.5000319999999192,-0.17451420817131288,-0.24081359328639393,-0.24156386657512688,31.75001599999996,-0.2499520000001212,-0.2071819214040696,-0.43034697326310084,-0.4946977813937752,17.75001599999996,-0.7500159999999596,-0.389938358291016,-0.41409769142827085,-0.3754304056603336,6.24998400000004,0.5,0.09930730195497094,0.10982801132600205,0.29000630211375117,-6.25001599999996,-0.2500159999999596,0.39486032084077793,0.49964289361858644,0.5336211087906035,-51.0,5.0,-0.008514300495665398,-0.14741405685221723,-0.1908185817558005,5.74998400000004,0.2499840000000404,-0.23290838854889773,-0.259303350670796,-0.29723049231573945,36.50003199999992,-2.999968000000081,-0.2632527586284984,-0.3897043937753431,-0.4596733754868982,28.24998400000004,0.4999680000000808,-0.1743729971931144,-0.2660683513394795,-0.13288262903394968,3.0,0.2500159999999596,0.2913614977113347,0.33813221928281956,0.44194070254845075,-26.75001599999996,-1.2500159999999596,0.022313592628450032,0.2835130920602717,0.27827848905671726
2026-01-14,4.138902045371099,-3.1425812831904487,41.0,8.5,0.02411755386428459,0.035789625206773416,-0.0056166344335547725,2.0,-2.7499840000000404,-0.10186501613909871,-0.1942067498078806,-0.2165439466645403,30.5,-1.2500159999999596,-0.1705315864426831,-0.3942443792442736,-0.4632019701352529,19.24998400000004,1.4999680000000808,-0.41610681899131857,-0.449077505499289,-0.4070288129979646,6.25001599999996,3.199999991920777e-05,0.09615031250034675,0.10670648429548699,0.23932247897285203,-6.74998400000004,-0.4999680000000808,0.38444029660660517,0.4963625064933028,0.517675622835348,-56.24998400000004,-5.24998400000004,0.059548224670062704,-0.09320441454796248,-0.13110855922021214,9.5,3.7500159999999596,-0.29328053535247733,-0.3006549834063488,-0.3192998425570663,35.25001599999996,-1.2500159999999596,-0.2216241869334958,-0.35133910838885846,-0.4226922559031349,28.74998400000004,0.5,-0.20541941004419614,-0.3006643665820179,-0.19323514721438956,3.2499840000000404,0.2499840000000404,0.2779359776463959,0.3105937039672304,0.41566498442567457,-24.99996800000008,1.7500479999998788,-0.023943028905616205,0.25635283280391064,0.22571263926923807
2026-01-15,4.158585438143167,1.9683392772067876,36.49996800000008,-4.500031999999919,0.005212811262949036,0.01858181804555019,-0.029463491274021064,2.7500159999999596,0.7500159999999596,-0.14103967050979027,-0.1918747381668596,-0.22662271028041747,30.75001599999996,0.2500159999999596,-0.17127249274498169,-0.3949174003277163,-0.4536373430386951,19.74998400000004,0.5,-0.3967351588569387,-0.45291765461400535,-0.3870335605763612,7.5,1.2499840000000404,0.15065421840015022,0.12447604524225717,0.23530334346832996,-7.0,-0.2500159999999596,0.38135406344255235,0.49354796636007253,0.518033342234988,-56.50003199999992,-0.2500479999998788,0.04084946042501503,-0.08487581772853217,-0.14015415712988705,5.75001599999996,-3.7499840000000404,-0.4442483812631201,-0.3197283666399081,-0.33478130596345623,35.25001599999996,0.0,-0.2036817111240819,-0.3521235753799394,-0.42440022723331977,28.24998400000004,-0.5,-0.1824344809082267,-0.32139107817641177,-0.17595178777606726,6.74998400000004,3.5,0.31962860165049384,0.3273153144348963,0.4096099887200757,-25.49996800000008,-0.5,-0.03482622309060624,0.24543088259363294,0.21907809961775163
2026-01-16,4.229846342499954,7.126090435678734,33.0,-3.499968000000081,-0.06772734912420317,-0.03962321654668348,-0.06871020827349661,4.75001599999996,2.0,-0.060985619910512386,-0.12884881922680122,-0.1690606704460918,29.74998400000004,-1.0000319999999192,-0.22215685026151605,-0.4078970312280211,-0.4689303690724274,18.0,-1.7499840000000404,-0.4776998192363035,-0.49861996035260947,-0.4210078337424116,9.24998400000004,1.7499840000000404,0.261178489714137,0.21378784801546957,0.2738398532662649,-6.24998400000004,0.7500159999999596,0.3864459427740982,0.4905911742175125,0.5207587370653487,-54.0,2.500031999999919,0.10441852227208615,-0.043205044379955794,-0.08759956581093403,4.75001599999996,-1.0,-0.44135878097343695,-0.3252623314279677,-0.36115309904783116,31.74998400000004,-3.500031999999919,-0.3159732978952482,-0.40330918088062667,-0.4508451087687492,28.5,0.2500159999999596,-0.12727997624487175,-0.290626502837112,-0.16106278475349775,8.24998400000004,1.5,0.34412737065219506,0.3594155530989441,0.4105561324794016,-24.24998400000004,1.2499840000000404,0.04142365556767358,0.25409402292378175,0.22819909072014996
2026-01-20,4.293543245979025,6.369690347907131,34.0,1.0,-0.04295315485468126,-0.02476577991702982,-0.06159237291016382,3.0,-1.7500159999999596,-0.1309669836106143,-0.15732865324323606,-0.17789826131574157,26.5,-3.2499840000000404,-0.3090929865057865,-0.45394245847330283,-0.4986009112865037,18.74998400000004,0.7499840000000404,-0.37987905672038413,-0.4509481758716776,-0.41429890494586785,9.75001599999996,0.5000319999999192,0.26104876478308703,0.2237189178158024,0.2764397342123737,-4.0,2.2499840000000404,0.4090980327864657,0.5234091035571729,0.5479906935279151,-50.5,3.5,0.09129297796986582,0.011654593927123905,-0.04330297630525796,0.5,-4.25001599999996,-0.5054639818909016,-0.39403833570424057,-0.4017781685740942,27.74998400000004,-4.0,-0.3741630624240571,-0.4452617907799609,-0.47392459848339324,30.25001599999996,1.7500159999999596,0.04300434021672688,-0.2231860453064959,-0.1338701530586176,10.25001599999996,2.000031999999919,0.38961399139686603,0.38550306859886474,0.4287933314517184,-24.00003199999992,0.2499520000001212,-0.01728988829939055,0.24999003950241955,0.23193064883490505
2026-01-21,4.251785174787245,-4.175807119178021,36.24998400000004,2.2499840000000404,-0.10410688498597255,-0.045464043871279516,-0.07675786321792258,1.7499840000000404,-1.2500159999999596,-0.04828744442745849,-0.14175648341895564,-0.15968232574099753,27.50003199999992,1.0000319999999192,-0.3170966337023789,-0.4443701199204373,-0.5116157730449877,18.99996800000008,0.2499840000000404,-0.36103998568189455,-0.44634413305088805,-0.41656986210447006,9.50003199999992,-0.2499840000000404,0.25518599070823483,0.21833536871996095,0.2882810882015578,-4.000031999999919,-3.199999991920777e-05,0.3738910810526471,0.5065027723113651,0.539132003127005,-49.25001599999996,1.2499840000000404,0.08630175121772347,0.011924374333121789,-0.05315041465658132,1.0,0.5,-0.4920086693587256,-0.40680730685306776,-0.4125435775542166,29.24998400000004,1.5,-0.38549297699321045,-0.4596256279047104,-0.4782955811208452,29.75001599999996,-0.5,0.03464034250689125,-0.20224318839339392,-0.12725107148267875,8.5,-1.7500159999999596,0.4160017122492144,0.42809401677305703,0.4461835576788996,-21.5,2.500031999999919,-0.07785351877941436,0.20118829761795387,0.2091429987894214
2026-01-22,4.249851670916388,-0.19335038708572228,36.12499200000002,-0.1249920000000202,-0.10997267114567137,-0.06807462990517416,-0.07573990425150716,1.2500159999999596,-0.4999680000000808,-0.035699180227254296,-0.11176412139766151,-0.16363471450328207,26.12499200000002,-1.375039999999899,-0.3013409052351632,-0.42457677759280804,-0.4958600352706277,18.74998400000004,-0.2499840000000404,-0.3662544834054828,-0.46573690472187396,-0.40815139008908874,11.00003199999992,1.5,0.2414269197775077,0.2200717791427398,0.2708259654710524,-4.75001599999996,-0.7499840000000404,0.37642810253941594,0.5011629050181836,0.5361266279415169,-50.12499200000002,-0.8749760000000606,0.12130106382306245,-0.02262376818180918,-0.05358492345139021,1.7499840000000404,0.7499840000000404,-0.5821754996349776,-0.3811932192167891,-0.4188771661053754,26.12499200000002,-3.12499200000002,-0.3595116815650644,-0.4474362837648569,-0.46373191250946216,32.50003199999992,2.7500159999999596,-0.01296038384083655,-0.17456888372276277,-0.1133234198361098,5.999968000000081,-2.500031999999919,0.4065118554435986,0.41378871555738644,0.43642627232232567,-15.24998400000004,6.25001599999996,-0.06079758351636716,0.19301822432493326,0.18631148797201727
2026-01-23,4.237093748882878,-1.2757922033509672,33.75001599999996,-2.3749760000000606,-0.09411781462169526,-0.0601213125107157,-0.06939688032903259,2.2499840000000404,0.9999680000000808,-0.046851300022846945,-0.12046839435012663,-0.16776444455120515,25.5,-0.6249920000000202,-0.2905557647332185,-0.40817380915005924,-0.4905471157097049,17.74998400000004,-1.0,-0.3480621266250944,-0.4450079968844591,-0.4056680206486718,12.25001599999996,1.2499840000000404,0.2179977312748837,0.1964757860379965,0.25720999064706374,-4.74998400000004,3.199999991920777e-05,0.3781243325918996,0.5098539931233735,0.5403580765248094,-52.99996800000008,-2.8749760000000606,0.14343900727982545,0.0023072092278919455,-0.044464016634582784,4.24998400000004,2.5,-0.5873116651791103,-0.40320402410837775,-0.42878255282474426,25.0,-1.1249920000000202,-0.34868602049407743,-0.43402184576427494,-0.4592781270734511,33.24998400000004,0.7499520000001212,-0.028377108434598678,-0.1748454218490809,-0.11717878020406408,1.7500159999999596,-4.249952000000121,0.41726599724416774,0.42075874357511367,0.4390400602010261,-6.24998400000004,9.0,-0.10344282243671385,0.15358941653315067,0.15724482289221892
2026-01-26,4.210354293126903,-2.673945575597525,29.75001599999996,-4.0,-0.041076990723262756,-0.035510741904038,-0.04724932344698276,7.0,4.75001599999996,-0.12781951732505825,-0.14517001134570534,-0.196781457136843,24.5,-1.0,-0.2590806136137274,-0.39020269801554835,-0.47587430745809267,18.5,0.7500159999999596,-0.3563623692381262,-0.43980614073327945,-0.41248669625174417,13.0,0.7499840000000404,0.2066034687309699,0.17121583522719153,0.24481092958703385,-7.24998400000004,-2.5,0.4311546145740498,0.5206046643305832,0.5497510559144646,-52.24998400000004,0.7499840000000404,0.1342221786576042,-0.019981231946562365,-0.04925883212113789,6.75001599999996,2.500031999999919,-0.5823641238019606,-0.3871390944569555,-0.4408548785142751,22.74998400000004,-2.2500159999999596,-0.33702322126916295,-0.40406006793113086,-0.44032452172403164,35.5,2.2500159999999596,-0.04648763542087363,-0.19671189152862964,-0.13475826706080204,0.7499840000000404,-1.0000319999999192,0.4148670162022467,0.4136441437547095,0.4424541122863429,-7.499968000000081,-1.2499840000000404,-0.056504122147124365,0.15059481632213506,0.16128360346179793
2026-01-27,4.222301563206234,1.1947270079331496,30.24998400000004,0.4999680000000808,-0.03543566361269062,-0.032269704908714676,-0.03696637051655286,8.50003199999992,1.5000319999999192,-0.1297535821951262,-0.14594138512022817,-0.20870276333983492,23.49996800000008,-1.0000319999999192,-0.2635010480653948,-0.3897660843749427,-0.47512725183201365,18.75001599999996,0.2500159999999596,-0.35408419720939543,-0.44704673287219454,-0.4071566556499271,12.25001599999996,-0.7499840000000404,0.19909589295736965,0.1697274919734116,0.24005936005209838,-6.000031999999919,1.2499520000001212,0.43967099546281696,0.5211315905712468,0.5509467613369061,-52.0,0.2499840000000404,0.132167024179125,-0.01755651762717335,-0.055025741779081844,5.75001599999996,-1.0,-0.5869126189336433,-0.39901537917733393,-0.4440359012356823,23.49996800000008,0.7499840000000404,-0.33354380240147746,-0.39945913365620594,-0.4342003113949678,35.50003199999992,3.199999991920777e-05,-0.04643837691634159,-0.20646021222073024,-0.13373861363627584,-0.5000319999999192,-1.2500159999999596,0.4090134046619256,0.4083465442451833,0.44071196615992986,-5.499968000000081,2.0,-0.048592653797305305,0.1545450558406871,0.16199469050293103
2026-01-28,4.250179054042361,2.787749083612656,29.5,-0.7499840000000404,-0.029185726349679197,-0.040157395269921264,-0.03844163008369248,11.25001599999996,2.7499840000000404,-0.11247000153129705,-0.12046455934971366,-0.1620935472001887,20.99996800000008,-2.5,-0.28921095335014013,-0.3996691342254862,-0.4689388635443247,18.25001599999996,-0.5,-0.3569701262138815,-0.454152576160361,-0.40207208991222965,13.0,0.7499840000000404,0.2281955247400959,0.1790284321600561,0.2326030563330024,-4.74998400000004,1.2500479999998788,0.4437979960402786,0.524156101828712,0.5206372104336726,-53.75001599999996,-1.7500159999999596,0.06590527252994337,-0.02835072462390008,-0.04648209272572066,5.5,-0.2500159999999596,-0.574928874055336,-0.39717271612008764,-0.4252166638335895,23.0,-0.4999680000000808,-0.3205133587027934,-0.3972602539372478,-0.4278780670055143,35.24998400000004,-0.2500479999998788,-0.02302217608521459,-0.21034932570350698,-0.1495057927943091,1.7500159999999596,2.250047999999879,0.44138454026157664,0.41689057143168945,0.4340262985900562,-5.24998400000004,0.2499840000000404,-0.09441920754647086,0.15217523620986287,0.1667771162981887
2026-01-29,4.2263710574112245,-2.380799663113642,29.99996800000008,0.4999680000000808,-0.043770804429857056,-0.033122728997029345,-0.03285228731674333,12.50003199999992,1.2500159999999596,-0.1101509180175791,-0.10219738226724095,-0.16628584304072197,18.74998400000004,-2.2499840000000404,-0.24184814180719255,-0.3544975959074671,-0.44427930117068487,18.5,0.2499840000000404,-0.35285523964574667,-0.4337069935617737,-0.409737459039535,13.5,0.5,0.21113492165207207,0.15929212103496213,0.2242352015049372,-5.25001599999996,-0.5000319999999192,0.4412701423007561,0.4943280091628899,0.53463498239874,-51.25001599999996,2.5,0.05423216726934678,0.013540201864581618,-0.06086508501769716,1.5,-4.0,-0.4555232990632138,-0.3347389387229966,-0.3611985171946552,22.5,-0.5,-0.3110093055557014,-0.35671698641416316,-0.42294397337640266,38.0,2.7500159999999596,-0.09183432021393018,-0.25555750400525923,-0.19985359714752973,-3.2500159999999596,-5.000031999999919,0.4767540857326413,0.4346581252351163,0.4502569467859399,2.7500159999999596,8.0,-0.16085132801743107,0.06942412365083557,0.13099180210935177
2026-01-30,4.240444781364365,1.407372395314077,28.24998400000004,-1.7499840000000404,-0.04643122798385976,-0.03588761324265903,-0.03465487705135053,17.0,4.499968000000081,-0.0880352598647093,-0.08650596502706925,-0.14850018652677313,14.5,-4.24998400000004,-0.24554792591988378,-0.3529510105512575,-0.44107018473018084,18.74998400000004,0.2499840000000404,-0.34682823725144707,-0.43169435467415246,-0.40716278013253593,13.50003199999992,3.199999991920777e-05,0.19979616133955047,0.1539254005583382,0.22311675530224268,-4.75001599999996,0.5,0.4384329058661745,0.495042529806906,0.5385620987168176,-52.50003199999992,-1.2500159999999596,0.10793064050734047,0.006711246075248574,-0.06273806087212482,-1.9999680000000808,-3.499968000000081,-0.5381464148242464,-0.334539363959244,-0.36541216291750994,23.24998400000004,0.7499840000000404,-0.29183130146771546,-0.35090054732883097,-0.41960580283099536,38.5,0.5,-0.08740619709781285,-0.2511272686759934,-0.2044017433048649,-2.7500159999999596,0.5,0.46633431357948935,0.4343800898779171,0.4509912652830239,1.5000319999999192,-1.2499840000000404,-0.1651208706530779,0.06631319262840087,0.12860319729865577
2026-02-02,4.276393807369083,3.5949026004717943,28.0,-0.2499840000000404,-0.05617746617919981,-0.03542564474340212,-0.035641642980510556,16.0,-1.0,-0.07433507363061562,-0.11310096007689778,-0.15613673597551017,14.0,-0.5,-0.24143262116738254,-0.33598830255365636,-0.44091647186783844,18.0,-0.7499840000000404,-0.3408328391365707,-0.43309263262207415,-0.41415724579270424,13.5,-3.199999991920777e-05,0.15870748586909653,0.15375316944158815,0.2198037471235948,-4.5,0.2500159999999596,0.43327377482094226,0.48778266887256655,0.5381501675299366,-54.0,-1.4999680000000808,0.08189002563540854,0.004777893097842685,-0.07052255925829086,-3.2500159999999596,-1.2500479999998788,-0.5255448803911696,-0.3556823899646202,-0.37246433001650464,22.50003199999992,-0.7499520000001212,-0.2761102133344359,-0.348337580277001,-0.4206889434132791,37.74998400000004,-0.7500159999999596,-0.10776318041989373,-0.22960288414851854,-0.21433226171499256,2.5,5.25001599999996,0.49169324510244716,0.4500007762073884,0.4660396450228038,-5.0,-6.500031999999919,-0.2414852542339035,0.013513407786058154,0.09255106000423999
2026-02-03,4.2724607057201744,-0.393310164890881,27.0,-1.0,-0.04178881633384674,-0.047717709610661,-0.03155306828304147,16.24998400000004,0.2499840000000404,-0.08408228007900259,-0.08515148289778612,-0.15872695307899998,13.50003199999992,-0.4999680000000808,-0.23302092066825322,-0.31947424907067457,-0.4360945643417491,17.49996800000008,-0.5000319999999192,-0.3361013701575975,-0.4238653087694534,-0.41812185246596234,14.00003199999992,0.5000319999999192,0.17298735061842868,0.14978363224438113,0.2137913991592093,-5.25001599999996,-0.7500159999999596,0.4241870878557564,0.4674117668766093,0.5404331888144255,-56.5,-2.5,0.07131409487280338,-0.003903231995428787,-0.07115984230078203,-0.7500159999999596,2.5,-0.5064856717792882,-0.33788466793947225,-0.369345098477428,23.00003199999992,0.5,-0.26411192069209005,-0.3305628347486602,-0.41618283264232797,37.74998400000004,0.0,-0.12555181017417177,-0.23903501204401545,-0.23348307965591708,3.5,1.0,0.5033065846027958,0.4381133257688744,0.4686673616497647,-7.0,-2.0,-0.2566903879611969,0.008468054051903704,0.09493221416208977
2026-02-04,4.276518401088516,0.4057695368341996,23.0,-4.0,-0.05147809171542396,-0.0552761854697826,-0.020403685353924523,18.24998400000004,2.0,-0.07265350100015418,-0.0888131649273943,-0.15487408107131273,12.00003199999992,-1.5,-0.23087068560368543,-0.31115548620397676,-0.4228970489403436,17.99996800000008,0.5,-0.33862792415466425,-0.4071096146077331,-0.408198166540961,14.00003199999992,0.0,0.17331481761105508,0.16427601570947567,0.1841154377162398,-4.25001599999996,1.0,0.414843226690705,0.4556806726390322,0.5344129288570404,-55.0,1.5,0.06243349802242015,-0.015350507231309799,-0.02783401799919471,-2.7500159999999596,-2.0,-0.49760247210755776,-0.3463227540076542,-0.39380668314213674,20.75001599999996,-2.2500159999999596,-0.25816182016138745,-0.3121600559138614,-0.4025705746078589,38.75001599999996,1.0000319999999192,-0.15284642198763748,-0.2682891472824977,-0.24866983848261456,4.24998400000004,0.7499840000000404,0.5621651729728956,0.45300567525410856,0.45149818541367165,-5.25001599999996,1.7499840000000404,-0.2663045844790063,0.019011210055165068,0.10638469362751352
2026-02-05,4.208833777283382,-6.768462380513451,18.0,-5.0,0.017360148029905126,0.02124066987268736,0.048265948706712795,22.25001599999996,4.000031999999919,-0.1512457334420158,-0.16427286345983472,-0.20152454157616137,12.74998400000004,0.7499520000001212,-0.24017537207014017,-0.2942402648210479,-0.4138576328198774,18.5,0.5000319999999192,-0.3051336099102846,-0.384913795626745,-0.3999701211886945,13.24998400000004,-0.7500479999998788,0.1990883153106193,0.21165272077617542,0.2013114310681322,-4.999968000000081,-0.7499520000001212,0.41142118523307747,0.4673645036336012,0.5133503064747377,-57.0,-2.0,0.17270359198942242,0.02519660588476072,0.00437377635981277,-1.2499840000000404,1.5000319999999192,-0.5669161717959621,-0.35545100939552093,-0.3786301814581467,21.99996800000008,1.2499520000001212,-0.24621082435442676,-0.3454039575290714,-0.42468513466158403,41.50003199999992,2.7500159999999596,-0.3581286599781443,-0.2917618211457649,-0.2548951128407985,-0.7500159999999596,-5.0,0.6571554219035154,0.530569358080746,0.4831224538248891,-2.7500159999999596,2.5,-0.27944774784454135,-0.09854023917465463,0.07099248533473598
2026-02-06,4.205001413656243,-0.38323636271391237,20.24998400000004,2.2499840000000404,-0.023261532080911352,0.011804785742111986,0.04560412601467787,22.25001599999996,0.0,-0.10250535485189298,-0.15532134125557628,-0.2015537951043971,13.75001599999996,1.0000319999999192,-0.24237947802494728,-0.29991113838249206,-0.41544639263169925,18.74998400000004,0.2499840000000404,-0.3144180027775307,-0.3801903835926937,-0.41293521576646747,12.5,-0.7499840000000404,0.22956503749762014,0.21091500306741665,0.20569649080335628,-6.0,-1.0000319999999192,0.4067505423769146,0.4676637601282362,0.5139048678311182,-55.25001599999996,1.7499840000000404,0.11431632955960863,0.016097788989628558,0.002663754065411573,-1.2499840000000404,0.0,-0.5315159628885682,-0.35388232399904124,-0.37922965073368875,24.0,2.000031999999919,-0.2650471413692534,-0.3398565509201279,-0.4246942972660344,40.75001599999996,-0.7500159999999596,-0.2597318386833725,-0.2921588179575387,-0.25780652017099215,1.2499840000000404,2.0,0.5996653944926839,0.5209025945117345,0.48098698764983,-8.5,-5.74998400000004,-0.18227539783478008,-0.07896146448435364,0.07929619944546672
2026-02-09,4.197102001470006,-0.7899412186237242,24.50003199999992,4.250047999999879,-0.1643381775839242,0.008333842493560142,0.03470969372467884,19.74998400000004,-2.500031999999919,-0.02891549509612325,-0.14389849730647236,-0.1910925529195673,14.62502399999994,0.8750079999999798,-0.30998286815369436,-0.2939224031442405,-0.41414537165643645,17.37497600000006,-1.3750079999999798,-0.33823278530990053,-0.37614813009952697,-0.4054809442149098,10.5,-2.0,0.28483494067975296,0.21566896677309544,0.20973131789574626,-8.37497600000006,-2.3749760000000606,0.6053605882061995,0.4596045099192897,0.5081538166349207,-51.37500799999998,3.87500799999998,0.23167465453881944,0.013377317123736012,-0.011781563549971749,-2.0,-0.7500159999999596,-0.5239608175940011,-0.34510850666226367,-0.3748246416641827,25.87500799999998,1.8750079999999798,-0.3249246195815882,-0.33863731385585155,-0.4248904634861341,36.62502399999994,-4.12499200000002,-0.22498310576649344,-0.25370475466908743,-0.23079650447228833,8.749952000000121,7.499968000000081,0.476454698730599,0.44632757242318893,0.4284997487889158,-24.1249600000001,-15.624960000000101,-0.15040177934600527,-0.04850467866105786,0.0861155796602161
2026-02-10,4.143652955240477,-5.3449046229528285,25.0,0.4999680000000808,-0.1590589704257688,0.015620077148515873,0.03341441578880726,21.75001599999996,2.000031999999919,-0.11608114132493794,-0.1811547636413949,-0.21103865407350436,15.74998400000004,1.124960000000101,-0.5062918570865467,-0.30562788953930153,-0.4192516190890888,16.5,-0.8749760000000606,-0.2504822111352523,-0.3079022250824385,-0.3644974149031077,9.5,-1.0,0.43524299175330905,0.23515017924421783,0.2214089296748583,-8.25001599999996,0.12496000000010099,0.5522915853397297,0.4396280150492193,0.49912393558850077,-51.5,-0.1249920000000202,0.23294569516861768,0.03452559400206953,-0.016302264933561215,0.5,2.5,-0.5785361028494601,-0.40054235081418993,-0.3964897655800516,33.25001599999996,7.37500799999998,-0.5393200699223399,-0.4115429217528344,-0.4628522978581663,29.24998400000004,-7.375039999999899,0.12582535837543943,-0.024236860719064435,-0.09118901893665596,10.5,1.7500479999998788,0.4690185968483625,0.402493735666707,0.39882608505172046,-27.75001599999996,-3.6250559999998586,-0.10190834859832086,-0.02995050612042766,0.1015291778550167
2026-02-11,4.180146389211559,3.64934339710814,26.74998400000004,1.7499840000000404,-0.10397546460435247,0.014185631522475284,0.0350036275047629,20.75001599999996,-1.0,-0.16996261170653537,-0.16078321646461924,-0.21364354682210762,14.75001599999996,-0.9999680000000808,-0.49382292359431634,-0.2966745279147098,-0.4130670338163917,16.24998400000004,-0.2500159999999596,-0.2774746363472171,-0.310226270107146,-0.36100585074541386,10.24998400000004,0.7499840000000404,0.4612508462396241,0.2482936151643389,0.21989678407466307,-7.499968000000081,0.7500479999998788,0.5680500052786371,0.4294938369648894,0.5059612163491604,-50.75001599999996,0.7499840000000404,0.31273667696821494,0.12307903524186599,-0.011412312196200215,0.5000319999999192,3.199999991920777e-05,-0.554973503139317,-0.43632366932689176,-0.3880975226074301,32.24998400000004,-1.0000319999999192,-0.5812653502311858,-0.4135277186324825,-0.45601959057754,30.5,1.2500159999999596,0.1522111987441617,0.04937014540748734,-0.07417049320941363,8.24998400000004,-2.2500159999999596,0.4067777128839089,0.3680878890524898,0.36490910099710644,-24.49996800000008,3.250047999999879,-0.07122453474237085,-0.03749247538923542,0.1117334868953514
2026-02-12,4.102874610617692,-7.727177859386636,26.25001599999996,-0.4999680000000808,0.02193302344172156,0.01964185661758301,0.033139074124035786,27.49996800000008,6.749952000000121,-0.4474043625428598,-0.26589748974834937,-0.2888188086314887,12.00003199999992,-2.7499840000000404,-0.31936180403285763,-0.2057993388756899,-0.33235662831895557,15.74998400000004,-0.5,-0.13839201103944573,-0.25618446102292264,-0.33472223227170783,9.24998400000004,-1.0,0.5204221593593563,0.27783712285415296,0.24818661199820008,-8.74998400000004,-1.2500159999999596,0.5930517259327249,0.43316259828827913,0.5084786024609828,-49.74998400000004,1.0000319999999192,0.18137351294967516,0.09457450171990481,-0.018434102051724636,3.999968000000081,3.4999360000001616,-0.6039496573195936,-0.4832760231936865,-0.43387446562478943,31.25001599999996,-0.9999680000000808,-0.517078884980779,-0.3596182925159723,-0.4093438918506941,28.75001599999996,-1.7499840000000404,0.22084352481460867,0.09206551829687268,-0.04654018933650877,6.999968000000081,-1.2500159999999596,0.4160657561575106,0.3699340986936282,0.36096681553379883,-33.74998400000004,-9.25001599999996,0.11197774326385197,0.07251562957947723,0.1804024411133451
2026-02-13,4.054998780021819,-4.78758305958733,25.74998400000004,-0.5000319999999192,0.06834323821248467,0.030293017398429968,0.03919190196369441,34.75001599999996,7.250047999999879,-0.49711700690217553,-0.34479692405024437,-0.33291695365885116,9.5,-2.500031999999919,-0.2773531749955243,-0.15241684535539105,-0.2931038247734063,14.0,-1.7499840000000404,-0.040300655254937985,-0.1798200165448646,-0.28921758247242524,8.75001599999996,-0.4999680000000808,0.5226229042454322,0.2920815766155021,0.25506454288659247,-9.50003199999992,-0.7500479999998788,0.6092540650025944,0.4312946132931657,0.5094512365605449,-50.25001599999996,-0.5000319999999192,0.20943243226882527,0.09019343046229553,-0.009399592196247725,8.25001599999996,4.250047999999879,-0.6330541329829666,-0.5546368162176216,-0.4605818794884549,32.25001599999996,1.0,-0.5312422820817164,-0.3496137263113511,-0.4109089134733418,24.99996800000008,-3.750047999999879,0.29145345366113523,0.15944505852830984,-0.0059715898236811955,9.25001599999996,2.250047999999879,0.34457522154858006,0.33075727259780496,0.33103906970682956,-40.5,-6.75001599999996,0.16518944748708161,0.10766503122334846,0.20327380413656598
2026-02-17,4.053058673595049,-0.19401064267698942,27.0,1.2500159999999596,0.2352972507565851,0.027136756127754673,0.03758231424160775,34.0,-0.7500159999999596,-0.5694915858964124,-0.3452607405240054,-0.33187729036879543,9.75001599999996,0.2500159999999596,-0.2998052508199307,-0.1516129525911066,-0.29300214169625133,13.99996800000008,-3.199999991920777e-05,0.19599467446159066,-0.1818280336306113,-0.28941311307834927,8.50003199999992,-0.2499840000000404,0.4109836543974101,0.2914280944272451,0.2646345998271411,-9.25001599999996,0.2500159999999596,0.6046595655048395,0.4306483183898046,0.5084287494138408,-50.5,-0.2499840000000404,0.10523910716944904,0.09415909647163194,-0.01434375386555652,6.5,-1.7500159999999596,-0.6532153191715373,-0.5508774945461553,-0.45581178076893214,34.75001599999996,2.5,-0.4384511288087068,-0.3460843910288032,-0.40870892181723345,24.24998400000004,-0.7499840000000404,0.3036211593030807,0.1582667686674901,-0.0049630694872012555,9.0,-0.2500159999999596,0.33482953795177667,0.3303208680041669,0.3356238813579505,-40.25001599999996,0.2499840000000404,0.147278788776449,0.10934684639588227,0.2025017221543852
2026-02-18,4.0798192667321125,2.676059313706336,27.24998400000004,0.2499840000000404,0.20619458485103376,0.027181760716853843,0.04103554733185143,32.5,-1.5,-0.5523623656530635,-0.3679608487588007,-0.33881700063715764,9.5,-0.2500159999999596,-0.13777319885308037,-0.13375212698750444,-0.29281102460843883,14.5,0.5000319999999192,0.11641415706682849,-0.15076459376445314,-0.2785080637075973,9.5,0.9999680000000808,0.4349664846421318,0.29842181672310986,0.2725870059276204,-8.5,0.7500159999999596,0.5192549710107631,0.4192737383232791,0.5111976474809752,-54.49996800000008,-3.999968000000081,-0.21484081494984578,0.028238262172826014,-0.028032545759291132,10.24998400000004,3.7499840000000404,-0.43483729889570916,-0.4864568444938187,-0.42145846290348804,31.5,-3.2500159999999596,-0.37137012545816694,-0.3513608513000527,-0.41721420677676846,26.0,1.7500159999999596,0.28669978720777844,0.19170464626336645,0.010448629434998167,8.0,-1.0,0.27652679431989,0.3210750528095285,0.3264411306225382,-34.0,6.25001599999996,0.2030953429775907,0.11699604830158729,0.21609610271075902
2026-02-19,4.074047958716294,-0.5771308015818377,28.25001599999996,1.0000319999999192,0.2815089157650975,0.008864207777283547,0.039979583015748645,30.74998400000004,-1.7500159999999596,-0.6176649581261285,-0.3428281754958801,-0.34158960864081334,9.5,0.0,-0.07430491207647771,-0.14596030460863132,-0.28278200912819373,14.5,0.0,0.15830705692100774,-0.14828879813600776,-0.27703756837612986,10.24998400000004,0.7499840000000404,0.4291123645693015,0.2942744991759451,0.2652959313868044,-9.24998400000004,-0.7499840000000404,0.5383233443255047,0.411964757788919,0.5092384272837854,-48.24998400000004,6.24998400000004,-0.13246851118396027,0.025917230494204937,-0.024349829332507348,7.74998400000004,-2.5,-0.4346151685675482,-0.4702146979147345,-0.4210618436249686,31.24998400000004,-0.2500159999999596,-0.3550361000148894,-0.3544302623952497,-0.4208460517568308,25.50003199999992,-0.4999680000000808,0.28721533576833924,0.1830957545527504,0.014812630176121852,6.74998400000004,-1.2500159999999596,0.2549889766969214,0.32152935664641497,0.33844174728688087,-31.75001599999996,2.2499840000000404,0.2364729200801462,0.1180537633068414,0.20853078609902242
2026-02-20,4.083562321719609,0.9514363003314763,26.0,-2.2500159999999596,0.2504126697772585,0.0006213441621612054,0.02395535530796989,33.5,2.7500159999999596,-0.5983128883346998,-0.3288515026096514,-0.3264157409971841,8.5,-1.0,-0.0725945603227977,-0.1475272777092795,-0.26950837501928776,15.5,1.0,0.1940841478974195,-0.14752134613148205,-0.2791851910415725,9.0,-1.2499840000000404,0.37950129107915515,0.28325493123359957,0.26494452701602667,-8.5,0.7499840000000404,0.557705132420272,0.41521848529143757,0.5057549545594531,-37.75001599999996,10.49996800000008,-0.0025718669326672138,0.06869603006098127,-0.029545787940851928,5.5,-2.2499840000000404,-0.45162080420306916,-0.5170930400822008,-0.4083863626613061,31.5,0.2500159999999596,-0.35555687270510616,-0.34837383569897445,-0.42051922757388555,24.0,-1.5000319999999192,0.2677343819696615,0.16357999068321555,0.03079718462532153,7.24998400000004,0.5,0.2706592355944051,0.3153594807115535,0.33210601721510186,-31.49996800000008,0.2500479999998788,0.23492784945213938,0.13694116410073354,0.21445012577568712
2026-02-23,4.02613301526315,-5.742930645645927,27.25001599999996,1.2500159999999596,0.1803416366732785,-0.019244039954596746,0.012640314987854569,33.99996800000008,0.4999680000000808,-0.538036848568388,-0.3129232796855842,-0.324369340592625,10.25001599999996,1.7500159999999596,-0.18485689167494793,-0.17792891261616223,-0.280948978548374,14.25001599999996,-1.2499840000000404,0.2798689448777878,-0.09877339746754771,-0.2319435090690859,7.999968000000081,-1.0000319999999192,0.4582652794562845,0.30208771554511854,0.2797757379691108,-9.24998400000004,-0.7499840000000404,0.563167242729273,0.4165011178127191,0.5113727114876856,-32.24998400000004,5.500031999999919,-0.10807222276790455,0.012176612157772257,-0.0671598174668629,1.9999680000000808,-3.500031999999919,-0.31262474339862995,-0.4298871437916618,-0.3514400846538551,38.50003199999992,7.000031999999919,-0.4643645991513496,-0.40504543176805724,-0.45755002431303354,19.24998400000004,-4.75001599999996,0.35682487096873056,0.23240225980525672,0.09772233101408347,5.74998400000004,-1.5,0.30187130981567367,0.3257659549147618,0.3402432610746336,-31.99996800000008,-0.5,0.24360348023270603,0.1340631143238443,0.21466441805603442
2026-02-24,4.031826191463607,0.5693176200457728,27.75001599999996,0.5,0.15607053848904398,-0.007605935224468644,0.011734261597997736,33.99996800000008,0.0,-0.536408053271706,-0.3304047784759213,-0.32115599915551507,10.25001599999996,0.0,-0.1772961282728519,-0.16877034080032416,-0.2770206631582962,13.75001599999996,-0.5,0.3166961945499708,-0.090900427402875,-0.22024630109464155,7.499968000000081,-0.5,0.49972006969756866,0.3086009770252913,0.27536489060396174,-8.49996800000008,0.7500159999999596,0.5929031178719811,0.4258546549004893,0.5069314674455464,-32.74998400000004,-0.5,-0.11993829551049817,0.004492263367887083,-0.0796336193207579,3.499968000000081,1.5,-0.2763976317812317,-0.40806845195451324,-0.32847244259578157,37.25001599999996,-1.2500159999999596,-0.5200460370521597,-0.423485019251127,-0.45841672916274134,20.25001599999996,1.0000319999999192,0.41131796261374987,0.25763442650677604,0.10594884143431216,4.499968000000081,-1.2500159999999596,0.2797450802052133,0.31645154905003897,0.3309873789010436,-30.99996800000008,1.0,0.2522598042528083,0.15116127405370075,0.21287711584334174
2026-02-25,4.047085821954598,1.525963049099044,28.75001599999996,1.0,0.1649264350100797,-0.0025146335477662287,0.01491617706086233,32.25001599999996,-1.7499520000001212,-0.5602101388317973,-0.3387391248821938,-0.3275908097894954,8.49996800000008,-1.7500479999998788,-0.1932708897870751,-0.17630834731051043,-0.28039219132809584,13.50003199999992,-0.2499840000000404,0.2974987972801496,-0.09313642921635278,-0.22377269246585646,7.74998400000004,0.2500159999999596,0.5401144978895585,0.3103567991689284,0.2784871111717625,-7.0,1.4999680000000808,0.595384325757715,0.43296449738161474,0.5092653750286406,-27.74998400000004,5.0,-0.06782126467625421,0.01940781518441366,-0.06791639054556044,-1.0,-4.499968000000081,-0.30624382254528004,-0.41351247609700487,-0.33472900062477534,34.62502399999994,-2.62499200000002,-0.5434968699809561,-0.42971694855712067,-0.46123281980393815,21.99996800000008,1.7499520000001212,0.42690122604735253,0.26620420886869306,0.11074248197269063,5.87500799999998,1.375039999999899,0.30960612408187316,0.32143018558721664,0.3334295685642068,-31.0,-3.199999991920777e-05,0.24297311061537138,0.15143963485665232,0.21397765475412342
2026-02-26,4.016486212879452,-3.0599609075145473,29.0,0.2499840000000404,0.18449696656788617,-0.006781919056441729,0.009272431712788971,36.25001599999996,4.0,-0.6260290107422025,-0.3546716837407509,-0.3372314001193313,5.999968000000081,-2.5,-0.09622999438685373,-0.1498979454501597,-0.2571899264710573,13.00003199999992,-0.5,0.33494976621572864,-0.07956245851375966,-0.21822350088267098,7.24998400000004,-0.5,0.5086522390876254,0.32375120891542075,0.28299436054630606,-8.75001599999996,-1.7500159999999596,0.5678635696401939,0.44037975300551147,0.5136841484492372,-11.0,16.74998400000004,-0.10647323955566877,-0.07286836124716316,-0.12031088206703285,-9.5,-8.5,-0.18865583876314534,-0.297354198322987,-0.24594937039366355,34.25001599999996,-0.3750079999999798,-0.5229206713163547,-0.4175936370302705,-0.4530310865540229,21.74998400000004,-0.2499840000000404,0.4222405167162085,0.27369177293856556,0.10924039020268639,5.5,-0.3750079999999798,0.28673769936843546,0.32307795056901367,0.3321368887431826,-32.25001599999996,-1.2500159999999596,0.23187612911625807,0.14659563683299195,0.2131822574278688
2026-02-27,3.9611609221178803,-5.5325290761572,27.74998400000004,-1.2500159999999596,0.21715015336333493,0.00014541415009465444,0.029082423219266334,40.5,4.24998400000004,-0.6513664912936609,-0.37631558914552016,-0.3521303532572908,4.5,-1.4999680000000808,-0.07910981364558292,-0.12853006471075848,-0.22111160389815954,12.74998400000004,-0.2500479999998788,0.337781681191167,-0.06677765999630311,-0.18252733382837552,5.500031999999919,-1.7499520000001212,0.592250096242283,0.35294227986451315,0.30666755714270255,-9.25001599999996,-0.5,0.560848130872068,0.4301864602279945,0.4833265895433441,-7.25001599999996,3.7499840000000404,-0.12183231665839074,-0.08063995323133648,-0.10386710443828616,-8.0,1.5,-0.24484243984946938,-0.31542911398231366,-0.2625071665025078,34.24998400000004,-3.199999991920777e-05,-0.4982017839048745,-0.4055563091461132,-0.4208923271603427,19.50003199999992,-2.249952000000121,0.4846633768806527,0.2951531446994397,0.1309188738491411,5.74998400000004,0.2499840000000404,0.2715701736329658,0.31259967185258397,0.3201004238029945,-36.5,-4.24998400000004,0.3085415279992308,0.17425311627009368,0.21282006163094655
2026-03-02,4.050769778490225,8.960885637234473,26.24998400000004,-1.5,0.1243230763879725,-0.012942778631424503,0.008276995428384792,40.0,-0.5,-0.6774168839636977,-0.3810660354736122,-0.3506762874854472,-0.2500159999999596,-4.75001599999996,-0.31395247408322347,-0.2260573160694639,-0.294524533005032,13.75001599999996,1.0000319999999192,0.4603935422095813,-0.0008997027295324947,-0.12703846040122743,8.25001599999996,2.7499840000000404,0.7328218917569351,0.42817712508168726,0.3798501128056176,-7.75001599999996,1.5,0.6258369622968154,0.45137872995294925,0.49871762620554416,-7.75001599999996,-0.5,-0.15154732857077288,-0.07744670586224132,-0.11382394910831695,-7.75001599999996,0.2499840000000404,-0.15406375997591948,-0.306296305656232,-0.2376531153843521,27.75001599999996,-6.499968000000081,-0.6462745440928875,-0.47292648475581983,-0.4803072538462706,22.75001599999996,3.2499840000000404,0.5648424021042928,0.36155570238879386,0.1929948339913904,9.74998400000004,4.0,0.3789372650489867,0.3593746522912432,0.3654453724044334,-39.0,-2.5,0.24264903802258628,0.13126064485615332,0.1812165109171711
2026-03-03,4.056491969510752,0.5722191020526957,24.24998400000004,-2.0,0.11040722358726052,-0.024567073049873673,0.008007153468707328,40.00003199999992,3.199999991920777e-05,-0.6676169062661762,-0.36457620771247345,-0.36186233874857865,-0.7500159999999596,-0.5,-0.32910013474256294,-0.22610825099219403,-0.2841634262756106,14.5,0.7499840000000404,0.5283056762319249,0.024526222660338767,-0.11457973165791116,9.0,0.7499840000000404,0.744685446517796,0.4119973966452583,0.38474484266982967,-7.25001599999996,0.5,0.6310579755315581,0.44846713648280073,0.49488728728397535,0.2499840000000404,8.0,-0.08218873271619827,-0.058527391444703904,-0.10507631622158166,-14.24998400000004,-6.499968000000081,-0.16740829726121614,-0.2931945644761245,-0.23706758279618634,26.25001599999996,-1.5,-0.6549951238029164,-0.4656848987747958,-0.47951580987640946,26.49996800000008,3.749952000000121,0.577394576184205,0.35915340549262104,0.2148430627578533,10.50003199999992,0.7500479999998788,0.3145539980827303,0.3547862832724436,0.35955991883487104,-41.50003199999992,-2.500031999999919,0.3090032092391839,0.11920982871322314,0.17856311445121645
2026-03-04,4.081425551843665,2.4933582332913318,26.75001599999996,2.500031999999919,0.16096683601287692,-0.004581756588745401,0.007953932149865773,35.49996800000008,-4.500063999999838,-0.6765885335727655,-0.38624817141139806,-0.36006494192250543,0.7500159999999596,1.5000319999999192,-0.2505462304266339,-0.20205738508623816,-0.2588333485273949,16.0,1.5,0.5582215475019301,0.05094057946412989,-0.085684427958537,9.5,0.5,0.7549573933230378,0.42659273462941866,0.3891575014686288,-7.24998400000004,3.199999991920777e-05,0.6345141636971082,0.4417929081336581,0.47781850761801925,1.2500159999999596,1.0000319999999192,-0.09078209500753957,-0.07255658960202556,-0.10814863720514765,-16.50003199999992,-2.250047999999879,-0.19576346558570182,-0.2949800991423835,-0.23333825269065062,27.25001599999996,1.0,-0.6312579058819183,-0.45368678403998586,-0.4637249637424519,27.5,1.0000319999999192,0.5853183655676705,0.3651830486072943,0.21945160380893644,13.5,2.999968000000081,0.34328609416444517,0.3695062405659285,0.3637575383329473,-46.74998400000004,-5.249952000000121,0.2694849611200585,0.0981879327863128,0.1580182209609134
2026-03-05,4.145048829854145,6.362327801047929,28.5,1.7499840000000404,0.2603119510490713,0.014751850926373817,0.019492364720803432,34.0,-1.4999680000000808,-0.6920025750699896,-0.4006763715041438,-0.37495970894946906,-2.0,-2.7500159999999596,-0.32096776181114367,-0.2332189211272018,-0.2800279014896349,15.75001599999996,-0.2499840000000404,0.49994693661022244,0.03771343827370624,-0.0738326958541949,10.99996800000008,1.4999680000000808,0.7841033246500159,0.45337261180705324,0.42208719110719256,-5.999968000000081,1.2500159999999596,0.6735681374395548,0.4549211012821088,0.48367690763434845,4.0,2.7499840000000404,-0.08343511430672873,-0.06501891495982166,-0.09421098211745585,-24.0,-7.499968000000081,-0.31425503216324374,-0.35531490434387836,-0.29977624561656785,28.5,1.2499840000000404,-0.5587812183647884,-0.4209610330896709,-0.4290811306457653,31.0,3.5,0.6279387494856196,0.40082670234156714,0.2485801703618445,12.5,-1.0,0.2684624559830576,0.3745021482776805,0.3492964542678683,-45.5,1.2499840000000404,0.2968169802464889,0.10535410406181606,0.17125283737184707
2026-03-06,4.131487067212698,-1.3561762641446151,28.0,-0.5,0.08944299735089309,0.0029534682025339157,0.023913812859037004,34.74998400000004,0.7499840000000404,-0.6680736693934414,-0.40155244387478445,-0.380629002532274,-1.4999680000000808,0.5000319999999192,-0.2819447419534258,-0.23103140665798672,-0.26889459617784095,15.99996800000008,0.2499520000001212,0.5862066154239416,0.059754184084501116,-0.06036307668146786,11.25001599999996,0.2500479999998788,0.7862563222776306,0.45357074498861,0.43354349503630585,-7.5,-1.5000319999999192,0.6557733839393448,0.462734268777322,0.5004395324687826,6.499968000000081,2.499968000000081,-0.17443766506897318,-0.06355589596674613,-0.08991585960610453,-30.49996800000008,-6.499968000000081,-0.24886304448788005,-0.3331909265732613,-0.2721467462080882,35.74998400000004,7.24998400000004,-0.5336672874470237,-0.40983560081532683,-0.4372230878996329,32.74998400000004,1.7499840000000404,0.7495488954327595,0.382468545512868,0.29657059183226997,8.25001599999996,-4.24998400000004,0.14491795566776997,0.380116218795061,0.3622384151609997,-43.0,2.5,0.37520902793762595,0.11319443006345906,0.13117402911634235
2026-03-09,4.133411606687519,0.1924539474820186,34.37500799999998,6.37500799999998,0.09031827120901328,-0.005657370834441643,0.021113997050479838,19.99996800000008,-14.75001599999996,-0.4652084776565547,-0.31250408438800475,-0.31183485880901796,7.500031999999919,9.0,-0.15145767250469963,-0.18996339181610866,-0.22930922280650867,14.87500799999998,-1.124960000000101,0.5616953113551691,0.05776868077209909,-0.05482671123128603,8.49996800000008,-2.750047999999879,0.6889038052042883,0.4481138075881933,0.41056008065443816,-6.62499200000002,0.8750079999999798,0.6605607322657437,0.45834847462966744,0.49948274808499293,-22.5,-28.99996800000008,-0.12061515006915804,-0.06425057069303411,-0.07404760769141269,-8.74998400000004,21.74998400000004,-0.12258445866140981,-0.2015291777504778,-0.1847745228478748,32.0,-3.7499840000000404,-0.5237995255590128,-0.4123036218206837,-0.42961174726683726,27.37497600000006,-5.37500799999998,0.6908198352217656,0.4104902979567306,0.27652605258795937,9.25001599999996,1.0,0.14780555981436044,0.34315931003688804,0.35875542749230854,-39.5,3.5,0.3775700669924811,0.15231435138167415,0.13980553824414146
2026-03-10,4.135337516511122,0.1925909823603078,34.0,-0.3750079999999798,0.10592554524882912,-0.05737011932689814,0.02322123099852455,17.24998400000004,-2.7499840000000404,-0.471160364975941,-0.32227577088658965,-0.31047196843457836,9.25001599999996,1.7499840000000404,-0.14277607846419169,-0.20024391015886195,-0.2222287481241879,15.25001599999996,0.3750079999999798,0.5837744340757096,0.1149360704983119,-0.059913586979914134,9.74998400000004,1.2500159999999596,0.7060718803223046,0.5457562576438878,0.4095414233568729,-7.25001599999996,-0.6250239999999394,0.7307861843400789,0.6495894966762571,0.494672316105762,-24.25001599999996,-1.7500159999999596,-0.12129870463197719,-0.05484475754359082,-0.07370925054587102,-8.5,0.2499840000000404,-0.12229861418542219,-0.20024518889521153,-0.18235187117261686,33.24998400000004,1.2499840000000404,-0.521357692685536,-0.4569416507656655,-0.4274166023072842,27.50003199999992,0.1250559999998586,0.7090486304414774,0.40863303312686255,0.27661484181480106,9.74998400000004,0.4999680000000808,0.21888633772530847,0.342278997538729,0.35629354134421143,-36.75001599999996,2.7499840000000404,0.47755738950877563,0.14606190364754365,0.13784115918968998
2026-03-11,4.205232856507525,6.989533999640329,30.99996800000008,-3.000031999999919,-0.04200121011208791,-0.09530567999712056,0.004111302221984879,19.50003199999992,2.250047999999879,-0.38332726632352015,-0.3052732810135984,-0.2895629852604666,5.499968000000081,-3.750047999999879,-0.19979469543851247,-0.27798930639918523,-0.25833383056116915,15.25001599999996,0.0,0.5257893061441782,0.17227418421967575,-0.04446652778677633,10.75001599999996,1.0000319999999192,0.7005668177105688,0.5936345729858779,0.41773527618459816,-5.25001599999996,2.0,0.8000685626457967,0.6806532352217723,0.5194583888658354,-26.5,-2.2499840000000404,-0.1630976137547011,-0.07300542023177636,-0.08093180219784923,-7.24998400000004,1.2500159999999596,-0.0690993778633015,-0.17876403033010022,-0.1708383175700232,26.49996800000008,-6.75001599999996,-0.5426510369257215,-0.5396602578448118,-0.47156285344918153,31.50003199999992,4.0,0.7260405312250038,0.47674270275103325,0.332511369241246,10.99996800000008,1.2499840000000404,0.32819258217587216,0.37835107095621634,0.35978409012281826,-35.24998400000004,1.5000319999999192,0.45999033377534737,0.15031188257818598,0.1420038270410941
2026-03-12,4.270726269751425,6.549341324390046,29.74998400000004,-1.2499840000000404,-0.12125429384195267,-0.10072330658850769,-0.01578198143341635,17.75001599999996,-1.7500159999999596,-0.3866759395282487,-0.32108899415162,-0.288767737192121,3.2500159999999596,-2.249952000000121,-0.2274718552896537,-0.29394015886956143,-0.2673485343317772,12.74998400000004,-2.500031999999919,0.24525268217213683,0.032438766865980746,-0.1060985284995797,12.5,1.7499840000000404,0.7229099730168885,0.6226668597444367,0.44440986419940187,-3.2500159999999596,2.0,0.8191102604868417,0.7019292642374763,0.5298069720603541,-31.25001599999996,-4.75001599999996,-0.20223268314997034,-0.09749157559738303,-0.08102674933063236,-5.999968000000081,1.2500159999999596,-0.05057914967379506,-0.15866747297367406,-0.16744115155515119,19.74998400000004,-6.74998400000004,-0.5982500585395685,-0.5908774031590807,-0.5058337418906531,33.24998400000004,1.7499520000001212,0.7233471707389612,0.48790629257320883,0.38246054335344054,10.00003199999992,-0.9999360000001616,0.3330840813587093,0.3475133591246293,0.33441834588996877,-28.50003199999992,6.749952000000121,0.5082825096846276,0.1985913581246218,0.16997372110076925
2026-03-13,4.2835557140756375,1.282944432421207,28.25001599999996,-1.4999680000000808,-0.17131223869329143,-0.038924410728458994,-0.015128181494601031,17.0,-0.7500159999999596,-0.2791420058505551,-0.3477326011832296,-0.2887220803086001,2.5,-0.7500159999999596,-0.34140267194875873,-0.3021491826295922,-0.27076573892614153,12.75001599999996,3.199999991920777e-05,0.23521073437661968,0.07872677509387609,-0.10175611937436586,12.74998400000004,0.2499840000000404,0.7199600095945586,0.6255885013580966,0.4465213508472656,-4.25001599999996,-1.0,0.7692529325563711,0.6858851346187713,0.5228851852132166,-32.0,-0.7499840000000404,-0.22420462297943652,-0.12115384942880732,-0.08407937250519987,-5.74998400000004,0.2499840000000404,0.011018744333403802,-0.1417461853737759,-0.16351728529158654,18.74998400000004,-1.0,-0.67347608310428,-0.6032407843352361,-0.5072396868418843,31.74998400000004,-1.5,0.7228635703001933,0.48936658953936657,0.37509214768330534,10.75001599999996,0.7499840000000404,0.29219437951971416,0.3522861778925571,0.3372024254734954,-29.0,-0.4999680000000808,0.36629173093625333,0.20865812146695445,0.16944202240470577
2026-03-16,4.218933927175947,-6.4621786899690115,25.25001599999996,-3.0,-0.04696184168627239,0.030677299931318444,0.01665595039358449,20.24998400000004,3.2499840000000404,-0.2396575356743873,-0.36781443301785044,-0.317880047766876,4.74998400000004,2.2499840000000404,-0.46415584468130433,-0.34400941401873514,-0.28660951243664257,12.50003199999992,-0.2499840000000404,0.13047849714299692,0.07215066246317067,-0.08235222816236569,13.24998400000004,0.5,0.6403276918756083,0.5887607967541003,0.4289177801607529,-6.5,-2.2499840000000404,0.8033635067252983,0.7144037889395622,0.5406992683129499,-30.24998400000004,1.7500159999999596,-0.23709605943892303,-0.12318973152468629,-0.09444948778248499,-3.2500159999999596,2.499968000000081,0.020287521799225904,-0.15441394427949443,-0.18925862165931628,21.0,2.2500159999999596,-0.6833661285968696,-0.6143243492321908,-0.5074588913380093,29.74998400000004,-2.0,0.6973817301597282,0.5056640499151577,0.3987406953835542,11.25001599999996,0.5,0.3596426764322769,0.32865056817243365,0.32148796474822466,-31.24998400000004,-2.2499840000000404,0.3090826220644104,0.2210411934647388,0.17344722225568068
2026-03-17,4.2013793058971345,-1.755462127881291,22.75001599999996,-2.5,-0.0044899118216685865,0.10967745935061839,0.021723709206335602,20.25001599999996,3.199999991920777e-05,-0.24318740921469142,-0.4012321047710487,-0.3174221197353649,6.74998400000004,2.0,-0.4756740222837145,-0.3565611483927213,-0.2917441745123261,13.74998400000004,1.2499520000001212,0.07974943175038045,0.1453206766733938,-0.09169681104220942,11.50003199999992,-1.7499520000001212,0.6428891560808696,0.5583665010164675,0.43283635281670885,-5.75001599999996,0.7499840000000404,0.7784219467860998,0.7063177695734572,0.5339717867400764,-33.25001599999996,-3.000031999999919,-0.22155623360989934,-0.13468346164084374,-0.08875260587711536,-1.2500159999999596,2.0,0.005301436129232161,-0.15731188401058838,-0.1928898360859989,21.75001599999996,0.7500159999999596,-0.6888272878290614,-0.6024740096892597,-0.5084542646736385,31.25001599999996,1.5000319999999192,0.6715781233339647,0.5124496760380828,0.39085533129188865,10.74998400000004,-0.5000319999999192,0.36434205601089287,0.31931840554443786,0.32253764761132325,-30.25001599999996,0.9999680000000808,0.3002102353054092,0.21307861303277645,0.17092759846677372
2026-03-18,4.256145867812386,5.476656191525109,24.49996800000008,1.7499520000001212,0.0394067993793029,0.1187706547096338,0.03304547546746748,17.50003199999992,-2.7499840000000404,-0.25953909061666075,-0.4092393587377364,-0.33543938318226446,6.74998400000004,0.0,-0.4597638013637763,-0.3081180018511771,-0.27666669433336594,12.5,-1.2499840000000404,-0.007526181593306577,0.05202755890349526,-0.10129539999916919,11.5,-3.199999991920777e-05,0.6130892370150255,0.5459868420749261,0.42218965813827625,-3.5,2.2500159999999596,0.7908785415699943,0.7018387194848933,0.5406194104774328,-25.75001599999996,7.5,-0.16095411353526254,-0.11412640665227075,-0.07228767147826602,-5.499968000000081,-4.249952000000121,-0.04306737775856281,-0.15369159058215084,-0.2058192760477033,19.24998400000004,-2.500031999999919,-0.6875556995917022,-0.5906782359116455,-0.5100911433923229,30.0,-1.2500159999999596,0.6086105652288981,0.47229333524111367,0.38135102718603836,14.74998400000004,4.0,0.446039226276755,0.3384224238323685,0.34828275928531743,-30.49996800000008,-0.2499520000001212,0.2651349053874569,0.21065236931942322,0.15401572844033087
2026-03-19,4.281692902338443,2.554703452605711,26.49996800000008,2.0,0.06542953371778142,0.16726680302059285,0.030169484510964642,15.25001599999996,-2.2500159999999596,-0.2705621698319236,-0.4353078094407639,-0.3339596593905837,3.7500159999999596,-2.999968000000081,-0.46573814985464684,-0.30780863904431754,-0.2912803412970779,12.99996800000008,0.4999680000000808,0.005835894010743786,0.07862003665275664,-0.09334713896146146,10.75001599999996,-0.7499840000000404,0.6090777184393085,0.5291957854491778,0.41337819135728643,-3.0,0.5,0.7914527318846378,0.7129407777079543,0.5391068994869667,-12.0,13.75001599999996,-0.11962129281006104,-0.07494885549960333,-0.043483813696032325,-12.25001599999996,-6.750047999999879,-0.06435359833624613,-0.1698331571628182,-0.21606298619419545,14.75001599999996,-4.499968000000081,-0.6867447645808357,-0.5918784990565148,-0.5187826594805002,30.75001599999996,0.7500159999999596,0.6077064792381227,0.4756995119650671,0.38109447143626557,14.74998400000004,0.0,0.4343221735629987,0.32297325124603893,0.34674776442971245,-32.25001599999996,-1.7500479999998788,0.26822730224750324,0.22341632277229057,0.15239234710884045
2026-03-20,4.390535362387186,10.88424600487432,25.99996800000008,-0.5,0.035221085850913214,0.14625286772219573,0.024276510900098233,14.75001599999996,-0.5,-0.23393530783295646,-0.41437651887714466,-0.3229451778341563,0.5,-3.2500159999999596,-0.5055853933345714,-0.35018974195867364,-0.32356296848576355,10.0,-2.999968000000081,-0.24868488195461994,-0.12729342802194582,-0.20161212568296877,11.0,0.2499840000000404,0.5686833956535938,0.5128576771906709,0.3962920973127865,0.0,3.0,0.8328725084435162,0.7559350604990754,0.5766177881959054,-2.0,10.0,-0.01076709918855356,0.01580525680725979,0.03407211542885,-21.74998400000004,-9.49996800000008,-0.18399144925181385,-0.2629199121776009,-0.29987902712171194,12.99996800000008,-1.7500479999998788,-0.6356899820133054,-0.5769653490965154,-0.506226468217338,27.50003199999992,-3.2499840000000404,0.39026373660376734,0.35737165798309073,0.2853349474130741,15.74998400000004,1.0,0.4187202146324641,0.31744441401947543,0.3377923903333262,-26.25001599999996,6.0,0.41320253307782273,0.2939698208571354,0.21506535794439793
2026-03-23,4.33407312145291,-5.646224093427588,26.74998400000004,0.7500159999999596,0.053396504000286706,0.12025935641027767,0.01866532632520247,17.0,2.2499840000000404,-0.26466779182539774,-0.42043395237469705,-0.33210557998470747,1.0,0.5,-0.47906487913341467,-0.3579666603252924,-0.3251588880980747,11.74998400000004,1.7499840000000404,-0.4315518852845179,-0.19526105428847426,-0.2348767541524689,11.25001599999996,0.2500159999999596,0.5041148740803009,0.511987356285754,0.384236753111861,-2.2499840000000404,-2.2499840000000404,0.8549655823234525,0.7699159978084607,0.5937290727615433,9.75001599999996,11.75001599999996,-0.061802668139965045,-0.042193233277064875,-0.010661801840151574,-25.74998400000004,-4.0,-0.17857995936262847,-0.22825410517773717,-0.27195641816718513,13.74998400000004,0.7500159999999596,-0.5754902071997069,-0.5777416827438433,-0.5037582437793161,30.0,2.499968000000081,0.19788735410181985,0.3136995755918204,0.24857077004813777,12.24998400000004,-3.5,0.4628449264741365,0.34974946259331013,0.3605401193503959,-26.99996800000008,-0.7499520000001212,0.4193808731432521,0.32555472427792986,0.21707533170158944
2026-03-24,4.389642611811211,5.556949035830083,29.0,2.2500159999999596,0.09408532428690472,0.12314334480322636,0.041975646681761236,16.25001599999996,-0.7499840000000404,-0.2572232187324756,-0.4102349254815334,-0.3407217293927199,0.7499840000000404,-0.2500159999999596,-0.46720898263092736,-0.35215957227260125,-0.31615200765389184,9.24998400000004,-2.5,-0.4654455329350625,-0.23364953988602072,-0.26122259157795386,11.25001599999996,0.0,0.48797906372392735,0.5230309552969873,0.3845151989943812,-2.2499840000000404,0.0,0.8368636516259893,0.7618915276830696,0.5903940337537984,11.5,1.7499840000000404,-0.06609198643922362,-0.0430495273944284,-0.012212314618276886,-26.24998400000004,-0.5,-0.16574935906713228,-0.2136244170351757,-0.2601409966850095,13.24998400000004,-0.5,-0.5574793665925023,-0.5870456825223801,-0.5074766971633986,26.5,-3.5,0.12507024202663478,0.2844930063886155,0.2213394859866322,13.0,0.7500159999999596,0.4614077794042723,0.34323791010822186,0.3563036574193898,-27.5,-0.5000319999999192,0.4065459561497013,0.31894560900877683,0.22397949963600147
2026-03-25,4.327227487657188,-6.241512415402273,30.25001599999996,1.2500159999999596,0.048188542784583885,0.09670776480266095,0.02840860288249807,15.0,-1.2500159999999596,-0.23478477094945877,-0.3856670510069558,-0.32008105606292725,3.5,2.7500159999999596,-0.5090601445785476,-0.3843281217138834,-0.3380243781176955,9.75001599999996,0.5000319999999192,-0.47603671494837946,-0.2545916792288835,-0.2685058159935897,11.24998400000004,-3.199999991920777e-05,0.46957830466980666,0.5138069681036707,0.37680852453003055,-3.0,-0.7500159999999596,0.8432250426571081,0.7653098728377836,0.5906026100122163,10.75001599999996,-0.7499840000000404,-0.03831609393234457,-0.02855791836737264,-0.003270942587473958,-26.0,0.2499840000000404,-0.17577404890473097,-0.2153843779067263,-0.2597792389766084,15.5,2.2500159999999596,-0.5892068209218286,-0.5978112385872238,-0.513783922383123,26.5,0.0,0.12682955798768542,0.27325211003061506,0.2148761292802717,14.75001599999996,1.7500159999999596,0.38081581492526584,0.3164901190269158,0.3299311319302922,-34.75001599999996,-7.25001599999996,0.4985559201583122,0.35458966406780906,0.25864191773592604
2026-03-26,4.414641421181582,8.741393352439353,32.25001599999996,2.0,0.10406822686893921,0.13791449079993195,0.049625496877439994,12.99996800000008,-2.000031999999919,-0.1958137882251317,-0.40886459144450454,-0.33140258073092954,1.7500159999999596,-1.7499840000000404,-0.5690489183082746,-0.38450396054389724,-0.34414539555404655,6.5,-3.2500159999999596,-0.5582125839537587,-0.3386719240872888,-0.3235096893553929,10.5,-0.7499840000000404,0.38124041104494294,0.4550619956640241,0.3510607451841929,-0.2499840000000404,2.7500159999999596,0.8532824118385739,0.7846502403429386,0.6107255850217127,9.0,-1.7500159999999596,0.015870013775022493,-0.042793813891436196,-0.027391463354482164,-28.0,-2.0,-0.24022947723344035,-0.2193013162787302,-0.2597482247020773,10.74998400000004,-4.75001599999996,-0.6207916245461232,-0.6229290970268687,-0.5320064399643135,27.25001599999996,0.7500159999999596,0.1279168575994741,0.27924769682129164,0.2265428141739067,15.5,0.7499840000000404,0.3629286254264403,0.3036613183348498,0.32803290889905956,-33.24998400000004,1.5000319999999192,0.5015515115762794,0.35963213704143454,0.25848756937841544
2026-03-27,4.438785181020796,2.414375983921424,34.24998400000004,1.9999680000000808,0.06075264509605312,0.1490296766260332,0.0545833982608648,12.0,-0.9999680000000808,-0.09787465722972283,-0.4077315531214158,-0.33339370881526176,1.0,-0.7500159999999596,-0.6395563383060218,-0.400992265735337,-0.34522433724161944,6.5,0.0,-0.5861659045600345,-0.3300950049460281,-0.32132554468209207,10.0,-0.5,0.29719105332305457,0.46112527386952246,0.3468899161431726,0.5,0.7499840000000404,0.862691476318139,0.7842910558784538,0.6140605506103467,13.99996800000008,4.999968000000081,0.042605825993039116,-0.03567175152791679,-0.021204396187576444,-29.99996800000008,-1.9999680000000808,-0.2243884900854585,-0.2331575117946401,-0.2617748056269976,7.24998400000004,-3.5,-0.6261967862161177,-0.627997909829017,-0.5354962156158305,29.74998400000004,2.499968000000081,0.0579836964291804,0.3088820605641939,0.2323440615544644,16.00003199999992,0.5000319999999192,0.3743126573682812,0.2891335028474452,0.3293630088760682,-35.75001599999996,-2.500031999999919,0.4442621717754909,0.4058306121347373,0.2546290377569431
2026-03-30,4.341279700439916,-9.750548058087993,33.75001599999996,-0.4999680000000808,0.15101554078414547,0.1613921686206731,0.056688882209644846,13.0,1.0,-0.1778126211577713,-0.4162156386321408,-0.32701593227811526,2.5,1.5,-0.5747090141944864,-0.4226673451009312,-0.35506394352651627,7.0,0.5,-0.6704020938812753,-0.34981047093099205,-0.3262307028389207,11.5,1.5,0.012917322565824148,0.34957759134636895,0.2793143702873412,-0.5,-1.0,0.8433371559423941,0.7781152107286791,0.6075153421443271,15.00003199999992,1.0000639999998384,0.052875283473240844,-0.02672945960485901,-0.00842996918701915,-32.00003199999992,-2.0000639999998384,-0.20716447598212925,-0.2055435090332169,-0.24731115211323673,12.50003199999992,5.250047999999879,-0.6573964276894927,-0.6610420671630831,-0.5601407252153344,28.74998400000004,-1.0,0.041302590557813074,0.306027549671495,0.23597580891160558,15.24998400000004,-0.7500479999998788,0.31292571920681467,0.2995948905321955,0.3240321155657213,-37.24998400000004,-1.4999680000000808,0.5154777921462229,0.39056853875779396,0.25255305584992804
2026-03-31,4.309649658261509,-3.163004217840726,34.24998400000004,0.4999680000000808,0.14383923469689425,0.161893034557979,0.050107712564499106,13.5,0.5,-0.19274604867875936,-0.41478685157758305,-0.31994056855283265,3.2499840000000404,0.7499840000000404,-0.5756342366930512,-0.4277536899238951,-0.3574126695103521,8.25001599999996,1.2500159999999596,-0.6882041756772043,-0.35806197836979253,-0.3297444435139471,12.0,0.5,0.0034364815983774512,0.33942518892750434,0.26213141873014434,-1.7499840000000404,-1.2499840000000404,0.8506955944338708,0.7835798035872895,0.610620993610869,16.25001599999996,1.2499840000000404,0.05754611867475756,-0.01751570408415912,-0.005140008979515067,-31.5,0.5000319999999192,-0.22406992300906375,-0.2078457067609805,-0.24725420202486068,14.25001599999996,1.7499840000000404,-0.6693003233245344,-0.6659058487544991,-0.5602549420886123,27.74998400000004,-1.0,0.07397996593498592,0.3142088493242301,0.23961064698116874,16.24998400000004,1.0,0.2925779695588066,0.27396878934290975,0.3141010460882171,-37.49996800000008,-0.2499840000000404,0.5141405332321123,0.41980531508673435,0.24727347493956392
2026-04-01,4.319573155386812,0.9923497125303271,34.24998400000004,0.0,0.1364882101456255,0.16071290625834148,0.05288532153091833,14.00003199999992,0.5000319999999192,-0.18629739190904956,-0.4136114393565046,-0.32057502405100097,3.2499840000000404,0.0,-0.5851128035404095,-0.4273618736805432,-0.3552662162469816,8.74998400000004,0.4999680000000808,-0.7282505072727182,-0.35416748098630285,-0.3259582686944463,13.00003199999992,1.0000319999999192,-0.0019013089971164662,0.34204171911000447,0.26849350922010795,-2.2500159999999596,-0.5000319999999192,0.8503339328107888,0.7817785582839275,0.6062230725039228,14.5,-1.7500159999999596,0.05776336655015062,-0.021404589155422676,-0.010732838390332853,-30.25001599999996,1.2499840000000404,-0.22201387978271436,-0.2050286533353796,-0.2429090024956285,13.75001599999996,-0.5,-0.6789385796458496,-0.6658774433053499,-0.5582518824223873,28.75001599999996,1.0000319999999192,0.06865165196513684,0.31564501960033897,0.23967606762602972,14.99996800000008,-1.2500159999999596,0.28990641351087326,0.2700213518163197,0.3135032484737923,-32.99996800000008,4.5,0.55363793602583,0.41705679225138353,0.24651613744401368
2026-04-02,4.311695918177596,-0.7877237209216403,34.0,-0.2499840000000404,0.11184541945904801,0.1730688008175991,0.049981696322845715,13.24998400000004,-0.7500479999998788,-0.18561066108159172,-0.41525592896612246,-0.3173913511335644,4.75001599999996,1.5000319999999192,-0.5654394392312015,-0.4284055696513658,-0.3561755220458532,9.0,0.2500159999999596,-0.7516469725790869,-0.357809074400084,-0.328590714242433,12.25001599999996,-0.7500159999999596,-0.053808297605042923,0.343005303785547,0.2699485664456808,-0.2500159999999596,2.0,0.802717462333388,0.7592666184391648,0.592590314610372,11.0,-3.5,0.05348371623462603,-0.017799331388294565,-0.008739647640307487,-28.75001599999996,1.5,-0.18063401357027553,-0.2062295698140015,-0.24245811284201488,14.75001599999996,1.0,-0.7297909690367219,-0.6683548857100865,-0.5586989077965501,28.25001599999996,-0.5,-0.0011798596340863677,0.3160991976302403,0.23723239249807837,16.74998400000004,1.7500159999999596,0.3103707052630516,0.26530763226229637,0.3313447811747877,-34.0,-1.0000319999999192,0.5614179081835993,0.4180249967656783,0.24478398624104025
2026-04-03,4.344507054030772,3.281113585317641,34.0,0.0,0.1012167193319754,0.08764844745920904,0.04156186150853137,12.5,-0.7499840000000404,-0.1735957691361622,-0.38956431889926424,-0.31721030343039935,4.74998400000004,-3.199999991920777e-05,-0.5664565731931696,-0.4222022057552349,-0.35358928697976,9.25001599999996,0.2500159999999596,-0.7335834060112172,-0.3370077590952559,-0.31394391629390167,11.25001599999996,-1.0,-0.06913136407008835,0.3119494161797143,0.25879028310678226,1.2499840000000404,1.5,0.810428990999816,0.7622618935048113,0.5989761662253067,9.5,-1.5,0.05474325415827156,-0.04453471870112412,-0.01113777624595638,-28.0,0.7500159999999596,-0.2069283971648099,-0.19046428758222245,-0.24224780998838433,13.24998400000004,-1.5000319999999192,-0.7934187681116749,-0.6734109912307276,-0.5571203910652011,29.25001599999996,1.0,0.028739268966969378,0.378009998954801,0.23438956038302777,17.75001599999996,1.0000319999999192,0.3212581547728029,0.20223374166073113,0.33487017313498785,-34.75001599999996,-0.7500159999999596,0.5700564565402989,0.4578272346407839,0.2522410781710086
2026-04-06,4.333634555242154,-1.08724987886184,33.0,-1.0,0.17658901533472102,0.09724451581233605,0.03686354860279323,12.75001599999996,0.2500159999999596,-0.457797781006443,-0.38997816105838307,-0.3140816315789845,5.499968000000081,0.7499840000000404,-0.7974254292176631,-0.42350039646299387,-0.3544189701958964,9.25001599999996,0.0,-0.7452989757978598,-0.33724019373203856,-0.3182261965808364,12.25001599999996,1.0,-0.12832920948459134,0.30080395046521485,0.2610621223602742,0.2499840000000404,-1.0,0.8137533836442878,0.7647083131861706,0.6001176355277368,6.0,-3.5,0.05929231771173718,-0.03875431040541245,-0.014850556561836,-26.24998400000004,1.7500159999999596,-0.34734936077151185,-0.19286668538755983,-0.2368015101834963,15.24998400000004,2.0,-0.8142050636904469,-0.6752690909530333,-0.564438246808978,28.74998400000004,-0.5000319999999192,0.0163487827796994,0.3777397478215869,0.2624696728825395,18.00003199999992,0.2500159999999596,0.3270087901400429,0.20709777031486762,0.3143206077734554,-37.75001599999996,-3.0,0.5968482525664043,0.4634283657564898,0.281283494559447
2026-04-07,4.341614522983113,0.7979967740959104,31.24998400000004,-1.7500159999999596,0.17314401165639645,0.11239912410616437,0.008342109177897255,13.74998400000004,0.9999680000000808,-0.4935767187079019,-0.3950840552239976,-0.3250919750980906,4.500031999999919,-0.9999360000001616,-0.8068360445808924,-0.4223481435205287,-0.39578778118277125,8.74998400000004,-0.5000319999999192,-0.745699254300069,-0.3478839701674961,-0.3435712664794107,13.0,0.7499840000000404,-0.12370330737558645,0.3030254447361102,0.2951273252074899,-0.7500159999999596,-1.0,0.8044946766693941,0.7789584000543918,0.7337776095253148,2.5,-3.5,0.05592556714126248,-0.03822383114654043,-0.006768543690810661,-25.25001599999996,0.9999680000000808,-0.3439752387480531,-0.19213616745334877,-0.23483164019227082,16.00003199999992,0.7500479999998788,-0.8144140261137781,-0.6738800416369625,-0.6112270067561931,30.12499200000002,1.3750079999999798,0.014901592804357884,0.37969509596126205,0.25982526265326905,14.74998400000004,-3.250047999999879,0.2905588841084177,0.2574084023835264,0.30454899582076694,-40.62499200000002,-2.8749760000000606,0.6057305352612758,0.5338192436465198,0.27878888910851324
2026-04-08,4.290147310488818,-5.146721249429476,30.0,-1.2499840000000404,0.33785597018715274,0.13988657538197494,0.02480564844028551,16.37497600000006,2.62499200000002,-0.6735751067856869,-0.39887658547899996,-0.35095536962037416,4.500031999999919,0.0,-0.7792954855997626,-0.41007281662460376,-0.415592983397019,10.87497600000006,2.12499200000002,-0.7984949686561442,-0.4057309242402951,-0.3759936449291402,11.5,-1.5,-0.07909235181834007,0.31133560220408124,0.33405400215268416,-3.499968000000081,-2.749952000000121,0.8017660453169745,0.7956657673743132,0.7422163691168345,-17.5,-20.0,0.23181755597769657,0.03852665925007288,0.05952031839973465,-14.25001599999996,11.0,-0.45185201131638825,-0.22704288151096946,-0.2718928399381891,20.5,4.499968000000081,-0.8177399522708991,-0.6751467357946696,-0.6439405507363928,29.5,-0.6249920000000202,-0.1014764929102953,0.3377632121702815,0.2753515490700806,10.37500799999998,-4.374976000000061,0.3454835619416467,0.3360756029471572,0.34931233587046795,-31.0,9.62499200000002,0.3402442801087815,0.3899875411640815,0.21489590437577374
2026-04-09,4.292155581589734,0.20082711009159482,28.75001599999996,-1.2499840000000404,0.3980578760622097,0.12555655298822938,0.0329045873578619,16.99996800000008,0.6249920000000202,-0.6489936155880851,-0.39694318465798173,-0.3530300259886195,4.75001599999996,0.2499840000000404,-0.7602636093433849,-0.40738734091248646,-0.415101530403165,11.0,0.1250239999999394,-0.7810163572015926,-0.4064558958953864,-0.38129357373846107,12.25001599999996,0.7500159999999596,-0.2145836564539708,0.30159101099050967,0.3364266352697679,-3.7500159999999596,-0.2500479999998788,0.7867119818124397,0.7941088116915995,0.7417245580230919,-20.24998400000004,-2.7499840000000404,0.2885373974185901,0.03907470102510744,0.06420530810951272,-13.50003199999992,0.7499840000000404,-0.49410202169267115,-0.22961639446271978,-0.27130072618636625,22.25001599999996,1.7500159999999596,-0.8110152937501606,-0.6728235735993385,-0.65278831821812,32.25001599999996,2.7500159999999596,-0.16592359050158076,0.32465862268940554,0.27393961824908125,7.24998400000004,-3.1250239999999394,0.36770190493578164,0.35404144102866997,0.3448538885785622,-32.5,-1.5,0.26502122175495646,0.3801322063184225,0.2133176445589758
2026-04-10,4.316020448168423,2.386486657868936,29.24998400000004,0.4999680000000808,0.4234642333461417,0.1188664266799997,0.09337320723103773,16.25001599999996,-0.7499520000001212,-0.6516655408517669,-0.3406436609851389,-0.3718892229673862,4.5,-0.2500159999999596,-0.7610686008525482,-0.47802670920983364,-0.4211289702013274,10.0,-1.0,-0.7852441794304877,-0.43974106799283336,-0.37464360790436135,12.75001599999996,0.5,-0.20281468547702666,0.2761313750470797,0.3388525620789937,-3.2500159999999596,0.5,0.8032769361695167,0.7913621036192644,0.7417040435654785,-13.50003199999992,6.749952000000121,0.3034096366303708,0.049200494495756746,0.060409807577105776,-15.99996800000008,-2.4999360000001616,-0.5025510784811873,-0.21029318560284155,-0.2655310535577804,18.49996800000008,-3.750047999999879,-0.7975958459538884,-0.708473401430381,-0.6615899249501525,34.50003199999992,2.2500159999999596,-0.12541924677110852,0.3096780992124712,0.28278101339692413,5.74998400000004,-1.5,0.34534869034764404,0.32946079842544124,0.34050132841809544,-29.0,3.5,0.28056101264098354,0.31635536128409636,0.22520140310853806
2026-04-13,4.296243104997667,-1.977734317075619,28.75001599999996,-0.4999680000000808,0.3474967481684517,0.11547605614378639,0.11231977185909178,15.24998400000004,-1.0000319999999192,-0.5867995683946624,-0.29379133335857904,-0.3688320388186262,5.0,0.5,-0.7382330821683716,-0.5255481618666451,-0.42637419669424936,11.24998400000004,1.2499840000000404,-0.8270408629260777,-0.5052698614410873,-0.3850806169595923,13.50003199999992,0.7500159999999596,-0.18940983416790605,0.2547574111511042,0.32840105980382983,-4.500031999999919,-1.2500159999999596,0.7844636854234208,0.7913466888131983,0.7451789941342966,-12.5,1.0000319999999192,0.32340126752728143,0.044400047024557826,0.060970846571413065,-17.74998400000004,-1.7500159999999596,-0.469921426851496,-0.18474263102318264,-0.25893893555179814,18.99996800000008,0.5,-0.7904983952354169,-0.7104100267017494,-0.6634324849857821,36.25001599999996,1.7499840000000404,-0.23986568801829067,0.2616501497934288,0.27720864664222133,6.0,0.2500159999999596,0.37953213740021635,0.37380322951345246,0.3358959173220306,-32.0,-3.0,0.2663494927628614,0.2862137252213454,0.23047390750672447
2026-04-14,4.2547760479247225,-4.146705707294451,28.74998400000004,-3.199999991920777e-05,0.3453911138761114,0.11821648155287472,0.16262730509974652,14.00003199999992,-1.2499520000001212,-0.5352941460220748,-0.28366601316216333,-0.3825824365474409,6.74998400000004,1.7499840000000404,-0.7602061950537907,-0.5348915340633817,-0.4378780313498643,13.24998400000004,2.0,-0.8338013241680474,-0.5234443169168699,-0.37678496008538387,12.25001599999996,-1.2500159999999596,-0.17249678335419472,0.277193223477204,0.3128845407073437,-5.5,-0.9999680000000808,0.8061592570611675,0.7957389285079751,0.7514080930940849,-21.25001599999996,-8.75001599999996,0.3536501383527217,0.0730686388980197,0.07658310952514337,-12.49996800000008,5.25001599999996,-0.49340823497704184,-0.20873688639070356,-0.2754979158563425,19.49996800000008,0.5,-0.7826255481568013,-0.7106708107382644,-0.6534451172052769,36.25001599999996,0.0,-0.21697581473269992,0.26045246804634015,0.28047749522751303,4.75001599999996,-1.2499840000000404,0.39053826322677965,0.3826235907381061,0.3318682700107269,-32.50003199999992,-0.5000319999999192,0.2741182824701595,0.28784754877314706,0.22668219366288844
2026-04-15,4.27850048397144,2.372443604671748,28.49996800000008,-0.2500159999999596,0.28764229542703906,0.1152290260257582,0.15101767335558072,13.00003199999992,-1.0,-0.5017426726870258,-0.28189439497165114,-0.3772620539327891,7.499968000000081,0.7499840000000404,-0.7611871737334778,-0.5298120599610248,-0.4110998844337958,13.75001599999996,0.5000319999999192,-0.8133961972400572,-0.5245122905583651,-0.39776974840017715,12.25001599999996,0.0,-0.17510706530236714,0.26911055983531396,0.3068700510224615,-5.75001599999996,-0.2500159999999596,0.7868841515239222,0.7900219518409414,0.737234058704126,-30.24998400000004,-8.99996800000008,0.2771881568193711,0.06679628147393034,0.052349831916781275,-8.74998400000004,3.7499840000000404,-0.4316254750869102,-0.2102083827809243,-0.24968956015651728,18.49996800000008,-1.0,-0.7739921440109381,-0.7094227592767455,-0.6430364182560441,37.50003199999992,1.2500159999999596,-0.16355040478779787,0.2580421567823678,0.27250716064155694,6.24998400000004,1.4999680000000808,0.33852741414536364,0.3949098532309068,0.3224391819230287,-38.5,-5.999968000000081,0.2308483496066405,0.24828289766508588,0.21227277288941737
2026-04-16,4.30823720489812,2.9736720926679894,27.25001599999996,-1.2499520000001212,0.2200516059483653,0.10877802015327896,0.16666716546884075,12.75001599999996,-0.2500159999999596,-0.4967739274960008,-0.28343189514748046,-0.3889202508061017,7.999968000000081,0.5,-0.7968043121946817,-0.5246958567889459,-0.3984517399230897,13.25001599999996,-0.5,-0.8291396567995075,-0.5270405891212172,-0.3984718832809047,11.25001599999996,-1.0,-0.18449434971210735,0.25797118605513963,0.2895403528679253,-4.500031999999919,1.2499840000000404,0.7884926458482568,0.7919242078707562,0.7458841342048459,-33.99996800000008,-3.7499840000000404,0.23948772368092375,0.06423739881666718,0.047835394383903586,-8.75001599999996,-3.199999991920777e-05,-0.41942252221404,-0.21127249766815295,-0.24796825946964005,18.0,-0.4999680000000808,-0.7960591425697355,-0.7080219783693263,-0.6393287978898428,37.74998400000004,0.2499520000001212,-0.17090779207118598,0.2552729688719196,0.26992543640528216,7.500031999999919,1.2500479999998788,0.351742281323652,0.3985563419577858,0.31874441675403675,-41.50003199999992,-3.000031999999919,0.21761710125892814,0.24030009043278422,0.21654377157303611
2026-04-17,4.243059029176942,-6.517817572117757,25.50003199999992,-1.7499840000000404,0.38585119454096495,0.14583485980896546,0.1832021953581566,14.74998400000004,1.9999680000000808,-0.5813787703057995,-0.3110896668751913,-0.395714576621369,10.24998400000004,2.2500159999999596,-0.7458405815025937,-0.5406185357094653,-0.4181828848202223,14.75001599999996,1.5,-0.7891388704219011,-0.5542344607955046,-0.42039656979488194,10.75001599999996,-0.5,-0.19630078260450032,0.27573209337321125,0.30256071720272265,-7.000031999999919,-2.5,0.7521144536598752,0.8056241070575797,0.7583000780109523,-36.5,-2.500031999999919,0.06998397373704188,0.07309528378306852,0.056964052464286784,-7.0,1.7500159999999596,-0.20038315179046215,-0.21934435846515757,-0.25335134924024244,23.5,5.5,-0.8424744125902373,-0.7266400494875792,-0.6618048581868321,37.74998400000004,0.0,0.11395367173380336,0.25799995606349707,0.26996507701321054,7.000031999999919,-0.5,0.30203311664443433,0.3968277592074722,0.3199155390114395,-47.50003199999992,-6.0,0.11883142688950322,0.2859787466011449,0.2470591097181704
2026-04-20,4.249001743878108,0.5942714701165919,24.74998400000004,-0.7500479999998788,0.4315401411110833,0.17399060065854763,0.17881940730790913,15.0,0.2500159999999596,-0.536003121478789,-0.3068641446200767,-0.3948632186001558,10.0,-0.2499840000000404,-0.7681219886366091,-0.5309738737766412,-0.41938072370974894,14.24998400000004,-0.5000319999999192,-0.774453400799859,-0.6061681413063396,-0.4277348519449621,11.00003199999992,0.2500159999999596,-0.17993715587358183,0.2520184825644464,0.3133875650823272,-6.25001599999996,0.7500159999999596,0.7310175050045638,0.80614073847678,0.7580494143083275,-37.5,-1.0,0.23232797858017123,0.09865835826527125,0.054383140583362514,-7.25001599999996,-0.2500159999999596,-0.3178727996584236,-0.24587753544106025,-0.25136464940723047,22.75001599999996,-0.7499840000000404,-0.8652075832623657,-0.713491767157341,-0.6648940045766015,38.25001599999996,0.5000319999999192,0.2077367321697902,0.19859927197290828,0.27208871315199534,6.24998400000004,-0.7500479999998788,0.22635560359075693,0.38109617409509483,0.31909471589338223,-45.0,2.500031999999919,0.1358957319082502,0.2890085042221161,0.2694269231716788
2026-04-21,4.290569093141933,4.156734926382466,23.24998400000004,-1.5,0.2547296146637809,0.15650541694327513,0.15021509083448226,15.25001599999996,0.2500159999999596,-0.49312416692857625,-0.29979826158383077,-0.3843650630326129,9.0,-1.0,-0.7846680836302765,-0.5341166123707404,-0.42707221816141844,12.75001599999996,-1.4999680000000808,-0.7656108063241724,-0.6148162082371569,-0.4343245317066896,10.74998400000004,-0.2500479999998788,-0.1997963905320198,0.24487241343877358,0.31838683382386257,-4.5,1.7500159999999596,0.7766729212530893,0.8110085287124992,0.7670811438915545,-40.00003199999992,-2.500031999999919,0.18504053888836547,0.09219138862809775,0.04857159463097443,-7.24998400000004,3.199999991920777e-05,-0.30842239693535983,-0.24347372808717538,-0.24402568795342935,21.0,-1.7500159999999596,-0.890511025572431,-0.715546970609053,-0.6800954936305197,37.25001599999996,-1.0,0.43573470759206756,0.18244432016074957,0.27555409584062135,9.24998400000004,3.0,0.2714712221539596,0.3982134471990706,0.32880281225172403,-49.0,-4.0,0.08549616801965182,0.2642940345812015,0.2532871774632332
2026-04-22,4.29258562935471,0.2016536212777531,22.74998400000004,-0.5,0.3938090513752773,0.1546894248385842,0.14895594735756013,17.00003199999992,1.7500159999999596,-0.5752985484609096,-0.2981383725093845,-0.38601008775912704,7.999968000000081,-1.0000319999999192,-0.738705241298488,-0.5323107161195426,-0.4259231518752704,13.25001599999996,0.5,-0.783436794897147,-0.6140572033382843,-0.4349643974195926,10.5,-0.2499840000000404,-0.2087062747384451,0.24466733114814193,0.32270980328223753,-4.5,0.0,0.7877582427213881,0.8161802424973875,0.769060341346971,-41.75001599999996,-1.7499840000000404,0.22111723747506207,0.08992394161717727,0.048440539660633386,-5.5,1.7499840000000404,-0.34051206387709126,-0.24211501539980124,-0.24297969588210577,19.74998400000004,-1.2500159999999596,-0.8920522956735482,-0.7156388136660644,-0.6811237014105742,38.25001599999996,1.0,0.42594054322727753,0.17947354398818643,0.275468518564238,10.5,1.2500159999999596,0.3727263101891492,0.39429249793101545,0.3320531808194403,-54.0,-5.0,-0.03571149481049629,0.26141447118588423,0.2492523871686232
2026-04-23,4.322413109094135,2.9827479739424234,23.25001599999996,0.5000319999999192,0.21714211636020092,0.16434963444741227,0.15601312626449024,16.49996800000008,-0.5000639999998384,-0.48203823839419807,-0.27753389612420337,-0.3997215886429066,7.000031999999919,-0.9999360000001616,-0.6845929986857621,-0.5702742473834601,-0.42231297871112233,12.49996800000008,-0.7500479999998788,-0.7110789507803952,-0.6306833739700998,-0.4367167265740982,11.00003199999992,0.5000319999999192,-0.09699380876288105,0.24018210388345188,0.32127538799410243,-3.7500159999999596,0.7499840000000404,0.7352926934695279,0.8146943722800234,0.7688364939943145,-44.75001599999996,-3.0,0.22570160522746838,0.1397844526086314,0.04611904205027122,-6.0,-0.5,-0.28491616903996586,-0.28713200707912917,-0.243473626503547,19.24998400000004,-0.5,-0.8625690245323657,-0.7197418288015061,-0.6809091697537021,37.75001599999996,-0.5,0.4091425104069497,0.16806878518053187,0.2739366456748969,10.75001599999996,0.2500159999999596,0.36725904000983994,0.3921980588521149,0.3252521707814542,-50.75001599999996,3.2499840000000404,-0.06948150844396485,0.2680175432136599,0.25526103809926204
2026-04-24,4.30861441085275,-1.3798698241384244,23.50003199999992,0.2500159999999596,0.11721289339574191,0.1437058900871999,0.15841163515830656,15.99996800000008,-0.5,-0.44495466199749295,-0.23338162378712018,-0.3958513787613946,6.000031999999919,-1.0,-0.6262745739597919,-0.6025786127040388,-0.4333964966552081,13.74998400000004,1.2500159999999596,-0.704785475778951,-0.6552898574072689,-0.43662553315240404,11.0,-3.199999991920777e-05,-0.07152013367424401,0.19297868318419945,0.3276730371195721,-3.7500159999999596,0.0,0.724071397964605,0.8196121691159783,0.7674853328799032,-44.25001599999996,0.5,0.1685710959707993,0.163121525914807,0.04931118215036126,-6.24998400000004,-0.2499840000000404,-0.2445598502483288,-0.28274371911308754,-0.25353202481895565,17.5,-1.7499840000000404,-0.836476518818962,-0.7237299559102163,-0.678621441209045,40.25001599999996,2.5,0.32502943189971256,0.11350327530161315,0.28024696889187434,8.24998400000004,-2.500031999999919,0.3572360540512039,0.41024156320285915,0.32104539467409077,-46.0,4.75001599999996,-0.0644297655112839,0.21730917249700674,0.273798695185128
2026-04-27,4.334531361587996,2.591695073524569,23.50003199999992,0.0,0.18181240585362773,0.1890436177011533,0.16396651665369577,15.74998400000004,-0.2499840000000404,-0.43701043008409507,-0.24327334650164084,-0.41134872946569967,4.5,-1.5000319999999192,-0.6088706595877669,-0.5635550129979617,-0.44228155839328365,14.0,0.2500159999999596,-0.8364521382805175,-0.7208043988139348,-0.4344557667991803,11.0,0.0,0.22478080451058194,0.08640309255522015,0.3272323903874076,-3.5,0.2500159999999596,0.7976440742042398,0.818440157315149,0.7665197475015731,-48.0,-3.7499840000000404,0.3292566104537149,0.16255500009173002,0.044734365098393625,-5.75001599999996,0.4999680000000808,-0.5092591470714856,-0.29510105432679795,-0.24929696703136073,18.00003199999992,0.5000319999999192,-0.7656595361063592,-0.6923770407286984,-0.6770522052640784,39.99996800000008,-0.2500479999998788,0.15165930059663887,0.05040915566367911,0.27760364297753315,8.00003199999992,-0.2499520000001212,0.4044390264110102,0.34949505334272907,0.3178389073871819,-46.75001599999996,-0.7500159999999596,-0.12261073486968894,0.2547049735356524,0.27393282250167805
2026-04-28,4.35253307872535,1.8001717137353879,24.5,0.9999680000000808,0.3077905082757193,0.1938158942113506,0.16916703074232795,14.75001599999996,-0.9999680000000808,-0.4462835896130722,-0.2438460814677587,-0.4106702329371853,3.2499840000000404,-1.2500159999999596,-0.6041021169386788,-0.564994408454699,-0.44435426994292654,13.24998400000004,-0.7500159999999596,-0.8278929801614997,-0.7235219665368618,-0.43210293887268875,12.25001599999996,1.2500159999999596,0.3017294240838768,0.09346945103229176,0.33178339315634825,-3.7499840000000404,-0.2499840000000404,0.7778904991528259,0.8168063963747133,0.7659194066451167,-48.25001599999996,-0.2500159999999596,0.40905552455804967,0.1674699256232986,0.04773386040382674,-7.74998400000004,-1.9999680000000808,-0.5541124052945617,-0.3046216431126681,-0.24930783839693088,16.25001599999996,-1.7500159999999596,-0.7630179729378613,-0.6946466695503326,-0.6789817699727364,39.99996800000008,0.0,0.06205948048714054,0.0526619330256756,0.2835141469692219,9.50003199999992,1.5,0.47983870177218135,0.35244259847610226,0.30527236972244204,-46.25001599999996,0.5,-0.11507405368462757,0.25627588877266805,0.2996391763708641
2026-04-29,4.414681644407783,6.214856568243299,24.5,0.0,0.3321607853505068,0.1819541946398271,0.16639229596933997,12.75001599999996,-2.0,-0.5436145507998875,-0.24719465435461002,-0.4180112468230464,1.4999680000000808,-1.7500159999999596,-0.661372828939949,-0.586178353059596,-0.453495836220912,11.25001599999996,-1.9999680000000808,-0.8655781507011544,-0.7621332902559025,-0.4545861862821987,12.75001599999996,0.5,0.33040678994916006,0.10116846157783435,0.3396488791422733,-2.000031999999919,1.7499520000001212,0.8077736882168098,0.825319691486197,0.773810991039171,-49.24998400000004,-0.9999680000000808,0.4090931045099487,0.16288725217108313,0.04244688900623777,-8.74998400000004,-1.0,-0.5662381236539733,-0.3027895817952018,-0.24935665601931203,13.24998400000004,-3.000031999999919,-0.7873685890339229,-0.7090915041346576,-0.6847040112087914,38.74998400000004,-1.2499840000000404,-0.0981322990869371,0.022686536944823876,0.2654390339913992,9.25001599999996,-0.2500159999999596,0.4472557710718947,0.33941928368561053,0.29795359504139424,-41.0,5.25001599999996,0.016505598573728245,0.3095825154903576,0.3216069030409576
2026-04-30,4.388653240153642,-2.6028404254140547,26.24998400000004,1.7499840000000404,0.16649262228628656,0.1294599589930522,0.1626543142364563,9.75001599999996,-3.0,-0.372197757600165,-0.22070734686248417,-0.40486779712492493,3.7500159999999596,2.250047999999879,-0.6817461890217515,-0.5758058212381769,-0.4604422707214747,11.49996800000008,0.2499520000001212,-0.8523130213305481,-0.7734843265961526,-0.45742240833962733,12.25001599999996,-0.5,0.34064505308597504,0.06626164466266032,0.34289141344446816,-2.2499840000000404,-0.2499520000001212,0.8854804224043387,0.8215678598236907,0.7760590995648183,-49.50003199999992,-0.2500479999998788,0.36976531113607136,0.1447823658775884,0.042727645124934925,-8.24998400000004,0.5,-0.5432722434377452,-0.2652142980709286,-0.2500036061952633,13.25001599999996,3.199999991920777e-05,-0.7686653066009296,-0.7405163264119815,-0.6851170333019568,38.74998400000004,0.0,-0.09323356976641321,-0.03139429106932489,0.2646882976199447,9.24998400000004,-3.199999991920777e-05,0.46587843496143383,0.3600410622360025,0.2974115657121987,-41.99996800000008,-0.9999680000000808,0.02044302654316471,0.30950905691496156,0.32196258678155665
2026-05-01,4.376798160137618,-1.1855080016024644,29.0,2.7500159999999596,0.06008152901013229,0.1059690925512276,0.08516968353060926,8.25001599999996,-1.5,-0.32845283005337306,-0.21224322009024996,-0.3778310278577846,3.7499840000000404,-3.199999991920777e-05,-0.6966999504830214,-0.5736254769739787,-0.4590924044629252,12.24998400000004,0.7500159999999596,-0.8785405516641162,-0.7739889260103775,-0.45566768671070224,11.50003199999992,-0.7499840000000404,0.44193813264807846,0.07703218954442835,0.3344937104884306,-3.2500159999999596,-1.0000319999999192,0.8826592031257465,0.8240479585054149,0.7787822118993429,-47.75001599999996,1.7500159999999596,0.3344382686075148,0.14661853557342008,0.03382423323432808,-8.49996800000008,-0.2499840000000404,-0.5361967309500606,-0.2880087663377963,-0.24551897635533096,11.74998400000004,-1.5000319999999192,-0.7359690937715172,-0.7749325713763472,-0.6845064903884853,41.5,2.7500159999999596,-0.14542287171446003,-0.03566798826231514,0.2963174730018445,9.0,-0.2499840000000404,0.4413590064086712,0.3607548821979502,0.2516459903737878,-44.25001599999996,-2.250047999999879,0.03486837851616701,0.32388256433901774,0.3522147685538221
2026-05-04,4.445214964311712,6.841680417409446,30.50003199999992,1.5000319999999192,0.17187250590233358,0.1754374297861797,0.10695769749815684,6.74998400000004,-1.5000319999999192,-0.37260090596668854,-0.42469709122463534,-0.38098397851425836,1.5,-2.2499840000000404,-0.742034420796397,-0.7777508876762164,-0.4717730205913411,9.5,-2.7499840000000404,-0.9057237844325293,-0.7931659887043874,-0.4824878069238485,11.5,-3.199999991920777e-05,0.45475177626033975,0.0743222731578167,0.3284830353847453,-1.2500159999999596,2.0,0.9003867122291335,0.8361221139503291,0.7886567917787882,-47.99996800000008,-0.2499520000001212,0.34638735654216873,0.1730572988931986,0.03247058691151268,-10.00003199999992,-1.5000639999998384,-0.552077919294267,-0.414617848759873,-0.24837784437034574,8.00003199999992,-3.749952000000121,-0.7715041285984148,-0.7992245735739733,-0.6940270581307131,40.99996800000008,-0.5000319999999192,-0.23678507111799563,-0.06613319170891375,0.28474569739835787,11.00003199999992,2.000031999999919,0.5154253730701742,0.3888064217218944,0.2721900507159761,-44.00003199999992,0.2499840000000404,0.033571837548036915,0.32602189412463833,0.3520520327017122
2026-05-05,4.415065960875066,-3.0149003436646282,29.99996800000008,-0.5000639999998384,0.2004859010921248,0.17912909551823178,0.12853094280164656,7.500031999999919,0.7500479999998788,-0.40971112580711905,-0.4533648600473768,-0.3888836846517846,2.999968000000081,1.4999680000000808,-0.7621459765212439,-0.792856948656375,-0.47646287954130356,9.50003199999992,3.199999991920777e-05,-0.8845196293938163,-0.7888579835871872,-0.4907408455976854,11.74998400000004,0.2499840000000404,0.429343633915946,0.07531984977401437,0.32601954074529627,-3.2500159999999596,-2.0,0.9166192468887151,0.8383400052282398,0.8033181876547022,-48.25001599999996,-0.2500479999998788,0.3147827683239516,0.16972420389973628,0.03553954471109807,-9.25001599999996,0.7500159999999596,-0.5380439611490517,-0.4157192442548433,-0.25041468183507143,9.25001599999996,1.2499840000000404,-0.7844524514241491,-0.804437483941285,-0.6957212397011541,41.25001599999996,0.2500479999998788,-0.22256533398257192,-0.06481529190787617,0.282302839452987,10.99996800000008,-6.399999983841553e-05,0.5390641092146892,0.3871803218697864,0.3277836650746775,-46.24998400000004,-2.249952000000121,0.060221549446136655,0.3390596329192148,0.3852387038954881
2026-05-06,4.352931996757162,-6.213396411790395,28.0,-1.9999680000000808,0.25919830412979045,0.31057771286527086,0.1634141791022227,9.24998400000004,1.7499520000001212,-0.39803598810481183,-0.5721836401605663,-0.38791115641421353,5.75001599999996,2.750047999999879,-0.8451542306176281,-0.7974880638080627,-0.489371438800286,10.75001599999996,1.2499840000000404,-0.8653002628584713,-0.8177777410598984,-0.5264962275912862,13.74998400000004,2.0,-0.00853944417969313,-0.05435112836963286,0.24542605395875658,-7.5,-4.24998400000004,0.9035179801083211,0.8306541726060317,0.8126779248741454,-49.5,-1.2499840000000404,0.04884574053114635,0.18437358074568982,0.039567123132797186,-6.74998400000004,2.500031999999919,-0.4996118171714579,-0.45578445678613233,-0.25120837572187954,13.49996800000008,4.249952000000121,-0.7950765657023342,-0.8086583789526486,-0.699993036755406,41.25001599999996,0.0,-0.2537430099359303,-0.14980929628253556,0.23350935628587088,11.75001599999996,0.7500479999998788,0.3516239317282762,0.3465101652691063,0.3393741169618961,-48.75001599999996,-2.500031999999919,0.36019251725059503,0.34289925294611334,0.38027737921194316
2026-05-07,4.393078474380509,4.014647762334711,28.25001599999996,0.2500159999999596,0.2694059782805341,0.35301660440199223,0.15340128341551548,9.24998400000004,0.0,-0.3770742638349167,-0.5485534987078098,-0.3832995516447334,5.0,-0.7500159999999596,-0.8455671119085297,-0.7882263746389865,-0.4880790522169817,9.0,-1.7500159999999596,-0.8709260090491608,-0.8110260215740345,-0.5350065317535163,14.0,0.2500159999999596,0.004012734420032491,-0.12717862121840123,0.24005371929526764,-6.25001599999996,1.2499840000000404,0.9078036921981152,0.8259412874986867,0.8140555290562175,-44.24998400000004,5.25001599999996,0.1318950892991519,0.23331538635804427,0.04859907788037677,-9.50003199999992,-2.750047999999879,-0.5327467838358638,-0.4910642692939682,-0.2586398342713712,13.25001599999996,-0.2499520000001212,-0.7879407114791356,-0.7987576177088384,-0.6963697730739801,39.0,-2.2500159999999596,-0.3401773957256533,-0.2172420925594451,0.2075258041657373,12.5,0.7499840000000404,0.4114341132010988,0.38261642771397664,0.36557761531562566,-48.5,0.2500159999999596,0.3666010812252681,0.2979925448648213,0.3729225912802845
2026-05-08,4.363152945491331,-2.992552888917821,27.87497600000006,-0.375039999999899,0.2668881745789492,0.36686594830560815,0.15013307541252308,11.5,2.2500159999999596,-0.414340313071082,-0.554876664493543,-0.342709776524504,5.75001599999996,0.7500159999999596,-0.8471796809821377,-0.7896847002631704,-0.5516119835176011,9.5,0.5,-0.8674720536192562,-0.8126796012269075,-0.5634204709268128,12.24998400000004,-1.7500159999999596,0.08496049604011502,-0.08325560716109921,0.2318771644521116,-7.5,-1.2499840000000404,0.9090207440342234,0.8355931539495888,0.8174496875176603,-42.5,1.7499840000000404,0.03643244338164529,0.22554837074592,0.05066964862991985,-7.12499200000002,2.375039999999899,-0.5471682084518851,-0.49895493040481187,-0.24725995913030843,17.25001599999996,4.0,-0.7977973652734259,-0.7960003617456726,-0.7270600875681115,33.99996800000008,-5.000031999999919,-0.14858246291255964,-0.1340326231234317,0.2069528323148147,8.00003199999992,-4.499968000000081,0.4808347962118616,0.39315006818442416,0.3660746640828922,-34.50003199999992,13.99996800000008,0.0947240161275182,0.18390399854164793,0.2346549018416857
2026-05-11,4.411429536441717,4.8276590950385945,28.0,0.1250239999999394,0.2582393006214201,0.3087295185790728,0.14508215156225546,10.5,-1.0,-0.4538303868256877,-0.5233334743345259,-0.3120875497664816,4.5,-1.2500159999999596,-0.853364689071254,-0.7819882550403542,-0.5930217625151898,8.74998400000004,-0.7500159999999596,-0.8634413190002592,-0.8407689219354758,-0.6104028322213435,12.50003199999992,0.2500479999998788,0.13527321240306306,-0.053282579852027945,0.22523638218478179,-7.000031999999919,0.4999680000000808,0.8975509699750902,0.8237087901234769,0.8165293828317994,-43.5,-1.0,0.06961365833821904,0.2403390398098746,0.0462736355976093,-8.74998400000004,-1.6249920000000202,-0.6330728030874698,-0.49092661944129634,-0.23471911660193076,17.24998400000004,-3.199999991920777e-05,-0.7703790667764207,-0.7816296491746885,-0.7213081458703337,33.74998400000004,-0.2499840000000404,-0.12028773325182911,-0.19114456239092914,0.17196043685634466,8.75001599999996,0.7499840000000404,0.4926104658055883,0.4221290143975203,0.4043522412187881,-33.0,1.5000319999999192,0.09477414404314514,0.17680608863841982,0.21119500742129008
2026-05-12,4.469471807177393,5.804227073567603,26.50003199999992,-1.4999680000000808,0.1754726764804106,0.24986943752285895,0.12702661930695286,10.24998400000004,-0.2500159999999596,-0.5119682897142455,-0.5141584370206097,-0.3078770500539745,1.7499840000000404,-2.7500159999999596,-0.8534322609100704,-0.7928904868269913,-0.6030863633915106,9.00003199999992,0.2500479999998788,-0.788609659505577,-0.8183677727788212,-0.5974305289159105,11.24998400000004,-1.2500479999998788,-0.056787174866046494,-0.1258106423036612,0.19347683017344489,-6.5,0.5000319999999192,0.88835847588377,0.8299725460459817,0.8133988147994659,-46.25001599999996,-2.7500159999999596,-0.12537455363738603,0.21856837624179623,0.03728623723581595,-9.0,-0.2500159999999596,-0.5912149205283208,-0.47900363515910405,-0.2332606516342454,13.74998400000004,-3.5,-0.8051781950715275,-0.7889749365344432,-0.7295562823075374,34.00003199999992,0.2500479999998788,-0.10012821554489938,-0.1763151838516747,0.16980159747637938,9.74998400000004,0.9999680000000808,0.47350205036706594,0.4282997479546027,0.40927364443164665,-32.75001599999996,0.2499840000000404,0.09209188104473255,0.18003948117554414,0.20956408335685858
2026-05-13,4.477662587163806,0.8190779986413155,26.49996800000008,-6.399999983841553e-05,0.1778759239977767,0.22101354127881007,0.1260428512838628,9.75001599999996,-0.4999680000000808,-0.506149351803236,-0.4926045467024517,-0.30557680897503947,1.5,-0.2499840000000404,-0.877962197246908,-0.8071522320744234,-0.6037219455674594,10.0,0.9999680000000808,-0.7900278754484448,-0.8064340868030454,-0.5987902618882938,11.5,0.2500159999999596,-0.05873157945547957,-0.12726783651704068,0.1880455973289146,-7.0,-0.5,0.8924955710904281,0.8234583540225828,0.8115743296770547,-49.25001599999996,-3.0,-0.09419259443027034,0.186799707672256,0.04174647525051179,-6.75001599999996,2.2499840000000404,-0.6985584126359825,-0.45601134531413734,-0.24132353902194723,14.75001599999996,1.0000319999999192,-0.800162272186941,-0.7813106201088372,-0.727798154803181,29.75001599999996,-4.25001599999996,-0.09727339467336603,-0.14987849989966448,0.15755380071245867,12.99996800000008,3.2499840000000404,0.4260670886621528,0.38452433789676305,0.40587867894159296,-37.74998400000004,-4.999968000000081,0.12043728474253718,0.17900471585275957,0.1982057073734976
2026-05-14,4.4580298994399215,-1.96326877238846,26.25001599999996,-0.2499520000001212,0.2141982504582966,0.21199309740893363,0.13055379660436967,8.99996800000008,-0.7500479999998788,-0.48353671344215193,-0.48183635170097433,-0.30663102285804683,2.2500159999999596,0.7500159999999596,-0.9080660743334319,-0.8290577547895294,-0.6054013407756197,9.75001599999996,-0.2499840000000404,-0.7768171077073865,-0.8103684068825182,-0.5956043597058097,12.24998400000004,0.7499840000000404,-0.05933061542138114,-0.12876180734283324,0.18384990847382326,-5.75001599999996,1.2499840000000404,0.8317271265801021,0.7995448517256846,0.7962147800792779,-48.74998400000004,0.5000319999999192,-0.08269276696854301,0.16811127749895607,0.045582525482764466,-8.0,-1.2499840000000404,-0.6462642111118709,-0.45117749294808995,-0.24134254693320556,13.5,-1.2500159999999596,-0.7726718422449591,-0.7819574671035191,-0.7222117062201164,32.75001599999996,3.0,-0.1607965651995685,-0.17200140711712747,0.13981814349601138,13.24998400000004,0.2500159999999596,0.4128737635516897,0.38146425201698814,0.4024670233726388,-38.25001599999996,-0.5000319999999192,0.14539212514443142,0.18465649766814632,0.202410011201947
2026-05-15,4.594344077544065,13.631417810414348,26.5,0.2499840000000404,0.08991785863732567,0.24433844827086398,0.13275696257389397,5.5,-3.499968000000081,-0.5654976463860534,-0.5880512869797956,-0.34384729890206844,-0.5,-2.7500159999999596,-0.8706843689112558,-0.8211772450630063,-0.6169994170059694,6.74998400000004,-3.000031999999919,-0.8112244845351033,-0.8120100390420567,-0.6415290194038634,13.00003199999992,0.7500479999998788,0.0016223335285162662,-0.07562955116560556,0.20684993080786285,-3.7500159999999596,2.0,0.7815801809136208,0.7740140753902721,0.7948326473231717,-50.50003199999992,-1.7500479999998788,-0.22255797390018942,0.029215114193172735,0.03091615112168089,-12.99996800000008,-4.999968000000081,-0.7558414232837313,-0.41612406724766804,-0.2724751242870558,11.74998400000004,-1.7500159999999596,-0.6349010330198074,-0.7622153173393085,-0.6963916198516523,27.5,-5.25001599999996,-0.41555660401086064,-0.25359516662035136,0.014931307808775643,16.24998400000004,3.0,0.5071693164586328,0.4406226991674142,0.43924705670431696,-32.99996800000008,5.250047999999879,0.15498197988023327,0.18793588941524922,0.25037313083934687
2026-05-18,4.622255859056915,2.7911781512850453,27.0,0.5,0.08467935337546635,0.2777940050807482,0.15676628563829054,4.24998400000004,-1.2500159999999596,-0.5644644507856057,-0.5658924504991176,-0.3421645959778228,3.199999991920777e-05,0.5000319999999192,-0.8516996318876701,-0.8205894684946212,-0.6061783056913806,5.74998400000004,-1.0,-0.8135130363827885,-0.8037861470516966,-0.6792705358521278,12.0,-1.0000319999999192,-0.010024384301472972,-0.0817237376023817,0.177063592190516,-3.0,0.7500159999999596,0.7920232206529088,0.76374587291691,0.7975457750328007,-50.74998400000004,-0.2499520000001212,-0.22239632856663763,0.1441082713034956,0.05283578880061551,-13.74998400000004,-0.7500159999999596,-0.7574699013420623,-0.5011722764403367,-0.29632497594505364,12.99996800000008,1.2499840000000404,-0.615600718149455,-0.7592245737409823,-0.6779857407951421,23.75001599999996,-3.7499840000000404,-0.4071439183137389,-0.23070783846349446,-0.04953147595090019,17.25001599999996,1.0000319999999192,0.5062584259105081,0.4072978601720715,0.4298420420526135,-34.25001599999996,-1.2500479999998788,0.15621533504628263,0.18376096082956897,0.24901330449847484
2026-05-19,4.668268420200909,4.601256114399366,28.00003199999992,1.0000319999999192,0.15473464859091213,0.2552614810325912,0.1643022859369875,4.74998400000004,0.5,-0.5516751588096123,-0.5446550122468374,-0.33479728829433025,-1.0,-1.0000319999999192,-0.8509638843212751,-0.8308823101125526,-0.6074481141003399,4.0,-1.7499840000000404,-0.8138390724428988,-0.8038212095697232,-0.6840124978434275,11.24998400000004,-0.7500159999999596,-0.029572108580588008,-0.10043552497091487,0.164263657550852,-1.4999680000000808,1.5000319999999192,0.7967531325036512,0.7796556752068476,0.8018185906524268,-52.74998400000004,-2.0,-0.22092754207121548,0.1223610130338886,0.049206376491616174,-12.25001599999996,1.4999680000000808,-0.7116160439643895,-0.4844021098179086,-0.2890702191303979,12.24998400000004,-0.7499840000000404,-0.6077298542030017,-0.7638069792667278,-0.6770614395917857,19.75001599999996,-4.0,-0.4264546397733968,-0.22590564478372574,-0.0704322568311788,17.75001599999996,0.5,0.49431306838708655,0.4048712555494512,0.430612105299632,-31.50003199999992,2.7499840000000404,0.20378115544366276,0.20099970657336416,0.256652056580725
2026-05-20,4.5686043988229255,-9.966402137798358,29.0,0.9999680000000808,0.04400992062969019,0.2367450573502696,0.13217309116038217,7.0,2.2500159999999596,-0.6531714440404254,-0.636046498612358,-0.35701247064509456,0.0,1.0,-0.8342230136325057,-0.8044223696229931,-0.6024398823821643,5.5,1.5,-0.8303190324721599,-0.8138535312065143,-0.6934916520380392,13.0,1.7500159999999596,-0.23299402304911632,-0.203208606984978,0.0915758507311655,-3.2499840000000404,-1.7500159999999596,0.8001388115574775,0.7877859553976367,0.8078488331112859,-48.24998400000004,4.5,-0.42462241018215685,0.04164852553128377,0.017719260605971413,-11.00003199999992,1.2499840000000404,-0.702655872553315,-0.4866870087618661,-0.28927058949143003,14.25001599999996,2.000031999999919,-0.6429579206404249,-0.7492468277648954,-0.6774434022322607,21.0,1.2499840000000404,-0.4553037844597,-0.2524529221477727,-0.0903200371391582,17.0,-0.7500159999999596,0.5096009167380279,0.45455962376803766,0.4306784988353875,-31.74998400000004,-0.2499520000001212,0.1999306310487288,0.13771066599845158,0.24792722209453882
2026-05-21,4.581542384297732,1.2937985474806624,27.25001599999996,-1.7499840000000404,0.03779717325131395,0.15476351282579867,0.13240167628469438,11.0,4.0,-0.5458168369301184,-0.5390890693038146,-0.3328176124567782,-1.5,-1.5,-0.8224512705333065,-0.7887827235962348,-0.6271998131170151,4.25001599999996,-1.2499840000000404,-0.8206017055396454,-0.7919612219389932,-0.6984788056051866,13.49996800000008,0.4999680000000808,-0.2402842876273305,-0.16883548922324773,0.08473794871457001,-2.999968000000081,0.2500159999999596,0.7986362812214164,0.768995318618431,0.8057800064876113,-49.24998400000004,-1.0,-0.420588894728166,0.046845006601010215,0.057326109233168256,-11.24998400000004,-0.2499520000001212,-0.7027037271019969,-0.46944008737556614,-0.32761058589931724,16.24998400000004,1.9999680000000808,-0.6263819177446301,-0.7158967374139802,-0.6766116998704579,18.5,-2.5,-0.4544187042155884,-0.2846922864152466,-0.09269130060441812,17.0,0.0,0.5112191739222574,0.4555175232985286,0.4290483024577003,-28.25001599999996,3.499968000000081,0.191194772901042,0.12995640713598738,0.24446554210219082
2026-05-22,4.570724968228557,-1.0817416069174968,28.24998400000004,0.9999680000000808,0.02208073917243757,0.1283418760713824,0.11201410209133811,11.0,0.0,-0.5535304482361508,-0.5354329585369697,-0.30526641220643347,-1.2500159999999596,0.2499840000000404,-0.8434109049172238,-0.7879290771462362,-0.6552198848853656,3.7500159999999596,-0.5,-0.8223373878522188,-0.7893064768067771,-0.7076632212335312,13.75001599999996,0.2500479999998788,-0.24737476962986396,-0.16387279454560014,0.04432711803605335,-3.000031999999919,-6.399999983841553e-05,0.7997230555617161,0.766136449914522,0.8092835305807549,-48.50003199999992,0.7499520000001212,-0.42198107522325057,0.02604889639923761,0.07314863011291624,-10.99996800000008,0.2500159999999596,-0.7088360056086745,-0.463847538322557,-0.32471047095405575,15.49996800000008,-0.7500159999999596,-0.6479237424009705,-0.7167168376179037,-0.6824045386236213,18.50003199999992,3.199999991920777e-05,-0.4488240618054141,-0.30810094707794067,-0.11744449032358228,18.49996800000008,1.4999680000000808,0.4836809331585183,0.44308772294217913,0.42878152607754944,-26.24998400000004,2.000031999999919,0.21475091381932795,0.13444475909516027,0.2202299303429122
2026-05-26,4.489572774469613,-8.115219375894434,29.24998400000004,1.0,-0.03002830548615612,0.056870159924111575,0.11995033298748314,10.5,-0.5,-0.5030582546160199,-0.4929371094598765,-0.30334875184627536,-1.0,0.2500159999999596,-0.8136043359363435,-0.7596876723788031,-0.6191687460754997,6.74998400000004,2.999968000000081,-0.8582569779723355,-0.8376967508852337,-0.7720867527199617,14.25001599999996,0.5,-0.25850555718783125,-0.10031627127930892,-0.045694398579733515,-3.2499840000000404,-0.2499520000001212,0.7565144532008886,0.7531624335094411,0.7906352696937167,-48.5,3.199999991920777e-05,-0.40202590843088293,0.04391127973038213,0.06838557915820645,-11.25001599999996,-0.2500479999998788,-0.6682272687332952,-0.5216898499943029,-0.3234696647962096,16.00003199999992,0.5000639999998384,-0.6296838538024667,-0.6518086411539556,-0.6513148148252076,23.74998400000004,5.249952000000121,-0.5541072558325972,-0.42977157333272115,-0.2249223308652748,15.74998400000004,-2.7499840000000404,0.5731663757256475,0.4880426922206017,0.4236004089155758,-25.49996800000008,0.7500159999999596,0.21310933681386435,0.10618371309732312,0.23543479782511517
2026-05-27,4.479724146779306,-0.9848627690306699,27.5,-1.7499840000000404,-0.009799821955183757,0.0799352180975468,0.12634879862314463,10.0,-0.5,-0.4979702813810992,-0.4865601906028293,-0.3030208233344722,-1.0,0.0,-0.816838935451879,-0.7563070389077435,-0.6190092536541286,8.5,1.7500159999999596,-0.8373244380586784,-0.8252861287641493,-0.7695963182195797,13.74998400000004,-0.5000319999999192,-0.2670529286572729,-0.08506838806352662,-0.04156233214578327,-2.499968000000081,0.7500159999999596,0.7466501601910428,0.7403212975160184,0.7863632139931162,-51.0,-2.5,-0.3696969516509941,0.06029031602400211,0.0719168013592767,-11.75001599999996,-0.5,-0.6712048448592599,-0.5210890297998647,-0.3297510818607182,17.75001599999996,1.7499840000000404,-0.6330750987909866,-0.6466715955697397,-0.6536514221893887,24.0,0.2500159999999596,-0.5614262034036362,-0.4431307280788063,-0.22968588418446056,15.75001599999996,3.199999991920777e-05,0.5748221640249285,0.5045500118891724,0.4240939879413345,-23.75001599999996,1.7499520000001212,0.21170888609194918,0.10105937370062873,0.23321522268628836
2026-05-28,4.454136643367834,-2.558750341147231,27.50003199999992,3.199999991920777e-05,3.891196195800812e-05,0.07632700553750929,0.1187534146107015,10.99996800000008,0.9999680000000808,-0.47850777737881806,-0.4952533874177953,-0.30442441069513293,-1.2499840000000404,-0.2499840000000404,-0.7984552256203029,-0.7506975443418722,-0.6242404570884075,9.25001599999996,0.7500159999999596,-0.8296969932823939,-0.8297912515761874,-0.7886827448435945,13.74998400000004,0.0,-0.2985559789611353,-0.08941032906119631,-0.043533172956812805,-3.0,-0.5000319999999192,0.732241584887276,0.7433453515607223,0.7881002009692247,-52.25001599999996,-1.2500159999999596,-0.3402242961182026,0.05830868455354904,0.07051103997498191,-10.25001599999996,1.5,-0.6742658626997512,-0.5256595181916223,-0.32974242666226433,18.50003199999992,0.7500159999999596,-0.6072885254501422,-0.6472002320547959,-0.6586620337386638,23.74998400000004,-0.2500159999999596,-0.569127437843895,-0.4428640392716314,-0.23149722143548906,17.24998400000004,1.4999680000000808,0.5827702099989434,0.4896124085370588,0.41084629854772736,-26.49996800000008,-2.749952000000121,0.18384796631619899,0.11015616762872461,0.2543791899133348
2026-05-29,4.452179813487916,-0.1956829879917521,26.99996800000008,-0.5000639999998384,0.04017898130415849,0.07676150822271312,0.09880248580383513,11.50003199999992,0.5000639999998384,-0.5721849803028534,-0.5002183291945614,-0.2999629318585169,-0.5000319999999192,0.7499520000001212,-0.8115293846123601,-0.7558552245496455,-0.6135051350896618,9.75001599999996,0.5,-0.8287932287684865,-0.8292125733091966,-0.7960505805610074,14.0,0.2500159999999596,-0.32129991943919567,-0.09724549265906011,-0.07776335448295989,-5.24998400000004,-2.2499840000000404,0.7043580475629644,0.7559980595762644,0.7735871796986139,-56.0,-3.7499840000000404,-0.3147310178423985,0.05700390905396374,0.06017264595814451,-9.24998400000004,1.0000319999999192,-0.6688129639316358,-0.5248190818514774,-0.3052475123085495,20.99996800000008,2.4999360000001616,-0.6037308571798579,-0.6399543992072362,-0.6757873450125599,22.25001599999996,-1.4999680000000808,-0.56441547332904,-0.44029432171381766,-0.27033433470814006,19.0,1.7500159999999596,0.5690892296989805,0.4930642837631217,0.4239452631280879,-30.74998400000004,-4.25001599999996,0.17294683495361696,0.11023338262670541,0.2525077426697287
2026-06-01,4.474838073951093,2.2658260463177093,25.5,-1.4999680000000808,0.0617797699069975,0.059502307978814666,0.09032261145019169,13.5,1.9999680000000808,-0.5645850385726838,-0.4690512667333508,-0.28923822561170837,-1.2499840000000404,-0.7499520000001212,-0.8126160873585616,-0.763323610054652,-0.6138867483629215,8.99996800000008,-0.7500479999998788,-0.8301913098244308,-0.8382160093823414,-0.7963186951659015,13.50003199999992,-0.4999680000000808,-0.3506692842826915,-0.08484625721603949,-0.07968791512617154,-8.75001599999996,-3.500031999999919,0.59867253301413,0.6775040337509629,0.7256140810809907,-59.75001599999996,-3.7500159999999596,-0.31621676584862884,0.05077827202565366,0.0614880453215679,-6.0,3.2499840000000404,-0.594226560137072,-0.5082871221851858,-0.3186056971614001,18.74998400000004,-2.2499840000000404,-0.6263680535718665,-0.6362621919929666,-0.7032981487600625,23.00003199999992,0.7500159999999596,-0.5537904107846766,-0.4466202910200491,-0.2634173180418446,18.74998400000004,-0.2500159999999596,0.554740153876789,0.485562971976,0.42809028370478525,-31.5,-0.7500159999999596,0.1578150655370031,0.11178283140794046,0.25569734385153925
2026-06-02,4.454155525496903,-2.0682548454190375,25.49996800000008,-3.199999991920777e-05,-0.04962165047503124,0.051355945172449735,0.11310688099126161,13.50003199999992,3.199999991920777e-05,-0.5252734049539548,-0.46665107076734746,-0.46606200242347107,-1.2500159999999596,-3.199999991920777e-05,-0.7942123865944101,-0.762211396767085,-0.7721665162428236,9.74998400000004,0.7500159999999596,-0.8195377736782974,-0.8405323398793647,-0.802233001346159,14.75001599999996,1.2499840000000404,-0.36774366072030645,-0.0942736248248494,-0.10227038371240121,-8.74998400000004,3.199999991920777e-05,0.5542833618247625,0.6715927888642605,0.7264820876664811,-61.0,-1.2499840000000404,-0.33101565862308296,0.04583173010619472,0.07035013714465092,-6.0,0.0,-0.5688235831296122,-0.5015472521660693,-0.43870424867211527,17.75001599999996,-0.9999680000000808,-0.5580875958541798,-0.6249117716010714,-0.7109510839643267,25.24998400000004,2.249952000000121,-0.5884052836109555,-0.4551440356449258,-0.28698279841052765,21.24998400000004,2.5,0.4848521153390401,0.45668289534134787,0.409717043882297,-36.49996800000008,-4.999968000000081,0.19000345024515433,0.12097927370537113,0.2664242218606173
2026-06-03,4.48966293906376,3.550741356685716,25.24998400000004,-0.2499840000000404,-0.05821301508377194,0.05495282315250367,0.1116988490575482,12.50003199999992,-1.0,-0.5345752805095579,-0.4774650886818425,-0.4834639692326466,-2.2500159999999596,-1.0,-0.7998996972169535,-0.767465784993304,-0.7827170285799796,9.24998400000004,-0.5,-0.827970799221375,-0.8411324555439151,-0.802529485302944,13.00003199999992,-1.7499840000000404,-0.3902597627024517,-0.1290039927094222,-0.11994236129857676,-6.000031999999919,2.749952000000121,0.5498348799525039,0.6745905574580603,0.7240562815964418,-62.99996800000008,-1.9999680000000808,-0.34061375226833707,0.045298490596176806,0.0668382818390027,-5.25001599999996,0.7499840000000404,-0.5500300374669821,-0.49720842840143414,-0.43435637625157336,15.0,-2.7500159999999596,-0.5630879015345279,-0.633042484720101,-0.7145322219974334,26.74998400000004,1.5,-0.5418527376778726,-0.44047225281263896,-0.2772122600914166,19.75001599999996,-1.4999680000000808,0.42656379686185,0.45745335858832015,0.3954687790772519,-33.5,2.999968000000081,0.1889554111150527,0.13506916017137263,0.27439774689044205
2026-06-04,4.474864338976354,-1.47986000874063,25.0,-0.2499840000000404,-0.20555919130765188,0.02367246505174244,0.17261685453935777,10.5,-2.000031999999919,-0.45255896634972503,-0.4231212385136693,-0.5211418583434952,-0.5,1.7500159999999596,-0.7658057709466071,-0.7726272288789634,-0.7753471688623504,9.5,0.2500159999999596,-0.8199857750755716,-0.8339532797875437,-0.8169633566786305,14.0,0.9999680000000808,-0.31733602471325145,-0.20509143450036385,-0.1543327756142485,-4.74998400000004,1.2500479999998788,0.4604601930820555,0.6398977663830443,0.705504964531186,-65.49996800000008,-2.5,-0.34931517532778494,-0.13464069388040253,0.07821381076346502,-4.25001599999996,1.0,-0.515466222159573,-0.502672662168118,-0.4530594038064597,15.74998400000004,0.7499840000000404,-0.5095429737660465,-0.6149923806469263,-0.7072776125223422,26.00003199999992,-0.7499520000001212,-0.5465770251540016,-0.4527106806243297,-0.3327607003915724,20.99996800000008,1.2499520000001212,0.44449330808743137,0.41056531362418824,0.3824118508663755,-34.49996800000008,-0.9999680000000808,0.15433224040637653,0.2320207457848579,0.27150863358670146
2026-06-05,4.535291969076209,6.0427630099854746,22.5,-2.5,-0.3116989340398732,-0.046986736476265854,0.1508711658874061,8.5,-2.0,-0.4918160549563433,-0.44552147203716896,-0.5220492970738517,0.0,0.5,-0.6975167742222379,-0.7409153727671611,-0.7495019900373459,5.75001599999996,-3.7499840000000404,-0.8002371120238448,-0.8256378227993763,-0.8067935885088339,12.24998400000004,-1.7500159999999596,-0.38918445541781077,-0.25351449389069614,-0.2379231654841282,0.7499840000000404,5.499968000000081,0.48716427876302393,0.6409935671483465,0.6903305821454083,-70.75001599999996,-5.250047999999879,-0.5871263113761686,-0.17239511353987094,0.07772652776050465,-4.999968000000081,-0.7499520000001212,-0.5104708501313422,-0.5075307627744926,-0.4696028381179308,13.74998400000004,-2.0,-0.5382156789542771,-0.6291740597213855,-0.7064224164471021,24.74998400000004,-1.2500479999998788,-0.5322717235919161,-0.4655627596842597,-0.36582271833023955,20.75001599999996,-0.2499520000001212,0.4094568718567472,0.41053816142552824,0.3943340965722233,-30.0,4.499968000000081,0.20044276044133708,0.25974520410597873,0.26095874335006597
2026-06-08,4.549228911645183,1.3936942568974153,23.24998400000004,0.7499840000000404,-0.3071716567712177,-0.04918755155292016,0.15747314557776118,9.00003199999992,0.5000319999999192,-0.46528124331783993,-0.43995311887164557,-0.5192780078426092,0.4999680000000808,0.4999680000000808,-0.6759788080972885,-0.7370351795756006,-0.7472600175240606,6.375039999999899,0.6250239999999394,-0.790667410333604,-0.8194974375690315,-0.8033879019094141,9.99996800000008,-2.2500159999999596,-0.44916522469911824,-0.25322428755942217,-0.23519778714291847,8.62499200000002,7.87500799999998,0.36481313675074756,0.5393650115343169,0.6110245024392903,-68.8750399999999,1.8749760000000606,-0.5291334037529143,-0.21256843488753888,0.07938620253690576,-4.374976000000061,0.6249920000000202,-0.4868867910152524,-0.5062683244525124,-0.46891997033944166,14.62499200000002,0.8750079999999798,-0.5208347087526601,-0.6324945306223487,-0.7036638375278769,22.12499200000002,-2.62499200000002,-0.6386037972078127,-0.4836312319546195,-0.3647963143618,18.37500799999998,-2.37500799999998,0.3486636596193052,0.40702102717855926,0.3820415824830688,-22.12499200000002,7.87500799999998,0.41922288997535984,0.2502402378611088,0.2591631538886885
2026-06-09,4.527393012503553,-2.1835899141629866,23.0,-0.2499840000000404,-0.3250599743451824,-0.052402758197751836,0.10770591239155819,9.24998400000004,0.2499520000001212,-0.4552965626719129,-0.45338245997657556,-0.49476180258521213,0.7500159999999596,0.2500479999998788,-0.6675088420219882,-0.7353607196706357,-0.7364914939532738,6.75001599999996,0.3749760000000606,-0.7912430414311453,-0.8187069086526714,-0.821385093528558,9.99996800000008,0.0,-0.4719212725086541,-0.24402049541016427,-0.22509635013001933,8.50003199999992,-0.12496000000010099,0.38262103329509506,0.5349119894154467,0.5986503916321537,-71.00003199999992,-2.12499200000002,-0.5278599281134368,-0.1973801528009253,0.09627149484974246,-3.499968000000081,0.8750079999999798,-0.4700684587464294,-0.5354228946265571,-0.4596457441388591,15.49996800000008,0.8749760000000606,-0.5404900212875239,-0.6341577021340328,-0.6984119840256243,22.00003199999992,-0.12496000000010099,-0.6543486973986172,-0.4763941472589662,-0.3959419133312818,19.99996800000008,1.624960000000101,0.32155807515594464,0.39009257745401416,0.3830568591859822,-24.99996800000008,-2.8749760000000606,0.4305040258027785,0.2506526401731003,0.25493716927992266
2026-06-10,4.539335879446747,1.194286694319402,22.75001599999996,-0.2499840000000404,-0.27651700164294307,-0.049793513140899394,0.09361785566599928,9.5,0.2500159999999596,-0.46028344008545213,-0.4828950333988045,-0.493648321298074,0.7500159999999596,0.0,-0.652506885653029,-0.7253498594631491,-0.7396566095483761,5.74998400000004,-1.0000319999999192,-0.8276728660298639,-0.8110021329279571,-0.8201189330169051,7.74998400000004,-2.2499840000000404,-0.4137199794932261,-0.275861915468799,-0.24192922558716684,14.25001599999996,5.74998400000004,0.3827155004675802,0.4958781224828128,0.5718194129827411,-71.74998400000004,-0.7499520000001212,-0.5092713756578984,-0.3041539160820976,0.09253743048111597,-4.0,-0.5000319999999192,-0.46883681635633817,-0.5200276481319351,-0.4567806596614901,16.0,0.5000319999999192,-0.4943877391960685,-0.6346011393424008,-0.6964381976120484,19.5,-2.500031999999919,-0.692214374493375,-0.47602972350702677,-0.3905655013848627,19.25001599999996,-0.7499520000001212,0.3038984736527559,0.3685939864532263,0.37919685656317753,-21.00003199999992,3.9999360000001616,0.4435845949478237,0.2496373052014849,0.25762607816709887
2026-06-11,4.464067853850072,-7.526802559667445,23.00003199999992,0.2500159999999596,-0.2935708302024949,-0.06290326936911438,0.05950452216166368,10.24998400000004,0.7499840000000404,-0.46573574107602644,-0.48386021576444693,-0.4835023704969377,1.2499840000000404,0.4999680000000808,-0.6506509553485135,-0.7293636017654154,-0.7415565716178296,7.75001599999996,2.000031999999919,-0.8598817989986258,-0.8323263294590021,-0.8252751753115072,9.0,1.2500159999999596,-0.4695841857791635,-0.3201394082279508,-0.27470419862819234,13.25001599999996,-1.0,0.4187826684032424,0.5074010293661938,0.5668551270984605,-72.74998400000004,-1.0,-0.49081978531019044,-0.3061699283216055,0.06370338346807002,-3.0,1.0,-0.5034760639815219,-0.5796575611441773,-0.44112994997829474,18.75001599999996,2.7500159999999596,-0.5624007696585072,-0.6535148777334054,-0.6998621352403144,20.74998400000004,1.2499840000000404,-0.7234031040880344,-0.49946981343231744,-0.3944698855026829,18.0,-1.2500159999999596,0.37169577323580194,0.38925619911054965,0.3691887753480737,-22.0,-0.9999680000000808,0.4963931325170392,0.2787190006233493,0.2638495669189185
2026-06-12,4.483867021510664,1.9799167660591976,23.50003199999992,0.5,-0.2797617436064478,-0.04431817590756223,0.0493568668925658,10.24998400000004,0.0,-0.4789642959926936,-0.48301750618258066,-0.48083463796932213,0.5,-0.7499840000000404,-0.6510295789893357,-0.7430453580423791,-0.7572168292041553,8.24998400000004,0.4999680000000808,-0.8520775244987242,-0.8253721567533006,-0.8268086545080522,8.75001599999996,-0.2499840000000404,-0.46306935276334543,-0.31277872971156434,-0.2714764161072917,12.75001599999996,-0.5,0.40753760823275476,0.49979957855455953,0.563642452793272,-72.75001599999996,-3.199999991920777e-05,-0.4680133508045761,-0.2900834769909592,0.0438235491945234,-2.999968000000081,3.199999991920777e-05,-0.5362513906344234,-0.5805538836482631,-0.4463155328711154,17.49996800000008,-1.2500479999998788,-0.5972283843553446,-0.6543454212031652,-0.7098440668908176,23.25001599999996,2.500031999999919,-0.6826033937844171,-0.4834939627935273,-0.386073934359025,15.5,-2.5,0.31459016637725684,0.35580190590284927,0.35461687940617165,-21.24998400000004,0.7500159999999596,0.49017097896157474,0.29519752588832154,0.2693068226626046
2026-06-15,4.468054068177777,-1.581295333288768,22.74998400000004,-0.7500479999998788,-0.4111015612966849,-0.10215871434072632,0.07187745620800319,10.75001599999996,0.5000319999999192,-0.24672254854847267,-0.4559096587314434,-0.49269699059824723,1.0,0.5,-0.4361876528504713,-0.7255776813248495,-0.7327381621801665,9.75001599999996,1.5000319999999192,-0.8201543151972327,-0.8161442580003369,-0.8101483491279342,8.99996800000008,0.2499520000001212,-0.7388298120846218,-0.343738830587184,-0.2976249292001911,11.00003199999992,-1.7499840000000404,0.44622860478462395,0.47807603846131974,0.545798534297742,-74.0,-1.2499840000000404,-0.5422992431272748,-0.32874247825135106,-0.061098057175677505,-1.2500159999999596,1.7499520000001212,-0.12869594105509052,-0.5672814167812483,-0.36497411362952503,18.50003199999992,1.0000639999998384,-0.563828176454006,-0.629452374289928,-0.7148271781207841,23.49996800000008,0.2499520000001212,-0.581195456103067,-0.4937794289874149,-0.3511728922938043,15.50003199999992,3.199999991920777e-05,0.09082229120240203,0.351116157640327,0.34883456979351907,-21.75001599999996,-0.5000319999999192,0.4018050637960417,0.24818854988439157,0.22696521918807375
2026-06-16,4.4266246766567825,-4.142939152099423,23.00003199999992,0.2500479999998788,-0.46457558436205065,-0.10843956405652855,0.08407929377736717,11.24998400000004,0.4999680000000808,-0.20942013502811516,-0.4599200040215236,-0.4767217437016038,2.2499840000000404,1.2499840000000404,-0.4995363368661829,-0.733843066751654,-0.7396889541229582,11.25001599999996,1.5,-0.8201340195892672,-0.8221596252725859,-0.8081099696220277,8.5,-0.4999680000000808,-0.705205338243632,-0.327027644379317,-0.2846479332528978,10.0,-1.0000319999999192,0.46752375884734526,0.48579685217128193,0.5375727709910215,-73.75001599999996,0.2499840000000404,-0.5878239451879367,-0.3377414387486427,0.0032570864263196907,0.2499840000000404,1.5,-0.10528647123274494,-0.577350217269439,-0.43135254091124386,19.25001599999996,0.7499840000000404,-0.6072416749283416,-0.6318544849634703,-0.717687726677754,26.25001599999996,2.750047999999879,-0.5781920254206117,-0.512033081186087,-0.3473764376229719,11.99996800000008,-3.5000639999998384,0.13546900364897949,0.3829822513621912,0.3397295151431174,-20.99996800000008,0.7500479999998788,0.43168499582697323,0.24442881856984028,0.22090325450043627
2026-06-17,4.462142479950983,3.551780329420051,23.5,0.4999680000000808,-0.53024135450414,-0.07230936528357167,0.04988436595437845,11.0,-0.2499840000000404,-0.24598930555383547,-0.46826240934455426,-0.47275157582954075,0.7499840000000404,-1.5,-0.4995638011304888,-0.7343284190451743,-0.7476705212309246,10.25001599999996,-1.0,-0.8100696939079894,-0.8207694020774784,-0.8052551300555919,8.25001599999996,-0.2499840000000404,-0.6890528838991339,-0.3272355565092262,-0.2904976337298403,10.49996800000008,0.4999680000000808,0.45169709188334867,0.4774298355003735,0.5455704384252,-70.74998400000004,3.000031999999919,-0.41762399258624616,-0.27947223974680646,0.001189007675199067,-2.7500159999999596,-3.0,-0.3028298932100363,-0.5826423140418387,-0.4379534148975523,17.24998400000004,-2.000031999999919,-0.6283080616052836,-0.6308381400837402,-0.7249434604284276,27.50003199999992,1.2500159999999596,-0.4671269510380087,-0.49278557666984246,-0.3138732047813948,12.49996800000008,0.5,0.13159040491713783,0.36579985290623385,0.33744266026227615,-21.49996800000008,-0.5,0.3724777488361131,0.27069096154099953,0.22376098748293966
2026-06-18,4.450316141129315,-1.1826338821667726,27.00003199999992,3.500031999999919,-0.37345916376080684,-0.09106105816909005,0.05936632533634254,9.74998400000004,-1.2500159999999596,-0.07847138596404583,-0.46577655027193166,-0.4976194015824867,1.5,0.7500159999999596,-0.4454293115737653,-0.7394198408443563,-0.7376709829434605,8.5,-1.7500159999999596,-0.7975436344739081,-0.7962684340138031,-0.7929657290344159,10.5,2.2499840000000404,-0.5625747844258016,-0.3267795928690167,-0.29322504960232026,9.5,-0.9999680000000808,0.4194672894488934,0.4798719975552464,0.5457283174778179,-67.25001599999996,3.499968000000081,-0.1829365683639713,-0.28453745635080957,-0.0016591926884514292,-4.999968000000081,-2.249952000000121,-0.2250128228564575,-0.5607815092426558,-0.435569313693165,18.99996800000008,1.7499840000000404,-0.596390052924064,-0.6350625478245178,-0.7194175116778186,23.50003199999992,-4.0,-0.41845118493613065,-0.4636854790773348,-0.29916158428686296,13.99996800000008,1.5,0.10077495256493686,0.3574926522634047,0.3645053193733253,-17.99996800000008,3.5,0.3840339467436435,0.268454043509204,0.17984053736165947
2026-06-22,4.505808072170461,5.549193104114547,28.24998400000004,1.2499520000001212,-0.23576737241638024,-0.06624270461047052,0.02456236792712848,8.24998400000004,-1.5,-0.3192348380926853,-0.4783441092390261,-0.48588128407034403,0.2500159999999596,-1.2499840000000404,-0.5179028015689516,-0.7427763129435526,-0.7320436120051238,8.0,-0.5,-0.7737963640371146,-0.7891877254017667,-0.7734224686431017,9.5,-1.0,-0.59727913711772,-0.35340967007623264,-0.2941113625198292,11.75001599999996,2.2500159999999596,0.44001378944869113,0.4913176305310665,0.5383264158475205,-64.75001599999996,2.5,-0.03701543174355645,-0.22452752426298264,0.023829648917132153,-8.75001599999996,-3.750047999999879,-0.3729912979755498,-0.5785878293674123,-0.4395972964029005,18.50003199999992,-0.4999360000001616,-0.6386936717122828,-0.630945976695555,-0.6940119431737902,22.24998400000004,-1.2500479999998788,-0.42739988882018665,-0.4670799441046843,-0.3300098084135388,12.74998400000004,-1.2499840000000404,0.038491522792318704,0.3269769707193474,0.3411669416191036,-13.99996800000008,4.0,0.4218238247105561,0.27935651527822514,0.19218439128026107
2026-06-23,4.491925598030436,-1.3882474140024748,27.49996800000008,-0.7500159999999596,-0.22076360142255183,-0.05716056608678717,0.011631303496182674,9.50003199999992,1.2500479999998788,-0.32205252541733814,-0.48505841886495094,-0.48415787283912104,-0.2500159999999596,-0.5000319999999192,-0.4998158176577539,-0.7503507571996431,-0.7264099043258014,9.0,1.0,-0.7843874251266709,-0.7904666721830448,-0.7750912763809401,8.74998400000004,-0.7500159999999596,-0.58604019640865,-0.3443217099574148,-0.28504727230002713,12.25001599999996,0.5,0.4389577983375918,0.48922513549362945,0.5359377749925232,-64.50003199999992,0.2499840000000404,-0.03703268189564401,-0.22364913582616083,0.006536138614510219,-8.49996800000008,0.2500479999998788,-0.3729530259889953,-0.5813871168735649,-0.4345444319988116,19.24998400000004,0.7499520000001212,-0.6519176956156221,-0.6501706392809725,-0.6982251284162075,22.0,-0.2499840000000404,-0.42459649817327744,-0.4642039671667416,-0.345922703771779,8.24998400000004,-4.5,0.07413276918807249,0.32007054760659354,0.33633122297183166,-5.74998400000004,8.24998400000004,0.34808476473890265,0.2596909728118346,0.18145008209800578
2026-06-24,4.399053440844795,-9.287215718564124,27.25001599999996,-0.2499520000001212,-0.10750197929804227,-0.038486866485496214,0.0025797927289674645,10.24998400000004,0.7499520000001212,-0.44115451709535325,-0.48920711088024277,-0.4788897234603613,1.2499840000000404,1.5,-0.6216003045699233,-0.7613160087746268,-0.7270565005673701,10.75001599999996,1.7500159999999596,-0.7339534889982847,-0.8041025574645542,-0.8026677976926484,8.75001599999996,3.199999991920777e-05,-0.530543398199185,-0.33061913914090724,-0.23227187541324876,11.99996800000008,-0.2500479999998788,0.4294639336341883,0.4797854321195338,0.5245919925096392,-63.74998400000004,0.7500479999998788,-0.07954839950379636,-0.22737174850411845,0.010246015050008318,-7.000031999999919,1.4999360000001616,-0.47623644557186795,-0.5965244798671758,-0.4995833370999954,22.00003199999992,2.750047999999879,-0.7549426955688613,-0.6762427808390744,-0.6776651544149702,23.74998400000004,1.7499840000000404,-0.2952961291311164,-0.4847588783222019,-0.3957133573187616,7.0,-1.2499840000000404,-0.003173154821335634,0.3386920514930557,0.346472996651563,-8.0,-2.2500159999999596,0.42793502616810486,0.2945168663816228,0.18806033491672933
2026-06-25,4.39118029837747,-0.7873142467325067,27.75001599999996,0.5,-0.12585511987539508,-0.047288130285021324,0.007829092953167633,9.5,-0.7499840000000404,-0.4383982132600422,-0.4835432724965959,-0.4735186144294417,2.0,0.7500159999999596,-0.6186054727758827,-0.7615767982544277,-0.7242782880944785,11.75001599999996,1.0,-0.7468802868620598,-0.801202852513779,-0.799284420333518,8.74998400000004,-3.199999991920777e-05,-0.5330720491941976,-0.3489105479290122,-0.22680535721071074,12.0,3.199999991920777e-05,0.43004261395433047,0.4839420118528599,0.5201869794997119,-65.0,-1.2500159999999596,-0.08527807305068485,-0.22598105517872388,0.01945836359835147,-4.24998400000004,2.750047999999879,-0.4637111869030542,-0.5865077125483728,-0.5007775672013141,21.99996800000008,-6.399999983841553e-05,-0.763433318389683,-0.6761073532677673,-0.6737166851712459,24.50003199999992,0.7500479999998788,-0.29516487041611617,-0.48786399467445407,-0.4050109898934205,7.24998400000004,0.2499840000000404,-0.003165313062950164,0.3337147969313556,0.3564507660262645,-10.25001599999996,-2.2500159999999596,0.42706951133149523,0.29733653515370057,0.1883154825913449
2026-06-26,4.371504336540136,-1.9675961837333666,28.5,0.7499840000000404,-0.13875937427470494,-0.0513692887651084,0.0010765372373075326,9.0,-0.5,-0.4118323622147105,-0.456388966350707,-0.47194906062489234,2.0,0.0,-0.633320881190636,-0.7486089616185407,-0.7232807027305962,11.5,-0.2500159999999596,-0.7330838779313006,-0.7881101736557383,-0.7976735239134725,7.75001599999996,-0.9999680000000808,-0.5111403090694576,-0.36442429746558136,-0.22296663468717634,16.74998400000004,4.74998400000004,0.37320443032720035,0.43617525774244087,0.482873526896701,-62.49996800000008,2.500031999999919,-0.11687550665157674,-0.23011675135535464,0.011127519247634795,-4.000031999999919,0.2499520000001212,-0.45039192052905713,-0.5809412801712089,-0.5009759936241842,20.75001599999996,-1.2499520000001212,-0.7266795203668939,-0.644221628152254,-0.6636652157335445,24.25001599999996,-0.2500159999999596,-0.29750383033322836,-0.48644578576677583,-0.4062777643069564,9.24998400000004,2.0,-0.0005449304964275345,0.32743733480679676,0.34567118240338257,-10.0,0.2500159999999596,0.4137930015154641,0.27039463301682504,0.1864188668013627
2026-06-29,4.3734602653321994,0.19559287920634105,28.24998400000004,-0.2500159999999596,-0.1400569893756163,-0.033408024027424675,0.0005310061432729513,9.50003199999992,0.5000319999999192,-0.40858233131821714,-0.5126742110765955,-0.47399449633135354,0.9999680000000808,-1.0000319999999192,-0.6278524131835347,-0.7546163394850229,-0.7257000401993025,12.00003199999992,0.5000319999999192,-0.7311578709073508,-0.7872824707660048,-0.7966581521768095,7.999968000000081,0.2499520000001212,-0.5083947924029298,-0.3702990358029958,-0.22601378390459476,16.75001599999996,3.199999991920777e-05,0.3846928924269919,0.433588850030836,0.48851598557764947,-63.75001599999996,-1.2500479999998788,-0.12146974648772849,-0.23051049882454622,0.00903958749220228,-1.7500159999999596,2.2500159999999596,-0.4304434132775151,-0.5686247326625778,-0.49743712016110436,19.00003199999992,-1.7499840000000404,-0.7615816306541281,-0.6408434523597621,-0.6590819578338816,23.99996800000008,-0.2500479999998788,-0.3018650479378378,-0.48615314298929185,-0.40730593523507563,10.75001599999996,1.5000319999999192,0.004453740109616554,0.3269843201409494,0.35038777410635796,-8.0,2.0,0.4433104106324785,0.26563836376106004,0.18531789545284477
2026-06-30,4.420729188920352,4.726892358815249,28.50003199999992,0.2500479999998788,-0.08437584650344837,-0.013523544909435652,0.00514140125614705,8.24998400000004,-1.2500479999998788,-0.5856434861194026,-0.5393904415871612,-0.479105521957362,0.5,-0.4999680000000808,-0.6260399694482333,-0.7532383238903716,-0.7285413712571158,11.5,-0.5000319999999192,-0.7202845630312136,-0.7849350526351788,-0.8009686902442188,7.5,-0.4999680000000808,-0.4977493991037502,-0.38049930097396095,-0.22229511455159284,18.24998400000004,1.4999680000000808,0.4697898445607984,0.43617881530606917,0.48931657827961794,-65.99996800000008,-2.249952000000121,-0.12733368489886784,-0.2428636817763811,0.004893406082214352,-1.5000319999999192,0.2499840000000404,-0.5134482831934016,-0.5627207941414444,-0.4981324937176178,19.75001599999996,0.7499840000000404,-0.6893216498374308,-0.6370260479090223,-0.6425038094739116,21.25001599999996,-2.749952000000121,-0.38724600462722814,-0.5019913313472223,-0.4303551608521891,11.49996800000008,0.7499520000001212,0.041597515411005224,0.3311297587925781,0.34991815042307384,-1.9999680000000808,6.000031999999919,0.5199307080304824,0.28701517842273117,0.21091220590590465
2026-07-01,4.474183912118589,5.345472319823674,28.5,-3.199999991920777e-05,-0.09378020290107426,-0.06672056151100453,0.002506518888919182,8.0,-0.2499840000000404,-0.5551484569056956,-0.5176804838904031,-0.4752066499123359,0.0,-0.5,-0.64006249943938,-0.7352246160323415,-0.7262003714037868,9.5,-2.0,-0.744247071915541,-0.7799478040826922,-0.8070249022398226,9.24998400000004,1.7499840000000404,-0.31746250870047665,-0.32578331742231725,-0.17321669127526104,15.75001599999996,-2.499968000000081,0.32611725666796626,0.3754959484908022,0.44836467096615173,-66.75001599999996,-0.7500479999998788,-0.14786499721097313,-0.2524549083958825,0.004464639359492461,-1.7500159999999596,-0.2499840000000404,-0.5149935104633917,-0.5468237083484898,-0.49660722592625534,18.50003199999992,-1.2499840000000404,-0.7312205613236729,-0.6197294485344664,-0.6464857141820403,19.74998400000004,-1.5000319999999192,-0.3998686143853555,-0.5183812826742067,-0.43797132808568146,11.0,-0.4999680000000808,0.08163419255570009,0.29135078526320285,0.3426006339757552,3.7499840000000404,5.749952000000121,0.5633043724740926,0.3273869733539784,0.22862505630912847
2026-07-02,4.4782146291633556,0.4030717044766874,28.24998400000004,-0.2500159999999596,-0.08087043504076111,-0.07493569184351868,0.005915733749700585,8.25001599999996,0.2500159999999596,-0.5325294410856627,-0.5128315088640342,-0.4792300371773355,0.0,0.0,-0.622187281435267,-0.7336680790654668,-0.7282596317819509,9.5,0.0,-0.7450503216078745,-0.7843798366905365,-0.8072661068279575,9.5,0.2500159999999596,-0.27543149056086297,-0.3224288957400628,-0.17569276691025779,14.75001599999996,-1.0,0.3002141552708238,0.3624195271236129,0.44935115961787814,-68.25001599999996,-1.5,-0.11843481167716459,-0.25220560344551896,0.005818060122732986,-0.2499840000000404,1.5000319999999192,-0.5286853463225085,-0.5407001136517406,-0.49624179902600685,17.25001599999996,-1.2500159999999596,-0.7168568572403089,-0.611934267080047,-0.6462181421913825,20.87497600000006,1.1249920000000202,-0.452291647792452,-0.5120147829130693,-0.4398279334028087,10.5,-0.5,0.10996473890110675,0.292369185927533,0.35500485118111147,3.6250239999999394,-0.12496000000010099,0.552910754253922,0.3160876562239737,0.2320393709805939
2026-07-06,4.47823022952663,0.0015600363274081985,28.24998400000004,0.0,-0.08841004909218288,-0.15232696061922463,-0.01837779395227737,7.5,-0.7500159999999596,-0.6272895695705483,-0.486363196746442,-0.45687918542952216,0.7499840000000404,0.7499840000000404,-0.6405946787599418,-0.7177752508962135,-0.7345765301970553,9.50003199999992,3.199999991920777e-05,-0.744910164273557,-0.7796432919509301,-0.8013203747350516,9.74998400000004,0.2499840000000404,-0.2633340166641042,-0.27513292651038923,-0.21418912518299613,14.5,-0.2500159999999596,0.30128439046183114,0.3158535928927141,0.4321170119923542,-68.75001599999996,-0.5,-0.14306006766153784,-0.2711050575732545,-0.14242633426202989,-0.7500159999999596,-0.5000319999999192,-0.5222736877857388,-0.5172897950937145,-0.506514328867287,18.00003199999992,0.7500159999999596,-0.7109095007467721,-0.5846349316112599,-0.6339541912827671,22.24998400000004,1.3750079999999798,-0.4505375179214445,-0.5145381266367456,-0.44979479421519364,10.74998400000004,0.2499840000000404,0.1317941122669027,0.31535873516963264,0.32407157474903747,0.7500159999999596,-2.87500799999998,0.5224470711507032,0.2893833849786312,0.29638839424380997
2026-07-07,4.527066434779162,4.883620525253196,27.75001599999996,-0.4999680000000808,0.07772745028729236,-0.1691430308708161,-0.027116411881450444,5.75001599999996,-1.7499840000000404,-0.6075958170856901,-0.5074066167081662,-0.4694706185193264,0.2499840000000404,-0.5,-0.7399756445846164,-0.7135798874622397,-0.7336760330185649,8.5,-1.0000319999999192,-0.7370768243180742,-0.7791193507763576,-0.8032097806358598,11.0,1.2500159999999596,-0.08052428656733089,-0.24344312201554413,-0.18636820048334807,13.5,-1.0,0.14177446666736757,0.2893760766513118,0.41557882019745784,-73.0,-4.24998400000004,-0.08258771550302677,-0.38502362860099465,-0.16221540540624432,1.2500159999999596,2.000031999999919,-0.40991230825925934,-0.4651180788213527,-0.4805182332150824,14.49996800000008,-3.5000639999998384,-0.7006954350879692,-0.5988405963194346,-0.6469590174120733,24.00003199999992,1.7500479999998788,-0.34017361980502964,-0.4713399391820891,-0.4327694659289504,9.49996800000008,-1.2500159999999596,0.09426774613864097,0.2873954867929739,0.31428071146153547,5.500031999999919,4.75001599999996,0.5244593344327991,0.31371814206256987,0.31046996011166433
2026-07-08,4.566120100333984,3.9053665554822814,27.87497600000006,0.12496000000010099,0.060195491182062334,-0.17382420859597786,-0.029009267004325507,4.125023999999939,-1.6249920000000202,-0.6574516926885008,-0.5076336842369708,-0.4753085398691942,2.87500799999998,2.6250239999999394,-0.4702149290154245,-0.5972920251956172,-0.669415171707754,6.12499200000002,-2.37500799999998,-0.7561032625935108,-0.7775621925446674,-0.801519038510635,11.75001599999996,0.7500159999999596,-0.012279995255806893,-0.2661797663109228,-0.17844571278860652,7.124960000000101,-6.375039999999899,-0.04153370315403897,0.1966772912591468,0.3410462713908382,-72.74998400000004,0.2500159999999596,-0.09122831082476904,-0.35902028796998214,-0.19017443142469515,-1.8750079999999798,-3.1250239999999394,-0.4601922334476512,-0.4659135850922586,-0.4876629022444212,16.37497600000006,1.8750079999999798,-0.6216145126498264,-0.5644865080608633,-0.6297421840893728,21.37500799999998,-2.6250239999999394,-0.37757589022204513,-0.5484067019860652,-0.4561985141666902,9.12502399999994,-0.3749440000001414,0.1188933979153131,0.2572955951270268,0.31896222658004963,5.74998400000004,0.2499520000001212,0.5047211426186861,0.43790158698202436,0.3035898497934218
2026-07-09,4.538115440266395,-2.800466006758917,27.24998400000004,-0.6249920000000202,0.07792062170084924,-0.1662734878066476,-0.025982886469638623,5.0,0.8749760000000606,-0.6629621765992274,-0.5074836823738927,-0.48898297601026275,3.0,0.1249920000000202,-0.46453579275768353,-0.5853131208063109,-0.6665329853370767,7.74998400000004,1.6249920000000202,-0.7610086878980145,-0.7795982270343983,-0.802294450591146,11.00003199999992,-0.7499840000000404,0.014981317341753087,-0.26031276858165275,-0.16145798965597352,6.74998400000004,-0.3749760000000606,-0.03747590932819779,0.201401297855608,0.33847763176994916,-73.25001599999996,-0.5000319999999192,-0.11694717486406064,-0.3602489150350108,-0.1858360655037023,-1.0,0.8750079999999798,-0.4610791372250128,-0.4557485724816428,-0.5058084360143926,17.0,0.6250239999999394,-0.6187379793295877,-0.5737174075187759,-0.6299380898583494,21.24998400000004,-0.1250239999999394,-0.375320367934759,-0.5536608272505747,-0.45047197254609467,8.25001599999996,-0.8750079999999798,0.17022688968368355,0.2570251380590102,0.32560491405022873,8.75001599999996,3.000031999999919,0.4667536143936602,0.42414109020643687,0.2875084173822172
2026-07-10,4.56826996554102,3.0154525274625144,27.25001599999996,3.199999991920777e-05,0.07573038991414839,-0.1253467410585852,-0.025490506604717026,4.5,-0.5,-0.6770271193628129,-0.516057101167865,-0.5122138142538658,2.2500159999999596,-0.7499840000000404,-0.4804888065721436,-0.5699033640880602,-0.6603906322836839,7.499968000000081,-0.2500159999999596,-0.762206396907631,-0.7996609937960386,-0.7970099834108542,10.75001599999996,-0.2500159999999596,0.0391601469288234,-0.2346588783247784,-0.1898786196985325,6.75001599999996,3.199999991920777e-05,-0.08010979596454765,0.20015296864178636,0.3309417345209359,-73.49996800000008,-0.2499520000001212,-0.11410187909061721,-0.33547425153554666,-0.26147240437089225,-2.000031999999919,-1.0000319999999192,-0.47033684760704286,-0.4627611189769916,-0.4970573459156036,16.25001599999996,-0.7499840000000404,-0.6309598947934023,-0.5536930176019988,-0.6324219792504973,19.0,-2.2499840000000404,-0.400004183622826,-0.5783048837024518,-0.457302095028019,6.5,-1.7500159999999596,0.14150087850235057,0.22386751750516856,0.3016246436993597,18.75001599999996,10.0,0.4746797815299207,0.44241049885967715,0.29373944035106425
2026-07-13,4.607528165086606,3.9258199545585626,26.50003199999992,-0.7499840000000404,0.037661957099901576,-0.1392288559587698,-0.03284861369546701,4.24998400000004,-0.2500159999999596,-0.63370164344386,-0.5131909809205885,-0.5084299600204463,2.5,0.2499840000000404,-0.46996490000221536,-0.5597796869700348,-0.6615319350677916,6.0,-1.4999680000000808,-0.7365791490112389,-0.8114166618382459,-0.8052850928821523,10.0,-0.7500159999999596,0.14061672469328657,-0.24669232121272525,-0.19841454888208535,7.24998400000004,0.4999680000000808,-0.1026839987564795,0.20110196981194048,0.33300589364798483,-73.74998400000004,-0.2500159999999596,-0.18512713524600413,-0.3306905668422434,-0.26067933105051416,-4.5,-2.499968000000081,-0.49980944732283406,-0.488762752302849,-0.5411835552185956,17.0,0.7499840000000404,-0.5146036148591109,-0.5431235602882768,-0.6213682218919019,17.25001599999996,-1.7499840000000404,-0.39617473521266355,-0.6007246241318732,-0.47052157929632477,6.74998400000004,0.2499840000000404,0.13507391262129806,0.23223213639862345,0.29789912364649274,20.24998400000004,1.4999680000000808,0.42345822010298223,0.4638993055804044,0.31527475774643066
2026-07-14,4.583414879908709,-2.4113285177897126,27.25001599999996,0.7499840000000404,0.006093690118601588,-0.15306749839512326,-0.03002367852304125,4.25001599999996,3.199999991920777e-05,-0.6459323303078143,-0.5215339569959135,-0.5083188203620066,3.2499840000000404,0.7499840000000404,-0.4782844691959616,-0.5608453007037807,-0.6720545772177104,6.24998400000004,0.2499840000000404,-0.7500985695713492,-0.8148912683123033,-0.804873896567395,10.50003199999992,0.5000319999999192,0.12503249114525133,-0.24553175057883944,-0.195839291333216,7.24998400000004,0.0,-0.10509845719167253,0.20790203778451755,0.329755778500119,-73.74998400000004,0.0,-0.18434311728182876,-0.32871708992624077,-0.2544293097353784,-3.0,1.5,-0.5178369950981704,-0.5097368284243845,-0.5465009408906464,17.75001599999996,0.7500159999999596,-0.5192853003655876,-0.5635989363307639,-0.6223055072078525,16.49996800000008,-0.7500479999998788,-0.43201880703870305,-0.5950903737469039,-0.47073746925140153,7.75001599999996,1.0000319999999192,0.12165471089354819,0.22291146639986756,0.2839832386303005,19.75001599999996,-0.4999680000000808,0.45081627755707887,0.4646801657422944,0.33194559883358016
2026-07-15,4.5443055376267445,-3.9109342281964388,29.24998400000004,1.9999680000000808,-0.12138664606798777,-0.22884528165255452,-0.10952474431464979,4.25001599999996,0.0,-0.63746108816185,-0.3992409698020399,-0.48293352593637484,3.5,0.2500159999999596,-0.46455727826658666,-0.4389675500401255,-0.6529533766540134,7.25001599999996,1.0000319999999192,-0.7654883848254636,-0.7962584968921279,-0.8021428265870016,11.99996800000008,1.4999360000001616,0.03325972629484387,-0.3713956547029224,-0.23603573797585786,5.25001599999996,-1.9999680000000808,-0.07333504400188122,0.19666017377407263,0.319140768913025,-70.50003199999992,3.249952000000121,-0.28074365184246547,-0.35315784120558913,-0.30946655448419413,-2.2499840000000404,0.7500159999999596,-0.5119829187497054,-0.37162102597462404,-0.5371220962074,17.0,-0.7500159999999596,-0.4631231954145505,-0.5245879241823643,-0.5865558054690753,17.5,1.0000319999999192,-0.45022478341510064,-0.5217303900990524,-0.48228095186198194,7.75001599999996,0.0,0.11106820176626239,0.08483642930602817,0.2796788348038325,19.99996800000008,0.2499520000001212,0.452715498027702,0.4409591447153035,0.29759824394310175
2026-07-16,4.568417893323962,2.4112355697217147,29.5,0.2500159999999596,-0.1320746948749456,-0.2345539074399784,-0.10835973411788623,3.5,-0.7500159999999596,-0.6188686031815781,-0.39409661756818004,-0.48520242740595104,3.2499840000000404,-0.2500159999999596,-0.42768739672082146,-0.45490173140084433,-0.6527196099176823,6.75001599999996,-0.5,-0.7452584425363353,-0.7940382243101176,-0.8028271921301683,11.25001599999996,-0.7499520000001212,-0.033957842408081314,-0.3677386068934911,-0.2404594939099296,6.24998400000004,0.9999680000000808,-0.08356534893925492,0.19795938676249497,0.32104035665985364,-76.75001599999996,-6.24998400000004,-0.2942521884512204,-0.36773554583693624,-0.3106899748766112,-0.5,1.7499840000000404,-0.45153709918568724,-0.34302818227653703,-0.5245368953871692,16.0,-1.0,-0.45601542305148246,-0.5510488641007653,-0.5886428576173944,17.24998400000004,-0.2500159999999596,-0.3825301262533206,-0.5108568766318642,-0.4819203803569599,7.25001599999996,-0.5,-0.018367682639375143,0.06795449480383153,0.2772946004246036,24.0,4.000031999999919,0.45364403156848077,0.4686268587536432,0.30159494027140615
2026-07-17,4.540424048161655,-2.799384516230674,30.50003199999992,1.0000319999999192,-0.16655758591127984,-0.2808715146292825,-0.09872291588009433,0.7499840000000404,-2.7500159999999596,-0.42607297808002653,-0.35430506891136143,-0.45162265040868627,7.5,4.25001599999996,-0.411949083061578,-0.40516361349224883,-0.6239960831733622,4.74998400000004,-2.000031999999919,-0.6175617300716383,-0.734872402532414,-0.7648627506625026,12.00003199999992,0.7500159999999596,-0.044136690622464884,-0.362297683431403,-0.24560947208355674,5.74998400000004,-0.5,-0.0910899251753527,0.18971534640457902,0.3162839538188681,-75.99996800000008,0.7500479999998788,-0.3813150645001783,-0.3638966116600959,-0.3076769552638586,-1.5000319999999192,-1.0000319999999192,-0.38457326145211024,-0.3572205935074845,-0.5139140925108205,15.25001599999996,-0.7499840000000404,-0.39887032286506097,-0.5330080562362784,-0.574627032109167,17.25001599999996,3.199999991920777e-05,-0.4499905085983882,-0.4817042864563672,-0.4803696053823861,8.74998400000004,1.4999680000000808,-0.09095863220234186,0.03478595731912115,0.24459324845679467,22.24998400000004,-1.7500159999999596,0.5260567987192601,0.47371426121303656,0.336015850414444
2026-07-20,4.595748861620649,5.532481345899409,31.49996800000008,0.9999360000001616,-0.05925345673850266,-0.20139807318993738,-0.08135783533661427,-0.2499840000000404,-0.9999680000000808,-0.46397315693838037,-0.2846480245772684,-0.4636289113748736,6.5,-1.0,-0.44451976095300166,-0.4169516315102812,-0.6325644698244367,4.25001599999996,-0.4999680000000808,-0.6634128045084604,-0.7272331657594664,-0.7616916319596014,11.49996800000008,-0.5000639999998384,-0.03867901169449432,-0.2986800675510277,-0.2530357247442821,6.000031999999919,0.2500479999998788,-0.08239263416419847,0.15009011259805285,0.31319628502981595,-75.00003199999992,0.9999360000001616,-0.3123459481197628,-0.22191453226350988,-0.2898447809934409,-2.2499840000000404,-0.7499520000001212,-0.4465121120482565,-0.35920938388884516,-0.5199110408896184,11.0,-4.25001599999996,-0.4681523480970052,-0.5431994099670493,-0.5903212618330035,18.0,0.7499840000000404,-0.5027133209347937,-0.4457135200068375,-0.4642630633052117,10.75001599999996,2.000031999999919,0.03458192667384816,0.0653579728532553,0.26501747537892245,23.24998400000004,1.0,0.49558455983918615,0.46653329117704295,0.3372555328836678
2026-07-21,4.6270923038763385,3.1343442255689524,32.00003199999992,0.5000639999998384,-0.1509104650495227,-0.1846069656259538,-0.08112664935807189,-2.7500159999999596,-2.500031999999919,-0.445793717514312,-0.40018661173308934,-0.4683721159395614,7.24998400000004,0.7499840000000404,-0.38135838094845803,-0.4019967080721314,-0.6200172826983109,3.7500159999999596,-0.5,-0.6758220327582728,-0.7285617602378878,-0.7606220199407193,11.25001599999996,-0.2499520000001212,0.03399303039447892,-0.3060820615739308,-0.26086479706601934,5.74998400000004,-0.2500479999998788,-0.17015814529992965,0.14495364508531688,0.30866500815258924,-74.49996800000008,0.5000639999998384,-0.4149606010930631,-0.20750286426350442,-0.2765454020090616,-5.000031999999919,-2.750047999999879,-0.39202976782599597,-0.3767901600854179,-0.5221318657256057,11.25001599999996,0.2500159999999596,-0.4632981358116521,-0.5565742847825492,-0.5859734723675264,18.0,0.0,-0.470513256804164,-0.44145773568942664,-0.46159787589010215,12.25001599999996,1.5,0.1204242327933573,0.08420747879465915,0.27105702241233265,19.24998400000004,-4.0,0.3930419016713905,0.4158141879058657,0.3121280137984064
2026-07-22,4.655499506680718,2.840720280437914,30.74998400000004,-1.2500479999998788,-0.23454461005718574,-0.19784617063531135,-0.09085040686836571,-3.7500159999999596,-1.0,-0.44164052194603437,-0.4050619022803227,-0.472615226833691,7.500031999999919,0.2500479999998788,-0.4084798282022016,-0.39921170393459315,-0.6270473967710926,3.2499840000000404,-0.5000319999999192,-0.6708868391662542,-0.7345290081361172,-0.7611485599482365,11.24998400000004,-3.199999991920777e-05,-0.0005344117952789686,-0.3012760615289726,-0.26074760313508866,5.000031999999919,-0.7499520000001212,-0.1649188622084804,0.13632747739218015,0.30382813370627865,-79.0,-4.500031999999919,-0.4220366838387359,-0.2249664719302121,-0.2818987930295852,-5.25001599999996,-0.2499840000000404,-0.3973574814601129,-0.37851792747122553,-0.5243340581106707,12.75001599999996,1.5,-0.4037677803106957,-0.5339646571769154,-0.5845964488576944,16.25001599999996,-1.7499840000000404,-0.4870415577338266,-0.4511224165391815,-0.462592118268816,12.49996800000008,0.2499520000001212,0.051628543786157,0.0977519899736906,0.26570503701864834,19.50003199999992,0.2500479999998788,0.47512846302511436,0.4109589504700891,0.3196749292515656
2026-07-23,4.701298075643915,4.579856896319701,31.49996800000008,0.7499840000000404,-0.34852842761369857,-0.13229905779908083,-0.08004548325100622,-5.24998400000004,-1.4999680000000808,-0.3424554635231456,-0.45809201804346306,-0.48102683834353904,7.0,-0.5000319999999192,-0.38429800824366894,-0.4350625207501503,-0.6276169825240734,1.2500159999999596,-1.9999680000000808,-0.6050662401150133,-0.7071385648130339,-0.7695702368230883,11.49996800000008,0.2499840000000404,-0.02162692431563262,-0.2746730043477795,-0.25533065878484845,4.75001599999996,-0.2500159999999596,-0.19070468982998068,0.12717573917617275,0.29899245646884987,-78.25001599999996,0.7499840000000404,-0.3694317514261906,-0.19588976823965024,-0.2642032520647886,-7.74998400000004,-2.499968000000081,-0.41125980618477304,-0.445055908489372,-0.5373060592769099,13.25001599999996,0.5,-0.1575613905212562,-0.5305067944027191,-0.5790094195247264,10.99996800000008,-5.250047999999879,-0.4301175760725401,-0.38314638297670883,-0.4757001650933444,15.25001599999996,2.750047999999879,-0.05358382878288586,0.0550088460388035,0.2851886719906234,20.75001599999996,1.2499840000000404,0.4149522408684806,0.42634538717681775,0.3232519088117957
2026-07-24,4.677067812739042,-2.423026290487229,31.00003199999992,-0.4999360000001616,-0.25950247171404645,-0.14443545629577428,-0.0771222557512471,-4.25001599999996,0.9999680000000808,-0.4163568848719977,-0.47324998034218185,-0.48558124025071003,7.0,0.0,-0.3471005845689537,-0.43047571327738315,-0.6257836877155492,2.7499840000000404,1.4999680000000808,-0.6310345520431097,-0.71857751299175,-0.7705611916068564,11.00003199999992,-0.4999360000001616,0.02401612987807805,-0.2686370268549743,-0.2577013530707371,4.499968000000081,-0.2500479999998788,-0.1828736862201563,0.1324232923963012,0.3008656332806484,-78.24998400000004,3.199999991920777e-05,-0.38808062024286394,-0.21089634041295213,-0.26641006168072784,-6.000031999999919,1.7499520000001212,-0.42431684288881394,-0.4613527477556052,-0.5431751815746396,11.50003199999992,-1.7499840000000404,-0.08836921184731684,-0.496509766827518,-0.5620818237456026,14.99996800000008,4.0,-0.4838991444256915,-0.399267405195745,-0.4822338321699073,13.00003199999992,-2.2499840000000404,0.07509738562296425,0.08142573341315368,0.2935434173870589,17.24998400000004,-3.500031999999919,0.44591809674388316,0.44332476272604976,0.33327818005452103
2026-07-27,4.639560870563013,-3.7506942176029234,30.75001599999996,-0.2500159999999596,-0.1666035991584398,-0.13466012720436007,-0.06978202632897439,-2.7500159999999596,1.5,-0.5086235527222287,-0.48490795401083175,-0.48165192378018473,6.24998400000004,-0.7500159999999596,-0.2758195356556461,-0.40651647560366727,-0.5950487345945986,4.500031999999919,1.7500479999998788,-0.6924360292284389,-0.7259244240760262,-0.7676627067125006,10.74998400000004,-0.2500479999998788,-0.014328091044977733,-0.2595842954425086,-0.26844627165517776,4.0,-0.4999680000000808,-0.048006294604682705,0.133578553652716,0.2921049955726521,-77.74998400000004,0.5,-0.35887310391899385,-0.22934485414274394,-0.2700605315777351,-4.75001599999996,1.2500159999999596,-0.4554480805752251,-0.461066086329479,-0.5442322301839123,12.0,0.4999680000000808,-0.16099958337096015,-0.4934356196995323,-0.5463413677318104,16.24998400000004,1.2500159999999596,-0.5203167441992206,-0.41593382824119046,-0.48747898797062095,12.00003199999992,-1.0,0.22298034212057585,0.11855645838659556,0.30912621661195205,16.74998400000004,-0.5,0.45398597800707513,0.4352007556735502,0.3195480789592407
2026-07-28,4.603179900425113,-3.6380970137900093,31.5,0.7499840000000404,-0.22459298667147265,-0.15399070778092117,-0.062199495300203377,-2.0,0.7500159999999596,-0.547756143344327,-0.49940593928701754,-0.531550262303347,4.74998400000004,-1.5,-0.17396758446405222,-0.3461000944029497,-0.5604762572560672,6.500031999999919,2.0,-0.7280599891848992,-0.7359551321162764,-0.7713957399171112,11.24998400000004,0.5,-0.04502788406258952,-0.269430398093313,-0.28151779768772994,3.5,-0.5,-0.046265036454397265,0.1367766262607079,0.2934444494190121,-76.75001599999996,0.9999680000000808,-0.3968873411933209,-0.2563022680406314,-0.27736445029969936,-4.24998400000004,0.5000319999999192,-0.45773757845309965,-0.4592715375648887,-0.5434694417921959,10.75001599999996,-1.2499840000000404,-0.1293596767342429,-0.475724398721573,-0.5316534039654843,19.49996800000008,3.2499840000000404,-0.577450452797163,-0.4473077807479248,-0.49852638288547724,10.50003199999992,-1.5,0.3156453495884267,0.1458883078753432,0.3199583962227548,14.49996800000008,-2.2500159999999596,0.49586747120960123,0.4569916028057331,0.32470148166577034
2026-07-29,4.621434180080806,1.825427965569304,31.74998400000004,0.2499840000000404,-0.2362248791916341,-0.1359933390338186,-0.04820722268757537,-1.7499840000000404,0.2500159999999596,-0.5191158660877199,-0.5527569644996168,-0.5400245560701556,3.7500159999999596,-0.9999680000000808,-0.15766744664336466,-0.344625734316252,-0.5620188055482628,6.74998400000004,0.2499520000001212,-0.7319661365999515,-0.7298445898593913,-0.7684565968370808,11.5,0.2500159999999596,0.005838173207784192,-0.261364987822239,-0.28596455830977924,4.0,0.5,-0.1197098008802086,0.1627701177928621,0.29196503744248065,-76.5,0.2500159999999596,-0.3652607595145354,-0.24059441329008754,-0.2715606082085151,-4.0,0.2499840000000404,-0.48111189801689264,-0.5058913587154039,-0.5442187240975651,10.24998400000004,-0.5000319999999192,-0.17933516682616768,-0.4711510815327859,-0.5409413662770849,19.75001599999996,0.2500479999998788,-0.5449629321728997,-0.45255796957364275,-0.49634246604276777,10.75001599999996,0.2499840000000404,0.2960381182880806,0.14911895174976317,0.3197893262677091,11.74998400000004,-2.7499840000000404,0.42891736770253414,0.4480657473769637,0.31307247292060864
2026-07-30,4.66206594489837,4.063176481756425,31.75001599999996,3.199999991920777e-05,-0.23712905837372772,-0.14218830707414876,-0.08925264007953944,-2.500031999999919,-0.7500479999998788,-0.5568137729450503,-0.5515389925919031,-0.5312272936423843,2.7500159999999596,-1.0,-0.1674953750656483,-0.364409836605743,-0.546902902871231,5.5,-1.2499840000000404,-0.7166282390311153,-0.7327240107140769,-0.7610415520722815,12.0,0.5,-0.13712424724234754,-0.22773280134064583,-0.28149560899550574,3.2500159999999596,-0.7499840000000404,-0.045364603060272,0.14820845733560326,0.26944038506715917,-73.74998400000004,2.7500159999999596,-0.2767531995696311,-0.20523892413615566,-0.2519636280673139,-6.75001599999996,-2.7500159999999596,-0.5324385235986002,-0.5259204068255966,-0.5435470286771423,9.24998400000004,-1.0,-0.1657365873964407,-0.48953981919982886,-0.5208625779152167,18.25001599999996,-1.5,-0.5434887034887036,-0.4518653369979556,-0.5075214034811062,9.0,-1.7500159999999596,0.2520790882701648,0.15872709257350434,0.279230233857544,16.25001599999996,4.500031999999919,0.4011604237339979,0.4512870779517258,0.3336209866940184
2026-07-31,4.743929933292866,8.186398839449538,31.5,-0.2500159999999596,-0.27440825487111187,-0.149468580210262,-0.10334074559500042,-3.2499840000000404,-0.7499520000001212,-0.5179648447096334,-0.5353794669346149,-0.5251743966344701,1.2499840000000404,-1.5000319999999192,-0.2627689231596668,-0.3954142286968232,-0.5559081699654652,4.0,-1.5,-0.7240317321098773,-0.7384335386481176,-0.7682808378495486,10.0,-2.0,-0.3572578840654496,-0.2789487089786496,-0.3220664108234364,5.0,1.7499840000000404,0.104300056747367,0.1537381708682552,0.2740754040605767,-73.5,0.2499840000000404,-0.23160891673989759,-0.17045541109558043,-0.2364147213293512,-7.5,-0.7499840000000404,-0.5082751612428359,-0.5342291142467047,-0.5397982915023835,7.25001599999996,-1.9999680000000808,-0.24914729870970842,-0.5035669903223015,-0.5309270559078315,14.24998400000004,-4.000031999999919,-0.6187752140237878,-0.5269996678268217,-0.5294866720765492,8.74998400000004,-0.2500159999999596,0.212698601511765,0.16960140724205036,0.2696933222939049,20.50003199999992,4.25001599999996,0.45089203178552656,0.46251264704734113,0.3404832609486642
2026-08-03,4.682677632431211,-6.125230086165434,30.99996800000008,-0.5000319999999192,-0.16836350509672068,-0.11995965037638756,-0.14995119723327335,-1.9999680000000808,1.2500159999999596,-0.5882458637431531,-0.6044853009528477,-0.5193980743789267,0.9999680000000808,-0.2500159999999596,-0.2135017489265279,-0.361514988170341,-0.5149723350498011,5.75001599999996,1.7500159999999596,-0.7574363900032315,-0.7519698549851727,-0.7722680882040491,10.5,0.5,-0.3747924370766978,-0.28346775968195026,-0.2926616738229479,3.5,-1.5,0.15502367007478168,0.18460811607938699,0.24846432298622498,-72.0,1.5,-0.28063614024021005,-0.21308221054432144,-0.2669095390650454,-7.75001599999996,-0.2500159999999596,-0.4714377307411492,-0.5066162972797855,-0.5079149998503277,6.500031999999919,-0.7499840000000404,-0.20563992194183245,-0.4655656653771508,-0.4813103726590519,18.49996800000008,4.24998400000004,-0.6834820188923312,-0.5728858604436651,-0.5584763831103131,8.75001599999996,3.199999991920777e-05,0.19180865931286212,0.17111467820879991,0.2820781558239833,16.5,-4.000031999999919,0.516225807051015,0.4924008385225405,0.34801484141181993
2026-08-04,4.625804193676211,-5.687343875500073,27.74998400000004,-3.2499840000000404,0.16142765414987237,0.113421559295357,-0.062043759078407,-1.0,0.9999680000000808,-0.6011516720626021,-0.5994448574365481,-0.5334993570017482,1.2499840000000404,0.2500159999999596,-0.1990962870390457,-0.3833704085325239,-0.5090346467876283,8.25001599999996,2.5,-0.7853954025132268,-0.7616417697998271,-0.7781922728871741,10.5,0.0,-0.46989947194057696,-0.23286981647399294,-0.29531258938580335,0.7500159999999596,-2.7499840000000404,0.2592251654337709,0.1562399072223792,0.26734291970075574,-69.75001599999996,2.2499840000000404,-0.27184539027187804,-0.17849293401683156,-0.3396583439925252,-10.25001599999996,-2.5,-0.4397588345117522,-0.4263557338979262,-0.44882386748914144,10.25001599999996,3.7499840000000404,-0.2879630299068154,-0.48786585786932224,-0.5067988542002277,20.5,2.000031999999919,-0.766764470058088,-0.5852408357179265,-0.5631034908215896,9.5,0.7499840000000404,0.18495695145202698,0.14273565184485618,0.26122615250145154,11.75001599999996,-4.74998400000004,0.5446320237698917,0.5086087108260023,0.37627034143643134
2026-08-05,4.615720053583209,-1.008414009300207,25.99996800000008,-1.7500159999999596,0.17359971978118383,0.11813841285983082,-0.05631804972618288,-1.2499840000000404,-0.2499840000000404,-0.581035227185865,-0.6090127415928784,-0.5269552656615258,2.0,0.7500159999999596,-0.32916659130033343,-0.39026306957441625,-0.5056795270868156,7.25001599999996,-1.0,-0.757195446438064,-0.7548455500018666,-0.7705062089927609,10.99996800000008,0.4999680000000808,-0.5444454624719982,-0.2354696643546121,-0.3304326145484361,0.2500159999999596,-0.5,0.7138241330553174,0.15827260913602414,0.2623989081180935,-62.75001599999996,7.0,-0.2681091613436703,-0.1868962030340975,-0.3192408093555197,-13.49996800000008,-3.249952000000121,-0.34712496585682007,-0.4012801276395449,-0.4172914095436933,9.49996800000008,-0.7500479999998788,-0.3615554509604199,-0.49077372592046054,-0.4996202115884676,21.00003199999992,0.5000319999999192,-0.7573732952462385,-0.5883523526920508,-0.6134376574239061,11.74998400000004,2.2499840000000404,0.16320290043850796,0.13998792248976183,0.23079155865028533,12.24998400000004,0.4999680000000808,0.5533456726661393,0.5200930083520251,0.473918880398953
2026-08-06,4.66860803332785,5.28879797446411,22.74998400000004,-3.2499840000000404,-0.008369666763685637,0.011343191757696484,-0.10816099010003957,-2.5,-1.2500159999999596,-0.5827963827058844,-0.6169987297302728,-0.5295092772366093,1.7499840000000404,-0.2500159999999596,-0.3266022077052879,-0.3893101443794407,-0.49469342997411525,6.000031999999919,-1.2499840000000404,-0.759946617661601,-0.7611062083616393,-0.7734356781950058,9.99996800000008,-1.0,-0.6374051207411872,-0.26355751789908444,-0.3510601057399225,1.0000319999999192,0.7500159999999596,0.7405030324044918,0.17178879338913314,0.2642759602061286,-65.25001599999996,-2.5,-0.33507909174744044,-0.23400346201527397,-0.3289155147388372,-14.25001599999996,-0.7500479999998788,-0.3154228401794868,-0.39620165910188077,-0.41089605901335297,8.75001599999996,-0.7499520000001212,-0.34631803568556935,-0.48721612840213996,-0.5065138120326034,20.5,-0.5000319999999192,-0.7556288148895176,-0.5868556963133139,-0.6142686339688103,10.25001599999996,-1.4999680000000808,0.06160635201173056,0.13093273750072415,0.20355686438163864,16.49996800000008,4.24998400000004,0.6269137106599972,0.5277536618140289,0.4844833360002481
2026-08-07,4.656576537789215,-1.2031495538634474,24.24998400000004,1.5,-0.038798765290925505,0.00038972988214654576,-0.09067371798008862,-3.0,-0.5,-0.5797005975806839,-0.6193531808387819,-0.5337346081658624,3.0,1.2500159999999596,-0.32615854558503127,-0.3930763783983128,-0.47525548937324846,5.74998400000004,-0.2500479999998788,-0.7572396425205606,-0.7594983100117578,-0.7864888775135881,11.25001599999996,1.2500479999998788,-0.6246166334176659,-0.2793709458905767,-0.3359377628748924,1.2500159999999596,0.2499840000000404,0.7201435220607353,0.17619020370453958,0.26352668262137985,-64.75001599999996,0.5,-0.3301662407494463,-0.23339005246804567,-0.31597445309420774,-14.5,-0.2499840000000404,-0.3152894951524925,-0.39518667925718737,-0.4133417456373924,10.0,1.2499840000000404,-0.3536171643419369,-0.493413377992735,-0.4890937585103059,20.0,-0.5,-0.741940130829273,-0.5875966397548834,-0.6254209955583658,11.5,1.2499840000000404,0.08967096966240744,0.12242350645290055,0.18821665365964377,18.5,2.000031999999919,0.6713478923502104,0.524233596588233,0.4914943763536876
2026-08-10,4.69744967106635,4.08731332771346,31.12499200000002,6.87500799999998,0.139519759347771,0.10412592376707316,-0.0014031251697410806,-2.7500159999999596,0.2499840000000404,-0.5548478062047102,-0.5834311708404265,-0.5243365833070435,2.2500159999999596,-0.7499840000000404,-0.35828719874386106,-0.4027682403862094,-0.4803889225371837,5.874976000000061,0.1249920000000202,-0.7258215049647261,-0.7309336642177314,-0.7848332035558256,9.37500799999998,-1.8750079999999798,-0.6193475925827514,-0.260838350973431,-0.35166771653495893,3.2500159999999596,2.0,0.7112599831336985,0.18962022072193002,0.27347372671446424,-65.00003199999992,-0.2500159999999596,-0.33011329144033086,-0.2743553784765232,-0.31526360050120517,-15.24998400000004,-0.7499840000000404,-0.27850528256669826,-0.382186907292721,-0.4248189192847555,10.12499200000002,0.1249920000000202,-0.37293867707797923,-0.43371352057079204,-0.487396262527091,19.75001599999996,-0.2499840000000404,-0.7245682540817459,-0.5856562236617667,-0.6354937778064738,14.24998400000004,2.7499840000000404,0.15858391276326017,0.12980961965989274,0.2099151294832665,13.87500799999998,-4.62499200000002,0.5488288763545888,0.463027058487381,0.4699490359538167
2026-08-11,4.683216193479052,-1.423347758729765,29.24998400000004,-1.8750079999999798,0.17011286280574722,0.11597487426951662,0.00590477137901846,-2.7500159999999596,0.0,-0.5550335564138943,-0.5895997957893324,-0.5306290198696161,3.500031999999919,1.2500159999999596,-0.35709107794171524,-0.4058336842463487,-0.47924976492918503,5.24998400000004,-0.6249920000000202,-0.7102663370801047,-0.7283452818270049,-0.7830935144232922,10.74998400000004,1.3749760000000606,-0.6080757503819918,-0.2693043474200743,-0.35061463615261207,2.7500159999999596,-0.5,0.7286197871583002,0.19265437251631223,0.2808310228047872,-70.00003199999992,-5.0,-0.26461707218901337,-0.23106323820244537,-0.2889696196918702,-12.74998400000004,2.5,-0.2658025993012022,-0.3909700613381729,-0.4349270798088963,12.5,2.37500799999998,-0.3692400531666462,-0.43528400011712376,-0.49795498973160296,18.25001599999996,-1.5,-0.7200610721098003,-0.5957261220318915,-0.6283775563624052,15.24998400000004,1.0,0.16486806344668692,0.1387882705259242,0.20653236070962416,12.5,-1.3750079999999798,0.557231221366839,0.46837371293001523,0.47029093047669246
2026-08-12,4.688742126161797,0.5525932682744816,27.75001599999996,-1.4999680000000808,0.23300430536283406,0.1078463431650188,-0.003100722619125435,-0.2499840000000404,2.500031999999919,-0.49144295366003476,-0.534908399721665,-0.43539865756374996,2.2499840000000404,-1.2500479999998788,-0.34759327696067716,-0.396388656387998,-0.3974161013568588,5.5,0.2500159999999596,-0.6977180567510876,-0.7277118415830719,-0.7634362705648519,10.74998400000004,0.0,-0.5737285523000759,-0.26739372100806424,-0.42816586326421746,3.500031999999919,0.7500159999999596,0.6936174039954681,0.1820552273108678,0.25885730579487454,-72.99996800000008,-2.9999360000001616,-0.20961720728907718,-0.23556893248095062,-0.28163043986669567,-10.50003199999992,2.249952000000121,-0.2207229003649641,-0.37399124837512887,-0.33005476125085115,10.75001599999996,-1.7499840000000404,-0.38970457007669607,-0.42455729316199914,-0.4830973607606738,20.0,1.7499840000000404,-0.7147991294570172,-0.5894816381514527,-0.5769630795558419,15.0,-0.2499840000000404,0.1556632586437952,0.13930603567373104,0.12308181426830712,14.0,1.5,0.5809770930452232,0.465490881702604,0.4458891433097481
2026-08-13,4.638763976634427,-4.997814952737034,26.75001599999996,-1.0,0.2477124535725815,0.13291135814769664,0.007703942812373552,2.499968000000081,2.749952000000121,-0.5488360910898787,-0.5600132061871055,-0.4527084724357718,1.7500159999999596,-0.4999680000000808,-0.30691981815193503,-0.3499141593490551,-0.387411075798703,6.5,1.0,-0.7060429609854836,-0.7233559247973604,-0.7635191481248115,12.0,1.2500159999999596,-0.6082641609825828,-0.3255384914819899,-0.43762194186849834,3.7500159999999596,0.2499840000000404,0.6344297879997023,0.15687564629074438,0.2518927946046235,-72.00003199999992,0.9999360000001616,-0.19789053100621357,-0.2446669310036165,-0.2906424585732468,-10.49996800000008,6.399999983841553e-05,-0.27058246428845395,-0.3514532733586216,-0.32144691738870057,10.99996800000008,0.2499520000001212,-0.3861215190616705,-0.41512218913277676,-0.49352790738138785,23.25001599999996,3.2500159999999596,-0.7389922861647792,-0.5959577899135462,-0.5878678547827646,14.0,-1.0,0.22131035416506936,0.1002442700294084,0.12761382891994894,14.5,0.5,0.5320696853527086,0.4648894953597881,0.45169143031963016
2026-08-14,4.695136202484709,5.637222585028212,26.0,-0.7500159999999596,0.2504035269194053,0.1098992108520911,-0.01698042583911696,2.7499840000000404,0.2500159999999596,-0.6704700390776784,-0.5384572687791143,-0.4535354794943443,0.2500159999999596,-1.5,-0.33186935319583316,-0.3624492452252264,-0.3967857136727261,5.0,-1.5,-0.8407894783496647,-0.7291414502917187,-0.7636429571646637,11.75001599999996,-0.2499840000000404,-0.5892816868552002,-0.3260444805390198,-0.428731169325127,5.24998400000004,1.4999680000000808,0.6622292402599688,0.1776643757203696,0.2533325343178561,-69.75001599999996,2.2500159999999596,-0.13730522177903737,-0.23725435304358145,-0.25004883543464185,-11.0,-0.5000319999999192,-0.27875692126035834,-0.3323692059270901,-0.3462210369511483,6.24998400000004,-4.74998400000004,-0.47145653700375056,-0.44295789748119224,-0.5153929207960279,22.75001599999996,-0.5,-0.7466438621339152,-0.6093564097014221,-0.5719235318348013,14.5,0.5,0.26025246165949045,0.10290528541460918,0.1284664465494398,14.25001599999996,-0.2499840000000404,0.5094325896940317,0.45601850837213026,0.43196008425415017
2026-08-17,4.722941845416152,2.7805642931443053,26.25001599999996,0.2500159999999596,0.22960210353076818,0.1440617783715235,0.015652622734888322,0.2499840000000404,-2.5,-0.6411969580051645,-0.5536745465996779,-0.4173591859459363,0.7499840000000404,0.4999680000000808,-0.2685128072704604,-0.34932466755705044,-0.37306504452167677,4.75001599999996,-0.2499840000000404,-0.8484578947309779,-0.7610629653430986,-0.7644431140282103,11.5,-0.2500159999999596,-0.583082683781761,-0.3269990354698985,-0.3860427271882684,5.0,-0.2499840000000404,0.6604502241275411,0.17094748551618108,0.22723676116061392,-71.0,-1.2499840000000404,-0.17199585777066356,-0.23267626680711864,-0.18610974685856727,-12.5,-1.5,-0.2903793326074814,-0.3593330676266178,-0.3402462691108843,6.75001599999996,0.5000319999999192,-0.3951856403781781,-0.42921890333753965,-0.48948969755655347,19.99996800000008,-2.750047999999879,-0.784613260141618,-0.6636736362386224,-0.5835986190955177,15.50003199999992,1.0000319999999192,0.21671978640147546,0.12366626858227153,0.12238911624396759,13.49996800000008,-0.7500479999998788,0.4943630065003685,0.46029117039088274,0.4357156948060653
2026-08-18,4.7050558564406355,-1.7885988975516298,27.24998400000004,0.9999680000000808,0.1998802360937253,0.11062564026143987,0.015052993384284641,-0.4999680000000808,-0.7499520000001212,-0.61578801768573,-0.5289348552357276,-0.4711623073221466,1.4999680000000808,0.7499840000000404,-0.34132367817485715,-0.33283375105985985,-0.3771003843767106,5.000031999999919,0.2500159999999596,-0.8446544931930059,-0.7664739913387579,-0.7659823610609328,11.24998400000004,-0.2500159999999596,-0.5671382196360052,-0.2932467015360406,-0.38677335829347714,4.24998400000004,-0.7500159999999596,0.6792876477169579,0.13630736540905425,0.2299148339773361,-71.25001599999996,-0.2500159999999596,-0.17160493384076578,-0.27436990353615603,-0.18513718489744294,-12.24998400000004,0.2500159999999596,-0.2701095958425923,-0.3198303731285476,-0.340469843404057,8.0,1.2499840000000404,-0.42100200618812306,-0.4410542828769756,-0.5056908093882834,20.0,3.199999991920777e-05,-0.7840387596430768,-0.6586576047326415,-0.5842751901030875,13.5,-2.000031999999919,0.221827656582721,0.17168457185749372,0.13140603449351868,13.5,3.199999991920777e-05,0.554594991957276,0.44538200228427427,0.4354212136930358
2026-08-19,4.651558782051186,-5.3497074389449395,29.0,1.7500159999999596,0.14664242055002866,0.060872301425310915,-0.009820022308023264,-0.7500159999999596,-0.2500479999998788,-0.5576823481718254,-0.5117438029843895,-0.46176167071426355,2.2500159999999596,0.7500479999998788,-0.4157843870429752,-0.35256387265145006,-0.3847351478720225,6.25001599999996,1.2499840000000404,-0.8477251198424778,-0.7733992843288882,-0.7733361811463201,11.74998400000004,0.5,-0.5797900639433864,-0.31936988159386215,-0.39145816952182366,2.5,-1.7499840000000404,0.7398140190531544,0.1713069350313234,0.2451068360392756,-68.75001599999996,2.5,-0.17448683971649825,-0.30178737607993106,-0.2061453511085712,-12.74998400000004,-0.5,-0.25789939467098366,-0.3008114445837247,-0.3271273282049622,8.75001599999996,0.7500159999999596,-0.47879803716207414,-0.4452982146861657,-0.511481597509548,22.24998400000004,2.2499840000000404,-0.7858000691256642,-0.67460596773416,-0.5948141878234802,13.24998400000004,-0.2500159999999596,0.2233229576751023,0.16048726458274823,0.13852303323768728,10.75001599999996,-2.7499840000000404,0.5758443799813103,0.5237472522818751,0.45147749431016604
2026-08-20,4.697110926425277,4.555214437409116,29.0,0.0,0.12759242593908174,0.05224407409359836,0.014942429322280125,-0.7499840000000404,3.199999991920777e-05,-0.5164335273458848,-0.48974822867226053,-0.4820067393632279,1.7499840000000404,-0.5000319999999192,-0.4158382766373594,-0.30987547416575323,-0.39816232268980023,4.5,-1.7500159999999596,-0.8498918661897782,-0.7682089644110695,-0.7595963166717583,11.5,-0.2499840000000404,-0.6106888660320157,-0.3570428067909878,-0.38726581622242207,4.0,1.5,0.7867897432373859,0.207435574515785,0.25761466230616886,-67.5,1.2500159999999596,-0.1629356097519214,-0.2837731195911463,-0.19379281766729795,-13.24998400000004,-0.5,-0.19790161500196254,-0.26506939500683174,-0.346809179346666,7.999968000000081,-0.7500479999998788,-0.5191274925573607,-0.38061307573150005,-0.5197303547540193,21.00003199999992,-1.2499520000001212,-0.798771358160642,-0.683468295883703,-0.559711687505478,13.74998400000004,0.5,0.1537924515130618,0.10971961211752221,0.08796488611206675,10.5,-0.2500159999999596,0.551940010879729,0.5039082276536336,0.4610197391094602
2026-08-21,4.736912975023348,3.980204859807035,29.99996800000008,0.9999680000000808,0.14292506130712196,0.06744609414590132,0.01830514096499045,-0.9999680000000808,-0.2499840000000404,-0.511077705342755,-0.49147472728499597,-0.48178998514427984,0.9999680000000808,-0.7500159999999596,-0.42348661638731355,-0.31485433480636665,-0.405909360741844,3.7500159999999596,-0.7499840000000404,-0.8534767451788943,-0.7696638783119675,-0.7657423401137353,11.0,-0.5,-0.646506031797942,-0.36771565048611254,-0.3950698259735383,4.25001599999996,0.2500159999999596,0.7822915586116941,0.2129095086622104,0.25893408945429036,-69.00003199999992,-1.5000319999999192,-0.2015223892355198,-0.2988410541906876,-0.20696608750044918,-13.49996800000008,-0.2499840000000404,-0.1594027549050962,-0.2557547578524178,-0.34864975603576664,6.74998400000004,-1.2499840000000404,-0.5710163933279008,-0.38594289391693626,-0.5237536457911975,21.5,0.4999680000000808,-0.794419730681044,-0.6694718321368256,-0.5506795093239897,13.24998400000004,-0.5,0.09301853943803313,0.09860245019923972,0.08270993441404367,10.50003199999992,3.199999991920777e-05,0.5357517243579978,0.4927434235609356,0.45781505345824713
2026-08-24,4.70306802878554,-3.3844946237807427,30.25001599999996,0.2500479999998788,0.13261496431121664,0.0717247441636152,0.01548055937689553,-1.0000319999999192,-6.399999983841553e-05,-0.4694051923110956,-0.4970417941223845,-0.473763826490593,1.7500159999999596,0.7500479999998788,-0.4885045952677632,-0.32921584970940565,-0.4182291762867401,4.5,0.7499840000000404,-0.8498698401628312,-0.7796427191664231,-0.7656657965625313,10.75001599999996,-0.2499840000000404,-0.6502679713905963,-0.385094091929053,-0.3895575775871245,3.499968000000081,-0.7500479999998788,0.78852511129972,0.31492584411644137,0.2609041236031437,-70.74998400000004,-1.7499520000001212,-0.159084050108517,-0.2599709079948252,-0.20102701015532287,-12.25001599999996,1.2499520000001212,-0.15505906089529953,-0.27165895242003296,-0.3491595096811453,7.0,0.2500159999999596,-0.5665612398784527,-0.40378519672043583,-0.5202264690163682,23.24998400000004,1.7499840000000404,-0.8006514645965697,-0.6835432224733721,-0.5616577290274405,13.00003199999992,-0.2499520000001212,0.06483616430347942,0.13632259597026616,0.09873609752598624,8.24998400000004,-2.250047999999879,0.559269360987626,0.506407066943963,0.45851551434442134
2026-08-25,4.637650514625964,-6.541751415957631,30.74998400000004,0.4999680000000808,0.12442150148331542,0.05492830502948292,0.005124312405541901,-0.2499840000000404,0.7500479999998788,-0.46922519105907945,-0.5103819005587934,-0.48321960080619525,2.0,0.2499840000000404,-0.5964416275629677,-0.3316380434738712,-0.4130936218758432,5.5,1.0,-0.8526521260758471,-0.7824164214918483,-0.7664368865608719,12.0,1.2499840000000404,-0.6797264456628697,-0.4230427103214562,-0.4122552138512008,3.5,3.199999991920777e-05,0.7411814830451475,0.2917953574479953,0.2559812887885235,-71.25001599999996,-0.5000319999999192,-0.1154976920992434,-0.24519127022180115,-0.20022586348874807,-11.49996800000008,0.7500479999998788,-0.18148148973178518,-0.29131145054862595,-0.35334632058108545,7.24998400000004,0.2499840000000404,-0.5953116163768055,-0.408927129871779,-0.522713263707938,24.5,1.2500159999999596,-0.7781780796604973,-0.6799793590191962,-0.5683815480500962,14.5,1.4999680000000808,-0.08211951517537393,0.08298876744619141,0.06865951877107179,6.24998400000004,-2.0,0.5534161942903713,0.5189960388448251,0.4720346839005159
2026-08-26,4.662374260163142,2.4723745537178488,30.75001599999996,3.199999991920777e-05,0.12202522330120297,0.05191930932788461,0.013840384707307836,-0.5000319999999192,-0.2500479999998788,-0.47702842431475306,-0.4983359094478233,-0.5158783923491651,1.0000319999999192,-0.9999680000000808,-0.6017268779120637,-0.3310871322272203,-0.4143040343913929,5.499968000000081,-3.199999991920777e-05,-0.8550355738920492,-0.7826569158937519,-0.7630077627479848,12.25001599999996,0.2500159999999596,-0.6758494226238665,-0.4091782229930806,-0.4059779919973067,4.0,0.5,0.7418606908796904,0.27288229673227754,0.27878926869026854,-72.74998400000004,-1.4999680000000808,-0.13153738815432434,-0.2329450409625195,-0.19589567678507472,-12.25001599999996,-0.7500479999998788,-0.19642077866415425,-0.3069717933720686,-0.38724255578005307,6.0,-1.2499840000000404,-0.6007516244603239,-0.43771613216827193,-0.5230693025588231,24.74998400000004,0.2499840000000404,-0.7756779824170855,-0.6663144592029479,-0.5707150867801204,14.50003199999992,3.199999991920777e-05,-0.08674842511391397,0.06950692508356203,0.0700601816635484,8.99996800000008,2.7499840000000404,0.5911169335357312,0.5038269436311572,0.480245164796786
2026-08-27,4.670296243202308,0.7921983039165248,31.0,0.2499840000000404,0.12449328791227354,0.05426482751546245,0.013456557802194702,-1.2499840000000404,-0.7499520000001212,-0.4601559798920002,-0.5065766272801628,-0.5153845943085889,0.9999680000000808,-6.399999983841553e-05,-0.5815639605705817,-0.3237078039506967,-0.4159833360601172,5.500031999999919,6.399999983841553e-05,-0.8478668277115103,-0.7727902137721678,-0.7612575344943731,12.24998400000004,-3.199999991920777e-05,-0.7176786772751143,-0.5050248293858156,-0.3995313902971857,4.74998400000004,0.7499840000000404,0.7925476787071488,0.3350869791460407,0.27890952219362675,-73.74998400000004,-1.0,-0.18947862092027606,-0.23013065154212076,-0.2019065255010814,-13.0,-0.7499840000000404,-0.13580947196426515,-0.31342069521017296,-0.3879467673301548,6.25001599999996,0.2500159999999596,-0.5915043725022074,-0.4288055470209728,-0.5299308046417864,25.24998400000004,0.5,-0.7646129503900645,-0.6587568375945759,-0.5662104900473454,13.0,-1.5000319999999192,-0.02737501208009385,0.08145513691270807,0.08783147351630954,11.74998400000004,2.7500159999999596,0.5590741169564366,0.47469676107873665,0.4757974614544333
2026-08-28,4.721004091735324,5.070784853301635,29.49996800000008,-1.5000319999999192,0.096848219549127,0.024506372791279596,-0.005453121570170094,-0.9999680000000808,0.2500159999999596,-0.412021854151268,-0.48603729350284297,-0.4953180558616135,-3.199999991920777e-05,-1.0,-0.538503464700994,-0.34119528029970997,-0.4197324765061662,5.25001599999996,-0.2500159999999596,-0.8147235411635911,-0.7633317624495315,-0.7552774902079367,11.0,-1.2499840000000404,-0.6775740988759669,-0.5266802717674383,-0.40350859715367887,5.0,0.2500159999999596,0.7459117983211391,0.34030631956105845,0.2644051220890343,-76.24998400000004,-2.5,-0.2686138344824569,-0.2529461668329313,-0.20926342761709715,-12.24998400000004,0.7500159999999596,-0.05845826780247321,-0.290733420217334,-0.3819267227635169,4.24998400000004,-2.000031999999919,-0.5857622433432685,-0.4480051179669212,-0.5333215957310407,23.74998400000004,-1.5,-0.7248636777632573,-0.6672862192806305,-0.5884043420123416,12.75001599999996,-0.2499840000000404,-0.014782046917725167,0.07294465507009047,0.09885919615061971,12.25001599999996,0.5000319999999192,0.47341278474913123,0.4695168894553942,0.4636263060374619
2026-08-31,4.756970328795557,3.596623706023294,28.74998400000004,-0.7499840000000404,0.07264193041025778,0.015184116140927005,-0.014727403027076934,-1.5,-0.5000319999999192,-0.37752114865560366,-0.4898258545308015,-0.5213930818714343,-0.5,-0.4999680000000808,-0.5989029172966718,-0.3454535179005708,-0.4205984912716356,4.0,-1.2500159999999596,-0.7974344452907179,-0.7670239462035492,-0.7579732022005071,11.74998400000004,0.7499840000000404,-0.621617495935516,-0.5016184536043816,-0.38395125278697423,6.000031999999919,1.0000319999999192,0.7269976810394443,0.3511231290554439,0.27335503975031183,-77.00003199999992,-0.7500479999998788,-0.23892438675650515,-0.25594965019966553,-0.22147350993790266,-13.74998400000004,-1.5,-0.0985106883206438,-0.301793856876306,-0.3856551491999057,3.7500159999999596,-0.4999680000000808,-0.649267581423671,-0.4465833674641153,-0.5307675078942048,22.99996800000008,-0.7500159999999596,-0.6927154491837801,-0.6699421890331829,-0.5941182104795462,12.75001599999996,0.0,-0.03596991777824262,0.0723426945163864,0.10806023930215515,13.75001599999996,1.5,0.4234445819131441,0.4752807639886698,0.46157704016277157
2026-09-01,4.794079178561005,3.710884976544815,29.99996800000008,1.2499840000000404,-0.029769632784946296,0.03877185177316004,0.03984739457938205,-2.999968000000081,-1.4999680000000808,-0.3658837328492967,-0.4824573472043832,-0.509909515396872,-1.7500159999999596,-1.2500159999999596,-0.623802416687872,-0.3532698922212676,-0.4495498250683171,3.0,-1.0,-0.7855680903246544,-0.7669291352160613,-0.7592828701071658,10.74998400000004,-1.0,-0.6831289071086167,-0.5742529079322078,-0.3661220954801741,6.75001599999996,0.7499840000000404,0.6951499903495747,0.381573052187644,0.231551672432104,-72.75001599999996,4.25001599999996,-0.09031611080419634,-0.1752380863051813,-0.14553441205850046,-16.24998400000004,-2.5,-0.30699899487439153,-0.37565827583980516,-0.394965627268339,0.7500159999999596,-3.0,-0.5981552261487512,-0.43525418095544494,-0.5260976364483761,22.74998400000004,-0.2499840000000404,-0.6601493260518554,-0.7071890746776239,-0.5892340539804666,11.74998400000004,-1.0000319999999192,-0.035593216697892546,0.08471491679110281,0.10250860248098277,13.75001599999996,0.0,0.3074149608897037,0.449454535611654,0.44053967306790265
2026-09-02,4.793095847311237,-0.09833312497677937,29.0,-0.9999680000000808,-0.04685408450647796,0.040783484619512235,0.039576816903017904,-2.0,0.9999680000000808,-0.37569832771681966,-0.4680734052046821,-0.5116998202822113,-1.2500159999999596,0.5,-0.6183162898231397,-0.4410805601644316,-0.452983659086097,3.000031999999919,3.199999991920777e-05,-0.8304721608437579,-0.7688547423753727,-0.7640857352097412,10.74998400000004,0.0,-0.6775130992527235,-0.6058983284482543,-0.37521205297084503,6.74998400000004,-3.199999991920777e-05,0.6925484521552809,0.6869283612532208,0.25337113909219383,-74.75001599999996,-2.0,-0.015766317497787966,-0.173851498507439,-0.14727733205698676,-13.74998400000004,2.5,-0.40505113100691675,-0.34755469032171005,-0.39256438680301453,1.0,0.2499840000000404,-0.6089992861695619,-0.4813000851547194,-0.5314890175624971,23.0,0.2500159999999596,-0.6585850655221843,-0.7012540458633381,-0.5932156239906415,12.25001599999996,0.5000319999999192,0.004957664243305653,0.09125837107990704,0.11007872031538386,9.99996800000008,-3.750047999999879,0.313712674521095,0.44859452452217646,0.4468020628920126
2026-09-03,4.761016174141788,-3.2079673169449485,29.0,0.0,0.07507690268506002,0.032447574649833145,0.03782783788868594,-1.7499840000000404,0.2500159999999596,-0.33374026269946633,-0.46018883625481544,-0.5117092489263081,-1.5000319999999192,-0.2500159999999596,-0.6133598462005493,-0.4320991513842868,-0.4453184008972035,4.000031999999919,1.0,-0.8266790482653654,-0.7706136255215809,-0.7668956783527076,10.99996800000008,0.2499840000000404,-0.6473912482537467,-0.6380948670237311,-0.3779895755780333,7.000031999999919,0.2500479999998788,0.6766351120221795,0.6714543529160597,0.24917379267931514,-73.25001599999996,1.5,-0.006418902818118776,-0.19208289395298456,-0.16790880435407618,-14.99996800000008,-1.2499840000000404,-0.3212029920765998,-0.31568232458984535,-0.37404570714157415,1.7499840000000404,0.7499840000000404,-0.6321387503687936,-0.4831059620989396,-0.5319409177911447,25.0,2.0,-0.6803879779577474,-0.7170192340375021,-0.6025620246682293,12.5,0.2499840000000404,0.08834424035830117,0.07201437892018661,0.12060106069959464,7.5,-2.499968000000081,0.263784018716733,0.4914967891022975,0.4491832522622936
2026-09-04,4.782148984047465,2.113280990567734,28.75001599999996,-0.2499840000000404,0.08598385159699276,0.031110741316552476,0.03681879628311779,-1.5,0.2499840000000404,-0.3438749893044028,-0.45308141881435215,-0.5095088515678468,-2.0,-0.4999680000000808,-0.6272559728084358,-0.428692156166007,-0.44740726093454386,4.25001599999996,0.2499840000000404,-0.8210782135715624,-0.7670016506110726,-0.7653230216708742,10.24998400000004,-0.7499840000000404,-0.6554817899083446,-0.6383229597813411,-0.395438592734815,7.24998400000004,0.2499520000001212,0.6747300938630951,0.6755869968930739,0.2689767396822722,-75.5,-2.2499840000000404,-0.013420679707552915,-0.1983618744133359,-0.17252561815741735,-15.0,-3.199999991920777e-05,-0.32517933582539166,-0.30790206462713066,-0.3721756053957194,2.0,0.2500159999999596,-0.614082276876785,-0.476125235641671,-0.5311696327383723,23.75001599999996,-1.2499840000000404,-0.7006576064870087,-0.7158090010881153,-0.609006495865901,13.49996800000008,0.9999680000000808,0.13322429934154575,0.10553491470293541,0.12727261301573853,6.75001599999996,-0.7499840000000404,0.3033038817996438,0.5206751094558411,0.4460646621948358
2026-09-08,4.803288461075598,2.1139477028133236,28.74998400000004,-3.199999991920777e-05,-0.18379954323212913,0.04213402977780413,0.0413740786034408,-1.2500159999999596,0.2499840000000404,-0.35455085280533505,-0.4503171762675424,-0.4961210879656868,-2.499968000000081,-0.4999680000000808,-0.6194144178638369,-0.44346573562290637,-0.4474712177007826,4.24998400000004,-3.199999991920777e-05,-0.8472904324509434,-0.7596647153285403,-0.7499833061540315,9.0,-1.2499840000000404,-0.6377922378042117,-0.6270358896009652,-0.3677817273056542,8.74998400000004,1.5,0.6540302622319719,0.6685160393247881,0.26225770798659365,-76.75001599999996,-1.2500159999999596,-0.02771748880440323,-0.20261385838348028,-0.19658504783552094,-13.25001599999996,1.7499840000000404,-0.26646480581964727,-0.2645911539838049,-0.34876915248418316,-0.2499840000000404,-2.2499840000000404,-0.6492920222069819,-0.5026629853720903,-0.500505107838348,24.25001599999996,0.5,-0.695566916295776,-0.7059237540047354,-0.6082743337346141,12.74998400000004,-0.7499840000000404,-0.006717136087774167,0.09634818573553672,0.09996588847902425,6.5,-0.2500159999999596,0.4733282766896149,0.5121098268955308,0.44358949072877707
2026-09-09,4.835583341685883,3.2294880610284515,29.24998400000004,0.5,-0.23701372026175233,0.055481179062322764,0.0428134252614647,-0.8750079999999798,0.3750079999999798,-0.34542347999519424,-0.44014124349555844,-0.48865382705822885,-3.12499200000002,-0.6250239999999394,-0.6387931386889727,-0.4384817289074281,-0.44898219662905475,3.37500799999998,-0.8749760000000606,-0.8845911039146216,-0.7637004701070133,-0.7573849404247225,8.24998400000004,-0.7500159999999596,-0.6623205049700697,-0.627723872561821,-0.3730527860731352,8.5,-0.2499840000000404,0.6078086840084367,0.6631997313371938,0.26205169906298476,-73.87500799999998,2.87500799999998,-0.03700378147422507,-0.17891587110183962,-0.17871934558252686,-12.87500799999998,0.3750079999999798,-0.224205742464626,-0.23906962142496196,-0.34427556112310975,-0.2499840000000404,0.0,-0.6353966263501629,-0.48708134228080596,-0.49444175596218215,22.24998400000004,-2.000031999999919,-0.7618734318020758,-0.7261365306019449,-0.6299518771556056,13.50003199999992,0.7500479999998788,0.06330526653055378,0.11866583271401282,0.11969166979799874,6.499968000000081,-3.199999991920777e-05,0.464673279109706,0.5138498067764503,0.43990232541701163
2026-09-10,4.94324094777158,10.765760608569686,29.0,-0.2499840000000404,-0.27175314822694874,0.07907629969132661,0.024715662691311605,-0.5,0.3750079999999798,-0.2857482698655922,-0.38430019969828266,-0.43645772932526505,-4.5,-1.3750079999999798,-0.7181495995466718,-0.46434633442433915,-0.46876525110855993,0.5,-2.87500799999998,-0.9180842824115356,-0.7908305442296972,-0.781360275136952,6.0,-2.2499840000000404,-0.7579457173065073,-0.6685129515339909,-0.437005067645135,8.75001599999996,0.2500159999999596,0.5258819302904477,0.6096903049202134,0.24931601060503966,-76.24998400000004,-2.3749760000000606,-0.17041071444327724,-0.18822069225459861,-0.21602348049477374,-11.74998400000004,1.1250239999999394,-0.08138589991860062,-0.14813240601635883,-0.28472070181521075,-2.2500159999999596,-2.000031999999919,-0.6512549742067049,-0.5170203154541687,-0.5044981097250933,18.0,-4.24998400000004,-0.8418485287287053,-0.7613315500817335,-0.6626557165064849,11.74998400000004,-1.7500479999998788,-0.1509261850226799,0.015791179989064815,0.061472662339439314,6.500031999999919,6.399999983841553e-05,0.4406649742781891,0.4991436909134041,0.4084746822396758
2026-09-11,4.97408499141622,3.0844043644639996,29.24998400000004,0.2499840000000404,-0.41440083531399197,0.07960882764692245,0.02810167058776819,-1.0,-0.5,-0.10294597521648755,-0.3840612181842904,-0.4312908047680518,-3.7500159999999596,0.7499840000000404,-0.7152441874682097,-0.44724077730618106,-0.4426712445227926,1.0000319999999192,0.5000319999999192,-0.8806554356385534,-0.7778403990162922,-0.7656829297594948,4.499968000000081,-1.5000319999999192,-0.7065133946154201,-0.6648779811888237,-0.45807274332504894,9.00003199999992,0.2500159999999596,0.5556190203505771,0.6096712635589121,0.24031718972210817,-77.75001599999996,-1.5000319999999192,-0.14264296213173633,-0.18830758003309409,-0.22070180509516016,-10.0,1.7499840000000404,-0.051820806404080245,-0.1423433354876819,-0.2545487088108716,-1.5,0.7500159999999596,-0.6144147969003848,-0.5007068633503287,-0.48855905650492953,20.0,2.0,-0.75462436909806,-0.7384166366798383,-0.6343061960275889,7.74998400000004,-4.0,-0.2302337818593819,-0.018875547801796184,-0.015613123792115245,5.000031999999919,-1.5,0.4981038138004508,0.4965255584476241,0.40740745464368955
2026-09-14,4.959815919318036,-1.4269072098183955,31.24998400000004,2.0,-0.40360540399564654,0.0747142845770675,0.012047928155102835,-1.5,-0.5,-0.12033055647803602,-0.46658633661450793,-0.42834445859287157,-3.0,0.7500159999999596,-0.7058077563387207,-0.48186695007064995,-0.44002645407246116,1.0,-3.199999991920777e-05,-0.8692102291861653,-0.8482323939731347,-0.7629007261914025,4.24998400000004,-0.2499840000000404,-0.7301155936279117,-0.6522552822464562,-0.4542973853098001,9.50003199999992,0.5,0.49850855286588414,0.593585468183067,0.23297005218010364,-75.25001599999996,2.5,-0.26357031471301906,-0.1956349523147985,-0.24761277969684134,-11.0,-1.0,-0.0006011684469889161,-0.14761531680071793,-0.23580852116618747,-1.5,0.0,-0.6270615604959743,-0.5124779709954889,-0.48353301745792365,21.74998400000004,1.7499840000000404,-0.7710700448232668,-0.7502656553303862,-0.6496075428233927,8.25001599999996,0.5000319999999192,-0.2917806073795448,0.0005912748098901206,-0.024050399684210456,2.0,-3.000031999999919,0.5228698693193565,0.49793861893100827,0.41789749375744284
2026-09-15,4.994720030699652,3.4904111381615976,30.24998400000004,-1.0,-0.42011065614507753,0.048329248058026526,0.02520671567499769,-1.0,0.5,-0.055248116314703555,-0.4421621976131257,-0.43112136906927695,-3.0,0.0,-0.728564198533128,-0.46067125353706667,-0.43410564928377476,1.5,0.5,-0.8354548539570985,-0.8383086718795492,-0.7782630676147041,4.5,0.2500159999999596,-0.6991305939586252,-0.6403792490553932,-0.4529329452914778,9.0,-0.5000319999999192,0.4754792906865326,0.5827846287911058,0.22359823222027403,-76.5,-1.2499840000000404,-0.26695231976792305,-0.21791537975576183,-0.24377741242303047,-11.0,0.0,0.02165357742747352,-0.13712234262500825,-0.24982392140819784,-1.7500159999999596,-0.2500159999999596,-0.6447242418239555,-0.48644149332527414,-0.4780263935080578,23.25001599999996,1.5000319999999192,-0.7538347175569662,-0.7534435698879861,-0.677313269752804,7.25001599999996,-1.0,-0.33222704435699685,-0.051952267203720245,-0.021558940335341344,4.74998400000004,2.7499840000000404,0.5291065051318031,0.49765647491533366,0.4359825308379606
2026-09-16,5.0030040471972805,0.8284016497628777,30.24998400000004,0.0,-0.3951558482674474,0.04399737637603125,0.008086432388271243,0.2500159999999596,1.2500159999999596,-0.11694095759133778,-0.43703307253571555,-0.4107854614340828,-3.7499840000000404,-0.7499840000000404,-0.7019692410724088,-0.4864058664524504,-0.41915683728432823,1.7499840000000404,0.2499840000000404,-0.8350164208123712,-0.8371937922054195,-0.7808130225501864,4.74998400000004,0.2499840000000404,-0.7026394190822698,-0.6400081013941211,-0.44075688172477046,7.25001599999996,-1.7499840000000404,0.40351205012360686,0.5657621921133559,0.1962618751782288,-76.75001599999996,-0.2500159999999596,-0.2708629144817055,-0.22194164852384562,-0.27329675626437944,-9.74998400000004,1.2500159999999596,0.019419019140180675,-0.11805302957993315,-0.21528118383182937,-2.5,-0.7499840000000404,-0.627042338990002,-0.4936931528039379,-0.48134538217637973,23.5,0.2499840000000404,-0.7709705256983564,-0.7553429764341824,-0.6744689013253533,7.0,-0.2500159999999596,-0.4125876178768742,-0.06912065905333421,-0.005651011811724443,8.0,3.2500159999999596,0.4879781512934211,0.5183536776809701,0.4193265106366781
2026-09-17,4.944651202394219,-5.8352844803061465,30.49996800000008,0.2499840000000404,-0.26592860804850577,0.04539679573294108,-0.0015603761856228006,-0.9999680000000808,-1.2499840000000404,0.03385525551314254,-0.356128529909281,-0.36427493375033515,-1.7500159999999596,1.9999680000000808,-0.7292466883794142,-0.5442262426204252,-0.4559054306637667,1.0,-0.7499840000000404,-0.6801618331320247,-0.7812522622015375,-0.7451536567754069,6.0,1.2500159999999596,-0.7385444306990159,-0.6667730917064847,-0.4749097432683101,7.74998400000004,0.4999680000000808,0.19206797488444224,0.5437023908296557,0.18471068312975425,-75.50003199999992,1.2499840000000404,-0.22571402146368383,-0.22327526096897046,-0.2827928062223187,-11.24998400000004,-1.5,0.0939766072617477,-0.0743338097055059,-0.18114035977950277,-0.7499840000000404,1.7500159999999596,-0.6649140388836824,-0.5479239461939791,-0.4970856630575347,22.99996800000008,-0.5000319999999192,-0.6384167996569271,-0.7159086477589856,-0.6541846285993416,8.50003199999992,1.5000319999999192,-0.5183833711358952,-0.11678517157780927,-0.07028154428815116,13.24998400000004,5.24998400000004,0.11319046947464863,0.38603730596595437,0.40422484161752087
2026-09-18,4.995056686268015,5.040548387379573,29.5,-0.9999680000000808,-0.30894345745198737,0.017844582098139085,-0.025016380672669255,-2.0,-1.0000319999999192,-0.030887925651327038,-0.3524039436366214,-0.35676840392510606,-1.7499840000000404,3.199999991920777e-05,-0.7018816427659512,-0.5286851386185036,-0.4191371351844807,-0.7500159999999596,-1.7500159999999596,-0.6863576699974815,-0.7849094162351435,-0.737242826978566,4.0,-2.0,-0.7581157438768308,-0.6946869794518391,-0.5135695454075948,9.0,1.2500159999999596,0.19129997685391933,0.5720075525972854,0.20302724958406834,-80.25001599999996,-4.74998400000004,-0.32843772168863816,-0.27132073286784336,-0.30368642381826566,-7.999968000000081,3.2500159999999596,0.19658734220802804,0.023603606338640348,-0.10324627458320046,-4.500031999999919,-3.750047999999879,-0.6627057616890158,-0.5850588528347868,-0.46796381937015835,22.00003199999992,-0.9999360000001616,-0.6369343531557506,-0.7315156799044912,-0.6568243605286634,6.74998400000004,-1.7500479999998788,-0.5800235657325725,-0.20438930760142557,-0.1399980726235259,15.5,2.2500159999999596,0.15759012904103625,0.3937582528188993,0.3972368804672096
2026-09-21,4.961259933442425,-3.3796752825590026,28.0,-1.5,-0.23104254453906295,0.034551581106470663,-0.0011980022852519825,-2.0,0.0,-0.025809127360516975,-0.3351254946578696,-0.36181765119527465,-0.7499840000000404,1.0,-0.7172706454003007,-0.5431533338609822,-0.42720942273299245,0.7499840000000404,1.5,-0.7060514824199539,-0.7887454180785878,-0.7437374044834857,5.0,1.0,-0.7793761827623265,-0.7158011972715012,-0.5246530504619853,6.0,-3.0,0.31254028404967543,0.5740910376806738,0.2322500968136142,-81.5,-1.2499840000000404,-0.29065562185446553,-0.25612348806868235,-0.2963076334775117,-8.5,-0.5000319999999192,0.2330331547167671,0.05460680437525968,-0.08564059931682173,-2.7499840000000404,1.7500479999998788,-0.685225546089106,-0.6231090845246657,-0.48048157738816544,23.99996800000008,1.9999360000001616,-0.6787800511035991,-0.7423883152806126,-0.6626187488315878,6.500031999999919,-0.2499520000001212,-0.5671837407113064,-0.23942633333283633,-0.13377283271473844,16.74998400000004,1.2499840000000404,0.13342681874845838,0.36117639622366005,0.3839833676251711
