date,ct10_yield_pct,ct10_change_bps,fn_3.5_3_swap_perf_32nds,fn_3.5_3_swap_perf_32nds_corr_20d,fn_3.5_3_swap_perf_32nds_corr_40d,fn_3.5_3_swap_perf_32nds_corr_60d,fn_4_3.5_swap_perf_32nds,fn_4_3.5_swap_perf_32nds_corr_20d,fn_4_3.5_swap_perf_32nds_corr_40d,fn_4_3.5_swap_perf_32nds_corr_60d,fn_4.5_4_swap_perf_32nds,fn_4.5_4_swap_perf_32nds_corr_20d,fn_4.5_4_swap_perf_32nds_corr_40d,fn_4.5_4_swap_perf_32nds_corr_60d,fn_5_4.5_swap_perf_32nds,fn_5_4.5_swap_perf_32nds_corr_20d,fn_5_4.5_swap_perf_32nds_corr_40d,fn_5_4.5_swap_perf_32nds_corr_60d,fn_5.5_5_swap_perf_32nds,fn_5.5_5_swap_perf_32nds_corr_20d,fn_5.5_5_swap_perf_32nds_corr_40d,fn_5.5_5_swap_perf_32nds_corr_60d,fn_6_5.5_swap_perf_32nds,fn_6_5.5_swap_perf_32nds_corr_20d,fn_6_5.5_swap_perf_32nds_corr_40d,fn_6_5.5_swap_perf_32nds_corr_60d,fn_6.5_6_swap_perf_32nds,fn_6.5_6_swap_perf_32nds_corr_20d,fn_6.5_6_swap_perf_32nds_corr_40d,fn_6.5_6_swap_perf_32nds_corr_60d,g2_3.5_3_swap_perf_32nds,g2_3.5_3_swap_perf_32nds_corr_20d,g2_3.5_3_swap_perf_32nds_corr_40d,g2_3.5_3_swap_perf_32nds_corr_60d,g2_4_3.5_swap_perf_32nds,g2_4_3.5_swap_perf_32nds_corr_20d,g2_4_3.5_swap_perf_32nds_corr_40d,g2_4_3.5_swap_perf_32nds_corr_60d,g2_4.5_4_swap_perf_32nds,g2_4.5_4_swap_perf_32nds_corr_20d,g2_4.5_4_swap_perf_32nds_corr_40d,g2_4.5_4_swap_perf_32nds_corr_60d,g2_5_4.5_swap_perf_32nds,g2_5_4.5_swap_perf_32nds_corr_20d,g2_5_4.5_swap_perf_32nds_corr_40d,g2_5_4.5_swap_perf_32nds_corr_60d,g2_5.5_5_swap_perf_32nds,g2_5.5_5_swap_perf_32nds_corr_20d,g2_5.5_5_swap_perf_32nds_corr_40d,g2_5.5_5_swap_perf_32nds_corr_60d,g2_6_5.5_swap_perf_32nds,g2_6_5.5_swap_perf_32nds_corr_20d,g2_6_5.5_swap_perf_32nds_corr_40d,g2_6_5.5_swap_perf_32nds_corr_60d,g2_6.5_6_swap_perf_32nds,g2_6.5_6_swap_perf_32nds_corr_20d,g2_6.5_6_swap_perf_32nds_corr_40d,g2_6.5_6_swap_perf_32nds_corr_60d
2023-09-19,4.36566797198026,,-1.2279443145410498,,,,-0.022427167893167788,,,,0.3536592843270401,,,,1.4718286628731838,,,,1.477053965575878,,,,-0.11385288261650656,,,,0.11190062173463805,,,,-2.336767271984995,,,,-0.15645512423084806,,,,0.4524815205030208,,,,1.0777561426518592,,,,1.1939199228959616,,,,1.4345577894325696,,,,-0.4727875426458048,,,
2023-09-20,4.34571488779608,-1.9953084184179737,-0.41410722758661755,,,,-0.10674565032519379,,,,0.4354592946235041,,,,0.19155087598788478,,,,-0.02671514049688639,,,,0.21626644463155842,,,,-1.103981490469459,,,,-0.9336810383726848,,,,-0.45420509400965114,,,,1.012407361049971,,,,-0.5922723822425151,,,,0.22801245130810877,,,,0.15513474336855682,,,,-1.3752715554380002,,,
2023-09-21,4.47891879085872,13.320390306263974,-1.9433219536089728,,,,-1.7396398791197116,,,,0.13479934718764763,,,,1.8433522635916155,,,,0.6074319200484166,,,,1.6992885377338687,,,,2.893974728918307,,,,-1.7045958765352958,,,,-2.0891012284122565,,,,0.17711979937315192,,,,2.0390594387736325,,,,1.3364626533430077,,,,1.2765354397242752,,,,4.802985292372455,,,
2023-09-22,4.43875997295247,-4.01588179062502,1.1495785534639675,,,,2.361156836592915,,,,1.286125528653792,,,,-0.21536305462487682,,,,0.34495686554273597,,,,0.6584668431524673,,,,0.48857658905652146,,,,0.7023800135585345,,,,2.2258570555788353,,,,0.5415282523807095,,,,-1.0268090347165655,,,,0.63362896520029,,,,2.083232759939102,,,,-0.24497610629563193,,,
2023-09-25,4.54054981424347,10.178984129100055,1.2806660560328638,,,,1.6411042225014087,,,,0.9742837285166397,,,,1.6647404168915934,,,,1.1255833086045186,,,,1.5837601636413217,,,,1.3444933001507073,,,,1.9109656815727991,,,,0.9774086623883518,,,,0.8138075393579527,,,,0.9666506432204476,,,,0.6456770739246434,,,,2.8371506690189077,,,,2.936036820193188,,,
2023-09-26,4.55705436654744,1.6504552303969966,0.025378862230560628,,,,-1.3690034035127683,,,,0.060898151495007546,,,,0.5602111192222408,,,,1.394909425055392,,,,0.2762070358790716,,,,0.6076726593895683,,,,-0.5121416850037122,,,,-1.4467384700733437,,,,-1.286518614363552,,,,0.5980922573520955,,,,1.673163056342304,,,,0.6183737921064321,,,,1.0094325531848325,,,
2023-09-27,4.62498242361018,6.792805706273963,-0.8492967746931206,,,,0.3774291018328646,,,,-0.03986484677385649,,,,0.40032830825260834,,,,-0.24271144298707226,,,,0.5129935615673924,,,,1.1869736155268447,,,,-1.3805964205434909,,,,0.5128650118191675,,,,-0.32344298374102376,,,,0.6579558573787838,,,,0.9230194424196414,,,,-0.34551930728545566,,,,1.0561145170896413,,,
2023-09-28,4.5963273785706,-2.865504503957972,-0.8602949033743039,,,,-1.0645432634172156,,,,-0.5022015534800643,,,,0.5675467006197441,,,,0.25960418569804844,,,,1.2681657005226556,,,,0.607011177281696,,,,-1.72284945988208,,,,-0.5860005495338241,,,,-0.759551166917952,,,,0.528913165097856,,,,0.8437244932977279,,,,0.9765178024698242,,,,1.4385573633167361,,,
2023-09-29,4.57008761931672,-2.6239759253880557,1.740469047452864,,,,1.9567456179586884,,,,1.3868738652871997,,,,1.2793632338095904,,,,0.36766157133803845,,,,0.5962097390903968,,,,0.20477325593722884,,,,0.9952342130804794,,,,1.6235122871889924,,,,1.6841579970390752,,,,1.7295087171774974,,,,-0.6141386668762783,,,,0.25106614869006716,,,,0.2670569686574431,,,
2023-10-02,4.68163744687722,11.154982756050025,0.32300796730278414,,,,-0.21412577918953613,,,,1.0414241175624,,,,1.1093771332540485,,,,0.6187346219297631,,,,0.09612485077152622,,,,1.2775954112821473,,,,-0.5256551823674878,,,,-0.8680547109575683,,,,1.0956238059213765,,,,1.0900426513809598,,,,-0.17649710814918418,,,,-0.3854866548448963,,,,2.7039608092240837,,,
2023-10-03,4.80072112094976,11.908367407253984,0.5165323913842244,,,,1.5785595965551362,,,,1.452292163952544,,,,1.8553584626290558,,,,1.750107707787488,,,,1.6068779530899517,,,,0.24708850577593644,,,,2.474143151442176,,,,0.43728060433033455,,,,0.7607825841919684,,,,2.06622218362336,,,,2.8008988802528965,,,,1.7619619167290876,,,,1.274243868487936,,,
2023-10-04,4.73294411360084,-6.7777007348920115,-0.5646722487995204,,,,-1.282442764117408,,,,-1.5441347545840638,,,,-0.6057555391182561,,,,-0.7723435498898814,,,,-0.8936978338764672,,,,-0.6294589599403296,,,,-0.9540126071828166,,,,-0.4508914087235194,,,,-1.9594415262546887,,,,-0.39665183832035167,,,,-0.15487632270304008,,,,-2.234514156631152,,,,-1.1039496729895648,,,
2023-10-05,4.71541993701914,-1.7524176581699358,-1.761397157690336,,,,-1.7349598733564036,,,,-0.6658477102146558,,,,-0.06262560811673623,,,,-0.14999213264691846,,,,0.6699882636320931,,,,1.0472110752415644,,,,-1.779828754742125,,,,0.14792449290184928,,,,-0.6848291010947936,,,,-0.29320169415215647,,,,-0.14468929661375052,,,,-0.42448568872691217,,,,0.9750934281785151,,,
2023-10-10,4.65399613571246,-6.142380130668013,0.439039393430944,,,,1.1605114453320642,,,,-0.3525188435509121,,,,-0.33564052843743974,,,,0.4529780141412796,,,,-0.04365942323647998,,,,-0.5606467061901439,,,,-0.6345633913845057,,,,0.963798390932189,,,,-0.13026898559782407,,,,-0.43431522113623333,,,,0.26023132165719964,,,,0.9741369648478082,,,,-3.9062791908569627,,,
2023-10-11,4.59629890590128,-5.769722981117997,2.0280733096083523,,,,0.1798359378222656,,,,-0.11505890329759683,,,,0.007454116336512051,,,,0.752741034673232,,,,0.1397262729736224,,,,-0.10380743605268472,,,,1.806601960357498,,,,-1.188168430675808,,,,1.176792270211715,,,,1.0175630941769183,,,,0.15078983505453136,,,,-0.4277384211279487,,,,-2.6201817712948925,,,
2023-10-12,4.70941120768437,11.311230178309017,0.47729997841078387,,,,0.7276584445371199,,,,0.9280262356462083,,,,1.3864308818607838,,,,1.561448017236128,,,,0.11946407236776957,,,,0.45959508708930114,,,,-1.2025331730304316,,,,1.5141205169727678,,,,1.263956614466272,,,,1.2653318675385279,,,,1.7534173425094977,,,,0.1957721702645503,,,,1.6304337955355457,,,
2023-10-13,4.62792014937618,-8.149105830819003,-0.0030103636520637522,,,,-0.049892109114240135,,,,-0.8560487278642883,,,,-0.22034487385299162,,,,0.16270752871398386,,,,-0.273768312761824,,,,-0.6295141322651521,,,,-0.44563821336345555,,,,-0.23946593258870408,,,,-0.7310527363906241,,,,-0.664640957473952,,,,-1.3978165215017277,,,,0.017872141904575756,,,,-2.067040669669952,,,
2023-10-16,4.70910337723536,8.118322785917975,-0.9272113226726879,,,,0.39210729621316154,,,,0.5356250911008416,,,,0.4022649259778561,,,,1.0954272865910908,,,,1.180677923924746,,,,-0.27985436252075835,,,,0.08294165037329604,,,,1.3278227735991008,,,,-0.47621080935807036,,,,-1.296501590961472,,,,1.0704129068812993,,,,1.8568963605189495,,,,1.3780493279706667,,,
2023-10-17,4.84574351596388,13.66401387285201,-2.3651942733448474,,,,-0.915111801978887,,,,0.42377434210022713,,,,-0.027539893894214407,,,,-0.3278511641640576,,,,1.0095502432895536,,,,1.371598087470408,,,,-3.001589983300929,,,,1.1679126008444545,,,,-0.8132268854076545,,,,-0.43341075689437725,,,,-0.61083536890769,,,,1.0558792461124384,,,,3.275611054935165,,,
2023-10-18,4.90105025467829,5.53067387144095,-0.09776922539248023,,,,1.0034837487991997,,,,1.6678973335499845,,,,0.8128068646924671,,,,1.0330943942856865,,,,1.416402895084576,,,,2.304540376865859,,,,0.2992791713727039,,,,0.02278326421657617,,,,2.7939904229297854,,,,1.4973386252048098,,,,-0.18214175554390089,,,,1.7228242831660385,,,,1.4152160428443232,,,
2023-10-19,4.98661741631974,8.556716164145062,-2.1264294449943453,-0.3464975538311136,,,-1.6328162956717471,-0.056213700897034515,,,1.147130337829699,0.553402586573575,,,1.66837222810192,0.7174341810922366,,,1.4053714579800256,0.4610874694351973,,,1.3475208399209277,0.6213984195237681,,,0.3629583393598086,0.6245225014905198,,,-1.5861101931038273,-0.10930871890278407,,,-0.24609511345865537,0.0322042516090507,,,1.0993378397728122,0.25937311944168967,,,1.7634801732910017,0.4761775494153579,,,1.244623181791459,0.4856504938911211,,,1.4374601377466876,0.4332889859861433,,,1.173311587429664,0.8419293772446821,,
2023-10-20,4.92218291333332,-6.443450298641995,-0.6627128285669439,-0.31847534193406263,,,0.36904974127766366,-0.07359269698987915,,,0.6002201025431688,0.5232319559404788,,,1.9915101601527994,0.5371632584026974,,,0.937880810424609,0.3928097626894989,,,1.0039441681030716,0.5568493708696142,,,1.0464921079845118,0.5646173606280828,,,-0.545263676180225,-0.11268966934516034,,,-0.4689494449182394,0.04848586983273724,,,1.648103623599841,0.1934156088319322,,,1.0324927383439348,0.4086053519355184,,,0.9815388348941756,0.43158927410284387,,,1.860883782999041,0.3364705398982545,,,0.29089506929327946,0.8196377769848595,,
2023-10-23,4.83646525028719,-8.571766304613071,0.4919084580925759,-0.2634970352077597,,,0.062015833959359945,0.03863459260701387,,,0.6036064785191355,0.5275693936161735,,,1.2427165731696324,0.404101916780202,,,2.13408992434224,0.2150374468346103,,,0.633046223865056,0.482002257604463,,,0.5033830994649118,0.47429716033014874,,,0.3266657917035838,-0.07714205594031139,,,-0.24154557614617644,0.25609001108021945,,,0.26810787020572846,0.20281766480680977,,,1.4298795053891835,0.2536116904953227,,,1.1724266805693122,0.3284608097754119,,,-0.9598052176120961,0.38603140018055226,,,0.9115367130230725,0.7482321557205516,,
2023-10-24,4.83879418817122,0.23289378840303243,-0.7962050831232634,-0.22291946585908418,,,-0.24953386306476766,0.1277857195437396,,,-0.03011529763852927,0.5962343737717184,,,-0.5742009151009597,0.37208438054311516,,,-1.0700529086219834,0.20208615367907135,,,-1.7811343501918397,0.41413357601788986,,,-1.8920977927800005,0.42095251316530513,,,-1.2286382414098878,-0.041063139247520836,,,-2.325233895364576,0.3544455669105316,,,1.1502090704880636,0.20294933486667321,,,-1.4164266851873908,0.20901279987949026,,,0.25441070620182415,0.33974727430547014,,,-4.0869908173885765,0.3796583114805343,,,-1.8442640404660353,0.7272129249627703,,
2023-10-25,4.95170375487692,11.29095667057003,1.1921420191735934,-0.21743295361937426,,,0.6485675795301249,0.08617891235594653,,,-0.14406696977943045,0.5200034530774387,,,0.5844425316178238,0.310159866787832,,,1.0992349402971875,0.20305157662425222,,,0.8853102990508193,0.3835249182255796,,,0.1686917949330493,0.3561686259940976,,,1.2474238579730144,-0.06042448768236478,,,1.5444332867555448,0.3795233396256571,,,-1.6243421023911095,0.07339645191398199,,,2.0553793819363295,0.2626187516835292,,,0.6005645940956351,0.33503762592137004,,,1.6761209861280417,0.3602355121397686,,,0.6506150002150273,0.6872416408063315,,
2023-10-26,4.84345710818577,-10.82466466911507,0.5982486632594655,-0.2538289325395971,,,0.9971839909326405,0.009829742695246032,,,-0.9168631610197444,0.5702590504025206,,,-2.2093244986506013,0.4429412757749043,,,-1.0446856802101407,0.3194033334813742,,,-1.5138427956395681,0.4815686109838106,,,-1.0180980291508062,0.42809297891500536,,,0.7541707534325441,-0.12239406553414875,,,0.8809567398810243,0.31267897931118516,,,-0.14253855485184008,0.09531607911716532,,,-2.6742043717748416,0.39742556216898806,,,-1.4822860341685697,0.44531689950024334,,,-1.632621832458291,0.42021091728500765,,,-0.5053040160806433,0.6811079540476029,,
2023-10-27,4.84304997944118,-0.040712874458925796,2.745430620423776,-0.22399250639354998,,,1.7567787802281567,-0.010198529114610623,,,1.1750621011412479,0.5661909497237291,,,0.5452381723001791,0.4495551612816192,,,0.5238506306910032,0.3592479614842465,,,1.0142869855830352,0.47289645743007264,,,1.479880240510701,0.3832791307319977,,,2.503543530482445,-0.10237170380025336,,,0.9282771687600511,0.2959535048825375,,,1.1540455499709195,0.10802146306577227,,,0.5110610016037462,0.39524661677818507,,,-0.021906331669261092,0.43555016575242633,,,1.244545084181034,0.42821551270858216,,,1.8400591521895617,0.65870884972889,,
2023-10-30,4.87614851458794,3.3098535146759644,1.0347538391686721,-0.23356557805704445,,,0.13325725370620756,-0.04368340067056544,,,-0.15760030825062366,0.5466344590485488,,,0.43398101643619214,0.4540388077546532,,,-0.2921511631578566,0.33450323987019354,,,0.20442918282640044,0.5074026046545691,,,-1.534362837561312,0.34353946096775384,,,1.4486918852970239,-0.11917966375337408,,,0.0909320253105923,0.2799495771033668,,,-0.6569186852693125,0.0744390314322998,,,0.3786086133746558,0.3991899417496478,,,-0.3189421884179513,0.4434517865448018,,,0.8262961109111675,0.448555462867753,,,-2.4322600605226237,0.631128207843026,,
2023-10-31,4.87318667381641,-0.29618407715297224,0.46824998067810875,-0.2137100367400515,,,1.4248825157106402,-0.014130216588206306,,,-0.06836075216664028,0.6093740327049462,,,0.7357216194182081,0.48230498069625355,,,0.7195518257934848,0.3292339404543939,,,-0.9924978784576193,0.5084378348392743,,,-1.4134677674825822,0.34427225763799296,,,0.23910834593300287,-0.10483008537661198,,,2.017976889021357,0.28851513888215397,,,-0.8618270021943584,0.11696778224244286,,,1.5604177123380638,0.420649489971447,,,0.9843212180698915,0.41877954876274465,,,-0.07327916246438404,0.45308034459811325,,,-1.9343936462453504,0.6302885466139113,,
2023-11-01,4.78875159036816,-8.443508344825013,-1.2994019120358065,-0.16386402478178846,,,0.19099455956985523,0.016751619812539635,,,-0.056032198342048645,0.5809082689641206,,,-0.610306459112735,0.4930869709213271,,,-1.6129437062553595,0.40850960271877657,,,-1.9553868727906245,0.5858966439014764,,,-1.8594306673469765,0.361668908169906,,,-0.9105413222520635,-0.04656452911073523,,,0.15480910213631915,0.3791834098286472,,,0.8137918685025927,0.039073221783540314,,,-0.9378256901038391,0.438892902197033,,,-0.6587717997864644,0.5035638002536551,,,-1.8845422916776329,0.5378165276455681,,,-2.7631558275376316,0.6266754804542016,,
2023-11-02,4.66840294931852,-12.034864104963994,2.0682096952847075,-0.29818976906159905,,,0.3661828910449312,-0.10614445182458264,,,2.062543835059219,0.27522151158288954,,,-0.8151256589389504,0.47241688888081856,,,-0.795788263316318,0.3961613406241096,,,-1.8473498520765972,0.5976947689315836,,,-0.9219924407435838,0.3919424799016717,,,2.10050516755352,-0.304076765461859,,,-0.18099141915107841,0.4010696086961691,,,2.1050330576619394,-0.10948057493568389,,,0.10205491864072291,0.3594166618467514,,,0.07333083805507545,0.3938079268408311,,,-2.8029525187692825,0.5630104882575584,,,-4.595094662104813,0.6636413827453513,,
2023-11-03,4.55688244427427,-11.152050504425048,-0.5869850336664006,-0.2766999527638721,,,0.4839726371384643,-0.1930002530613302,,,0.022148707587904326,0.23420166996695865,,,-0.470972398525376,0.47637836812157947,,,-0.9287280119850561,0.42042172165300246,,,-2.1556810601922627,0.6283501374046893,,,-1.6738780026523488,0.43369368719066576,,,-0.052482332347744354,-0.32309925767268777,,,0.15153531574995238,0.37646433063966,,,0.14549716533737556,-0.18148262915436186,,,0.4723689484460163,0.3196619185577978,,,-2.0492220431866883,0.46475064868589017,,,-2.996035783222041,0.5910212618812628,,,-3.150028698077514,0.6898857333873332,,
2023-11-06,4.66077755137009,10.389510709582073,-1.9816021909219135,-0.36638784390866763,,,0.7715947131871965,-0.19649343197242647,,,-0.6412743545516064,0.13935285451525478,,,-0.548388285583392,0.39702661307941667,,,-0.8279054044063103,0.3207034178318963,,,0.21279943478128627,0.6258722121842242,,,1.4996016197027424,0.5001607201544501,,,-2.2858168545886786,-0.41288818878968997,,,0.078339935632944,0.34500643071379933,,,-0.26800184838736635,-0.22093643636867474,,,-1.9480085688919968,0.17676309709100385,,,-0.21802135463219852,0.42306428910926464,,,-0.031704156918758386,0.56824177914412,,,3.508570444981117,0.7332734691232959,,
2023-11-07,4.56958975655324,-9.118779481685024,1.040130320283598,-0.38400161721470993,,,-0.2992814162840813,-0.11423764006676773,,,-1.1752732824121694,0.19169825198469762,,,-0.7547546881313665,0.41592594491251306,,,-1.500198806062448,0.3838938487926251,,,-1.076846789014016,0.6493742971202194,,,-0.32412677365135956,0.4902672040092981,,,1.7582010125773122,-0.46989350286589204,,,-1.0351436966345697,0.4177237176628398,,,-1.0480494519077632,-0.16218248423236475,,,-1.1890041918694303,0.20689441443114115,,,-2.062445411336189,0.48239826093903104,,,-0.30829355296336036,0.5925499591375346,,,-0.3844275197570237,0.712980428222904,,
2023-11-08,4.506038447821,-6.355130873224013,1.0187168667224253,-0.37807268355694806,,,0.32932618078747533,-0.1203439420483766,,,0.1822849254646175,0.18145303838215862,,,-0.4083176865711424,0.4267275096623921,,,-0.9884995833962144,0.4288246430426691,,,-2.2982270331841184,0.6678076378564817,,,-1.31606115715616,0.5116524172479074,,,0.7666982003962742,-0.46285373825752163,,,0.22091520538632414,0.3937666709329373,,,-0.0939140774939699,-0.12789657853311634,,,0.1879080437671699,0.22808879386781605,,,-1.1041241327426687,0.5094746917098594,,,-2.3621421574279298,0.607182783449593,,,-2.04794580886689,0.714709991851472,,
2023-11-09,4.62802066333472,12.19822155137198,2.8184129962522144,-0.22397573750993197,,,-0.31248968392665855,-0.2164218475473942,,,0.42199312185357374,0.14231498513230828,,,1.4649941584642754,0.4335826514856787,,,1.0864695022964064,0.4118123862699285,,,1.2504457183578208,0.7067463578025436,,,0.22021624165088038,0.49872315424246005,,,1.15503329775368,-0.3448210307545612,,,0.18371322159136017,0.312381097756161,,,1.5559995193804737,-0.10273377810361595,,,2.5830467134613055,0.2846034442335752,,,-0.9122506971321278,0.36272733745226793,,,2.8707433059684386,0.6661861943054311,,,1.1427591891499835,0.7039361929145703,,
2023-11-10,4.62702989695267,-0.099076638205009,-1.4382778038833184,-0.22649534173817923,,,0.6542917599974398,-0.2418681102740493,,,-0.20801613690374054,0.08492095948794934,,,0.05664790692965749,0.4260322079267143,,,-0.4131493345176511,0.4247584968957797,,,0.32984192285177283,0.716182574149226,,,-0.4844653186907779,0.49370789089064104,,,-1.3510580737395488,-0.36303225337709005,,,0.942885191950928,0.293690614722434,,,-0.4607146013725214,-0.1487650120790673,,,1.9036290780530558,0.25567321865084963,,,-0.4936090493081249,0.32676163450210877,,,-0.7759378226610847,0.6826889652048805,,,1.7537592957247263,0.6780026310297854,,
2023-11-13,4.63099352434734,0.3963627394670155,0.22085893511941124,-0.20019342851700098,,,-0.06018915066544961,-0.25451651715486584,,,-0.07249213398881604,0.0677041945855124,,,-0.07273344522576641,0.42360944601842443,,,0.9407249435554111,0.3906370166269103,,,1.1422535620889855,0.6880043401174996,,,0.09890546689448021,0.5102124805122933,,,-0.5571873518084862,-0.3722186674058369,,,0.8513410307095359,0.25160576701072396,,,2.1747660230449184,-0.10442810192383602,,,-1.9437836291636543,0.3019039048042208,,,4.567178059566871,0.20497950380479374,,,-0.4711398203249444,0.664191478111505,,,-0.15055688415184942,0.6676670406734966,,
2023-11-14,4.4404638381476,-19.05296861997403,1.1984052057302073,-0.1210519203092405,,,0.8020578206612168,-0.17903043681237862,,,-1.0645367673771204,0.19663393857727707,,,-1.3729717294398398,0.5488577338874356,,,-1.3133995169312005,0.5099484299492799,,,-3.7602313994476795,0.7493834228296972,,,-3.8063360879402177,0.5857829359681261,,,2.120435916817696,-0.3350145633242525,,,3.174895279040351,-0.13756596149001182,,,-0.8679421727531835,0.10394424599588295,,,-2.4244344757383356,0.47799834024450705,,,-3.556041371082209,0.42627068764220555,,,-3.263766734246496,0.7044099612046983,,,-4.43534123181903,0.6827579483752176,,
2023-11-15,4.53626833700692,9.58044988593203,0.8581591053935673,-0.07986008815339332,,,-0.39206605755340806,-0.28035862955479424,,,-0.7928274507282556,0.04521418434655797,,,0.6213262473728962,0.5423292854204715,,,2.419262551525494,0.5490510767285739,,,2.7874302146897443,0.7624759182429754,,,2.6704283408938716,0.6159868198347469,,,3.58259896329233,-0.1469536942370938,,,-1.1910622402410653,-0.202840401065731,,,-1.7786468198308159,-0.10335404297236447,,,0.9795950033418555,0.46981655566228586,,,3.764952220671315,0.5068712762650835,,,0.01450228783203844,0.678290023735755,,,4.0152752430028515,0.7041172974644693,,
2023-11-16,4.44429981835868,-9.196851864823952,2.665306691807277,-0.029116843702466134,-0.2494737668679514,,0.2736131468754879,-0.13721995725789563,-0.12721263211529274,,-0.13780916919404795,-0.03886483118051509,0.3119746373231531,,-0.5916237468704004,0.5070268482380732,0.6397904821214454,,-1.0409593756837756,0.5300591742821492,0.5531123478090023,,-1.562878583188941,0.7534391020630625,0.7271607248577822,,-2.3411184486392416,0.6253200796674885,0.6695398202983796,,2.563043849690285,-0.11402749373619749,-0.21847474574896245,,0.45191596252799915,-0.18454826460813178,-0.1025294596581729,,0.3569984309008003,-0.16231200340122032,0.04182238123717612,,-0.27783573182543986,0.4340985857898964,0.4750755220635603,,-2.041266693666176,0.5093577130976414,0.5205614122843076,,-2.5234701235184898,0.6675096322655931,0.6372056526943195,,-4.307778101894918,0.7036469889202177,0.7849219877660818,
2023-11-17,4.44031677343654,-0.3983044922140522,-0.8812747050042562,-0.0629227470632439,-0.24978964659394076,,-1.5630183823798403,-0.14286878000436573,-0.1215420715792708,,-1.5493006113015038,-0.040462018779081815,0.3028961184713044,,-1.9152297376560643,0.5550916437100898,0.6046436687749042,,-1.0081762713756255,0.5476068733596205,0.5447716438164814,,-1.4022444383330175,0.7835503585116735,0.7198813434651802,,-2.1538575897734176,0.6431150487715167,0.6533420425879456,,-5.120073952276191,-0.13758468082352873,-0.19202202502398347,,0.868140403828864,-0.19693938711910436,-0.10779052252414474,,-0.9796912501588162,-0.14791808846278198,0.048022877707509244,,-1.7021855163637438,0.43085992245512444,0.4639389525308763,,-2.061365787238432,0.5054637609820299,0.5101970019334829,,-2.7310208813778147,0.7135829686148887,0.6231041121837408,,-2.6732913551088893,0.6998020574647301,0.7750272686994222,
2023-11-20,4.42081637908729,-1.9500394349249994,-0.4308921321968704,-0.06575233818951243,-0.19720023224725006,,-0.060309613082047964,-0.15771081404436355,-0.04994863597458007,,0.24407276016630375,-0.0057283753310130095,0.31096533877264115,,0.8405703719117539,0.6426094852699403,0.5709956223693986,,0.285920177356326,0.7016765153050225,0.5467260657715705,,-0.09814227595009584,0.8355879831626983,0.7071172766544906,,0.539655193369696,0.6829504766881757,0.6208481768997929,,-0.2735988078915841,-0.14179899398801743,-0.15835862860420516,,-1.1715507243098018,-0.21357934819309574,-0.019815089624157445,,0.20579848665830403,-0.1423714708656747,0.04911125145301679,,0.23682499583983985,0.4871696182481847,0.4342375030103991,,1.0631149774742177,0.5437278490156165,0.492756947130992,,1.2689214803223616,0.6991515545342257,0.6054106383921196,,-0.022397580568239928,0.7447188070048935,0.7575878144955456,
2023-11-21,4.41689268956018,-0.39236895271095307,-0.03441904923263994,-0.05781380294742158,-0.1902504586719468,,0.4833539265810245,-0.14657121977177687,-0.026033597362025703,,-0.24651430138473618,-0.009065374619824151,0.33538902241501434,,-0.17418148144374435,0.650951504765713,0.5679922482496083,,-0.11452901967430407,0.7242036044867342,0.5497012190954629,,0.4108839855263682,0.8577050247066629,0.7158451762437285,,-0.5890566167734077,0.7071397792399376,0.6284603319150192,,-2.3175100007511107,-0.14018254402869312,-0.1497752679776891,,1.780877018301255,-0.19121103060866723,-1.6862046065025084e-05,,0.6467459584237432,-0.15338464279565148,0.052646123809181704,,1.0105897944188484,0.5092166743065765,0.42660453341184384,,-0.2821163674020477,0.5414151724684608,0.4985717539633782,,-0.7440475442945287,0.7874557381814005,0.6349329029741921,,-0.35454156084505595,0.7549352015909039,0.7592967388675221,
2023-11-22,4.41488004460401,-0.2012644956169929,1.016419183667904,-0.0978243190589191,-0.22164235155302106,,0.6815597387631871,-0.18919018218381992,-0.07950932386414714,,1.4223870605526563,0.01872986837781808,0.3037831383597633,,0.03761032087003824,0.6340435899596336,0.5468028912836557,,-0.7117837717275262,0.6828793849728313,0.5323807782095742,,-0.6933889809289315,0.854671275041082,0.7026211067114925,,0.545612977631325,0.7151313751122911,0.61353252905746,,0.9943605099810564,-0.18424963485445578,-0.19008043632125496,,1.2433152850138973,-0.2820797694347874,-0.020561701356365997,,0.8028830452062115,-0.022266262833280898,0.03585744037840503,,0.5545063864991135,0.4489294617066479,0.41878429865033484,,-0.5430875834185025,0.5379310087587814,0.49696453326152285,,-1.163345331220912,0.7544742846051684,0.613402147171004,,1.028923766307677,0.7625125841173769,0.7458066222936016,
2023-11-24,4.48313823097952,6.825818637550984,-0.01663421908406404,-0.11812978955756853,-0.22228726579711697,,0.019832178278860635,-0.16199374331262803,-0.07554476564373384,,0.8596780950122622,0.022450716206411186,0.3172835342674482,,0.7152971852924994,0.6359433706487093,0.5509760284291016,,0.7137372635008064,0.6894226446322272,0.5405549330011882,,0.463864921055408,0.8547044968797572,0.7026966926019383,,-0.47262604702124156,0.7039771765938644,0.6014071847566437,,-0.2700327174457726,-0.18908162757083852,-0.1899786279572351,,-0.1157475201123841,-0.29329615532333014,-0.02006386270190045,,1.7695126560900225,0.044772447521450875,0.07238705668538004,,0.10282608330650866,0.38898051571654485,0.4118765073717976,,0.9322094549026049,0.5394005369191863,0.5035409373866685,,0.8816788544757287,0.76843166608431,0.6187084007619779,,-0.4772177599081607,0.7747867100141741,0.7364578347210983,
2023-11-27,4.38752131396326,-9.561691701625996,0.21979626793113594,-0.13822373280866937,-0.20566587042526918,,0.2033611699577056,-0.21111271143570431,-0.07986075351421255,,0.19847648107880955,-0.006857305337234525,0.3172070987380591,,-0.11823096954177914,0.6231233517650152,0.550529286137883,,0.1485112132434112,0.6547429530582075,0.5458410954321452,,-0.40258104334629763,0.8429308544594522,0.6972101152381862,,0.4284427478977152,0.6649103089415608,0.5689662505839371,,-0.3587057558400705,-0.19128634861280797,-0.1672053096154749,,0.5658063855657504,-0.29880240995613094,-0.030320285860732845,,2.090604135829542,-0.04128029750052227,0.03845615961282709,,-0.967167797155891,0.4057740677974013,0.42293897632091654,,-0.46571758274992336,0.5321228470000263,0.49856348721671745,,-0.7848740913060319,0.7669679676481806,0.6231111554194786,,0.40792688448302084,0.7391688848170541,0.7130779304165211,
2023-11-28,4.33516418875935,-5.2357125203910115,-1.4868246037447674,-0.1293587329409336,-0.18998306357917077,,-2.015779027224064,-0.1153137385395185,-0.051086649670239175,,0.5766453279303674,-0.013123872654501424,0.30536779364372135,,1.605543966602176,0.5133839603213657,0.517055022971704,,0.3421849659084488,0.6475757384742634,0.5420751363096663,,-1.2618555618507843,0.8413294525411064,0.7171507460120281,,-2.1719958334918146,0.6990452806044901,0.5791006678847519,,-0.5742085583267524,-0.2139117850411287,-0.17072001562450906,,-0.880998594330368,-0.25907799869955134,-0.019866659143477697,,-0.6022605041956162,0.0008082288944637291,0.04312450422687746,,1.0716768683726086,0.3779739457916583,0.41211613888927207,,-1.0568419818228163,0.5428843723118981,0.5093913381277045,,-0.14731860221593607,0.7457750076011612,0.6298583840260354,,-2.869807221519568,0.7784282557711579,0.7261495827792901,
2023-11-29,4.26958672351399,-6.557746524535979,-0.8783648889084639,-0.1104066026924196,-0.1697425286481661,,0.887107605626243,-0.175992192916732,-0.05582396467879807,,0.6586919036638115,-0.02882414552142324,0.30813869727648163,,-0.6069599040291811,0.51777249459811,0.539520532968309,,-1.3597951474312797,0.6519640086147828,0.5521073780070117,,-2.0641533956886273,0.8464661678305099,0.7263581568048811,,-2.077116597026355,0.7152320228055311,0.5893773161088323,,1.2228735858727489,-0.2262264435728525,-0.17845359134858144,,0.22496393723726404,-0.297984061384849,-0.011405684433074081,,0.8741361192248416,0.006531558691678628,0.04173279470216459,,-0.8528640523643554,0.38187405565930765,0.43452330695734936,,-1.8174605267349662,0.5466182045874362,0.5171151221617233,,-3.9007694801716735,0.7225931640109647,0.6322483394566522,,-0.588309946937005,0.7838294091916964,0.7261001721535097,
2023-11-30,4.34860931975564,7.902259624164998,-0.8783648889084639,-0.20216811959628778,-0.19663446571975857,,0.887107605626243,-0.09347496935263255,-0.018628383775206973,,0.6586919036638115,0.01301283966386942,0.29216095436939843,,-0.6069599040291811,0.45055426152206857,0.4917219576318587,,-1.3597951474312797,0.5322100728953147,0.4940856448841565,,-2.0641533956886273,0.7326995855796798,0.6755869342620433,,-2.077116597026355,0.6051046263881458,0.5181934013576537,,1.2228735858727489,-0.20471050375252292,-0.1494051200734685,,0.22496393723726404,-0.30114001490673775,0.028362832808149115,,0.8741361192248416,0.04812000586829259,0.0303947513267864,,-0.8528640523643554,0.3160204019305699,0.3935513545832169,,-1.8174605267349662,0.4762155379131012,0.48855302781295873,,-3.9007694801716735,0.5479977063126824,0.5592128854102576,,-0.588309946937005,0.7506791493933614,0.6995642141746651,
2023-12-01,4.22328278239933,-12.532653735630994,0.1270355900304967,-0.12057538372508492,-0.21233170567342902,,-1.408847642089472,0.049049357678297684,-0.022996091616831724,,-0.8306918608441922,0.24982545386182728,0.2731815732735967,,-2.34233151538704,0.4950180290133998,0.4909601429188819,,-0.5424487671530431,0.5183392280802591,0.46523107407252307,,-1.9605095646850528,0.7347884639427265,0.6712792355717192,,-1.82418835271376,0.6329340882529071,0.5335395785385214,,-0.03481692633824007,-0.14232905700038317,-0.21098999214856232,,-1.2026314884064,-0.22518489896284558,0.07251354535599538,,-0.519694257784896,0.1972036197691063,0.03756567307387394,,-1.676577267382048,0.3872610969372915,0.3833566455999078,,-1.1197766650790237,0.5126741520650305,0.4572015116393189,,-1.6541318069572095,0.5186699215339015,0.5418031205615493,,-1.2673682235378272,0.7155083046816562,0.688950404514534,
2023-12-04,4.28370379797835,6.042101557901969,-0.5445050477355844,-0.18027659496949247,-0.23070706175255243,,0.9386804242152325,0.13155805814099802,-0.02971646193323371,,0.3045454894439037,0.2813254344697186,0.2571740176862961,,0.2463733720627843,0.5053989531654977,0.4858963229636247,,0.20237428880020136,0.5118452474142927,0.45792616665872093,,1.053302002387952,0.7334041616566725,0.6767918341322522,,1.390712322548509,0.6442095652811439,0.5464116291891233,,-0.2925506890270073,-0.1581645314481927,-0.2250909591876335,,2.2473185542047998,-0.1390085818747403,0.09835149713636558,,-0.2354917211836831,0.17277871658222113,-0.005166213916825824,,1.4468096774100927,0.46449805492355495,0.3956934488127612,,-0.7308484797096513,0.47457491946515296,0.4471481506742948,,1.273868787593709,0.5163408406824073,0.5455134722077355,,1.5743200851341888,0.7082595933002517,0.6955040378970269,
2023-12-05,4.16869039542236,-11.501340255598969,1.4077682765650719,-0.11298873692768678,-0.26245517003010793,,1.0331292983269076,-0.002655041945923523,-0.06613878853987025,,-0.8035608182177492,0.40262730242398864,0.2853830591136618,,-0.4804505186969472,0.5630291132340751,0.49035209368775756,,-1.2573554979619457,0.6161679651171167,0.47782779456721125,,-2.4442651785990974,0.7585507381945606,0.6964248926862356,,-2.0084563081397437,0.6212389114828734,0.5709734680420975,,2.1574283415151236,-0.12460342345442717,-0.25995369125851464,,3.6256424740070496,-0.23983029630214805,0.0029915651836720405,,-0.877949537047136,0.2652029278810259,0.02611778354968222,,-1.7408417493018753,0.6457915854010805,0.41972054518157875,,-2.9441025264541216,0.5265706565494466,0.4750654693962587,,-1.681957600260128,0.513342783535023,0.5520913893091808,,-2.118766639870368,0.6781605604990678,0.7052244605674537,
2023-12-06,4.1201184560278,-4.857193939456028,1.0814938308307198,-0.09830581955721035,-0.2659273302470124,,0.15429303689177587,-0.022897759846538728,-0.049640156523261376,,-1.5636330446942717,0.3619845998879719,0.28559498497221314,,-0.9045552195343038,0.5559790635788339,0.4916591907941777,,-1.1900909864987617,0.5979803476576415,0.4909191145659435,,-1.7259053866907712,0.7633323621331307,0.7040834984566089,,0.1799980450811024,0.628840748920736,0.5648681139972295,,1.0152885866370531,-0.10044795889590444,-0.27256034678712965,,1.1486620777070717,-0.3127144924619575,0.003098137180722357,,-2.967140538135203,0.23126582452535344,0.047042572681417635,,-1.8446674425301888,0.6295444303285106,0.42137079496224256,,0.013810639340806397,0.5035296872019555,0.47944840134556216,,0.5886157801682208,0.5152794726416752,0.5609423320990962,,0.6036769892674495,0.6780811668930401,0.6981074258623468,
2023-12-07,4.12761598856708,0.7497532539280094,0.05683088534169656,-0.08576953734126483,-0.25422430686613,,-1.1856298630315205,-0.037793725362097894,-0.05800289072879842,,-1.121557542161261,0.33875058915242506,0.26804359886874596,,-1.2541351914980894,0.5201800445542641,0.47713930935877635,,-0.6427371739475456,0.5789799435110528,0.5016265386231703,,0.7925229664830913,0.7595683195759635,0.7115293384202482,,-0.151933373787152,0.6278989213318769,0.571166456327181,,-0.09301939203692822,-0.0969483580567714,-0.2639344217546673,,-2.2136415217663585,-0.32517454624559566,-0.027466257552092886,,-0.6992134591077024,0.21557684175014186,0.053674172983005836,,-1.5055098171398176,0.614082307678397,0.42473109482789023,,-1.9513703642691935,0.47937472085605043,0.47266485802954256,,2.432548218578915,0.4953718142758324,0.5547522144890596,,-0.28987767106117124,0.6718803767673837,0.6958086511246865,
2023-12-08,4.24388562199981,11.626963343272934,-0.4796874973121277,-0.38853286468937076,-0.2823398076750438,,0.6403634296133438,0.05616269285736178,-0.061415938188242244,,-1.2875941408381761,0.15166359084704933,0.16543166887861355,,-2.4848882828700796,0.17011270081310054,0.3173070682555579,,-1.233714152682432,0.3846983309517156,0.4081580912519757,,1.2622295913364479,0.7605287658886091,0.7306183758744678,,1.7531008125702399,0.6806268386894155,0.5916634097682222,,-1.422887353634624,-0.21765293622230944,-0.26868604828449916,,0.9237387010556795,-0.2819198558704709,-0.045293014435328134,,-0.6763750654079992,0.06464079909471673,-0.006779791064840333,,-3.140440266847418,0.26958717085366996,0.29012125173034964,,-0.6825054075201664,0.49368976243924745,0.42363880914323004,,0.2245021091097983,0.40758593860540404,0.5548179722692426,,1.7586788616335296,0.6897549718136414,0.697014560115449,
2023-12-11,4.23805438728912,-0.5831234710689692,0.20308005739427148,-0.3941800239264532,-0.28680931827396255,,-0.41534492444275184,0.04392944645386516,-0.06799120267932787,,0.4142107359317757,0.15588214532543,0.14734906729910877,,0.9144196844506949,0.16989290105429558,0.3159541520770713,,1.0160074429299741,0.3801355247876348,0.41399023872485974,,0.7693407910880066,0.754259387714621,0.7342932130296551,,0.06111469890704635,0.6808340720611239,0.5936119515164433,,-1.3388577581017542,-0.21536709095979267,-0.2774068901810677,,-1.5987693057386945,-0.28399585792927107,-0.05713301682042559,,-1.1674436337678715,0.059784827867323725,-0.023344778412895142,,0.7203632361673278,0.2733580630767034,0.285717277001361,,1.923872376273696,0.4860806258562558,0.40678694963931594,,0.2435826927302911,0.4089368390020307,0.5657800304572281,,0.034233875754112075,0.6998753611252634,0.6916075815353363,
2023-12-12,4.2053781587801,-3.2676228509020078,0.8407909896353631,-0.39624136328769766,-0.2721993314911399,,-1.0340655509283327,0.05186335813297043,-0.06700391599992139,,-0.4097158284900033,0.15525966794578053,0.13594190305172832,,-0.5475420811841056,0.16666574217879096,0.3097425730562101,,0.11685623238930243,0.37104217122517963,0.39158656703352074,,0.7591125533900607,0.7410007729044081,0.7154167973157197,,0.2809665193402977,0.6691803359686959,0.5959456656513379,,0.08335788625331197,-0.21056654404683195,-0.28130029967472786,,-2.313192348040909,-0.25666526126814443,-0.06433304851274362,,-1.0061881719276928,0.03957094603392979,-0.003961597294964986,,-0.7616877489479037,0.29833675373771523,0.31647574418059715,,-0.34088705624541793,0.5430914648770592,0.39175598046474464,,0.8198677428658889,0.3920342827261933,0.5410578310101004,,1.249074779630751,0.6788023478705237,0.6746299552376626,
2023-12-13,4.03241801901424,-17.296013976586,0.10040509042422308,-0.2884924231851423,-0.1819082674678664,,-0.2365262763697924,0.18189063365359612,0.011074287735687704,,-1.975998246514079,0.23656447191652227,0.20896354201833628,,-1.7936388344922243,0.19568263043280007,0.3667200868152431,,-2.298396528445376,0.4376482815556003,0.47158225287164823,,-5.103874806923693,0.7458865330290392,0.7403400771543179,,-4.528705467919187,0.674506623981027,0.6234277670090788,,-0.376388154317727,-0.07127213291069956,-0.1856085649067955,,-1.8025388907626247,0.06771147178114396,-0.02326402545968682,,-1.941574072861088,0.12052272471533233,0.10699525308634873,,-1.1810157254871045,0.2012655425586631,0.35569978540394537,,-2.2217785389814395,0.48253824870336626,0.44730642961140704,,-4.06712340750063,0.4151995368248659,0.5699659332605366,,-5.187180674023274,0.6829288342029308,0.6821140146202749,
2023-12-14,3.92915405924601,-10.326395976822988,-0.28077013788755156,-0.34601230026998664,-0.1646746718926056,,-2.3941553101420414,0.3004915450148008,0.05388555715104924,,-0.5912674906091231,0.314130625041423,0.1847881478935005,,-1.0428307874832958,0.14979847995118625,0.3645880961357087,,-3.3600939415142754,0.37141474038817107,0.47537748172161304,,-2.8914079723464,0.7214203215306503,0.7409309541204729,,-0.28080230481164836,0.5833066904081028,0.6001245955617835,,-5.939060490996564,-0.07057978640674005,-0.08106342401729795,,0.07193906633482872,0.14043033254842435,-0.018123506192048312,,-0.8582745747993535,0.26104471505584764,0.07649609430860314,,-2.467703768131296,0.17987536484136352,0.36091131713986374,,-2.2170832025156155,0.3944765658986839,0.464230901760864,,-2.553015541853153,0.43542152180405036,0.5681309175213499,,2.0592136577271685,0.5058564906257477,0.6244152818978316,
2023-12-15,3.92687989161524,-0.2274167630770041,0.2216628069307216,-0.2873120419568308,-0.10433144655877208,-0.23391871292074484,2.486337635809151,0.3213839248813522,0.1347924936467223,0.04446646099139308,0.8690734673999998,0.3336222208152864,0.1480248396448912,0.3377298408930823,0.08894053206240038,0.15756664016915686,0.3265408874883065,0.49734767872962804,1.1016700088506877,0.36567390169381203,0.44773459058945675,0.5111014149619297,0.5205739761480963,0.719143631652585,0.7297865638119737,0.7221380883944335,1.105432538508845,0.5627414023183098,0.5936571766790766,0.6418798956106627,0.567557001425536,0.0043067791987454855,-0.05078025968821562,-0.10384095656318905,1.2731883767639358,0.1636760753194365,-0.0010311353260793825,0.0003041521713148586,2.237501235636448,0.2946115206217657,0.057904004780753894,0.14305395035553065,1.1155563112604159,0.2118851763843486,0.3317015875727638,0.42236444161770426,1.28333962695976,0.37022829343741737,0.4462248082135428,0.5004259317122041,0.2883990847046274,0.4181163194588966,0.5517660883549207,0.5770544127709861,1.6967758050472894,0.4799114963973966,0.615446591698528,0.7102324641702032
2023-12-18,3.95479525206531,2.7915360450069926,1.2523980528947103,-0.19741151339341723,-0.10042795616970464,-0.22688115854420815,0.343007259839357,0.36284151426094613,0.14064602675875973,0.04527000489703733,0.7957359051836319,0.3998405564406684,0.17465318975877714,0.3428890835118423,1.5695956977736834,0.23451493277747043,0.3888319956216928,0.4986998581694496,1.6077645491914048,0.40445561850087264,0.4781240234277137,0.5116878003497297,0.26131432080142725,0.7353618861268578,0.7568221222292835,0.7240267815573866,-0.5491859823972833,0.5881592774692935,0.6150014577678758,0.6394620881924701,1.2873193708464732,0.0823331017769794,-0.04376427318770772,-0.09912452814541771,-0.2398422300078944,0.14703420228476835,-0.013164239500003864,-0.0035392987906304216,1.7161774110279042,0.3395132585331771,0.0967708713379138,0.15271837280931597,2.0202198829932865,0.27394298482038776,0.36100099594634655,0.4240990124345583,1.2002736731016383,0.42440368521782323,0.4710654941482395,0.5035478247566345,-0.3298951484730528,0.44983294215154357,0.5871329017883876,0.5771640250876532,1.0034356175487107,0.5390895888716044,0.6272557372988115,0.7118435374586378
2023-12-19,3.92100577587592,-3.3789476189389767,-0.19837076457024158,-0.19421115873817626,-0.0964013123481781,-0.18388323765097195,-0.8236108670230935,0.36277141088618314,0.1415876261826902,0.10453642190413007,0.7187721076691991,0.3869078063212311,0.18855010641310405,0.34319042060923294,0.5987009583649929,0.22792606330428694,0.42581215213886336,0.4690997806779301,-0.42779892413909537,0.40597514439929644,0.5537453015751552,0.5109228778439477,-0.872610838493391,0.737046355837746,0.7854431178498368,0.7153839550764607,1.1051871190802567,0.5690054913621374,0.6245762590632723,0.6072695551372453,-0.29191266539298877,0.08258976240472708,-0.040978625362285505,-0.07317372496185724,-0.1903169720079968,0.15379010230307402,-0.01915429545697726,0.05245519492863001,-0.3332135026713472,0.3400475889879914,0.10247804248373761,0.15645192787778822,0.317642251404064,0.26837975067999015,0.39101047390077903,0.3976606028896133,-1.5567926649517982,0.4376103032142983,0.5000233053263936,0.4928625686388527,0.10114689794517107,0.45452969619734473,0.5864721114027072,0.5675192421062409,2.9429799066394016,0.4920880648130527,0.6234668333750488,0.6743350251671285
2023-12-20,3.8761462608201,-4.485951505581998,-1.9586330417774076,-0.13508781634247685,-0.07244987531344928,-0.16153164422281627,-1.227398530545949,0.3616464397917209,0.1508140476495639,0.1308619207131479,-2.4764899843797696,0.36717792573494856,0.18930511331843686,0.3555180504147656,-1.3208300656175456,0.23258690213237523,0.42997499859591015,0.4706865287466524,-0.42842305263026237,0.40208778291856334,0.5621904517154814,0.5153358557099079,-0.032316030614582214,0.7264983997448424,0.7919566892961601,0.7200320792916947,-0.3786531225138723,0.5694105647893429,0.636988868532835,0.6123029684718974,-2.889761911512288,0.11888254171553471,-0.023803094965481147,-0.056934126623827866,-3.3424782414095686,0.15179231671627194,0.013398646070747491,0.0801841615853676,-1.4473838943525086,0.3389565703584179,0.10195535661657723,0.16602677915166747,-2.244485983206211,0.26572399449264406,0.4004171268717964,0.397923735911871,-0.31424019521318414,0.42877785328068685,0.49686880363802516,0.4978471891567995,1.0314221291746657,0.43313506047443645,0.6144201299168882,0.5764409860997411,0.011406403276422505,0.49640264122610195,0.6305735889994007,0.6732668449123271
2023-12-21,3.89275199360404,1.6605732783939953,-0.30508766545811206,-0.16991721932197223,-0.11833642756067073,-0.19060799808946075,-1.870491468156672,0.29352353940400994,0.09851072197632148,0.08500518990202423,-0.9439234375789125,0.33671217571241424,0.18188598981673926,0.3309724033329423,-2.219232620428198,0.16808015304493693,0.36818778500010446,0.42292475500405374,-2.022273307112697,0.3504956669760056,0.5001403731369368,0.4813567573048047,-0.23810456792723583,0.7292235667653734,0.7890098167310131,0.7112664970353308,-0.059478702431072644,0.5687055703490134,0.6437126269115271,0.6023437038538718,0.2591245849377275,0.11637110307700195,-0.05222948204602827,-0.08475267104685297,-1.3868326196507201,0.11523581864404703,-0.045111344467576246,0.05909789361122351,0.3929493064576324,0.3398934737088756,0.1713199411561421,0.15620035351791842,-3.0626213128269475,0.18982729152243097,0.3134212699555656,0.3628694224645245,-2.5570865735366213,0.3651322838015564,0.45986131755463133,0.47538738329390035,0.25182288049328705,0.4484628519116782,0.5946333122045123,0.5596331618713464,-0.887685259732352,0.4708755230894852,0.6304010722227448,0.6587450174450558
2023-12-22,3.90710743721508,1.435544361104002,-0.8641085754980162,-0.20554909078458858,-0.12177622095282464,-0.19355911649650862,-1.215320187996352,0.26105406476016907,0.10983147295571771,0.08669490603394744,-0.5828069321037761,0.2712671724120398,0.1579415749716865,0.326435792051036,-0.2249890764696003,0.11406563228191874,0.33891422279399924,0.41995185565334003,-1.5928640833796992,0.2695468991349647,0.47341802599577726,0.46726601874335755,0.15488872314805135,0.725589528358351,0.7902610959768352,0.7110997441542248,0.013873276265920165,0.5964257519236031,0.6472652084658467,0.6016569733722799,-1.1098020639249597,0.10416076298167809,-0.04941320239943177,-0.08629835438522675,-0.83307621474016,0.10253846418785652,-0.039354497845210015,0.06259574539758658,-0.8651957723003836,0.25149382781408564,0.1607369656946309,0.15936985635718728,-0.9745896241965766,0.15318350139085454,0.2783241435376811,0.3566540299262982,-0.9807846568621952,0.298828705916089,0.448441406963325,0.4710070502728678,1.4544789983950595,0.4376952745106899,0.5933714053383551,0.5582821012098412,-0.7913773527573666,0.4903245292742598,0.6347307591239894,0.6553267071289651
2023-12-26,3.88458137704368,-2.252606017139991,-0.2957450189585952,-0.19127159365948676,-0.14784067581865828,-0.18187230519798875,-0.1710209042711872,0.2902802008460522,0.10033113101955665,0.08212461890538403,-0.4857899449559011,0.3098651885573832,0.1506147183557325,0.3295155473004438,-0.5512560976146332,0.1361718423353115,0.3355273251510358,0.41703810318870876,0.5432382063095063,0.3080472042769823,0.4674943262134489,0.4701981659881179,-0.03209869964656448,0.7528876778842849,0.7928910035866468,0.7088948584057174,0.36825406336998306,0.6439729093548701,0.6498676491885471,0.5923019881929571,-0.11690690632296963,0.10648983128229923,-0.06136089417065449,-0.0750713822194632,-0.11058252939172347,0.13274512030562616,-0.0442559913429412,0.05840689221982385,0.543338936792978,0.38411060269076974,0.1550006365107897,0.16520998030554435,-1.3551880516113055,0.15094926569179376,0.27344682234218365,0.35106492367557524,0.2863356290461123,0.3199541311182861,0.445631077657714,0.46271486157695874,-0.06125394499038175,0.44088159288388024,0.5937705621961934,0.5621720659004014,-0.38785833197877695,0.5154217094090658,0.6361506103327457,0.6528265441703817
2023-12-27,3.78795310842675,-9.662826861692997,-0.411838982582176,-0.21350684187514207,-0.15341628554790393,-0.17605239698255049,-1.0619429056713408,0.30108124106869405,0.1177579088985923,0.09642057517503903,-1.0609896472855744,0.36061864391827864,0.16807219660504552,0.3412085189825327,-0.5957957916329442,0.18612336966993348,0.3265073027004111,0.4241165558921465,-0.7761145827446942,0.32676328584685876,0.4693202261812734,0.47616453511090884,-0.7476494709502755,0.7327347471336649,0.7832877273825242,0.7178493457282378,-0.6228023027632288,0.6356579066730115,0.6653315177125916,0.595203653834845,-1.0321343039759072,0.12137279440389481,-0.06634922340579935,-0.06836709025937175,-1.7840949055469792,0.16532478844641496,-0.014044078106960782,0.08042889056415957,-1.1225386965509951,0.3997577576060122,0.18350673996507677,0.17795397945000124,-1.7478947031419074,0.2090858067060963,0.2800127415709068,0.3656381528490336,0.6303532286261699,0.24621496097147275,0.42135923511855494,0.451183697563793,-0.015032537957872183,0.42179253285458074,0.5701061589314808,0.5587559737038073,-1.4632280324127453,0.5379641851956326,0.6667434932972655,0.6615048323976194
2023-12-28,3.8489289731176,6.0975864690850035,-0.1901744856046208,-0.2519985022212351,-0.16094087738326968,-0.17734508207965344,0.4338794463165856,0.3641608795274836,0.12274223910588823,0.1107067478687863,-0.38604674564403507,0.40929664931759796,0.15981088831701573,0.344748835652035,0.47171327496058235,0.23890825074020935,0.33965617886379745,0.4381848379222577,0.803770549996768,0.3619633271769544,0.4850536336714614,0.4847055533573828,0.4817499761316695,0.7349781334082703,0.789272278115734,0.7239822359947604,0.9420116663538954,0.6472801705729252,0.6832021146500583,0.6025684317341692,0.16512565611703356,0.16703363956663733,-0.062099757125186235,-0.06387399267536872,0.4623689317110975,0.19966546286111833,-0.015780832851309788,0.08856623090897758,0.8065160448888928,0.48041907967503783,0.20541952509654196,0.1918483859800969,0.7092809995851312,0.2655716136898705,0.29381123677938387,0.38083687779906117,-0.5419754797810672,0.23040890327215408,0.41286708421174884,0.4448781624302459,1.250051506520899,0.4410677045764363,0.5825405133787288,0.566902882596735,0.8696863774507008,0.5411651791789133,0.6800662511697295,0.6646677385973434
2023-12-29,3.85948694112431,1.0557968006709828,-0.6969995479428479,-0.20756094516134202,-0.1972064274936787,-0.18965172511405035,-0.5376922394124226,0.30756182023345763,0.12480579650750759,0.11551519244518475,-0.5245138375803808,0.3474336702470554,0.1615153221827835,0.3203120908616489,0.16519809246589778,0.2641582407410473,0.3420638675878315,0.42212758486688573,-1.122231081995584,0.4170191100412382,0.46479416822588304,0.47169011213455075,-0.38152041826021754,0.8605257726728051,0.7852810885159853,0.7309111925826398,-0.5619765307969047,0.8011665132032906,0.6749229401099411,0.5897375490562384,0.36083006058313627,0.11596617474493384,-0.06773912793233847,-0.057260974270919474,-1.0005724552925792,0.1729959048399845,-0.021000070548332368,0.10515401626844814,-0.500318090320349,0.43426800050571285,0.21660358341012179,0.17142600578101297,0.9101417624121924,0.2957744531900561,0.2974652741802787,0.36906589442523263,-1.4035026698210915,0.29277847196294604,0.40733785261145855,0.4461591673284219,-0.321463627023987,0.7204990620836894,0.5769246142250651,0.5787371792917421,-0.07630242327842574,0.5933746687056591,0.6735656933265444,0.6519057373765796
2024-01-02,3.94347033597003,8.398339484572004,1.1691984303812797,-0.07258773216866866,-0.10585007407135627,-0.18172900741160586,1.4221525678740798,0.3365430053681645,0.18933012624786139,0.10188871555814784,-0.08592280653635243,0.36628731492191474,0.2744069158768655,0.2826575865495383,-0.1716934039313598,0.17346012632212232,0.33378021333765295,0.3836077698941074,2.193645733366592,0.5208220931390863,0.500046421806881,0.4672002777457015,0.9740846767104001,0.8591173551373312,0.7878593481162894,0.7256834804796202,2.1472805500814847,0.8070887903331975,0.6968543029205605,0.6073208684951863,3.8103520335737597,0.2790818306636358,0.04275978223946167,-0.05147313591592579,0.12514625243302469,0.15876096464963566,-0.02006107885430291,0.09921601925278559,-0.20136086606387238,0.448860412271489,0.2824730158452769,0.1524497079840471,-0.19624459279913609,0.2819966415035913,0.31752264150619425,0.33541251696281926,2.7053925162594497,0.3955654178959061,0.4660031369823113,0.43534561680239553,-0.1744976936550655,0.6476493645929596,0.552984116486465,0.5592995708664503,1.7022385008798175,0.5978724070415212,0.6652813897323717,0.6558709845538219
2024-01-03,3.9058566177203,-3.7613718249730255,0.6438837281453726,-0.04545993126486718,-0.1315937507815921,-0.19124147492042284,-0.9868340644690146,0.3014048557372908,0.21670007812487646,0.09291270380379102,1.1467429708745633,0.27395643131551944,0.27070331983437657,0.25908207501095704,1.0334178417384225,0.11064735672693718,0.31895986253532577,0.37021421736705584,0.33779696257432645,0.4993777583731465,0.4897636981969192,0.4608853464347711,0.8704578117560566,0.8235381311135922,0.7661529335499617,0.7159133515175897,-0.09313897093991902,0.7945082269989722,0.6874806135426885,0.6059520894579099,5.131433818235853,0.21101134554722567,0.022521033601104436,-0.06817587208556014,-0.55906214736968,0.07730570700231752,-0.013540701188741393,0.09733737426438994,2.361670247849715,0.3679898252287907,0.26567530832493214,0.12300913459270804,1.3947557584317183,0.18461388400283366,0.3302105725453493,0.3257812589995341,-0.0074799204155968635,0.41001792366698026,0.44854658648259427,0.4367873580865397,0.9312289522921536,0.612003460851876,0.5207302267712461,0.5473356916720056,-0.5846662915997984,0.5833083554908549,0.6503856141533472,0.6548918632748144
2024-01-04,3.99026214857372,8.440553085342017,0.14601785352323127,0.10071678639553708,-0.05389599603945664,-0.193605651028679,1.8765045228913602,0.5046612704912081,0.24069819776620116,0.12845810104870617,1.5590342402430912,0.36589671646141153,0.34397146806048773,0.2862315475813989,1.0339202392243778,0.19660582845849936,0.3688986423447803,0.3848435821968978,0.39718571713889905,0.49619587123496744,0.530652599499535,0.46342608086840503,0.9276861064552999,0.8060706685034051,0.7804708689526245,0.7236502393296588,0.6954225488782042,0.7602427091473882,0.6766238976245715,0.6156133152375595,-2.322473375851328,0.21515982938200823,0.029532564626858288,-0.09375872631778667,3.9064147237453692,0.4782761555423948,0.07097961435407943,0.14657137670215425,0.7826206339010657,0.39067216086794104,0.2968514609329797,0.1324984375451935,1.6247282460579908,0.2330199111412645,0.4181749982093228,0.3434552430347162,0.8292351176691772,0.363353938158067,0.46950897212347537,0.444550232474575,-0.6203348520668064,0.5019199234743602,0.5124036900084993,0.5366919668403007,1.3088678747783615,0.5509041595624997,0.6298993529509701,0.6617077831659379
2024-01-05,4.04099005980185,5.072791122813047,-0.75899945733984,0.11021149452394752,-0.05033442639289652,-0.19925098783878994,-1.24896593878512,0.4752818097197253,0.21091128315179483,0.12303420671039214,-0.682346109717888,0.3248892114447895,0.31094054568252455,0.2725430414625343,-0.2112211419788803,0.18533542350103568,0.36038924789492965,0.38084050932711505,-1.774757611383328,0.4220651095057549,0.47718599455774396,0.44363563900771713,-0.9047058103912962,0.7631441493996083,0.7667544807900847,0.7185202730493526,-0.26771611966774334,0.7451169407498831,0.6808194253879378,0.6127187608850274,0.5295223395994881,0.24641373306302836,0.056700996450467646,-0.09388344336660859,-0.9093001297482566,0.511183025288006,0.03982793129407947,0.1430653213405168,0.9515503862331514,0.3962316527143127,0.29364277457099375,0.13851305352288684,-0.6643428877984956,0.20588769762724884,0.40247188733696954,0.33671800444929606,-1.114976951057888,0.3419425798934073,0.4423741564265409,0.4399975824884175,-0.6279450114352638,0.4883143411119183,0.5145236812299413,0.5447770034495459,-1.0746315616936322,0.5130796074440443,0.6172757654665508,0.6527567872861719
2024-01-08,4.00111728753722,-3.987277226463082,-1.3875210514188288,0.1417038655864303,-0.02060857226256254,-0.1761070485806998,0.13770894666335964,0.47356913234228337,0.21734356705489025,0.12418996894831147,-0.4101506701287456,0.3372357052108679,0.3224522749873324,0.27458348662229604,-1.2902366339743294,0.21447974499008282,0.36436373477553513,0.3860113718175236,-0.7056213072183232,0.4272282982961039,0.4738105785704231,0.45673023921588374,-1.4589721322159008,0.769583555724168,0.7651358183602618,0.7253036558538056,-0.6565680634965408,0.7509523744859475,0.6776120425260347,0.6165874070764001,-1.0136592400574078,0.25233582341763977,0.0677579065447808,-0.08131034710706526,0.5276444873742405,0.5115282770877437,0.039052371282706194,0.1328742591470757,-1.36477099518553,0.41740036590552837,0.29905456190311197,0.1544145620792571,-0.36903609655513936,0.21096136277788036,0.4113888911582046,0.34869298921413655,-1.3924696196477695,0.3764606913253373,0.441769291560316,0.4469170323681725,-1.6252765503546143,0.526876430072212,0.5086886696314921,0.547720049037754,-0.30010814690451204,0.5201663209902987,0.6110491269579577,0.6499197839809472
2024-01-09,4.01613446013593,1.5017172598710715,0.038660525309247795,0.20325052737794508,-0.17174816804344126,-0.19055980308853102,0.14353097117747193,0.45109928855872133,0.23704654012854354,0.10845443861039342,0.5568223604557443,0.4921084529810704,0.3096968620845392,0.2562304387983777,1.2454831912372066,0.49939386091436555,0.3172811397310359,0.3633279062329268,0.584985965946544,0.5447183399594357,0.45050399964597876,0.4364462332910979,0.3533111749960032,0.7606046813104329,0.7594072610950091,0.733259155617774,0.400687962083248,0.7228537511327287,0.6926928986100542,0.6178310018136156,1.1163851392398403,0.34162625527996243,0.04886215843603941,-0.062226942182754534,1.2809622921023678,0.48425317535928186,0.04470834166065874,0.11355584590688118,0.6698819689961919,0.5183142763717302,0.26152539026367216,0.13517939373501384,1.8227473747108323,0.4589888414349771,0.35591501614320087,0.33345938883153486,0.932462899126064,0.4495795150029444,0.47946896010630036,0.42821596631910036,-0.13428484157393927,0.5450968547743349,0.45881689869968173,0.5509006541272403,0.6795871475678998,0.4902439743705759,0.6112123142243072,0.644566458522426
2024-01-10,4.02928404004939,1.3149579913459775,0.4910558630887744,0.21384904173287955,-0.16279519177336077,-0.1898600699460257,0.01243273932081601,0.4543355439068122,0.23601432128293962,0.10839746749705503,1.2958383642747744,0.4939081429306413,0.3150960626378758,0.24908517486310203,-0.25182112599704,0.5061635989677428,0.3159817593487358,0.3638714058310565,0.19106880881493105,0.5568471001415616,0.45348705687629703,0.4457279024974355,0.01346909944968333,0.770119765959115,0.7604099330705167,0.7397327179112312,-0.15564471986032324,0.7182781419651275,0.6933477990810605,0.6186787640663335,0.6514725119228192,0.35095151118993956,0.055452041509269204,-0.06488629802342209,0.011232204031145665,0.4980747978654446,0.041655997105073915,0.1098958952046567,1.0540043458375201,0.5403736304385858,0.2694914771556249,0.12950078651084743,-0.8498288883519969,0.45005695744849294,0.3559379934565748,0.32829654498522054,1.3175688484349437,0.4767524293702219,0.4830938248952583,0.4232699373946037,-0.7745335815532224,0.5328782793670876,0.457352828276551,0.5571594086379932,-1.444927908214835,0.46105928106829724,0.6033017488704769,0.6334174677202662
2024-01-11,3.97432235611871,-5.496168393068013,1.09018973413328,0.1751109990261445,-0.17722493593306043,-0.18275020828935237,-0.7869289114814713,0.4563901698497269,0.24183336653455395,0.10841634605013052,0.2876663774105275,0.4682159904781603,0.30540240806467034,0.23577392157611624,0.4384810075530883,0.47057074104811625,0.3021728881928941,0.3513201039027506,-1.0711094306320321,0.573812686095066,0.45767809545657767,0.4368274606708875,0.008096404284128056,0.7785021452770116,0.7564425009998264,0.7291978569086468,-0.9033829464157117,0.7333193151696499,0.6941012061594575,0.6277806184639838,1.3098539210815838,0.32447922265501206,0.04866978123080997,-0.07201869855927776,0.18910635566928002,0.48067794269483877,0.036792695169799126,0.09312956012575156,0.9593269708164156,0.5011158245475742,0.253840889735811,0.13382375237720215,0.6091426936959046,0.416582607978286,0.3547001630931147,0.34204868499479724,-0.11412579774640008,0.46741867905373474,0.5159274591359275,0.41039874024177014,-0.12212547787958439,0.5485953964486099,0.4518228027654029,0.5413657687614738,-2.820796471367408,0.5011286009010124,0.6060859597987667,0.6300741365956434
2024-01-12,3.94931464156287,-2.5007714555839833,1.7745560428015041,0.18754525857476093,-0.11185669898026003,-0.12058052794140396,0.8104453032625276,0.5390273351130159,0.32048831472559036,0.14169192333540231,-0.6002721128845758,0.31828913529020963,0.2730579690105264,0.22753598474068631,-1.3934037231457284,0.34361225604767953,0.26238883983775885,0.3583257739800027,-1.60367147059456,0.509372789205381,0.44504404240444967,0.4522048622834389,-2.9170416877861727,0.5720597636151449,0.6986069654295302,0.7129693356547786,-1.2340771576508769,0.5353402785645939,0.6401940226089822,0.6150272071102245,0.4243278075639685,0.36747786419302186,0.12141242233170892,-0.018645500415580853,2.4998713571761915,0.35241250245696526,0.17377531080856523,0.06425078485751622,-0.8269157308787838,0.36391514148365983,0.23147667629817123,0.16701690562054944,-1.6291026521189114,0.420279943521479,0.29551556308089655,0.3591624633598816,-2.098444772385066,0.3705823752217667,0.4458274652572703,0.4291912391044311,-3.8346535730578912,0.2428345473268762,0.37431370185549284,0.519779867635872,0.42789375240186567,0.1910504080053633,0.542417956826746,0.6052002851250577
2024-01-16,4.06475469209608,11.54400505332096,1.014113053119936,0.2672533386893045,-0.0954805249229465,-0.09166379326648012,0.6718894646377604,0.45255460109073975,0.36021560461875735,0.1435598214200602,1.4844443170592636,0.4053459906712043,0.3694432649358221,0.24438163629547174,0.19194986551782378,0.2784869673495142,0.2473307593071981,0.3493649385537308,0.8801047213574913,0.40971086207178525,0.41823073688495505,0.4560113895649462,1.9849893189610817,0.5615023838633351,0.698935005641609,0.7215070222412694,1.225323749049056,0.6074781841491422,0.6249353042967205,0.6192637590704353,0.7556881404610882,0.13951548161255742,0.06852147550060289,-0.009775312089427921,0.5462257064548801,0.38765458929881197,0.22203264908833165,0.07286473083740802,1.8089069393047454,0.39121179196431305,0.36056269431389887,0.17413725208998274,0.8615697239315137,0.34990995143135645,0.29548337599674784,0.35818400572764514,0.44062342361338236,0.27951874470067034,0.3938772536152205,0.4336828837663239,1.6661493695048695,0.2181445888699368,0.41295020709601055,0.5274698873718868,1.9668976750792808,0.47521743739795197,0.5251334887301748,0.6114155725164924
2024-01-17,4.10282841838417,3.8073726288089915,0.2352575028436803,0.27326459882507936,-0.004390307284951407,-0.046805138441252524,0.45219034947936,0.5667717987921393,0.3862935628228312,0.1925024404715993,0.7544948730641918,0.4335391278445998,0.3857013139990154,0.2295311666231553,1.4769658575215674,0.3049692702459769,0.2629943550351755,0.33389011731448187,1.1042089775224646,0.44804786086590015,0.42210379562396894,0.44517227751122135,1.2594382070144956,0.580438434492547,0.6979096870103694,0.716691705756293,0.8481465542637152,0.6498331291260114,0.6129960698529318,0.6221271530177213,-2.057277159923008,0.09668066487952925,0.0944662918280629,-0.0028515263588422654,0.5118079534864641,0.40889483292630624,0.23828093438416156,0.08306335104058415,1.928151961548128,0.4525427917644273,0.3892904045743808,0.17320172026583344,2.1119639806423685,0.3839301518428427,0.3215480455524404,0.3482953293344773,1.5204980894128797,0.320605385889217,0.3855568151081307,0.42813218923657126,1.5070270629800897,0.24750546210499946,0.4011978620504797,0.5209904414871067,-0.609206823976739,0.482409793290456,0.48836043332122936,0.6019342302459156
2024-01-18,4.1429769139244,4.014849554023048,-0.6829459151561639,0.2338434943004135,-0.018036937185566287,-0.06601679918650853,1.0196232829955718,0.5729654364045914,0.4087737590812909,0.20700330180989474,0.33376168392264627,0.432352424404512,0.40383038196970533,0.24409242508825302,0.43351785025111056,0.3067484870844604,0.28240983703948946,0.37766510277308823,0.5820275597206688,0.460171557422632,0.43322104768899056,0.46781776753200904,0.08805427881624972,0.5763741135634278,0.7040505524458014,0.7369418915742317,0.2435080708885855,0.6764831002183921,0.6353931105148365,0.6435189530059748,0.6658441609987935,0.09349294969892741,0.11486895571242074,-0.0035491542120643896,-0.5285968823920767,0.39822201036847915,0.22932184480217593,0.07207627172246324,0.3419461057474463,0.44570644968134,0.3950548936282973,0.19234234445742124,0.9038330501905889,0.39166530039197744,0.3375416485420845,0.36764933919474274,0.49692807812754247,0.32126361668342956,0.40257183984915457,0.44592120045715233,-1.286186247047869,0.21517467017222375,0.3996259120966357,0.5398423369745723,-0.2209751763170944,0.4679796181585852,0.503103567215112,0.6065554070256336
2024-01-19,4.14464620195392,0.1669288029519933,-0.24764225166759046,0.23284580713692177,-0.021657783380358453,-0.06307933671701228,-0.23722554077898172,0.5607098323067281,0.4083025242672758,0.20782597883408055,-1.2789207542387655,0.47267984942440383,0.3937815652480785,0.2523787978370078,0.2101812575569505,0.3429466736305079,0.2914825057155046,0.4127572000733856,0.24564255681295355,0.45415183106121415,0.4375686052723196,0.5265451556680779,0.4255364507408512,0.5546496389566351,0.7045124991745074,0.7583641054576811,0.916129001481664,0.7398798957199998,0.6376731968943088,0.6597289984313163,-0.3741508585989568,0.08590817572581265,0.1134774784410042,-0.0027476313868326284,-2.7160810073670207,0.3876243029406576,0.21263668113000217,0.059852025057499245,-0.2506669629344287,0.4335415358079308,0.3938908370867325,0.19513540936342683,0.39615748758418556,0.40743916657360246,0.34043706713010446,0.3946013992284342,-0.014560427615708749,0.2876668965111566,0.41449343781650755,0.470535639259073,0.3973710075995103,0.2207373719603141,0.41057977845908233,0.5408665725737293,-0.2892892375237248,0.6758728817671712,0.5028240436800264,0.6247066064771571
2024-01-22,4.0927960986321,-5.185010332182038,1.4939742783016032,0.013883977702704213,-0.04929492257963955,-0.07050702477377431,0.3528581332962526,0.48142333172158003,0.3990754097258907,0.205571404270618,-0.38689601989029754,0.4260389908778059,0.39662776196043315,0.25413785233762376,-1.0312077296803936,0.33689026059186616,0.3007227134998384,0.418533602758982,-0.7215135979057887,0.4659673541362951,0.4402468616004846,0.5325197185951939,-0.28877657087551967,0.5646060619960759,0.7015481349498066,0.7641138195792149,-0.09718669666505608,0.7237100516988081,0.6344792031441993,0.6676078524224627,1.0619848306390143,-0.03600507737423684,0.10677430970044983,-0.004801367950931256,1.980340671078445,0.21270808016913112,0.18777718344599234,0.054327236841637414,-1.8253708884967905,0.44828026519907843,0.40601414616647735,0.20333824225931366,-1.3963913320985566,0.3935133404600502,0.35144088140937263,0.4038031757931993,-0.29528992381187225,0.28591967690844633,0.4108019206744983,0.468433742615529,-0.14027207853142398,0.27483075289458386,0.4062996888498541,0.5658938462912834,-0.02747683244934418,0.6717523429471092,0.49988039772436815,0.6273894693542036
2024-01-23,4.14063552874343,4.783943011133029,0.3067478475708896,0.02357609123600131,-0.04549492149866124,-0.09789452120869338,1.86599376220534,0.5577663451358982,0.4174559131113571,0.2128462679452112,-0.7806844796467127,0.39873507707915123,0.38588400836267883,0.24859677933915927,1.3544379839792449,0.4386964610566646,0.32008238761441904,0.41902409914249555,0.3949048976535967,0.5216425988791238,0.4485099421794989,0.520171942344476,0.40898790381949457,0.5708466783108401,0.7052473187699438,0.76380204660402,-0.0179908781863809,0.709460846513041,0.6329315763134911,0.6735798581391886,-0.3694130780597597,-0.05048937098913054,0.09997557190008334,-0.026377657243602255,1.3221654805115777,0.24502791696405032,0.20190854204517775,0.03884827065799713,-1.1742522076728066,0.38327562126852316,0.37872175423049537,0.23524780133215964,1.5271675493471872,0.4906482749285392,0.3681263018790522,0.38587779321876886,1.5811634026438206,0.3607527601119732,0.4268336839421374,0.4723130222545841,-1.2427654125833758,0.23566409422381912,0.3919506914249189,0.5383543796904099,0.5152290076188,0.6887121893637952,0.504615402219195,0.6312409970546283
2024-01-24,4.17713491431995,3.6499385576520105,-0.8753563643226754,-0.0019647237513734836,-0.0614575240163402,-0.10125668819546191,0.7274877558412547,0.5998344808013704,0.42931367720775193,0.24442690692145952,0.8113808464197183,0.41504832193346675,0.3769144446307204,0.24255542651840084,0.47824687137797117,0.44651710896265756,0.3109088983312139,0.3983366118412299,0.6989563229147747,0.5642476867805606,0.4426938446528728,0.5195484372339905,0.1104976432941677,0.5691079015644308,0.7037455352155414,0.7623239067355126,0.26461229490289434,0.7093887108501069,0.6520388660540726,0.6747644529060901,-1.554313054843502,-0.07327289811968629,0.08987665288406178,-0.02926552580960516,0.15832673026858557,0.2466519677297696,0.20788114728978926,0.05056448077369202,2.179777808563226,0.40220273693271685,0.36712272433290455,0.24764424979401417,-0.5968374538324995,0.4811660885891593,0.36076096363894733,0.35731606281409484,0.22670243611302654,0.37060887763619155,0.41504715483360655,0.4666394743906966,0.06693627296873439,0.24904908585862337,0.38054220512725684,0.5345144752225818,0.7890066431425722,0.6996549831824138,0.5253826948665733,0.6410857254341937
2024-01-25,4.13085928962617,-4.627562469377988,-1.736262320191968,0.0925805730040152,-0.02166237542976768,-0.09532203041500002,-0.8880245542431355,0.6211625094875549,0.45353912612731917,0.2515618717714402,-0.4527386011650245,0.4199879726827629,0.40164148229286695,0.24527874952181042,0.32407368652764834,0.4068494829256673,0.310802797237831,0.3925278949905808,-0.4410819879604162,0.5974216692661841,0.4669845620254025,0.5200794267171296,-1.184131868101824,0.6001689000644134,0.721686155027458,0.7672534416381115,-0.9590292873839616,0.747314552599465,0.6888996415983789,0.6829911471445106,-1.6645403504208636,-0.016542661290863955,0.09801679672377248,-0.025140066693558994,-1.754789799544,0.2962799632278881,0.2381540417816805,0.05914254146633561,-0.419030352828925,0.43054158942219173,0.4488097179687439,0.2494970072399549,0.7326050997055651,0.42394053547935057,0.339277583002365,0.3493476247504039,-2.0640597247781027,0.43475695996079144,0.43112447260418113,0.4696771160423053,-0.05646039326829766,0.2403994846635417,0.3755920640243815,0.5334081253589601,-0.82929536270416,0.7072438374044461,0.5523623497537233,0.6456233144697816
2024-01-26,4.15947285339532,2.8613563769149586,0.7513738589921952,0.0493695879864967,-0.041616195143798856,-0.09920874807138592,0.07625494374177916,0.5602802480006339,0.4417883577057911,0.25107257653951903,1.340852703284688,0.3274368177480986,0.42765292482566836,0.2558285269064032,0.07127912222697286,0.3480931925719421,0.3588506207467624,0.3896588111200113,-0.7546123674213983,0.5685810770850874,0.47535248877976566,0.515697026394592,-0.37006947228355214,0.593111672599218,0.7160082888001614,0.7647510259956847,0.027525594465088066,0.7497890716277471,0.6863273570545136,0.7000077175860986,-0.056578458895024,-0.11075475203998915,0.09246420555094802,-0.033972954454323336,-0.10336044457095556,0.18044863035236477,0.2295915574124995,0.05790806264269401,2.015003620399461,0.3555492390276278,0.44951676844382216,0.2664296591199394,-0.733022742989571,0.2695687284144143,0.3571902384778165,0.34169972670211374,0.12670116416241606,0.5457931933931602,0.42898393658738626,0.4723182142009158,-0.26532096424840645,0.2952183501200759,0.38034623001147827,0.5294377705605965,-0.49886177653712316,0.6692805902992964,0.5396881631899825,0.6634598125969032
2024-01-29,4.0902197203309,-6.925313306441971,-0.21542013047612152,0.09297932780704617,-0.05987226824270971,-0.09555449423636043,0.5595974230512383,0.4946645824365103,0.4500469776851063,0.24286229737633222,-0.43219353841397445,0.4030298037617384,0.4577693138808537,0.2589411518707038,-0.7209300243331007,0.3998201973433538,0.3612269560802891,0.3947122340225607,-0.9876302904025922,0.5795447249809712,0.4706399988386674,0.5212139666155747,-0.6960574639141885,0.5935321039985384,0.7052677485305621,0.7646815930589373,0.4849868069736032,0.6429083586263338,0.654748218130151,0.6924313844673203,0.01152366958960327,-0.08604064607025907,0.1092289185589803,-0.034102606290997275,1.316468150129289,0.10751426292924657,0.20993574353192193,0.04396881524417624,-0.5552727218585242,0.3858717954559388,0.4773435553867678,0.2747069160866977,-0.957676637920544,0.32833104058893203,0.35880378355060294,0.3479102980802801,-1.0748407294374207,0.6066129883534704,0.4208571710760481,0.4762235600199838,-0.6169406515100353,0.25284875569009185,0.3542869879333089,0.5269873469185022,-0.7012392843957755,0.6519556006087567,0.5409768695765146,0.66855720537633
2024-01-30,4.05569855601934,-3.4521164311559716,0.6221425197063715,0.07013786968572765,-0.03253135768969162,-0.12312992677544479,0.07470479929561602,0.5060959382338565,0.43299010781025876,0.24760955224486716,-0.4400904170027875,0.4296102946927381,0.444255963223785,0.2634227799276672,-1.4781825255662482,0.4380105580342068,0.38747528248532176,0.392576819136621,-0.9477547573621932,0.6123157976364169,0.5196219112238042,0.5129205042527385,-0.9833603945494912,0.6102716373258348,0.7807436616965269,0.7608822811975657,-1.056667767418608,0.670699449756016,0.7566990938102426,0.6868149421756751,-0.1614334122449823,-0.07242169926959598,0.08807570923384192,-0.04253704810216918,0.6265286464086177,0.09984352561555908,0.2045192134995538,0.04297235437667592,-0.4750598920472866,0.40945456836262095,0.4694124955202706,0.2890485828418441,-2.147307034102976,0.378531754791077,0.3852487678775528,0.34489100140195394,-0.8322858854838401,0.6391401268222462,0.4766634830537288,0.4781809621191049,-1.8707581364025312,0.29267361188129604,0.4908562979176164,0.521133750265695,1.3048923330549569,0.5611064724307755,0.5502879630151385,0.6527745213584262
2024-01-31,3.96431260724418,-9.138594877516049,1.3869027101754239,-0.12569855157479543,-0.08056535219074289,-0.10060195512641094,0.4473111698069441,0.3923868834131389,0.37183410745628015,0.2506761317159193,-0.9553146626177282,0.5397963036909015,0.44834765339748484,0.3582828228848683,-1.1118849217084639,0.5426977121146717,0.34328508948976544,0.39620226396284286,-1.254474284982864,0.5909800641427988,0.545590669451783,0.5202480945544101,-0.9445502074684585,0.5944796122608045,0.7681127887344698,0.7544565617339767,-0.22408051587268063,0.5971935051071516,0.7266434237784463,0.6809480236092156,1.4537137490154783,-0.31475448283803537,0.06053935414114423,-0.02847553643349079,0.4802689839475871,0.10979654900708728,0.16368523200954987,0.033249973425750104,-0.551034503703971,0.4980282537913621,0.47531915530067315,0.3502866642502672,0.1946123365121406,0.38365181395854425,0.340275180112616,0.34856874111168723,-2.244150411183123,0.6485219660849945,0.49738154239666255,0.507469282367311,-0.05208706478152647,0.2379901294817397,0.4529998016575304,0.49111085321575254,-1.1033244292034592,0.5315831869516627,0.5479891436484562,0.6360637368009053
2024-02-01,3.86240137465479,-10.191123258938983,1.3184133367935353,-0.2006159132121667,-0.10723323552723454,-0.14180230078847997,-0.35470483021846366,0.4011213523635786,0.35781678720669374,0.27153637888353455,-1.2329779416751685,0.6597670009995275,0.46230654705722307,0.38581993589673963,-1.205907588156288,0.6487939411568167,0.35851622938868716,0.4097197348430397,-0.25861498988521525,0.5791695779553814,0.5242107832367697,0.508745829749106,1.2690040196200316,0.4554747610377023,0.685729261011632,0.7028075280196748,0.5282267572966397,0.47271820053446134,0.6757279906362853,0.6487283038739037,0.7296733440649605,-0.32126604532802283,0.047760580853691004,-0.037913374326548094,-0.09097478458518449,0.11390945029495476,0.12883593945309582,0.03703346010766406,-0.8546198861485115,0.6291809968845299,0.4945360305858296,0.3675561504293552,-1.4639155551237124,0.4991658355443402,0.33490554949713586,0.37930882747247086,-0.4250545577498235,0.625419485524351,0.5013498650546907,0.48874596737718706,2.401520526450655,0.044419142025620126,0.33406030024452316,0.4109339106766191,0.14422252029161609,0.4573607503947012,0.5156258162431537,0.6088202661600276
2024-02-02,4.02941367092672,16.701229627193026,-0.7092815506784316,-0.28642376314011725,-0.10585288941593507,-0.12056953928412219,-0.5398023839783681,0.09695956250156522,0.3533374928893318,0.21991193700712336,1.2501701772629756,0.6553623207026651,0.5000266473891608,0.44499692124416074,-0.031093151645087858,0.5159226123254994,0.3440046596418985,0.4143083244839048,1.5641985347553278,0.6645467730761568,0.5563019272261153,0.5639330427799363,2.7552766249529217,0.5879194897653915,0.7069235717509411,0.7336517703199135,1.992581500612525,0.6115733882068324,0.6842552037121069,0.6580756697522324,-1.3638185168148484,-0.3243135745386022,0.04850934967775574,-0.03477472800893453,-0.22421713758425543,-0.13988642325552256,0.2287111487421152,0.026876100026842917,0.9022692774098235,0.5893274974164059,0.48825161868475336,0.390720162489737,-1.558960848106624,0.19393956586794378,0.2237569796385154,0.36404260424494644,3.207693488138099,0.7303304063915471,0.5442529870184031,0.5430600455722383,2.1994125744109825,0.2733548176501571,0.3734232616485117,0.45101243658557305,1.0673072707279136,0.4618186688362447,0.4850984590322725,0.5828233938345221
2024-02-05,4.16270644188275,13.329277095602965,-0.9897819335164768,-0.3384081022531025,-0.14021116936817393,-0.13757498350271222,-0.0024210465404479464,0.14751839334305342,0.3453918674568891,0.21073499262841996,1.5253249153478814,0.7490059405173691,0.5314566111949165,0.4648581178340011,1.5383543313077155,0.5993419830783949,0.38965516581929993,0.4416522915281229,2.1733104653827806,0.8400566693055236,0.5929540367761214,0.5843930163736196,0.7290108636194943,0.6247543977286001,0.695481764294093,0.7299024542300733,0.8323656741681411,0.6544407747906201,0.6870583605980858,0.6649503491946328,1.7544932873741184,-0.15451144208687517,0.10800675676399064,0.014651387309196112,-2.2094985302868864,-0.26570189510856684,0.16239023728906266,-0.03951200252000881,1.4118556780512637,0.6062512256784508,0.5081151006834402,0.3992692097717202,2.88479153945624,0.3686536986321289,0.2913645009136558,0.40137855605738054,2.7610100506822977,0.8196514945529112,0.5933756471848732,0.5612433617356681,0.7335324593259651,0.31946579717892626,0.3932756148404472,0.46305325364361544,-0.5961531056282787,0.42341872228323985,0.44916840074235265,0.5598509020944238
2024-02-06,4.09138672361555,-7.131971826720029,-1.5407437282906562,-0.28603065485691687,-0.08972900145847881,-0.09997013304570304,-0.2232622333293759,0.17588922556881684,0.35362446198209996,0.2183411160157899,-0.26410647215567984,0.7427683968436137,0.5385021401202632,0.4709037915275963,-1.5403038843116834,0.618662742993491,0.4170253097522597,0.4512304030598387,-0.28369254553387835,0.8260980351420161,0.5891909293521774,0.5779935902216506,-0.919472281437808,0.6304640687356801,0.7008027095580215,0.7280593450402749,-0.804382187547792,0.6664892745284932,0.6941558514626095,0.6626759017454777,-2.211931386073248,-0.06751991524399872,0.13462595649128475,0.037676587733254566,-0.08399299491014389,-0.24139091462358955,0.16679480507673655,-0.036567814554837465,-1.0852817159222883,0.6209219457294705,0.5246819800427255,0.40767192110881856,-2.08582055148914,0.4115897806589473,0.3178774657103965,0.41787861715242275,-0.04168782871272986,0.8000927329962845,0.600142867391862,0.5530947634547586,-1.2215761717389424,0.32526873112579757,0.4179206835947888,0.45913037211019264,0.30289556058916156,0.387580608022633,0.43947269340671563,0.546163748022799
2024-02-07,4.09444956370945,0.3062840093900121,0.09572957912345625,-0.2851790223459604,-0.06950876479840164,-0.19702020234050246,0.4760374789988795,0.17586334735027676,0.33863200960166334,0.23428108804204384,0.52858498454288,0.7399420917512365,0.6234631579409426,0.4674075292960133,1.4444324165408224,0.5996135974319533,0.5522234033746103,0.4188296120534314,0.37023522828729605,0.8262221778112483,0.6550584803478963,0.5654191189045412,-0.2330956852799264,0.6293028073027079,0.6910320641305507,0.7224392331783531,0.5260272854159329,0.6617495889706857,0.6719466028752915,0.6712091519683852,-0.03804828305701102,-0.0765478324962563,0.1728435456814509,0.01915420338648185,-0.7755388822584961,-0.25025265615121983,0.13938580961865782,-0.0410881949077641,0.7954604876601405,0.6170870916414846,0.5742857106004136,0.38759938525039644,0.9875344858796162,0.41392146417582226,0.4343141376359092,0.38233625246481673,-1.9625221703981888,0.7649760431580369,0.626124942326359,0.5729307012565488,-2.8498912867553923,0.3012417111747815,0.3975759268644644,0.4114030553313398,-0.648204332346368,0.38584733946444266,0.4080647598978235,0.5389111057461607
2024-02-08,4.16858880426155,7.413924055210064,-2.6123954789069757,-0.34896977681076236,-0.13480587116514994,-0.23481203732562386,-1.5928164011010912,0.03744965060629691,0.28201816854909195,0.19642860245805338,0.6639544710998304,0.770096241613579,0.6321261898900354,0.4755338362569337,0.8800565859989087,0.6180485187662059,0.5719003573914087,0.4300243718484058,-0.516547816192416,0.7797288378065265,0.6449481041185899,0.5545142635348042,0.9900483541149923,0.6424720121287844,0.7025324727792205,0.7271530960900972,-0.3201223152032959,0.621727273783482,0.65121507022,0.6626478251382139,-0.5688564704608576,-0.09837651925248453,0.16273193470336522,0.01454281413110266,0.4496023348877056,-0.22991175740247005,0.14967738176207493,-0.036785806728871474,0.8816498404033921,0.6271112125572016,0.5868805379691701,0.39575126145466627,-2.0185513519082114,0.33267046784710397,0.38716562912388375,0.35665824575447924,-1.4617769582729951,0.6984195799299694,0.6021103152193938,0.5510469447243335,1.383711658572579,0.3371388786344688,0.4173628286402946,0.42482898879931336,0.8592887945155905,0.4366251382948791,0.4169012829304442,0.5473380976050611
2024-02-09,4.18608581160411,1.749700734255999,0.49249074962040446,-0.3179362228471439,-0.12182035737628387,-0.2320898399248106,0.5615388967444694,-0.01583469679485611,0.2775207262781752,0.19924175847642267,-0.15552147925705606,0.7916136744118968,0.6289909731765647,0.47471374830805935,-0.19874650404489919,0.6496952704311186,0.568314675738746,0.4294082895839047,0.3510868743850272,0.7692403874608075,0.6508480655189413,0.5579965049316148,-0.1557826025657888,0.65064676270198,0.7157909291723251,0.7305041521172563,0.7199415965025151,0.5990164634742002,0.6563856919082599,0.663158223244431,-0.11366371210396498,-0.04611272289996508,0.16403793683323817,0.015022864345773644,0.4966780894873728,-0.22810971233441377,0.1386889414162888,-0.036530009386671225,-1.553117363590531,0.6309066827052908,0.5593429141786994,0.38739298379152703,0.06559926433648622,0.3663265613537611,0.3853993113441887,0.36456904367989035,-0.3010605089590559,0.7106289576868079,0.6014945362242872,0.5869982222341484,0.36065542359262404,0.3452308783665578,0.43105533435957344,0.42657292793605606,-0.10182269224374085,0.4118918894574249,0.4317397528433395,0.5471155344145335
2024-02-12,4.16761761282563,-1.8468198778480271,0.31713397811615973,-0.3047349665833275,-0.12473820266260222,-0.19546917562908714,0.5145226341067008,-0.003907385806248266,0.2831383306107915,0.24863470439991905,-0.20036005447351046,0.7906230265131784,0.5772619078439172,0.4600937234259452,0.35928123596148165,0.6402533462188983,0.5158152334815039,0.40514357260849454,0.26675024048303375,0.7860440838641426,0.6067287388787517,0.5491164246623089,0.8099699270475071,0.69330811480053,0.6351007854400658,0.6930531524989361,-0.03522380810468162,0.6133775080178399,0.5728674261834088,0.6178067883592103,-1.9684561923677761,0.00041002313317462885,0.17430797882985624,0.07327951371358755,0.8236691291931395,-0.2118118338743548,0.05639889816220047,0.058289261919247985,0.21456863134787496,0.6215499754512338,0.5085657122506,0.3778602907345463,0.6507423965409569,0.33705539355754427,0.3691325718371279,0.3213392201302478,-0.24598818324595517,0.7141122850290527,0.5724138196461719,0.5473429455674147,0.09344652080486071,0.33803019504605336,0.3096893133666684,0.3784621654813811,0.19159471694929597,0.4225978027803499,0.2612481647843594,0.4896628692353292
2024-02-13,4.31530635165388,14.768873882824973,-1.7834112205047994,-0.4920482611251451,-0.21709673462906892,-0.2717081080698267,-1.7478292028351037,-0.25615622362798685,0.08604010293503106,0.18453458370622136,-1.574850612367296,0.47463609542614627,0.4291353443890366,0.4034417972508675,1.3262161566605428,0.6987484234998931,0.5277348103737133,0.4247270013589551,2.719923809040033,0.819370669410844,0.6210714126030962,0.5690336074427162,2.3635538436771837,0.714534238855268,0.64452221345561,0.7012633868120307,1.4344898612595105,0.6330992377796092,0.6059521174275682,0.6144600824681149,-1.1081746687641916,-0.12669108417744673,-0.001566303645202192,0.0029553207852553104,-2.6819346032037767,-0.4021188302345912,-0.04837572889658754,0.00805194442133335,-1.981288946168256,0.34020943294478717,0.34483042728735247,0.34340608548175394,3.643475093443616,0.4506011712505264,0.4114330986072648,0.3727977606681876,2.4237275173733765,0.7701239520929646,0.5853728269937698,0.5562256334596006,0.5604016150278079,0.287055642051967,0.2591231262150609,0.38477918274787093,1.062752629564256,0.4015653967275447,0.38800517258295814,0.4693689725769246
2024-02-14,4.26616978307302,-4.913656858085957,-0.33749276823724816,-0.49221024799180774,-0.2085587393685593,-0.2278840636849603,-1.3900297247642879,-0.18262156337114413,0.135248017505597,0.20558162133892866,-0.425548790933139,0.47588914725733494,0.44249906905099384,0.40991255196293963,-1.6717491461673697,0.715210344114369,0.5417290626463198,0.4292735995764178,-1.4943921088227359,0.8211479967912649,0.6427176130238399,0.56788852585143,-0.8855272566890497,0.7266490950806094,0.6552161188782611,0.6967902500245942,-1.1773910265721854,0.6402905052894452,0.6314729034901455,0.6043536866027568,-1.0414213879284802,-0.0789361632613097,0.014821706748352776,0.04292159272721311,-1.7578268303979425,-0.34987368521126305,-0.017026887629790474,0.028102468918448212,0.5061677537112224,0.30845264345261597,0.3556309624389137,0.347846377889325,-2.659397046670067,0.4743750192923651,0.4364203865439729,0.38565351104392886,-2.1728861189332385,0.7790244056409975,0.6072165720658501,0.5492974822107874,-0.6832644731893056,0.2898693822359967,0.2686835673403131,0.3668034388941233,-0.6281154966345794,0.4500055189429187,0.41478073380924685,0.4483772946817761
2024-02-15,4.23879364441174,-2.737613866128008,0.28708503896208004,-0.49275588911867035,-0.2282302258773224,-0.23120085134053908,0.03580006180387141,-0.2194722533362167,0.12953681870080427,0.20811306186497844,-1.5375223494264638,0.4733700476207518,0.44654598608917606,0.4181699595040261,-1.7703236065003836,0.6992206323730703,0.5488019831228198,0.4388064220348826,-0.7032375689865185,0.8207116029442966,0.6529071654013546,0.5711784152350449,-1.4833143936304674,0.7208408458455335,0.6548068119003085,0.7007557670157275,-0.4302262711046527,0.6455348371307704,0.6477996212888321,0.6213487534901759,0.05714603820454389,-0.11048888517117676,0.00703587927707562,0.04478914866434032,0.12170838136377604,-0.3510828878855068,-0.018860927257773556,0.027599662437586766,-2.070347395502176,0.3165471920024592,0.3622033445542855,0.3507099119468278,-1.6321604177015683,0.4750277371069089,0.4431474834434392,0.3905864445831939,-1.7483286504486304,0.7759093305202821,0.6107520306226549,0.5565558724535,-0.8152794380196703,0.3290636516043265,0.27668942585113965,0.3761886222090295,-0.4461571750656512,0.46895189698786477,0.41595977496115644,0.4634476206289742
2024-02-16,4.29391518913925,5.512154472750996,-0.2234422704672543,-0.4886284713795599,-0.23073250147041152,-0.23427038475742754,-0.3281270903174529,-0.2274217614775998,0.11308414907907335,0.20342756208283289,-0.41060608233105933,0.47355956394089316,0.45831734014951653,0.4130904620236006,0.06552133851810904,0.7003425975053641,0.565268603178832,0.44676819117896965,-0.8354199280117602,0.7783181740187095,0.6321706480617827,0.5618310998353587,1.0587271356150851,0.7299346245528124,0.6558105907350978,0.7052667761140783,0.7509367837431742,0.6726074122182882,0.6872296424503647,0.6291838025271007,0.8859961469885568,-0.07034585665923045,0.015740290944595677,0.052811105946888946,0.12798022745529591,-0.38401229783505963,-0.016317540321714223,0.02613878609032187,-0.5993707596449535,0.30228894685743785,0.346003028720511,0.34193267750881684,0.41177472977232954,0.4851564616804961,0.45475262701125235,0.39593198695085946,-0.4907669788124289,0.7633129922384219,0.5972465818863051,0.5605305296910226,1.0303304524996513,0.3497251157155475,0.2915544017565353,0.39155916684946007,1.0108509651898911,0.4869192314179772,0.5272453490759712,0.4695797110023326
2024-02-20,4.27429985881646,-1.9615330322790392,2.0246247986331616,-0.4524729187133349,-0.2915159838009235,-0.23391581994791366,1.501764203046147,-0.22820062452132822,0.0667053394720412,0.19355412078732137,1.0281888699577504,0.42690611543978024,0.42233887743758364,0.4031784453543195,-0.3605008629536033,0.6911545040452487,0.5561907784907719,0.4471312760150278,0.4136147314148255,0.7603269447178341,0.6236548332956791,0.5579240025572474,0.23362860697684829,0.7249155667926213,0.6560233497531411,0.7043562855525604,0.5102392035106078,0.6584873906749796,0.6744932593232317,0.6263110903299782,2.227816785117005,-0.059432030886005266,-0.040911942820131386,0.04615599213572092,1.5980108057108353,-0.35468014643564544,-0.0830467753452955,0.021997624818823534,0.9608440861182528,0.24255232763845896,0.31735560949234914,0.33793426008023875,-0.007121882018435111,0.46642881322250956,0.4382435705823593,0.3976751129605198,1.3507289546825598,0.735095941493245,0.579069692491661,0.5488337678484867,0.6755304855150079,0.33737476895895646,0.30663165788388697,0.3876499339864997,-0.2590879065780478,0.4933034999734821,0.5341950534760772,0.47008803463147986
2024-02-21,4.32162260600282,4.73227471863602,1.7935468199813762,-0.39469560091717343,-0.25521304752637164,-0.2070995983700351,0.3134362438748157,-0.307074555329327,0.08012268532374563,0.19774527231307568,0.1981274440152001,0.4602559715849718,0.43220598028110596,0.41370763439080216,1.8581469541357891,0.6777242135135497,0.5949400419488838,0.45409605497557753,1.5179304904484094,0.7547435092249652,0.6559953188108391,0.5636394506160427,0.43677499555532795,0.7253617932697429,0.6586372193055607,0.7064613810110778,0.6294756043774167,0.6744108480245548,0.6785784337980629,0.630419618130359,2.5367533622892484,0.0015394776979083757,-0.01752449766097997,0.06371609140408722,0.47440951126054376,-0.3866586166183711,-0.07636138819755105,0.026282023749564235,-0.20461932540671945,0.26882163055776925,0.31186852798512554,0.33556955549511064,1.6080056426397435,0.4661300231922131,0.472919189608775,0.40650636671471546,1.1887325599393281,0.7373512154907479,0.609997610348398,0.5539000889365199,0.969434758715459,0.38749130346873495,0.3140817105139515,0.3947112214307131,0.6078729348386426,0.4943012691977474,0.5460295658313029,0.4754532778125961
2024-02-22,4.32563127566386,0.40086696610401873,0.2999590023593859,-0.3879074010014767,-0.2567425468283418,-0.20805049996343714,1.0888868894440287,-0.3221931033988936,0.07997548380654783,0.19770919641058696,0.24157877563287045,0.4522769321568243,0.4343562372824223,0.4033827103734984,0.20888250318729595,0.6728569051769919,0.5949531515763933,0.4468078886264809,0.08550222198555524,0.7527088525837571,0.6772164875441794,0.5582885514357055,0.3593010124813689,0.727409669033867,0.6574896842359081,0.7052622150675788,-0.13417751612756448,0.6734523754317137,0.6788548913233896,0.6425517144159866,0.22459911027343038,0.02232455238495543,-0.016607818826366555,0.0672058670116826,1.362391567359053,-0.38044717031704683,-0.07736279501660288,0.028607325362868134,1.1007752379529663,0.24852153718779552,0.3108906495602461,0.3190622516029939,0.245792277745552,0.471023429538292,0.4758090523757916,0.40602298511977325,1.0664432150021983,0.7236562349333279,0.6083854761378604,0.544876767617488,0.12418890766017598,0.3893294088825046,0.3177402048302398,0.38745539199547535,-0.6394117795086292,0.4817349642685336,0.5503673677375334,0.4840230279371111
2024-02-23,4.25881705861284,-6.681421705101975,-0.7642124955682401,-0.42059574107581926,-0.23334126270194314,-0.19177253364248512,-0.7955020028050657,-0.3122890795787152,0.10320712867467631,0.21537068959151892,0.1382519973748415,0.42291015440472557,0.4188309549115872,0.4100840938590526,-0.8301609961427391,0.7060961904535553,0.601575567135548,0.45948546909248444,-0.4926547405210429,0.7515160801561308,0.688049571374407,0.5733894820193804,-1.8946212542611203,0.7319745280996816,0.6725130844892437,0.7176519524650862,-0.31893457473059184,0.674180041214312,0.6874673405159247,0.6616181873778673,-0.9992448691470657,0.014968766195367696,0.003201246087240771,0.07219621375332633,-0.8197770585195412,-0.4134303893803241,-0.05782207848500534,0.046611026844820186,0.05377152832706497,0.22993490283207474,0.313273699380695,0.36830549086199565,-0.24751834480982632,0.4907350259137149,0.468035743180507,0.39930986164880883,-0.28793122612376537,0.7048779055813295,0.6084690571174879,0.5464577608346484,-2.302754355799759,0.43606472592085094,0.35176600692476767,0.397883128319186,-1.0206077482655842,0.4960237928271924,0.5617256039797046,0.5052969038150139
2024-02-26,4.29822692596237,3.9409867349530003,-0.5481525638806306,-0.44133281573244915,-0.264526015294692,-0.21917352192512154,-0.03959498104817594,-0.31350317445047277,0.05157600570293571,0.19836023200273342,-0.7352574439333983,0.40457993718048996,0.3739888993948737,0.4142776062326114,0.3197241209324897,0.7080416892326623,0.5999939632793296,0.49579738073175755,0.06688082453552946,0.770351650947713,0.6832202392848542,0.583102913439684,1.0096477328997728,0.7459152019911267,0.6711928411785086,0.7168792544233794,0.79674491304384,0.6834440387644688,0.6799609389202776,0.6637496581313594,1.0149905135522976,0.03196791452925764,-0.023401395709380584,0.07396520226732486,-0.6705602518510432,-0.4204276129049654,-0.12829121539818245,0.03538069348912392,-1.3830217628601633,0.1898066946488394,0.26292200378656233,0.34932553703392016,0.15574909406440662,0.49947237618677687,0.43996455152710756,0.41615493079013044,0.5393287888423068,0.70724976418714,0.6509583856451697,0.5460995138426199,1.3446956559542274,0.4489871949986328,0.3729862206124378,0.40591814031199613,0.601104193226923,0.5199405225274405,0.5362318554500812,0.5031792097003596
2024-02-27,4.31407220971851,1.584528375613914,0.045259846214204646,-0.4606541386587955,-0.26241388059226245,-0.23656440230408826,0.9066358354403841,-0.271281363043067,0.04553808102355467,0.2180610035138234,0.5356076922606817,0.3946904226451761,0.38661682599438385,0.43465003223611365,0.9342451192176556,0.6926808053756341,0.5927679389109866,0.4931207227397284,0.8636844776474996,0.752307907560733,0.6748010483721162,0.5755341797599653,0.469083515857056,0.7368507283743417,0.6701996094743409,0.7119135055514347,-0.06191700208269113,0.7175144617660358,0.6731634617477857,0.65805436236043,-0.3192864038807999,0.029552245698732996,-0.023688824229549026,0.08616645961988155,0.6001635365582398,-0.374349446448403,-0.1336940194960061,0.04025558125722549,0.8885726316860478,0.17681249202878582,0.25438180402966987,0.3669808126839894,0.5066157868488994,0.4900651079811673,0.43561610542862,0.4144572291793177,0.7290249138650271,0.6969605904424884,0.6633448261953768,0.5384828594505269,1.5456814905752543,0.4290803464758115,0.35532632678741766,0.3897131997861584,-0.8671281534792864,0.47012991163156337,0.521126028655255,0.49582440390731514
2024-02-28,4.2727206144991,-4.135159521940945,-0.6676929156705596,-0.42402933061433873,-0.2467375039342581,-0.21426457865079276,-0.5351973800712,-0.2440892017191787,0.06008920541952968,0.20778960952753373,-0.18211813564463064,0.3863491161170569,0.3907988664567628,0.424263138815969,-0.372049980383907,0.689253533621818,0.5952250589752708,0.5075803076213595,-0.32554106998375376,0.751320350874747,0.6863335694354735,0.6075949919193675,-0.9617911605055967,0.7394814382024143,0.6777502019394075,0.7630375139159655,0.08817748835902073,0.7217117286847315,0.6767051562409703,0.7259988501839296,-1.1130149049270397,0.05489483616788625,-0.0065337891266521895,0.07860379142548826,0.1990137567505279,-0.3661143922157777,-0.13506863061039592,0.03535430518440842,0.09736224861846399,0.15899597982466776,0.25364036359439346,0.3554211630459333,-0.6452245798240961,0.48023621332991395,0.44289987676810305,0.4286438447083727,-0.5125423606969344,0.6936523595734486,0.6733996926651434,0.5728059901606759,-1.4276803764090047,0.43256820314506056,0.3683954480780905,0.4779094511658181,-0.9346246041066911,0.5877658519654216,0.5302076821140098,0.5146630972007443
2024-02-29,4.25113964415576,-2.1580970343340056,0.35426658169302394,-0.3727415845471495,-0.2897449936968951,-0.2184018399984836,-0.324233710246848,-0.20341644782248727,0.021900362342058104,0.17441404111951592,1.3178827607569343,0.2771323321199343,0.37520085021447125,0.39772051618189586,0.6063153406039266,0.6453288147756601,0.6016656637197649,0.4682628657207869,0.4673433301190304,0.7144442567850809,0.6654274754511039,0.6100753593170969,0.4269939836519583,0.7142558297401279,0.6651338068700646,0.7498211337244381,0.443990510710416,0.7071072206835044,0.6615112216351743,0.7061838651727753,-1.106481097508083,0.16304262284221555,-0.07302370872077003,0.08451551658903221,-0.4496153339901987,-0.3358030332832396,-0.13084331524215836,0.012463506406666025,1.8257536038253346,0.08396840436449707,0.2436824612121416,0.33858698996203646,0.779104755370032,0.4975068999084128,0.4468703733886146,0.40845113808669836,0.12604629308192322,0.6540447076557963,0.6564725768261818,0.5689947645010658,-0.3500337367317408,0.44744492608598246,0.3768800152269676,0.461315029117727,0.8788729963708448,0.4853164078659815,0.48608951530553274,0.49646104263924745
2024-03-01,4.18075003065415,-7.038961350160999,-1.1016997877832966,-0.22593247528684007,-0.2410254272142449,-0.1873568688806478,0.5147643134487239,-0.2780341118308243,-0.016137319593830596,0.14949052350252448,1.1151615451266306,0.08733973162418723,0.3568034793003467,0.3621797967110373,-0.46391400796007365,0.6145574932071509,0.6328381685781154,0.4675587505751497,-1.9609367907332191,0.7498865197341547,0.691080300114911,0.6195091260424243,-0.7908300261671007,0.8666358530922997,0.6918709511089499,0.7471884032521291,0.12937676029760325,0.7729374396823879,0.6489725572665668,0.693727044771754,-1.4863879760453387,0.28660849729250687,0.024027401268750144,0.10100501432035139,1.429458575823438,-0.41220799463807284,-0.16738962115103886,-0.030209195515437284,0.7047263623883584,-0.016319050568324587,0.26978203746263324,0.3293196080531132,-0.18940353934189136,0.452508222472851,0.46840785886413966,0.39413741702763466,-3.231369652827011,0.7012484782529171,0.674598330950827,0.5896705231817699,-1.1133925992460703,0.6945469122489216,0.4093412856083408,0.4598262507550817,1.1572293823356605,0.39373007542560656,0.42270933174366276,0.4636151868362663
2024-03-04,4.21794892535201,3.7198894697859863,-0.06360740941107484,-0.20308947970064528,-0.2504071142419374,-0.15231086091531099,-0.21057693647737794,-0.25367785468674725,-0.09288921426223462,0.18634766885267395,-0.2919149633992051,-0.08356904880338596,0.3159138778973773,0.34824115736693845,0.1588238421123904,0.7258497031669146,0.620984542344623,0.4710073594642904,0.5222807216786979,0.7373565942092406,0.6948636320208942,0.6142307818440668,0.04757529652551362,0.8158409276739714,0.6839692829287639,0.73214537579341,-0.37457255828268476,0.6510176509329368,0.6273670340470459,0.6668309268102903,0.2986357282550304,0.45875327602878246,0.08828919000656084,0.14908468536461825,-1.2991599836600705,-0.4710034415196752,-0.3024106383048527,0.039917956590498946,0.7904776872677635,-0.10075197143699048,0.2638841370293562,0.32230622831062794,-0.9600360206264515,0.6513316048646793,0.43629020361271065,0.37070192976483995,1.3186135173938305,0.6232735293905837,0.673093236364553,0.5695755367987857,0.24464072000242554,0.6298016824408035,0.4305155596662622,0.44301526657792184,-1.1249875682405812,0.24201030933208276,0.37409982181487933,0.42277962632190064
2024-03-05,4.13598100760258,-8.19679177494299,0.268932672285485,-0.17015129802715132,-0.24378411931448546,-0.1444775974947415,-1.4517757917496545,-0.15249989223426771,0.002725064627317394,0.21443338835269876,-1.4754548252907325,-0.16657450835879486,0.37480741406404744,0.35737479414136625,-1.2064104621808067,0.7159630035150533,0.6441547299982938,0.47745902114116334,-0.7364969409398785,0.6825239316356092,0.7622520187841105,0.6113674301967998,-0.5367074843611679,0.8425890147838125,0.7084109087251003,0.7271517941303329,-0.6536363170959265,0.6573175079956897,0.6556432659770647,0.6753696852362276,0.9806321780387905,0.26046914230462664,0.047182026763440355,0.1422475150185896,-1.7004128671104193,-0.20194657590479584,-0.22893712198995256,0.07570526540763992,-2.3385168834027326,-0.09173680620590295,0.30262212580201425,0.3357372638184593,-0.604332785322931,0.5594289775190594,0.451428664758359,0.36274268912787416,-1.096517387825466,0.541296147809054,0.699739688291956,0.5779604638401992,-0.7720235303999168,0.6374543924349936,0.4453649415373948,0.456328580920119,-1.0680779131673597,0.4319046555963222,0.42312191565868507,0.4414481974353833
2024-03-06,4.10298322635244,-3.299778125014008,1.132127506005536,-0.30166885727867837,-0.28388563578517223,-0.15266570182560613,-0.9742810113957888,-0.13226864927718726,0.02205225516997934,0.22464035216699027,0.3834240234860192,-0.20363133757245477,0.36197205420041567,0.35748916014489374,-0.03865172490365443,0.6827942246254906,0.6377070026763999,0.48286550184121224,0.02328141230853431,0.6865992911739794,0.7563155559029867,0.6109326356297736,0.7071960184832704,0.7971146717381141,0.6920195218772806,0.7198893337048122,-0.12784733043903662,0.6271683752990753,0.6520984516100364,0.6764518954398216,0.8815520081385037,0.143086622469581,0.022785102326373742,0.13629211985521222,1.1209599922485045,-0.23368109883539306,-0.23317955936417384,0.0715467707269463,-0.6525909207973921,-0.13601153926830126,0.2957100736792442,0.341063191191521,0.0011200804229855588,0.5092062889627222,0.4481194061424471,0.3651224667082437,0.55168621698584,0.5467710622997555,0.6857316992521378,0.5817723377256521,0.03621699099363529,0.6073345277023994,0.43250096958858075,0.46513266416577026,0.5797121952769535,0.446339166966022,0.4076672556272466,0.4366807977580863
2024-03-07,4.09039629801714,-1.2586928335299952,0.1793375325550084,-0.30395408408136476,-0.28430699054587283,-0.1425430742679262,0.7633042449200955,-0.14396171862067272,0.015893585185888688,0.20493808955247245,-0.4302059084865597,-0.20173665475920038,0.36233188379100106,0.4144269871612181,-0.16758684834735948,0.7209370658126704,0.645490832024493,0.5963571326533508,0.3305376765434236,0.6817017487709746,0.7536382968923337,0.6615786856268878,0.057911211934431606,0.7999513219567395,0.6912704822622701,0.7137176705254487,0.7333333713885128,0.6036281786068598,0.6404650755833574,0.6535462329982933,0.9071946829363835,0.13170788609535483,0.013469056439568442,0.16437818551846817,-0.7063387447231682,-0.22559322905981988,-0.23702576165201847,0.050637899716792806,-0.09783100058201555,-0.1402430223830837,0.2948328290274945,0.36994064522795106,0.22567458171865606,0.5115333541918908,0.4504135500726811,0.45480255377313167,-1.1963147393392637,0.5740399265129447,0.6853061186224556,0.6100843155102144,-0.13854700765011252,0.72825335150885,0.4326088287071868,0.4696105089893677,2.2608459628422404,0.3566245457309521,0.36468289751063554,0.3966353272017673
2024-03-08,4.08751945416117,-0.28768438559696463,-0.6958055769622398,-0.16140134744227105,-0.2838130800593257,-0.14174292781127965,-0.89163906537744,-0.03704023278249569,0.017654763690683903,0.203758310069421,-1.296797720546464,-0.2769571203882164,0.35858446577850706,0.40994476995357393,-0.9361566872569602,0.6851411909919525,0.6416807199814819,0.5987104158960768,-2.395848672696569,0.6703565820082679,0.7079147605038486,0.646766477229026,-2.008815530519069,0.7118832901796697,0.6662569071777898,0.7031435805800819,-1.2446600536268833,0.6222291964765847,0.6197290230264048,0.6432874529045379,-1.0891184372105283,0.17174030383803518,0.012326729070149783,0.16405942426776535,-1.2508112089043513,-0.2675128671999895,-0.2323489283774146,0.04997796904040418,-1.5771121953151042,-0.21289301594170312,0.2895883084090839,0.3667856962699165,-0.21862568319609643,0.6992855354139144,0.4552633759850235,0.4567553809536176,-2.16966463365856,0.6544017666523451,0.6746888708039835,0.612331790694077,-2.3491517741857373,0.6129523476697623,0.4240842682155992,0.4596133848142696,-0.3508600626647713,0.31752676718387945,0.38139817652163654,0.39638588351170234
2024-03-11,4.10304809780107,1.5528643639899364,1.42006002266288,-0.13565211953360332,-0.25446900700086816,-0.1264795701963682,1.7635233991006176,-0.011531636657540615,0.0058031881972831845,0.20055546413668407,0.5899493763695425,-0.2549637024901985,0.37239556287282033,0.40961429545707817,0.7449146908627391,0.6914347888777019,0.6599237870563174,0.5971300696995614,0.4714015604568895,0.670679442530681,0.7014993197282547,0.6505675808872192,1.807888130243008,0.6992834591822186,0.6605519813466927,0.7057710382549104,0.9159879333949216,0.6166273427562269,0.6060016487959371,0.6460988931882683,2.495093940326081,0.1941634809395372,0.04777567347292106,0.16872688932448276,1.5220616115793595,-0.24187567942853813,-0.2198262042168822,0.042806758455452405,1.506416675030336,-0.15860904618522742,0.3130774790971226,0.3637560430656274,0.8229295701775201,0.7049904303708435,0.4731225933286283,0.4558410766827617,0.707299202175248,0.6621733006249766,0.6818250667710142,0.6132071868486282,0.5743572094812995,0.6128081662176117,0.42979539210316303,0.46998841355499305,-0.1651643883415792,0.3165438274359112,0.35865529337291424,0.40732830777034246
2024-03-12,4.15366883599352,5.062073819245061,0.8356452184040002,-0.08888802833333338,-0.22672213083264878,-0.11656751985503015,0.1676669692277759,0.01056668559582662,0.017955266291755936,0.20647293530978977,0.25104470757062725,-0.2260203372942064,0.37058961192617423,0.35259585004553645,0.07879941146781444,0.6940610629090649,0.6596389256432506,0.5656524618249156,0.5575663946518064,0.6830174467363879,0.7095595681087745,0.6258661146149912,0.18416893404058687,0.7075789033361272,0.6891585207349509,0.6529165877938746,-0.3919267578701501,0.5580815131612666,0.5909992455120096,0.5692927910466954,-0.28264421232179204,0.15894512513095996,0.048467313913941,0.1664132145523201,-0.9131572016950912,-0.25758666984170453,-0.21867113337418118,-0.027931136077462712,0.2971819519448129,-0.13364730106481265,0.30958991420690707,0.31564209858762066,0.24822549066196165,0.7060961534083612,0.4694844211584172,0.451968495336134,0.4438115430151647,0.6638563657570287,0.6853602964852996,0.5970146126789684,1.039550183977053,0.6378563389115428,0.45347880539355745,0.39602497781851953,-1.0481048590798625,0.24640067008601774,0.33300452135210695,0.25864348140195415
2024-03-13,4.19083991519551,3.71710792019897,-0.4801677017560957,0.2508359498149731,-0.28910988287609535,-0.1328451940291804,-0.006869321537248396,0.36932209670327687,-0.01531590407839707,0.1464701557274125,-0.7286954213564796,-0.011806810882684166,0.3038062791226695,0.3344357805503531,-0.8907853544205446,0.5769806675570164,0.6547635709193951,0.5405248588691497,-0.027264542601215247,0.5030362742142257,0.7030815435439176,0.5969948700463046,-0.23976328613404796,0.5678962242741195,0.6555928015047767,0.6235913914702758,-0.6408273791303363,0.3150649922029552,0.5367346540684166,0.5533477687733612,-2.0685065034640324,0.28513922003799486,-0.002620971029500871,0.052903689158265266,0.7027298299687681,0.10409556919916028,-0.24147917713008113,-0.019978314971044037,-2.585117855512,0.010562943606638535,0.21866936968890535,0.2676003178447451,-0.9410420273481566,0.41048450124051405,0.4467490197981513,0.41350969185606506,1.1725915187410845,0.594019841279278,0.7005033156282426,0.5818917451030358,-0.15568442972745578,0.7029136055477597,0.4158429592306483,0.3564529937203649,-1.2938976534172961,0.031167070285036704,0.23121096977683153,0.31573027119556324
2024-03-14,4.29719686755143,10.635695235592024,-0.23916805194902402,0.13365133529908257,-0.2928053349358122,-0.1360113090318078,-0.3842323133850236,0.20487533654252948,-0.0412795610642825,0.14645517312048348,0.33898387172102407,0.025613125653679587,0.3040963055040956,0.34283883316087543,1.4827771119469437,0.6311177693586452,0.6782014689403995,0.5609736623666322,1.7351221550336797,0.5742933415834057,0.7210987565615632,0.6233380016700103,1.0602904822434434,0.5834973187212977,0.6624958069612958,0.6334965202874078,1.08268556744608,0.3859206227819269,0.5566495817381214,0.5792999376207728,-0.782828710207168,0.12532047871343763,-0.0034885632139906226,0.036677188694921425,-0.4854084853839362,-0.04641862752278737,-0.25513172103464454,-0.02673625953896807,1.464696613001216,0.17346470596804175,0.24372088072875484,0.3011786105968497,1.2499852216134402,0.4651903205580271,0.46163028020509617,0.4320656355527424,2.2931058505362554,0.64276973267047,0.7181227656279894,0.6080996423554274,0.28001735332461775,0.6390156986696255,0.4064061409380244,0.3568636492811143,1.9366929920668645,0.22059225175447258,0.3097310338714345,0.360817574572907
2024-03-15,4.30331150352205,0.6114635970619453,-1.3097830601916607,0.12426440980203789,-0.2815821912083983,-0.1441451625924461,-0.5853489266966785,0.20080456420309922,-0.059613805843413595,0.14369161102522146,-1.3770803984630462,-0.0408253140383577,0.28959793548944557,0.3338979851354716,-1.044477544183664,0.6107034639669213,0.6660827077271085,0.5593489261276465,-0.13707133525449633,0.5637209046242484,0.7186201289197091,0.6270261701691389,0.841235367399277,0.5689897458765302,0.6612619048704389,0.6301668260065187,0.8638390607240511,0.3599965854872491,0.5502818686220456,0.5849177888239133,-1.215260134863677,0.11747476272822942,-0.013072870807757838,0.0313525261677915,-0.6213257660719871,-0.04607055606313099,-0.2512010802850021,-0.025986507050622127,-1.9040916374290562,0.12190969799598939,0.2328295189661094,0.2914657459214145,-1.108766943334592,0.42114844974460763,0.451891388652293,0.4297011274042194,-1.0948808722982397,0.6198183211913569,0.711911631782373,0.6047787755378944,1.7354513303199037,0.5984149661033075,0.4176103511910529,0.35228999339423583,0.8508630413211806,0.20938973065835664,0.31240436514142444,0.3562648372713455
2024-03-18,4.33910539319769,3.5793889675640678,-0.14671800366682253,0.13776932489028693,-0.2823212959771869,-0.1469681495661457,-0.3859812584701534,0.2107551623183921,-0.06499321710059398,0.1320054235419235,0.4159484529079105,0.006692141160938761,0.30044463993082615,0.3503713226966636,0.7735626020686655,0.6395310671043167,0.6694874873616411,0.5738334508337585,1.023406080635559,0.6609090890394255,0.7206474154527599,0.6276931203942382,0.818977359291897,0.555918966538433,0.6649809244179044,0.6285989648174073,0.37540093608959046,0.33145483439377993,0.5614969989581052,0.6109461150696464,0.29608485546802576,0.09186244590457095,-0.008945345828524394,0.031027130895361132,-1.195069659941987,-0.09400928976422877,-0.2790908864849583,-0.03371605354801272,1.3816167938597759,0.18465274951863367,0.24251189819633473,0.29502673000016827,-0.0439212299461631,0.3977341867837291,0.45265240907562854,0.43488286243250096,0.892229217426403,0.6770087969411586,0.7140872376603293,0.6028891088214532,0.5012655466545983,0.5837067047577655,0.4217519606513349,0.35719866702760955,-0.05795167757571196,0.16079055095860723,0.3101741167469329,0.41634198687922863
2024-03-19,4.29550347301076,-4.360192018692999,-0.1398577645723833,0.22287648029869603,-0.2548433468530452,-0.1797010342777102,-0.22492010764278447,0.2846436731871269,-0.05054751782352203,0.11736601014773235,-0.93959050177856,0.09382084297581805,0.3092478127536513,0.3437046500194018,-0.5322337229755201,0.6462936895812745,0.6646141992563899,0.5690926473495342,-1.4978150511570236,0.6938842728139533,0.7200770079453144,0.6327965186692432,-2.1691883960850946,0.5881798438999256,0.6635126876115026,0.6336728038695537,-0.9166326673279264,0.3989716998848842,0.5700009222366552,0.6134092192113034,-1.1226595533729604,0.1796843859273261,0.02853710811630275,0.013700433069544608,-0.6661594991869118,-0.031430245737843365,-0.23799265831860572,-0.06730570150732175,-0.6278438108391358,0.22256814757180884,0.22553631775777103,0.2881253658144212,-0.37080510891961627,0.4136584948357921,0.44056146022369796,0.42370455681584046,-0.9374115879852734,0.7303307505052438,0.7209702584820608,0.6074824873402375,-1.2411714244283714,0.6273532859488483,0.4348430538908112,0.3835695226502316,-2.224263759128848,0.2311490302457742,0.33297824024114653,0.4314315276536497
2024-03-20,4.2698362439352,-2.5667229075560627,0.9271753767490494,0.08415875350936938,-0.2713209904540061,-0.1859319667340441,0.9128170955701123,0.22351841046669862,-0.10945295822800587,0.11678497068613555,0.8004584495836475,0.044661759386519014,0.31119872820497074,0.3372856351009163,0.29357558892905633,0.6120701377584462,0.6537361247716929,0.5979822673753682,-0.38202595463676836,0.6752155773234255,0.7203380599218113,0.6576882633429384,0.14347315121088045,0.5749342243190633,0.6599938709948401,0.6326468917508716,-0.08534330169635229,0.371849266418514,0.5775806621282072,0.6151406258433166,1.8586925661675102,0.02995326347891888,0.011954905007352527,0.0016711954406499515,1.2793497802253766,-0.10054263832434251,-0.2785048794640405,-0.07375794955201359,0.9851708913750077,0.2095548057884786,0.23267113206030832,0.2786930125007102,0.7662769625761916,0.30571273030257035,0.4175873846108474,0.44212211312293226,-0.6973456211161597,0.7209916099887757,0.7185593877542323,0.630967915389498,-0.9922698003674881,0.6156408043834763,0.46530599936621914,0.3871749984554652,0.5802853039911042,0.18728315399508566,0.31693658409013636,0.42797427184089204
2024-03-21,4.26988836561092,0.005212167572032911,0.2327211666758111,0.08204773420770903,-0.26352655531503366,-0.1854687669621933,1.0249308996265025,0.21844215146598672,-0.12324286244049992,0.11887449231737791,0.8873128944524621,0.044167945970568646,0.2968712052603636,0.33506494290548494,0.22946983865402115,0.6105976778828783,0.6498274970832003,0.5981357235269669,0.21412191936419522,0.6740423798060291,0.7173041935601917,0.6735334312654212,-0.7788179271166884,0.5659231537534642,0.6577800048119847,0.6307055546930592,-1.3123051238319645,0.33353811641800973,0.5539472957056581,0.6010114676304945,0.6005828613247168,0.02943912377173484,0.02729054436439788,0.0028958993687058857,0.5713427955073185,-0.11417366519664175,-0.28262797613550616,-0.0731546601984063,1.5146333306753728,0.2038825632124126,0.21282611167075693,0.27668101783946697,0.25419863417370236,0.3040128055000336,0.42426714478329797,0.4455969976329147,0.4306677979287872,0.7278183467697095,0.716673168960605,0.6339934036089024,-1.3354410131809482,0.5975120301934106,0.46026093735190693,0.38805332081477867,-0.4783986148894102,0.19041320851107035,0.3091149350605098,0.4316661249189447
2024-03-22,4.21677070610472,-5.311765950620018,0.14358312487185287,-0.004156430935371177,-0.31154404397274377,-0.1891575449550463,0.18408428097169605,0.14027316057306005,-0.15138171795058916,0.11353573060031213,1.2301178627476226,-0.025679215190461763,0.24843143322422262,0.30099074679572735,0.383141907513024,0.5233015175886745,0.6453509593389377,0.5839484139712102,0.8444773599134079,0.5927100624092938,0.6858878510339734,0.6581203846773404,0.6148310976920016,0.44823256616327345,0.6314593801017527,0.616294808195126,0.4068764558122512,0.2731709202823114,0.5281625341300615,0.5933968130859114,-0.2018261009485376,-0.01974628831685761,0.0050515717108481194,0.0049652924946148825,0.8316214787667553,-0.21967541451510295,-0.3377919196397283,-0.08404622101199481,0.4369994828680066,0.19156402441825557,0.19782644411249573,0.27345480711719544,0.7128988844211711,0.21240184182205668,0.4219482289314552,0.4283089807447402,1.2238250555139487,0.6550476134597292,0.677969090753752,0.613182916275432,1.972631513658192,0.37485572701998293,0.40843142451646175,0.34928821541445015,-0.5569364957127552,0.16046154758113518,0.3058897392205475,0.43406884115201094
2024-03-25,4.25230628891162,3.5535582806899946,-0.5664807837299071,-0.0018258549294832228,-0.32833123697476696,-0.21193799551963569,-0.012799266182710323,0.14258928339143642,-0.15233603321382674,0.07782466529075235,0.4440163439003424,0.035961142238105176,0.24544563773733183,0.2782350731009333,0.5697719414863616,0.5328283696904751,0.6484174156104119,0.5828703426285902,-0.40748429775862416,0.5722475034479626,0.6905390489998924,0.6499711941935258,-0.3789107755303296,0.39505134054096347,0.6293428659865952,0.6076491740579806,-0.2932081593089597,0.20989418638600002,0.5198161965929251,0.5785519834297868,-0.18853655157969929,-0.06884888718797012,0.0035594641497676185,-0.01918002149504015,-0.82057793841288,-0.22323818888654165,-0.34429006885427754,-0.13701372035746612,1.3031332855311937,0.2843862307165178,0.1984044880703544,0.25851122629406326,0.8895477023321088,0.2500778286204105,0.4352956558963727,0.40683521820369023,-0.23506674207823997,0.6332076857958865,0.6740620805409134,0.6407137254672839,-1.1889453257706526,0.28322551518287975,0.39360342408743554,0.35029564198500307,0.022594199303973994,0.13793023735139745,0.3123251990472213,0.41040401930197995
2024-03-26,4.23261689826413,-1.968939064748998,0.3400010471952961,-0.011383747394095598,-0.3423664587553952,-0.21186676634296558,-0.09028021402905617,0.12357415048123545,-0.1330868833208758,0.07294424809038134,-0.9224784227547294,0.04356800586036104,0.24253904701159737,0.29343185466263394,-1.2818785443541538,0.5206241730017658,0.6402762440470605,0.5804914332891759,-1.1192830587840703,0.5693945933674597,0.6808395623456337,0.6466411058724117,-1.1690476902556128,0.39493853153064895,0.6225763437784202,0.6076598015380114,-1.1618195474040671,0.22509529954280996,0.542800498850676,0.5702922520765665,0.9071228586881599,-0.07970486501890488,-0.002505663529005608,-0.02432057649104731,0.4031140420946242,-0.24915252853716693,-0.32131230101614017,-0.14534188950200116,-1.443419046095776,0.2865986165672566,0.19669951545382194,0.2581925104818636,-1.0166422309144991,0.25221722004144576,0.4277642952473146,0.4058824043666846,-1.3707652834945023,0.6297913622983333,0.6691981969730316,0.6529424076585205,-2.6174891697228415,0.2760300229009435,0.387006710644357,0.3424809816480108,-2.150351489127293,0.1738162035041106,0.3007640603770315,0.40264802136730293
2024-03-27,4.19525231224064,-3.7364586023489466,-0.0033860080711680673,-0.05288276310569273,-0.33397556228689057,-0.2103890422044586,0.712042165602608,0.05678227519283832,-0.1448763680633892,0.064053645319782,-0.03897575004485765,0.03664681434612091,0.23587727585769955,0.2951324126291446,1.1350438915667833,0.41924498418498446,0.6020848394338877,0.5559506667317338,0.010042437964928014,0.5580939799067348,0.6737407559849767,0.651376542098577,-0.8403126861510426,0.3897884281474804,0.6228780921903243,0.6126975630175008,-0.43470028090584967,0.25383551020823814,0.542302123148681,0.5779619959714536,-0.20811776498134704,-0.11555322611488578,-0.0017390363555231199,-0.021852872430830325,0.8257609950331711,-0.2673873632597057,-0.3238089199263567,-0.1518081055660077,0.5694094834913882,0.2738131470146128,0.1826364931928255,0.2533374387199927,1.7494057775268037,0.1093259243258884,0.3826657048373569,0.38156110814427546,-0.2740068527842143,0.6249673437458024,0.6651947948742887,0.658919322626722,-0.9852581349856031,0.26253563946596226,0.38383303332328533,0.3476689578488871,-0.3440015477028519,0.15442428932259245,0.33391978207553547,0.40381441952221203
2024-03-28,4.19244966560193,-0.28026466387105486,-0.5441936693726719,-0.04345720674055568,-0.2898888973101923,-0.2417358824845717,1.0925048411964484,0.04553857253848715,-0.12767967438537123,0.02582843812149864,0.7817348073544963,0.07097346672297249,0.19747361336400765,0.2997113409188991,0.9559320202503674,0.4281786741806345,0.5732105079490486,0.5628963226594261,1.645262638502528,0.537294424206737,0.6343704565072288,0.6195067188625741,1.3556312119486305,0.3853275236991231,0.5978248112376978,0.5960206123056054,0.5719064096479809,0.26980957949104845,0.5394510721149114,0.5566438267340849,0.25288137298406443,-0.13907870255969335,0.046310208113592044,-0.08711928472459221,-0.28280245418735994,-0.27709948721023947,-0.31194650693873327,-0.15440206459754835,0.9965637952878401,0.3114054410244003,0.16702780978993967,0.2607629435472717,0.16190256963119953,0.130045131296319,0.39952852213902323,0.3921499274458559,1.8674480858734723,0.5989872589198693,0.6256335676242558,0.631667126161794,1.8413031806238753,0.24436481128532092,0.3812720282929799,0.3423929209566417,1.7159031035660477,0.16639051157716503,0.288503927917494,0.36662185699788474
2024-04-01,4.32810212500683,13.565245940490023,-1.5151557463145982,-0.41605766131939104,-0.2954539948629536,-0.2783757922845752,-0.8432243785906559,-0.06985321865485374,-0.19527710223580763,-0.03092872095753155,-0.36344495910338237,0.11712986273094213,0.10761418392785375,0.2905862628451479,-0.4765209364980864,0.2494466749108149,0.4843173763041858,0.5401396763832312,-0.19823569549886721,0.3452229372026076,0.5944819916672383,0.5952906044655281,1.0408812949676265,0.4120574690381275,0.6835126104127975,0.6159127433341289,1.5943811387307896,0.49879133912774803,0.6333753550899441,0.5890808338824565,-0.44091007505163204,-0.2932190750302372,0.05889332735678373,-0.05703315426177409,-2.0069310292162177,-0.36288672625128787,-0.38391821847132457,-0.21201920814705302,0.5896731960474335,0.36298320904366227,0.15623424657917506,0.29417270464062767,-0.02744984910086401,0.06892092181310452,0.342247382847049,0.3926942545274,-0.6114820581145217,0.34585887909146096,0.5768942590871301,0.593009274098659,0.8981582289200897,0.2711022958163885,0.5144507680208624,0.36974514814300574,1.5140007276408096,0.38098858350768955,0.3608220242104557,0.3959391852416983
2024-04-02,4.36310623624325,3.500411123641989,-0.7840672992127358,-0.43195489701838574,-0.2872370832639229,-0.29060652364642725,-1.3405252407023616,-0.10125866513495543,-0.18313938109369132,-0.09502463646174898,0.1395779477791934,0.1324872973652769,0.015924495383384498,0.26323794314752746,0.6767444131668161,0.26292455549341814,0.5414171081154454,0.5316011455850389,0.4315020347889602,0.34272434456960016,0.5683574037629465,0.5971144466985099,0.6393206279111041,0.42457254833190927,0.6274671011031516,0.6119431100519851,0.47126554471040016,0.5257879475118441,0.568836795973684,0.5845360759349034,-2.8252820752455037,-0.3215772554873009,0.1079641619917003,-0.033998131138049954,-1.2153257344099204,-0.36034353559579274,-0.4223406075073845,-0.31653054061684716,-0.7949084769386432,0.32962794545654744,0.1132502059185154,0.27911623979726297,2.014234083127923,0.16302676057881468,0.48419803392067934,0.37926292737423056,1.7648215263142726,0.3461895395366204,0.5099374222372289,0.5903863767593097,1.1223890939277759,0.28357023694151884,0.4613059142046902,0.38738731268757315,-1.5234874807440004,0.36869212689617725,0.2995606061887936,0.3604073198607658
2024-04-03,4.35418480257089,-0.8921433672360202,0.47620465427506303,-0.4390586494259854,-0.2572183961200026,-0.2850151026174302,0.6118062521985537,-0.3131484272854317,-0.20284002327251296,-0.07945670445222043,0.6576142463894878,-0.053050636699650267,-0.10744203094346735,0.27224739701294154,-0.67399778068744,0.15801576127296244,0.500187989868906,0.5377748298617658,-0.9578525128348048,0.3129234900018214,0.511721408621906,0.63774577068252,-0.8897101618787215,0.41924806173952156,0.6346349112390843,0.628943509058371,-0.7599587988445664,0.5105072552097114,0.5517339227466417,0.5922844357261476,1.4677432142869984,-0.28648947837604577,0.016690975323391578,-0.04521707980424936,-0.2675177564122495,-0.5643041284342212,-0.3534283717612624,-0.30873050023741294,-0.6991766922331903,0.21265933148358707,0.05531381838770438,0.2740080281587089,0.0416774359564287,0.08446018463700324,0.4087632898719325,0.38949499087811185,0.7477514732152033,0.27255042959208,0.43978855156011076,0.6028276742796495,-0.4297596418989088,0.2629711167187459,0.457279374980228,0.3951251519462151,-0.9574100253816532,0.33966406953643574,0.3558295127027681,0.377924903688948
2024-04-04,4.30738896812443,-4.679583444645985,0.40431747080528324,-0.4196197744392845,-0.34272131797789346,-0.3142542022362114,1.3760505248085504,-0.4611467736268702,-0.24838400091195356,-0.10010650993330968,-0.10975696181610078,-0.019409825247086322,-0.11794055635416151,0.26815772363820134,0.9545313044636431,0.07808628699021478,0.4282918142196648,0.5084895429259503,0.27752108932953923,0.2916208745303339,0.501405085017928,0.6259389079573817,-0.1860822972790368,0.4586432721252861,0.6212199590019071,0.6231650949355028,0.5158621951977409,0.4535245360335331,0.506590555770938,0.5734571311940727,0.8353686422310689,-0.2907882856586173,-0.0667295048710097,-0.06605665557918815,0.976489442705718,-0.5711138935407287,-0.3785321692950476,-0.3135717026898497,0.4275504654057443,0.16567152484937986,0.014244946260980482,0.2571271055221347,1.0917379192507648,0.007672091503011783,0.33480146013353507,0.3704652897264233,0.8128343010864385,0.2492236576760082,0.42727093107636105,0.5839184107626509,0.7289151520992796,0.22346776421706052,0.415675863459285,0.3733852409053831,-0.2817585644816316,0.3703088908015998,0.37989540509062564,0.37748056849687606
2024-04-05,4.37550399761197,6.811502948754011,0.1206773087397277,-0.38418754956920886,-0.3303701312157127,-0.3095662397017286,0.647530790682685,-0.3998844141212549,-0.22107197107034104,-0.08684463804991087,-1.088758760978976,-0.11232179494919742,-0.1522643282100639,0.2379759796567486,0.3182870550908925,0.08062076728451495,0.4446322852739796,0.5129134761334906,0.6884102813495234,0.3274552744213565,0.5107955595459471,0.6299867726512507,0.278695109325507,0.4622131124314704,0.6166650111698719,0.6207179391404992,1.2401052433221886,0.5281712022726509,0.531756303761647,0.5834339302723922,1.4163416966359261,-0.1951224782069111,-0.030095918531779804,-0.04692700097638133,-1.243877066307635,-0.6190758667200482,-0.40047134312762506,-0.33294873703353445,-0.4941788067833377,0.13012952352623922,0.0033912520957070013,0.2453146759737269,1.8818347492716416,0.09940849898890568,0.3673104804958569,0.3883737950068977,1.5556994173827616,0.27624777737982303,0.45763233601240655,0.5923614640481376,0.7155961845929792,0.24537301655963079,0.4507750318978051,0.3796627615372479,1.7132527203620638,0.5134942850070922,0.4095115110632658,0.39424033554804766
2024-04-08,4.42279913015326,4.729513254129003,1.3201881328666563,-0.31725163416401114,-0.2293314919511769,-0.2896988649642424,-0.15990690711577615,-0.457086453587921,-0.1755567226279309,-0.08968839786475385,-0.05035279314287999,-0.1574139478882988,-0.18583757387987881,0.23819828926842362,-0.6838272889683195,0.021392226201232475,0.40295682268449606,0.5004990716395393,0.8244782280008636,0.35974005700888634,0.5498881245598632,0.6332083416012818,1.7490795149580385,0.4918575191968254,0.6133353951894698,0.6237155809151728,1.2701112419915486,0.5474844213862157,0.5733974128981032,0.5885889833951449,-2.6338116032438146,-0.2531057193386865,-0.05481740659419211,-0.06979619756939792,0.786835907980493,-0.61115782869553,-0.4044497344378412,-0.32180917479332766,1.9935095107581056,0.1503143018395922,0.01155090342195876,0.2570226341596671,-1.2256575340872127,0.02659466341326506,0.42369468238675245,0.37452401897607873,-0.915038691749197,0.21891813507076346,0.4929851609468458,0.5821836759260439,3.9095330428781856,0.2712338614722495,0.434841349550327,0.38634121067133526,0.8143064666015393,0.5241717044413546,0.40393425843246505,0.4080521916988136
2024-04-09,4.36464002005096,-5.815911010230046,0.42682625550055997,-0.37305487546709043,-0.24300680208871867,-0.2804255127904022,0.8058304313102144,-0.5415122830677394,-0.20187761951761374,-0.1241973925442711,-0.005720125029692769,-0.14849461226157643,-0.18434929332816744,0.24431296042805045,-0.44855442970835835,0.07152344605996938,0.41264420421341735,0.5169725707347647,-0.9882405628932086,0.42128084270249827,0.5629961794633519,0.6330507526421677,-0.6846639153016714,0.5528382631423914,0.6220108616797345,0.6320190430626398,-0.7403059186058464,0.5884778370945587,0.5878476083042924,0.5879248467540493,2.5018858808216162,-0.372647379362258,-0.10717244955915532,-0.08568755552221494,0.8985804676554878,-0.6841816162925155,-0.4260978146022621,-0.33110105962085035,-2.141394570565539,0.25911867747721246,0.06953172640271464,0.2951787855185791,-0.9162718794712159,0.11167703006271383,0.44189204421219513,0.39442660209748154,-0.32896210656255676,0.25125638050994514,0.49583798553108754,0.5842990438678619,-0.3038533702609856,0.2854949533376041,0.43452644945878444,0.3882663322478058,-1.1982799203699586,0.5490409773142131,0.42349278556245323,0.40229960355507266
2024-04-10,4.55780906423155,19.316904418059,-1.254313861401247,-0.5491305040544758,-0.3192960541657879,-0.312928082005894,-0.8448554672223043,-0.6001109557168114,-0.2489136842215244,-0.1626034127593262,-1.7027787987990717,-0.40018048282469754,-0.30625117566915777,0.1205821161373762,-0.20141022264966502,0.0073651006097927695,0.34670981884527635,0.4659597965772542,1.229820147477696,0.48140489204461834,0.5763369906836994,0.6394538196431434,2.295582570218432,0.6700809162344152,0.6821642916702847,0.6801061455394716,1.4748531931850248,0.6685466222008631,0.6258027109011051,0.6148326973691532,-1.4539290277365122,-0.4168673631682483,-0.19530485762304658,-0.12697789024577807,-1.6114985193180793,-0.710671988712187,-0.46245742088367986,-0.3630759508367846,-1.2493997247864321,0.06681201919535365,-0.011496442355729084,0.2192146437303646,-0.5456332962181758,-0.01981937410242109,0.340436590201805,0.3367092246964316,2.098771236205504,0.3933451432275006,0.5354546512446346,0.6037925688167339,0.6906803777393584,0.25578715934953156,0.41569771111085563,0.3847558866763846,2.084613617873729,0.6585507463207514,0.49935279581879755,0.46148378070975077
2024-04-11,4.57529257550408,1.748351127253045,-1.9175082828120513,-0.4750913767205919,-0.2194989908607872,-0.34895339300754497,-0.3855227531413825,-0.5911965233386889,-0.14696484761134979,-0.18862674110039584,-1.0749130486165885,-0.37968751735834866,-0.2277900275377089,0.07092641466594174,0.11653782902940801,0.025610101164204688,0.2837399924183343,0.47181938661215006,-0.403127499524496,0.48186167694075055,0.4970021043681261,0.6323512393668743,-0.3136430760375233,0.6763026640820317,0.6357243782272244,0.6622158253318882,1.1672471625398113,0.6777396094645505,0.5827528847913215,0.5947804257870901,-1.7797399230653888,-0.40248168018235636,-0.16116894936759438,-0.14989423520568024,-1.3198379487633436,-0.714935108628473,-0.37770966033517694,-0.3882361283980903,-0.8089729012578307,0.10409048785890784,0.08259904454768136,0.1850245408207587,0.34503203562692447,-0.003973007400615643,0.19515102796409378,0.3279232947206699,-0.6653835284548668,0.38295397354064675,0.4797222388424737,0.6079763757208749,0.863551349546273,0.25919467988173717,0.4253611920450385,0.36414205914534414,1.7286754052158295,0.6640270866554877,0.47687793165859155,0.42604412507765055
2024-04-12,4.49719998338632,-7.8092592117759985,-0.6405219867967391,-0.4312605321357308,-0.19699800439266213,-0.3333399998702053,-0.616196141528496,-0.4681819010932973,-0.16237189912751276,-0.1710136250547141,0.32103999034807673,-0.4545995353328373,-0.25283339869069454,0.051590688879419644,-0.8565757829746659,-0.020957705800046054,0.27875516112434073,0.4812664024178837,-0.46246509292714233,0.42826101396678906,0.4825694392082183,0.6318327252309591,-0.48039223864668834,0.6622297423631427,0.6268935579091219,0.6621397965154132,0.16004412668496037,0.6312210651608136,0.5513481481325491,0.5837686938178462,-0.7295434588929086,-0.33918371840912587,-0.15786111293273777,-0.12772544931559704,-1.0248389150241635,-0.6351558785221706,-0.386359662177397,-0.36971389067114563,0.793209982581661,-0.022798356216402988,0.0669370626680725,0.15779471722660623,-0.9664303728132451,0.011160346998355698,0.17962886666486882,0.3346471183219676,0.4138062792727042,0.27190790299685447,0.43697655585633227,0.5909657565078541,0.06712086739817602,0.27150607270400995,0.40679524718099475,0.3538374052090603,-1.9030931699041598,0.6660331281634408,0.502094453470673,0.45505593667281513
2024-04-15,4.62707311603862,12.987313265229972,0.999429018507088,-0.28731313111869616,-0.12049555578693591,-0.28170942747901073,-2.0717550179944797,-0.5788803155187022,-0.26931084013750384,-0.24607251855627713,0.48837819075299205,-0.3965316609341926,-0.2426633439462256,0.06730247180526135,0.7490945518451837,0.05693802029790875,0.29489410899375945,0.4888595723307343,1.3022919810802143,0.4951666102486752,0.5105274526464846,0.6431730360065013,1.596468582001053,0.7089374758751679,0.6502544082730017,0.6773538595391684,0.8185187714621996,0.6473546709379332,0.5556004732698461,0.5898943007850016,1.6743124238170783,-0.21063882127373337,-0.08658572903642256,-0.08520638806087687,-2.21851569331679,-0.6914056228798907,-0.4456384656150287,-0.40289413740184077,-0.43840587279001664,-0.0711491376339277,0.021936929722435276,0.14080516894839568,0.6381654216251524,0.04027576841707143,0.17865996559084785,0.33630109980224915,1.4306151208471518,0.3400148905654553,0.4533192455359683,0.5991902011811019,3.2844524382466562,0.39615235311195657,0.4691241381320212,0.41359102081302845,2.6404392573699713,0.7250619443895472,0.5524099025106319,0.4969882633202825
2024-04-16,4.65604248128463,2.896936524601035,-1.311720943912083,-0.28637373972669133,-0.1254713723347675,-0.28473080265978645,-0.7867543357790083,-0.572681264642202,-0.26850650527502945,-0.24954379645751618,0.8371507205018878,-0.3860612494920178,-0.22268115890147636,0.07105382591862196,0.16009743156448053,0.04483660520734169,0.2974887692455431,0.49003845873502666,0.7578956934224319,0.4946335013104217,0.5417919007360144,0.6442381412249029,1.9685642113175998,0.677877706998595,0.632922511980019,0.6701305498493878,1.0501559805805345,0.6411914418870562,0.5490312945154758,0.5952436017300536,-2.753118876075955,-0.2141315576816929,-0.11093088998883084,-0.09302949835482115,-0.30068414262643195,-0.6914726253003096,-0.45528233289625764,-0.4243794371298721,-0.21540143676544066,-0.09381596753287887,0.030515271485965955,0.13974140178353497,0.6221104558167365,0.04865231989373028,0.17819235024248853,0.3388195911286351,1.0813944354386429,0.3378066509529852,0.47286291479023107,0.5998029622187163,2.3498416183253537,0.39272363611709965,0.461885954180349,0.41307495641927416,2.1143680100293953,0.7076188771752356,0.5410515101833644,0.4923890070143257
2024-04-17,4.58423803997519,-7.180444130943986,1.072216483811891,-0.3497815552900765,-0.14439259122557485,-0.28552086371909363,0.9793920978970143,-0.6219678178090555,-0.28702284305460046,-0.2626341795467723,1.071401091178359,-0.5091064927923339,-0.24763330180659346,0.03656232043090697,-0.11896961098694447,0.024632282690502993,0.2940410183601213,0.4777124370390022,-0.446674516081504,0.4864678796268912,0.5532533788273774,0.641051020512637,-0.25748155790396776,0.6781020916212029,0.6330510034322603,0.6680478399188776,-0.31457306777169913,0.6344906249139793,0.563029898717932,0.5980666109875169,1.3452251089850176,-0.29085399146284435,-0.12493256012965295,-0.10088597386174225,-0.41192438007046395,-0.6870827034009831,-0.43644537783931897,-0.4008751055747836,0.9284381697226243,-0.16766281473624592,0.01392521168298951,0.10193308368300294,-1.8033383047885088,0.13982744487185578,0.23443877875681512,0.3471395679773173,-0.3251166421139491,0.3296151263015511,0.49407492571239375,0.5983730914972807,2.804292725488026,0.25028393308351055,0.38219688389659867,0.3576109065846779,-3.718716653939082,0.7153720646834273,0.5674686189239504,0.5110019543887433
2024-04-18,4.64499020836727,6.075216839207975,-0.2729467680000064,-0.33078949352125864,-0.19649866228302026,-0.29180927956603964,-0.2193308716287774,-0.6146511902980631,-0.2977744091998684,-0.2988234546049251,-1.036224363541645,-0.5106961138445217,-0.273624141341102,0.02934150721624555,0.3579015570853441,0.0463984421864873,0.28367497245168316,0.47562803166706374,0.5247030642635488,0.4829076175326247,0.5520778752341865,0.6418917211278872,-0.07406126737346552,0.661404557893174,0.6218952098323945,0.6616301821803564,0.6493425238589694,0.6338263657107475,0.5642890318338021,0.6056083814379266,0.4216783839862943,-0.25398159174504953,-0.15311737702636202,-0.09342999036035386,1.0722626419739751,-0.6097497495206278,-0.41227055026602033,-0.400472754415053,-2.3948216636941,-0.19154011698991508,-0.02572797595919337,0.08308528152779264,0.16953609846636475,0.15501353732011472,0.2154003286707362,0.3401602875331093,0.6596611512231969,0.3126531839598795,0.4902085901187615,0.5968515919766517,0.4609870636178912,0.22069000403313846,0.37655483419039326,0.37267454959198903,0.5075187280599072,0.7318220875551553,0.5663167038124876,0.5110767523307042
2024-04-19,4.61349983113323,-3.1490377234040245,0.623533866987648,-0.34740056716704226,-0.207707460378943,-0.2931029070641574,-0.5386530469094111,-0.5905169355296713,-0.28993994146955726,-0.3006968556051769,0.45855882692562244,-0.5223747858702701,-0.28038425766535285,0.01643353985846927,0.6847204771111519,0.017429567769245733,0.2647314455868947,0.46152228000688234,0.41145309823910714,0.467722023512259,0.5417735635110139,0.6342755400385497,-0.14732831693503035,0.6712138456691797,0.6229787425265167,0.6629754253061078,-0.39865732507180485,0.6848900165429309,0.5698498932396587,0.6084938913406066,0.5331115952846464,-0.2601225579126351,-0.1592074698075078,-0.0908136909593086,0.3030431553956,-0.6192600095631902,-0.42756832628096375,-0.40661199206051585,-0.48312646144036797,-0.1691435580839824,-0.01885256479007727,0.0753977493691305,0.2704400198894783,0.15179276055451638,0.21125478201754194,0.3414704392144236,0.8189027016707553,0.296134393559929,0.48194577857611137,0.5883337989767311,1.2464358244010143,0.20113811832685663,0.3622827850221102,0.36429538663975936,0.19287505131218552,0.7202169907933216,0.5619688096212003,0.5060368243221832
2024-04-22,4.62186532118131,0.8365490048079849,1.3380597440201079,-0.33226884745269253,-0.23219795736123863,-0.32120801990351666,-0.4459628562840191,-0.5851930193921162,-0.3261459888822297,-0.318291598317397,0.13376318427074552,-0.4869680031275088,-0.2798167606125769,0.009627041427277001,0.6129314492450786,0.032232688321732116,0.23316287567324764,0.4680290967528699,0.7995207851143389,0.5175348439966175,0.5307475886961869,0.6292929172799421,0.005278495869632138,0.7070872937583726,0.603372052505062,0.6581287349239795,-1.134843693185968,0.6675492781097099,0.545526889203744,0.5887825898146378,2.1553802138754143,-0.26938393409991757,-0.1788353900524187,-0.10648190603597976,-0.4300805084928958,-0.5954745382515881,-0.45529761708283106,-0.4368064107808491,-0.6471858971244417,-0.1425396371641496,-0.015890453417221367,0.07171951035750573,0.8477402917197023,0.1755421486681992,0.2011108054640488,0.3515128125377814,1.9057662125933155,0.3188475398921936,0.46699189134550007,0.5738423737995881,0.497786792246496,0.24895666530467075,0.3264624775694525,0.3634268884090925,-1.073703313419677,0.7169915105640731,0.5496504869706204,0.4981783168660934
2024-04-23,4.59732810384604,-2.453721733526937,0.1934251419609918,-0.3334662681973535,-0.22857120057942873,-0.3287092550243887,0.18391776066595256,-0.5903773342290923,-0.32960799730181994,-0.3209511033201445,-0.44513786383132814,-0.47900803268251707,-0.26245254292334275,0.004990364257774277,-0.7045746940894402,0.05873339042738084,0.24010549414569077,0.47104687656492755,-0.6629854452995199,0.5476981440638011,0.5374956633309712,0.6400011127469397,-0.7323535739749119,0.7289188227399885,0.6037504676776545,0.6641209613419871,-2.012848991360778,0.6519177247665627,0.5301048394095542,0.5765409051088711,1.1228543548066883,-0.28294857690389097,-0.19935743022821772,-0.11227451657791226,0.5066885601592954,-0.6037067367421759,-0.45742933652357454,-0.4403833678769838,0.10949120802832013,-0.17548560532855506,-0.004163972551365569,0.06261305358323425,-0.29893367722595166,0.18138622077984573,0.20639594051770227,0.357381848722405,-1.422290400415008,0.35617578548379364,0.47159657184540593,0.5762382096809467,-0.4443673846070402,0.2960618496885866,0.32575920918330054,0.36866821535288136,-2.2824049743478367,0.719977101217059,0.5497143250799338,0.501417300969729
2024-04-24,4.65307371931782,5.574561547178014,0.7569951615158752,-0.29653975267342597,-0.20639901662788454,-0.3234702976747539,-0.2801531551473888,-0.5952258739501948,-0.3419309028541346,-0.31295502242860385,0.048508541656972826,-0.5243154119413523,-0.2626510546021767,-0.002820649342820574,0.5218766398727167,0.02076492206115384,0.2513529102816044,0.4667635583402992,0.25332677480885757,0.5431088989156974,0.5397078572081954,0.6312529207790148,0.15789308953749442,0.7242930463091432,0.5999080823845433,0.6570105579224117,-0.12334202723284476,0.6346308882423685,0.5218671103810977,0.586229880608868,0.7545846198036164,-0.25888603327179066,-0.18574888546644214,-0.10631292040386946,-0.1884735541553888,-0.5876997998183645,-0.45975089361110183,-0.42284725172115106,-0.42806303727247386,-0.2178137091168101,-0.012590524513559624,0.052197565694538595,0.6392030112296481,0.16545655415565222,0.21488862170328768,0.35120706944633806,1.0572067817650463,0.346166964347649,0.47857258626329907,0.5725987069614298,-0.9701431098362049,0.2225481569962825,0.3022810267637273,0.3476153422165795,0.5584523124407457,0.7210542445295985,0.5564861134376203,0.500164531420577
2024-04-25,4.70498601768215,5.191229836432942,-0.9476381220109631,-0.31138630863032185,-0.2416917407557174,-0.32488169657361615,-0.24011302045337635,-0.5778327318379746,-0.3601890000630633,-0.31330772230006687,-0.173164817437248,-0.5342842990788719,-0.2710195604164271,-0.010091529137021585,-0.3888155294630722,0.08012235723020439,0.22860329022790576,0.4529821344753489,-0.36591474103439925,0.5126503142299688,0.5236504614151569,0.6189570963650064,0.25492398691551976,0.706333713065117,0.5896516519341106,0.652298823744119,0.6574018957155836,0.6256827356491284,0.5323309657181772,0.5850121905175022,-0.3553905371382817,-0.27579926830240725,-0.20945806774802492,-0.11072331745667309,-1.5219386293424733,-0.5695432754904614,-0.4656531776044879,-0.4240164186076346,-0.16853653478070418,-0.18846657425210184,-0.010631147749899641,0.04804523343136822,-0.007478227449280173,0.24731857399239093,0.1961432144111355,0.33963881468184215,0.38984797719952,0.31533602319198606,0.47175373568502227,0.5687060756552222,1.390003828126237,0.17707953062374795,0.29390147702837216,0.3438099259356898,-0.49806590816853147,0.7113316933572377,0.5409270805389653,0.5121619313377592
2024-04-26,4.66710174607115,-3.78842716109995,1.0165284544132804,-0.356679228516243,-0.25517372918227915,-0.3071006752428766,0.364945409575232,-0.5954550496700984,-0.3727384807108302,-0.30860293385986115,-0.5193899946752643,-0.4893073052872378,-0.2430627384507972,-0.032947423528283656,-0.44278122075958404,0.15227297512202942,0.25318086458650957,0.43706245567378577,-0.6839679559803198,0.6363049105253475,0.5409902704307266,0.6085341789042084,-0.7006869019377762,0.7647038180843637,0.6032781491407134,0.6476210027883283,-1.1026434393059583,0.6542468770366713,0.5516303843550878,0.5918252810448911,0.9954035284524161,-0.29213401723123344,-0.23385058512306403,-0.0941246847660192,0.5371163737035838,-0.5872401099898077,-0.47823801770192453,-0.4219251538322131,0.5142899280138877,-0.20020083038280892,0.00032280898255598325,0.03171840454681173,0.015421591057152462,0.2497010803914767,0.20932063123796754,0.3486525677033378,-1.9293467691424961,0.4038580805035165,0.48560983997932905,0.5536905955454173,-0.9637389847755422,0.24487450486257153,0.3023665492394828,0.352086138153413,0.8689515231917024,0.7111591970104552,0.5345733679271143,0.48967177165929815
2024-04-29,4.61047524323392,-5.662650283723014,-0.24316382056108155,-0.23545064370447769,-0.2987821297726867,-0.2699679707637728,1.0147506015601762,-0.6064277427861836,-0.38286119332638785,-0.34389027161094426,-0.11234601944213118,-0.48062058678169056,-0.1974316303687638,-0.07790572526208747,-0.10908768676300806,0.25140514276429304,0.23788901621145414,0.4104574255544316,-0.3300525197131873,0.7334667916213051,0.5131597221302227,0.6152259249867656,-0.4030015098405759,0.7666150987593846,0.5955994110061446,0.7046225960180048,-1.2139020807451937,0.6365778614375887,0.584424572673136,0.6333416707562026,0.4082725437205152,-0.28395345901830155,-0.28474601907758884,-0.0852574535557809,-0.5366030659218253,-0.500254923591296,-0.43341970669444985,-0.41956469925727813,-0.7357537481165524,-0.26755238248176066,0.03860791547679308,0.02255009974093003,0.7990285508559952,0.23687077357718764,0.1754228848195854,0.306694394740574,0.6656848130014864,0.5050654378269459,0.4287591621223502,0.5433069008934134,1.0392418777197059,0.24922375453695278,0.25841386566981966,0.40077068034205576,-2.9182117769088673,0.7193872410835285,0.5982451709832063,0.521175406049314
2024-04-30,4.68294219403541,7.246695080148946,0.8355264178481923,-0.18680454391829104,-0.26733011705915133,-0.23554916045080165,0.48524112052172796,-0.5771496351678644,-0.3591371648241301,-0.3229890293766674,0.22264779772332766,-0.4573665384510364,-0.18166183914844553,-0.14798401359186647,0.1416730779360007,0.24869183480214807,0.2377686027548828,0.43525888923906425,0.7274269063448955,0.7417514999553816,0.5196432962273446,0.5981914024370979,0.18268428551743998,0.7517949838837545,0.5917748335318682,0.6661444586411678,-0.08310002953907158,0.6165680694271453,0.5814106786811003,0.5882796349671228,0.5065872189396154,-0.2706462015542391,-0.2758819211563435,-0.039884539231813364,1.0569925461984324,-0.407700358382434,-0.38077029983824706,-0.41280537284819835,1.000178018184224,-0.1933800005769632,0.05413409061988588,0.003056470708504476,-0.42075188846534406,0.19977823541371476,0.17344624453753923,0.3818080553059912,0.3113806934476484,0.4924495588163766,0.4199289298371199,0.4944132446944569,1.3141825135061822,0.2555384510157786,0.2720981602837887,0.3756952628950548,1.2367494950510558,0.7538784647240363,0.6191208994433318,0.5238633804490236
2024-05-01,4.59016940847902,-9.27727855563898,0.8706131023242873,-0.22548388693596183,-0.29372426539127233,-0.2304824717127023,0.376873121014464,-0.5758305012346572,-0.46091024613462833,-0.34114839122016055,0.6444137417433282,-0.49601313023969434,-0.3030842679331991,-0.2513583018291148,-1.2516356465013763,0.3539502728995701,0.24605863994754232,0.42433611365623475,-1.2113700859311356,0.7928535226642012,0.5348792752340457,0.5819640695269538,-0.5983435212922883,0.7683804968044399,0.5924718602899463,0.6712225632811005,-0.44026292418624013,0.6157112024026631,0.5726362268814541,0.5822536137762682,0.09667523484995133,-0.237937623298413,-0.2503728050809084,-0.08764884980707274,0.09396112433574455,-0.41043840027880285,-0.4600630515521238,-0.37037838835263864,0.30437852018467204,-0.22884784178634351,-0.03467842243042697,-0.05157288103225961,-0.5364556213862404,0.2364169974390302,0.17301067503095469,0.33285394355719544,-2.077516061210336,0.5721524538519989,0.4437527249205559,0.4825528058753357,-3.99744287050735,0.389075149383105,0.3358795166472692,0.42241379132402296,3.796083555212374,0.49911512195551977,0.45023186165328066,0.4348905746405795
2024-05-02,4.56975727661353,-2.0412131865489513,-0.02381552772774409,-0.2129525773606715,-0.2759719126548472,-0.27611505805332626,0.5077673431091521,-0.5646844821110116,-0.5020252573548829,-0.3549774550243248,-0.6381021128035198,-0.4773321001556922,-0.2813741094383273,-0.25366357978825826,0.5228133726144315,0.4284413836086105,0.2341331708531783,0.39315561211422173,-0.9593012373182717,0.807078871603652,0.5421986081475559,0.5849707520839592,-0.07185445087456,0.7684943339682417,0.6103251840840995,0.6641233024887253,0.28731931916767994,0.6395314665412231,0.5671642606414192,0.5690142408812021,-0.8581298674417277,-0.2038793504955721,-0.231007651699797,-0.12338311237052307,0.6468906330919997,-0.3919449516133724,-0.4543775783751673,-0.3776719159259544,-0.04361396866108791,-0.2112237860285585,-0.04459189684186835,-0.07222201406173544,-0.521871162731872,0.3156449748604038,0.17945763830478526,0.3062431088569295,-3.356596029870995,0.5586956269353669,0.4433182957716749,0.4803841868633553,1.7242023953247072,0.3765525738726047,0.31866647401932446,0.39746744517999344,0.15630375521621742,0.4956512440443486,0.4573040490312094,0.4442603890389334
2024-05-03,4.49849848899568,-7.125878761785032,-0.35623454919912323,-0.17860027918190718,-0.2528607606344668,-0.26308036814061087,1.6091583096635969,-0.6534535587168323,-0.528490934591278,-0.3808285925993584,1.5513906033383997,-0.5011118562174036,-0.3347360245401545,-0.2860354864877249,0.5667883655660164,0.327718844591705,0.20012707897619333,0.3837751083836624,-0.3842300058567041,0.7993855707351009,0.5493403115661035,0.586512316445473,-2.9020594097689028,0.7504334332531178,0.6297271504300829,0.6713487661987105,-0.7843080157027198,0.6401370242007635,0.5915057930580595,0.5806037412057544,-1.498071566656992,-0.17475653072082337,-0.18120489200209833,-0.09515765734440361,0.8597972942036796,-0.40298306387512733,-0.4808842620919492,-0.3924378596604397,1.781469203012608,-0.27853117515716086,-0.09460150040609158,-0.1038851825025911,-0.5078995837099196,0.2836599920961582,0.20013156257447184,0.31658398100828705,1.448250331619616,0.455250850911337,0.3923714073037798,0.4531331784000047,-3.136484978292736,0.4423676222669594,0.36148381842294997,0.43626063288752015,-2.2044489244777856,0.5129456639792549,0.5067000520438062,0.4631260085944401
2024-05-06,4.48739408878726,-1.110440020841974,-0.46074989263929655,-0.2204930919951663,-0.2534575170479999,-0.22370214214116368,0.7240950565593924,-0.6497617169254625,-0.5474858528388197,-0.3613686099456387,1.067438950598115,-0.4939455085481853,-0.3600326772888937,-0.30968898028952624,-0.035915113437689605,0.37838050831946635,0.19880198320370845,0.3705174352555285,-0.3321511599646496,0.7992152235512957,0.5975182642054013,0.6065878863377204,-0.6803922571613756,0.7571899094217452,0.6505691418962044,0.6661864416284079,-0.1310770793154883,0.6370351152983197,0.5996936082107658,0.5968933417932314,-0.18662213652956794,-0.1310985844467257,-0.18542036779585055,-0.08714739923221654,0.8413638966438075,-0.4441255872740272,-0.496759223693182,-0.40973152764926984,0.11600628816611236,-0.37958395771723713,-0.10483509502170238,-0.12200423077607096,0.8615126228215071,0.32081619802299854,0.18931053083149735,0.3670352708948872,-0.4239762564481695,0.48789609109493687,0.402737926347228,0.4867552947041002,-2.52966863478393,0.4185095078346018,0.3657210712942018,0.42438498523005996,-1.10496507750352,0.5087399395567851,0.5083679981987905,0.45900873095439326
2024-05-07,4.46001530229297,-2.7378786494290708,-0.7546876529267936,-0.18261970870585137,-0.24966461663209977,-0.2158843469728002,-0.7872318533773663,-0.5958874076368753,-0.556350305871382,-0.35231350038582454,1.8056859033866433,-0.49920079814197366,-0.3722786445016603,-0.31567264904090586,0.18410189338048966,0.34515120496804963,0.19534318495882333,0.36881107564268667,-0.5827035175431585,0.7930168462112834,0.6027929889708377,0.6084652213212767,-0.6181533195611584,0.7554934933073814,0.6741517483043867,0.6689968560193471,-0.8418218128872448,0.6304742824357016,0.6099515565061813,0.6001930803023104,-1.295099389688509,-0.032512817344857996,-0.18117803988631417,-0.07710232251703435,-0.9809875221180153,-0.3890477260307574,-0.5002085919645722,-0.4027214319117537,1.8046698407146906,-0.5235068650152216,-0.1294199485446299,-0.1307190350984865,0.029916388181078224,0.2798726416980509,0.18985257976595582,0.3672143030574642,-1.3271214274292575,0.4931706917707519,0.4112810537232612,0.49211824621658495,-0.341673685805535,0.41799831565261164,0.3687759465455419,0.42559939410854397,-0.061528642190850275,0.49459856667956564,0.506279552813993,0.4584008807454994
2024-05-08,4.4819247271214,2.190942482843017,-0.44478117633909153,-0.00723274010317366,-0.27500151206148254,-0.21591724494760717,-1.8423129863295227,-0.5733830006522503,-0.5363221280578121,-0.3463475654341883,0.008906664148988774,-0.3001295828938057,-0.3784803917306672,-0.31765546590488797,-0.22580484709496007,0.493187142675626,0.193053731876108,0.3708484393653759,0.2537392564317249,0.7536011577786301,0.5989402118045452,0.6119857446338394,0.7782753998951552,0.6565136940645475,0.6740878939958784,0.6780064921218594,0.6163950766267193,0.5337458197266557,0.6219776938022173,0.6009294394908499,-1.0532196911009792,0.13776500306134745,-0.1822609116988104,-0.09188255589356825,-1.9996697563045887,-0.26888414348221135,-0.48176284633026994,-0.39795106084676185,-0.4427706230802113,-0.4620169917610925,-0.1361908581018625,-0.13105523463866542,-0.4498605774134048,0.4721828147899122,0.18376936224842608,0.36831828270766587,1.386741358276752,0.3995757695333952,0.4108538011817089,0.49177295552558803,-1.6737251722991138,0.44820601123257414,0.35159827615259376,0.4151653511577796,0.16090509001065634,0.4481488057862518,0.522193830944215,0.4603806083968582
2024-05-09,4.44822736595472,-3.3697361166679762,-0.08938377988572821,0.048052374072398846,-0.2680932897650146,-0.14140734180435363,-0.2524310399901113,-0.562256384084642,-0.5287852222434085,-0.2848308329185216,0.2415876168431037,-0.2870944634043877,-0.37318887504311027,-0.2621503541271229,-1.3617617637579844,0.4796776234251716,0.23665471202784713,0.3337643411386568,-0.5737806160291514,0.7733526026855971,0.6064433193305633,0.5639795466864668,-1.37647360734032,0.6636220934757205,0.6824483209667525,0.6486757794766915,-0.15984220574633579,0.5364959244360396,0.6366850648067429,0.5738387694136131,-0.029192104875487956,0.17696983512606357,-0.16904086805143448,-0.05995156287122219,1.2314727986633924,-0.2764339167647801,-0.5074566504575878,-0.34270312378227197,-1.5629307215336965,-0.38267398256167173,-0.08984667751312898,-0.052662797809588435,-2.486689805679008,0.43029095225308583,0.22633453277468565,0.276755261928473,0.8332921001099196,0.3936144098039348,0.3943818436246812,0.44588801382130006,-1.8484587404067199,0.45468877294123544,0.3664914070955907,0.4308159560102886,0.7114228488588799,0.42503250046514907,0.525692851050268,0.445802461368404
2024-05-10,4.50225540684528,5.402804089056001,0.55331978661488,0.00842129749280656,-0.24847985194400068,-0.13890698535571355,-0.4730218640860482,-0.636896373522777,-0.5336900756777875,-0.3260379681441695,0.7025005861904323,-0.26088356438974114,-0.37784084305627025,-0.25834145858972235,1.0903352467438943,0.4715979158085075,0.19131028584794899,0.3295001065064574,0.13259190541629762,0.7702960754683756,0.5700611505488811,0.5543378360693286,0.4177326417149825,0.6819026404856149,0.6732689628517312,0.6454103633002272,0.29889802005065924,0.6102296956706614,0.6199741536416585,0.5664182799202181,-1.4207444299432161,0.06974245107689594,-0.16922891983477534,-0.08876778380992444,0.30096364882515214,-0.3300167428355158,-0.49746047439569757,-0.3688349092426851,0.6838012388681856,-0.30044965316266525,-0.13670681001646293,-0.03644553694015655,1.65081899397216,0.4402705013049855,0.21055140781999587,0.2708096638922932,-0.5626716327047201,0.39445367976579887,0.33481116941272115,0.4217675402812578,-1.5231187905239454,0.4207760709559227,0.34932715899548694,0.4054329490056054,1.5044334686233631,0.41196164036413363,0.5119064726515713,0.45184129157083214
2024-05-13,4.47962788534604,-2.262752149924019,0.0027392604497280537,-0.15179471594534263,-0.25561754509317425,-0.13599413748830036,-0.1456535805666883,-0.49581103146283356,-0.533080977537125,-0.3244082306968498,-0.833388333896147,-0.2976567878092148,-0.3723665224874768,-0.2745930836948904,-0.28168597446024,0.41462636902609373,0.2032079156087007,0.3264384579401641,-0.663034422029904,0.6930112011783177,0.5732557080636835,0.5535602472047263,-1.0290394179560416,0.6036701110653055,0.6805394570167367,0.6462284356215777,-1.2302778611860448,0.5525750805575688,0.626606048880899,0.5637053142384294,-0.5107375296833885,-0.11374813452355935,-0.16569645420572882,-0.08526656205697133,0.5067741953497533,-0.09401965281898927,-0.5020183118614253,-0.3708352604510225,-0.5967790085654112,-0.28048245865168686,-0.1337419373640581,-0.05014636418438935,-2.0686679439818847,0.40997551642170543,0.22617130639627395,0.26755563370169433,-0.07168573937188799,0.3281184308530976,0.3406516909895876,0.4171479193736419,-1.6900815553766335,0.2812087610748154,0.3588217790910327,0.40618421975492114,-0.7885451589538306,0.30182169643869244,0.5161342543056484,0.45283898902241276
2024-05-14,4.44430892525266,-3.531896009338009,1.2192644022344004,-0.11685780780029457,-0.2690970028733988,-0.1451083937055427,-0.4792261375567364,-0.44716008991923195,-0.5153737249533104,-0.31163302921413544,-0.19328626137455984,-0.31987934345827573,-0.3705490595678676,-0.2627569933016805,-1.2668146443021442,0.42124777978966904,0.2123641091949374,0.3380823619602316,-1.219556845607475,0.6769770001485668,0.5756603905874751,0.5813452203530642,-1.3111783276761153,0.6272959641553454,0.6814519720105495,0.6437962219455395,-0.6972735631911584,0.5407918310878361,0.6283641827623004,0.5616439801424945,0.31616354272710456,-0.03080346516733253,-0.1731074690159317,-0.0988848362768234,-0.7622672301380167,-0.04968794639542424,-0.48169568605808666,-0.3667706605398353,-0.5241555643791997,-0.2600379625707362,-0.14503666379243077,-0.036840672235398934,-0.6843256151079995,0.39874484108060093,0.23714887468645943,0.27039780425901316,-2.2431830328901188,0.32515941427199163,0.34824262633752817,0.4354306219938352,-0.7405408910371456,0.24280671218057376,0.36097369672523116,0.40373771750745335,-1.9122510602054048,0.2832918780954392,0.5249412123031287,0.4535863774781203
2024-05-15,4.35359655998096,-9.07123652716999,1.5054793554218557,-0.18034869804510617,-0.32244916400596263,-0.1774661081220178,0.3446618712567675,-0.40575270915233014,-0.5242243570936649,-0.31318850003084203,-0.8929028346876473,-0.11904958573642493,-0.3400218639681215,-0.21708905973084278,-0.8192851002931523,0.48124846711570113,0.23602930213765064,0.3554093327339418,-1.2695005127241856,0.7290400363068156,0.5953424928766117,0.6028125717311749,-1.1227171168604608,0.6837613595763337,0.6927593910880703,0.6548824736835961,0.030140415974080126,0.47922790401631504,0.6002073900990139,0.5547061011013991,1.0326379487321278,-0.029782494975356157,-0.21534876012788604,-0.10971497422512795,0.46602592521971253,-0.11995096967011841,-0.5033410032765857,-0.3720985421118442,0.043860559244191855,-0.20434752970233203,-0.1553855432342173,-0.03208855252502297,-0.19135180062012846,0.30820045414381847,0.23359163854271245,0.27115553364167505,-2.1064936254462974,0.4034200641577655,0.37920156164108443,0.4707532715254384,-3.4465946949963295,0.5089904796065937,0.3972022056326844,0.44033626168128576,0.16633727418812477,0.14370069826171833,0.4953095969420035,0.43930179487334403
2024-05-16,4.37594181763973,2.234525765877038,1.215401238340128,-0.07537930041451217,-0.29744556213045,-0.20221973648732772,-0.4420138131559037,-0.42125124570800715,-0.5230435648983873,-0.32289742714272657,0.0244661611244803,-0.009278268732729796,-0.33451848795412686,-0.22094816428408767,0.004309632901279947,0.46126654316850113,0.24216971573344975,0.3418956590459854,1.2874921712064,0.680420003519231,0.583855834464061,0.5949115861419807,0.9934890752385308,0.692646061078099,0.6953638477478735,0.6528554731952037,0.8589265362916771,0.4423787391836353,0.600707458210997,0.5504695719092789,0.38110016820896053,-0.04879490910622419,-0.20228724330116793,-0.1398795434496379,1.7641074870120637,-0.133263190923634,-0.46389734813818406,-0.3602837738288494,0.6334470853233922,0.005972516403638355,-0.1409208812804489,-0.026264130367474603,1.19396766923392,0.3352442620050053,0.24866083432538216,0.2599824948141446,2.3391903247913532,0.4114510941204301,0.3749516048129554,0.463006573525608,-0.08911440201530874,0.494224884177147,0.3929840181135391,0.4350212102599324,-1.0649198871111234,0.09209839783550612,0.49354131172322263,0.42980538352038206
2024-05-17,4.41884366938564,4.290185174590988,-0.3378834960975041,-0.11371088921681262,-0.3028214952978873,-0.2070925965959808,0.5856026517819521,-0.3797511247464742,-0.5142149601194073,-0.3170766403202433,-0.6162653229768957,-0.05765923574647617,-0.3472448971905836,-0.22904033191689932,1.7585543197157403,0.5483194421720902,0.26168168000062725,0.3525218141579557,0.35599657866976964,0.7351235281976133,0.5882938673496383,0.597019274978966,0.9894689613703681,0.7268387329834851,0.7023617423127921,0.6572198453728695,0.22061397217600964,0.4670137827949138,0.6168680315657568,0.5513992957301098,0.09855638044089599,-0.03358253747191346,-0.19970674504341482,-0.1379842076960357,0.6354739942863041,-0.094892952019536,-0.44884994969765935,-0.35571038720345405,0.21392195131170233,0.0003150638253713123,-0.1387190840935805,-0.024791237804454226,1.5773370481179712,0.4018772533262291,0.2641254240739379,0.27276650987608325,1.9757528921762817,0.47439479744838137,0.38627388048764805,0.47183643574917017,1.601184108486611,0.5798457802739413,0.40294669103299807,0.441622309999792,-1.4177954317217534,0.05201982670710927,0.4737046186915955,0.41486209453590733
2024-05-20,4.43646203372552,1.7618364339879733,-0.024162244122960086,-0.15909649083698252,-0.30452010866083606,-0.23209495481242784,-0.10812739154542061,-0.37547387906732504,-0.5144236568880246,-0.34373580246506497,1.3685753803457152,-0.008868025267347894,-0.3033671434459197,-0.216152258067269,1.0535119530714816,0.5523609876698784,0.27705365442717866,0.3376351641564212,0.6254446308215488,0.7532169164838592,0.6298040046472904,0.595029352159699,1.050520854636112,0.7203486619162612,0.7233968345975182,0.6448089854106246,0.3465306752506174,0.5162247908712401,0.636743256503562,0.5515679092413478,0.37344968970777614,-0.07537327123809609,-0.20321250205944413,-0.15426838868345896,-0.29749252349187216,-0.09689497911481687,-0.43739654191298183,-0.3764207494943621,3.3239820545230403,0.09874102186428213,-0.0993914902588031,-0.01033536596638707,1.0508701630862656,0.40988494448871104,0.2838244697837862,0.271592086021705,0.8906825977102624,0.48215936539981813,0.41260399700164907,0.4732728380741881,2.124670703266915,0.5780866591169962,0.4369162293557344,0.42514404641027026,0.6101236938056736,0.07757838665565583,0.47331728257992295,0.40945423014857135
2024-05-21,4.41296307835661,-2.3498955368910224,-0.434843490517952,-0.14296219273376293,-0.2891789518966868,-0.22011089519699847,0.9404175162401055,-0.377704940747853,-0.5191118446836754,-0.34882773663878613,1.0962955601865314,-0.03852002202728312,-0.31886863811947935,-0.21440313622687177,-0.5694564625206371,0.5525928585323594,0.276822926050693,0.33862417919361015,-0.38454332529968616,0.7524983210614873,0.6413035109955243,0.5971101661675088,-1.049655064056176,0.7183022172465715,0.7312688027030826,0.6427085989077651,-0.8501057912702757,0.5691065154508931,0.6456496033003377,0.5492212072096776,-0.20697350281618565,-0.05236389641866765,-0.19986150308254821,-0.16387193815277737,2.4169878272932577,-0.11228136204002376,-0.4274882300271032,-0.3717821184554254,0.17320490880259154,0.09772466974378409,-0.1169709852041336,0.001954654420386226,-1.3855509090730909,0.40915488224703855,0.2853958345484217,0.2772934043579071,-0.059454982950080115,0.47614804644071845,0.4184497545652517,0.47174043344213085,-1.7936675504259485,0.5849906618473553,0.4538370414295019,0.4234278751085925,-1.210160088378926,0.06825996996438544,0.4778466378816497,0.4097161690010856
2024-05-22,4.43155800342764,1.8594925071030666,-0.5280716238925436,-0.23619352838696742,-0.2889314820999203,-0.22261583133515297,0.14934162285359953,-0.3564078536390319,-0.5197176448943727,-0.35624473357861675,0.33535097703974426,-0.018698591456344393,-0.33680141212242765,-0.21550975988210858,0.06861501382307189,0.5348969760312807,0.27096962514276257,0.3382954156822093,0.4233837116458883,0.7515055123725584,0.6453215485521288,0.5995369575898196,0.0898941521462624,0.7249729208682014,0.7330312179045385,0.6424362362287923,0.19945174659536935,0.5962716837505381,0.6492934242986343,0.5503177257873529,-0.5814052956842239,-0.1620473419065977,-0.1961872638247461,-0.16486624007391323,-0.11645602426646384,-0.09772592446140665,-0.42523361559730033,-0.37578800557254743,-0.18691209641862372,0.13785579196752917,-0.1344418539486066,-0.0019312633764179351,0.7842954667637758,0.40160295753912584,0.2817173707364345,0.278199205545159,1.1654041042224415,0.4648787713291616,0.4160386148608224,0.4719809265950861,-0.7479756336831551,0.6167992438487085,0.44867625617961954,0.4199958661379809,-1.6076551950366627,0.004174587921215833,0.4649937689142022,0.40413060283918345
2024-05-23,4.47378514599456,4.222714256691962,-1.2201879274601057,-0.2383184131596903,-0.3038344899558928,-0.2489555764237158,-1.27835971692656,-0.40690300303759647,-0.5174420619799129,-0.3770349186010477,0.8032669182680001,0.0595281723212073,-0.3245404666950858,-0.20822939064416665,0.6365659356672322,0.6141682039824116,0.3171084331941538,0.3405132328402187,0.9914348841702401,0.818227860189158,0.6519445898849834,0.60299732564255,1.5471210479504576,0.7458133869450038,0.7279036587168343,0.64090394872501,0.4282614127468799,0.5813355501518419,0.6482723752839864,0.5575920279852633,-1.030473920746048,-0.20950704048082758,-0.20839637754790138,-0.18552900698540178,-1.1094628942256959,-0.05953944256779479,-0.42423829513860417,-0.3813145752804439,1.0236931587330238,0.21086108074308121,-0.11215392973016904,0.007973240162882755,0.8261345211864324,0.444270796907266,0.3289872746868807,0.27790174629671405,0.06488351408752013,0.4562867502396425,0.40920630893407667,0.4671293303688705,2.248617215631062,0.6194845454032823,0.45035166973179125,0.42133356472290634,1.3014306317027904,0.07451114030130011,0.4711748068682584,0.4061662241738585
2024-05-24,4.47184342041222,-0.19417255823395152,-1.2171004154874785,-0.21136775873960484,-0.2954288060539864,-0.23958046199499525,-0.9762259163479456,-0.39578672149811445,-0.5129633677448829,-0.37453550124030693,1.2995593164714956,0.03836544091447424,-0.32040420587237917,-0.19985284156194125,0.3536305203300621,0.6084151247023762,0.32702742870110085,0.34754610096298666,-0.09376946094854689,0.8146893985168339,0.7021672187939255,0.6100812806636408,-0.41777963642889404,0.7412742380091082,0.7480762722432651,0.6458486465196909,0.2587051563283017,0.573363474617404,0.6525937682640223,0.5630978729261196,-1.990448253244464,-0.17264019899524413,-0.19663555092537982,-0.18685597383430014,1.1601256672601408,-0.04380481338397639,-0.42232721084707975,-0.3824175515372669,1.0352620250081825,0.2200380491458776,-0.11189811977367545,0.017898637633305185,0.4613648060062816,0.45061946465948854,0.327414753840604,0.28401474484217965,-0.20223696056578877,0.4395910858538356,0.42267668919142537,0.4681647919518479,-0.868422345210992,0.6199190386665435,0.4596137960213854,0.42050820122226507,-0.871117412540416,0.09342178481782767,0.4833126225225817,0.4129110512294917
2024-05-28,4.54102314560894,6.917972519671967,0.12028559355328028,-0.2103959098669749,-0.21886410924898606,-0.27236189962589424,1.512346493255904,-0.16231631975296656,-0.41842707846213734,-0.31714684056922215,0.11172606367255655,-0.026622681812361132,-0.3021273850466805,-0.1738145904351672,0.9930972467593504,0.6484620711497572,0.4121437021847796,0.35531496666306456,0.7949786748804064,0.8404438657776572,0.7663842220914601,0.6019359392888022,0.8125348134361026,0.7681854586915632,0.7509275450969614,0.6463479648011516,0.16462476178800253,0.5360831870652958,0.6106237537984586,0.5735097661047522,1.71805732514688,0.08056167699818799,-0.15009998026319998,-0.18533490564626773,1.2235138633252225,-0.0199986595020562,-0.31878136040142807,-0.33105908900853315,0.5880491400656225,0.16997398064435829,-0.1307108942945841,0.03911496982969131,0.7264017525037759,0.5259048058172849,0.36273307857955184,0.2907860674403075,-0.2429219178262464,0.4447892527018517,0.46723043160939487,0.43238610501970826,1.0190216647333634,0.7231939390686327,0.46891864138839234,0.41918227847161443,0.08645631161027201,0.011389519655379706,0.4582836105828518,0.4385616919152505
2024-05-29,4.62267753419787,8.165438858893026,-2.2302058260914217,-0.4762036756790776,-0.2673839755163484,-0.3096990782214417,0.479194397444369,-0.1551914409482267,-0.3843328001353761,-0.29755495996829223,-1.097617876743715,-0.1628441195822643,-0.33634086342001673,-0.19652241728276854,0.20688541561119034,0.6454206957809611,0.4053051627328773,0.3544996161140373,0.4664920484274834,0.820351933926354,0.7655778930031202,0.6016968205675628,1.6952158590984943,0.8252190994795834,0.7606588714773834,0.6595794347153757,0.2553841064994016,0.5770049443935729,0.6049952592415201,0.5783777500618833,-1.2199674302951262,-0.08078070179682453,-0.15715997539046375,-0.2049373320270635,-1.111640269241421,-0.1928927368337433,-0.33380236452325435,-0.3393968952290575,-1.6873303595858176,-0.054523301359801206,-0.16562764440108527,0.0005137940674692799,0.45649892429107236,0.5835513537091211,0.3612994843049621,0.3082569471455676,1.1983347681334235,0.4850985303877881,0.4739183597596125,0.4375674173145958,2.1626643779998207,0.7404590649845848,0.4842101469776712,0.4354065710511421,0.3986391796328004,-0.03315472756768269,0.47566916148374294,0.4483154170750346
2024-05-30,4.55297646560846,-6.970106858940994,-0.6151990325323844,-0.3540799950243613,-0.23824170414334647,-0.2862473993635006,0.07171519635683232,-0.12573263421585626,-0.3780211716280294,-0.3555136915610503,-0.0913174856343999,-0.09694305249227865,-0.32007982855742034,-0.25031079036845716,-0.6502676058883683,0.6071397392678785,0.4226648857401849,0.3389669975577099,-0.6981177195564321,0.7992431597680971,0.7810711854135177,0.6009158612334302,-0.8235470969984062,0.8601185861138638,0.7671620672587697,0.665144661121704,0.9384678954817183,0.376659565302001,0.5497961484100916,0.531024369058256,0.9363740560829377,-0.13308638785281168,-0.17275717929552056,-0.20237531829395972,0.06847532145884827,-0.2037493660313231,-0.3308987062910842,-0.3925735978114944,-0.3459270487653763,-0.014461905936681538,-0.15641157417368676,-0.04589924522699958,-0.3831995076243744,0.5866966682926429,0.36706838813283127,0.3026514427576492,-1.3184856043376862,0.4472787852491783,0.4958816483255151,0.43891449791907244,-0.15551338950192006,0.6314052239049962,0.4785916770889841,0.42840770060406896,0.6956339277412,0.2685122145347868,0.44886256054238743,0.4219729723448391
2024-05-31,4.51140189989497,-4.157456571349005,0.9801342675532165,-0.3853950324906829,-0.24670120243969312,-0.28761552714095945,0.5674626885923328,-0.13983247894847925,-0.36733712532124135,-0.38212891072068766,-0.13388358071326412,-0.09745771648245738,-0.3205442262674387,-0.24164715948002136,0.05051197663214069,0.6160988302905878,0.4613733994690984,0.3369073980540447,0.5597860536198431,0.7439205966832699,0.7716355194512529,0.5882407181952348,-0.47423828485473285,0.8595548143190703,0.7715297472433592,0.6792511439503832,0.7345821412164257,0.31886637849855587,0.5440587070259042,0.5122471103328355,1.0964332408075133,-0.19589192982813403,-0.1747896349580012,-0.2057704607434162,0.13490004989194881,-0.18914972247820522,-0.3175694952233254,-0.3851056470431147,-0.6094889508325632,0.013284255351111888,-0.13761822096006474,-0.044836789844365926,0.43333053498545615,0.5569393736740396,0.38740543264022453,0.29565773924290467,1.1712118082710623,0.4206933413819788,0.4905640780102471,0.4285098824218167,-0.31081372199329915,0.6706439391061716,0.49143714394719856,0.43039023099469964,-0.19127026134029435,0.2695003054653238,0.44829020525317054,0.42815304902111895
2024-06-03,4.40014970040999,-11.125219948498,-0.6811414749031361,-0.30842521250820965,-0.2095972542197175,-0.25099261027841674,-0.207929416224224,0.022227203492535708,-0.37276067868672275,-0.3569089639079021,-0.8684013992897728,0.1600532078482767,-0.22042287684325218,-0.19590635784084579,-1.7075573611352126,0.7731668433424641,0.5122112406155068,0.386403284522413,-1.4719221481540319,0.8008660845378539,0.7861132922602985,0.615170313722148,-2.023818622070429,0.8819424807808631,0.7945150788337855,0.6997954448451581,-0.19012123455492125,0.257268795889273,0.5164814890544416,0.5119256468607658,-2.055584021944077,-0.06908248158300616,-0.12817516807667728,-0.14039591239725818,-0.848393584214781,-0.02744632942017797,-0.24237495693668598,-0.3494288993948026,-0.2806818260132833,0.15742120336208504,-0.10928282148257866,-0.03465401565295933,-1.1204030502212492,0.5845897754130636,0.3897375683327791,0.3253427058245022,-3.0572306803568914,0.6511147718822838,0.5269081743974322,0.47167327447794805,-2.500023180133846,0.6602331297028519,0.5202702752567097,0.4575927384759079,0.738287872977728,0.023849031923123494,0.38806365076746757,0.41170475048579713
2024-06-04,4.3347076164437,-6.544208396628992,0.8241718201295488,-0.351947021506691,-0.26346603605470265,-0.268206752882379,0.08163522652425281,0.0136811747844625,-0.3718392588214278,-0.3603955875631331,0.32473173460976545,0.15473489033332968,-0.22218328084433162,-0.2085747142269237,-0.9086132675050711,0.7854050090467696,0.552318319515171,0.4038153577342725,-0.2645999590060799,0.788825113843349,0.7791062753752934,0.6539615353941438,-0.9073467839204226,0.8863560861865362,0.799742905437326,0.7203857781131918,-0.0689708543535712,0.26085476248922945,0.5015063692168645,0.5159484865227615,-0.40205555035356255,-0.059992892841421286,-0.08799927595015508,-0.13622100453664643,0.5738994131051754,-0.045277088439261565,-0.26982473970905285,-0.36284142831169175,0.1380842100098496,0.15375319378598604,-0.15233639220765732,-0.039350198656943176,-2.0651605698098336,0.6311358654891419,0.44834163533048665,0.3507705075117106,-1.5139105844013088,0.6708108840972734,0.5588041721940574,0.49253122947102607,-2.0665981266477247,0.6970253532493573,0.5272006590608959,0.47526074070928925,2.8017796748395294,-0.1284336742051954,0.3158956296660184,0.3558604850376408
2024-06-05,4.2880473754338,-4.666024100990018,-0.8010132205997247,-0.3331328185670619,-0.23721242532915482,-0.26445393174156073,-1.269755612644451,0.05121324949302193,-0.31734130093329815,-0.34931080978779827,0.5629898230267261,0.19263960896070892,-0.23551316748197468,-0.2181927900812634,-0.23125348860851835,0.7903702229931032,0.5482121541079021,0.4057644174649552,-0.0317690119183488,0.776515886641713,0.7688356736926292,0.6511374242609039,0.027312706029366307,0.8679667539536537,0.791218517506127,0.7283340621194295,0.548065985141104,0.21083868274001727,0.47100460322313403,0.5038260207863064,-0.7808290445937183,-0.06073497626701013,-0.03224648535604138,-0.13946376677815922,-1.8475639587299073,0.0038525778465620135,-0.21344536803076408,-0.3390949633761162,0.7084064113072122,0.17002478372745478,-0.22040810643406653,-0.05197953897337759,0.08566446720137663,0.6211754874993197,0.43197070580763447,0.34768110157718396,-0.10550978817092992,0.6621351390091977,0.5573224206964137,0.49143568642993196,0.48638892454915394,0.6628468603284913,0.5200746646664967,0.4677812707764937,0.18787910656333762,-0.13392514806185843,0.3003680947455882,0.35191057932627384
2024-06-06,4.28026176732651,-0.778560810729001,-0.91799004151,-0.3220125899439217,-0.15668889175835862,-0.27741913072841023,0.7009964173394208,0.13586596128228245,-0.27983293665456316,-0.3543397979193643,-1.4434582451377151,0.1750986638410262,-0.06213286660698945,-0.21003805030985948,-1.4431146090020799,0.7576740427064445,0.6253583019647786,0.399869701469537,-1.5891145617878304,0.7030574676821543,0.7176629200114577,0.6319453904585598,-0.42502483331894725,0.8640393238991438,0.75618294635473,0.7296591037799033,0.5959677549411104,0.1876999840224441,0.3787911759626627,0.5109696980643716,-0.020497392270051318,-0.03735703367751619,0.06791672462193935,-0.13880855152052118,0.8530729412425249,0.06893044171542241,-0.11427966029135099,-0.3319414975604864,-2.5091357826952034,0.1602752505176156,-0.127313208811877,-0.04684435271588513,-1.5443453021853697,0.6131152593227115,0.5307774643830063,0.3441674118353206,-1.2030370141636384,0.6431726102415446,0.5175803214222797,0.4896781614226739,-1.2067444842866655,0.6962665713617737,0.5565873510613526,0.46347167876118506,0.19775047158355186,-0.13865009648531257,0.23158996850575828,0.3637923312256073
2024-06-07,4.42662330239101,14.63615350645,-0.578780370561248,-0.3245435139278363,-0.1700061525662555,-0.28339593682171144,2.241240135382639,0.4024923157292335,-0.06672169806032928,-0.21612546071161037,0.2649753540745446,0.18894638107387707,-0.0338968644909203,-0.18403453052864524,-0.8003697825301306,0.537243040573441,0.5059822664305058,0.3550407327318824,0.3427180826231402,0.6468592663971872,0.6988555515426526,0.6213533274131526,2.0372798497259152,0.8925279788266919,0.7888339458596172,0.7527245530208662,0.05962956274103348,0.12830094695561314,0.35169065845930575,0.5008266946230534,0.5419687441237282,0.06339523113988611,0.11541224720905328,-0.09999250750759664,1.2438795719996225,0.1961140863471181,-0.018774565904067956,-0.2737152271132653,0.7823670170752544,0.18479152813072097,-0.06507010221907243,0.0004551798672212592,0.5556790013269313,0.5878274175903758,0.5215931951459166,0.3599903150397898,1.0418013329635043,0.657761864889741,0.5264717699574815,0.48946321324050346,1.187690377265763,0.6840513928803446,0.5516282546576354,0.4698232545066614,-0.08668196991024635,-0.11260274482622339,0.20385047428693223,0.356543885454448
2024-06-10,4.46800844664382,4.13851442528097,1.6989300308455042,-0.27139233549713937,-0.15394352789789845,-0.2531954064786933,-1.5310309464584257,0.34270244893836643,-0.11896807637143549,-0.21995657151849438,0.39733344062523523,0.17042650314613142,-0.022316190309275695,-0.19274063286374235,0.512257178393609,0.5230407490971616,0.4970086708994835,0.3236591564754901,-0.08678263868536992,0.6412238374229527,0.694465374228012,0.5959443258898663,1.2307989521597578,0.8983221699987015,0.7966381463928698,0.7497204818306874,0.18502114509087675,0.1192218477282611,0.37174738528166335,0.4826170681576854,0.8810702108734976,0.15942077057929582,0.11192066496805601,-0.07710228821445579,-1.0601373909726912,0.14547851265395192,-0.07323860666080675,-0.27563549309421037,0.5931425319218642,0.178784383771725,-0.034436004911533195,-0.030402954626037152,-0.8756390672069746,0.5218404107693524,0.4858930601339232,0.3257011606061738,0.1318893703823233,0.6846178287259989,0.5469277840052508,0.4638549566652573,1.421099620611904,0.7535257107023298,0.573663691034284,0.48084268984717765,1.4741705097099678,-0.12856050399145627,0.18692527585410293,0.33916172017236773
2024-06-11,4.4000978626389,-6.791058400492034,-0.35824393003567945,-0.25009285301610734,-0.2176269493169653,-0.24621153545656535,-0.3269864417640962,0.3514166373742776,0.024412030309233453,-0.20961828989966694,-2.362921128795856,0.25827185370899647,0.03884750508257886,-0.1241879165055496,-0.45568080259755195,0.5244160237889278,0.4798156838462482,0.3367403326435334,-0.5327154324621024,0.6454901559792612,0.6624629525209038,0.599639978713404,-1.4236699348066337,0.9104749620323979,0.7900247176367229,0.7589033075776271,0.44935841683342403,0.060250424828128486,0.30053781003871627,0.4696934509309482,-0.5608696489750402,0.17384509394200295,0.03903507406284578,-0.06773983292350455,0.210414532993056,0.14579991849781632,0.05655018711115606,-0.27728358191547187,-3.121821036733987,0.26467442117100876,0.0683199883659124,0.025117247366576237,-0.793343505862192,0.5578673185110449,0.4890997040883051,0.3405003910999902,1.6546116722548703,0.5832325176894418,0.4760311931763591,0.4343954945022495,-2.274269144249648,0.7717576760356458,0.5389798652057225,0.496781213504325,0.3436130400391008,-0.1534595813655128,0.08874857045874453,0.33106310058148414
2024-06-12,4.29366209974626,-10.643576289264,1.5756192927047366,-0.324509146061913,-0.25867031345165475,-0.2836367973693621,-0.09415356785491191,0.33498788441237237,0.046490794160427625,-0.19677784780578428,-0.7466604020396801,0.2932121739158213,0.06485539886247856,-0.09776115667349652,-1.610307079601664,0.5768886105458597,0.5196174440759155,0.369110396150782,-1.652340246865472,0.6948362994941867,0.6875696765526149,0.6200457213219719,-1.071988855731571,0.9177097913326933,0.8036776532902554,0.760052148891146,-0.8177161954877069,0.18396376020698632,0.3178461438562034,0.48258300659110465,0.4240492466715198,0.13504499982741258,0.06453122509733468,-0.07995675554240912,-0.6743281916574397,0.17959195024487498,0.09639119848800497,-0.24503360774644392,-0.6328026361437922,0.27712302562441465,0.09106511887973598,0.029610488917952774,-0.7721024928102045,0.5672656991724956,0.4903837777147782,0.3542610616443678,-2.013048265502989,0.6287800818362032,0.49933824062408433,0.45611083707972383,-1.7395950790645727,0.7782916854974974,0.544094739703877,0.5070324914692126,-0.6869987785229952,-0.14361644284053274,0.08186842604926102,0.33644363045690284
2024-06-13,4.23935830566755,-5.430379407870944,-0.14444137452785089,-0.24701683547960965,-0.22862306043776665,-0.28253214099285706,-0.026399958455833594,0.3690297243472246,0.0806924244796658,-0.19892848281206116,0.6528525862975968,0.21634220805379076,0.08503219317769771,-0.12200871125240745,-1.628414966066144,0.5779454008899011,0.5382577683034837,0.37844407278455894,-0.8917138798872415,0.6769557624065011,0.6950951377487067,0.6242364426584937,-1.1194442553223167,0.9152580391243774,0.8179941572693114,0.7685612660616109,0.07542897958515171,0.17407576452206583,0.30624432949009905,0.47282454789631445,0.6698363518461503,0.1869792090179491,0.09081105951073311,-0.0986259246813501,-0.8469290711654944,0.23384520937371128,0.10094351193132683,-0.2397706268927294,1.3280865926667167,0.24395725560440226,0.09036764723439455,0.006825233735968615,-1.1025901216894687,0.5980574989793913,0.47849182737727153,0.36161012038622886,-1.642669072398275,0.6063740061855466,0.5130907326754174,0.4606157694812479,-0.5669091735860481,0.7564324597137894,0.6294611795710142,0.5039166866335792,0.9139436395281919,-0.17013074995338837,-0.0017946016227279042,0.31482467083534943
2024-06-14,4.21218802330559,-2.7170282361960396,0.3574239415004481,-0.3034372098347088,-0.22412319843457804,-0.28069141374802503,0.37709662004716815,0.37971518155333744,0.08839123347696559,-0.1964476986442564,0.5227156573549436,0.2061723771430101,0.12537139394346683,-0.12050580153714639,0.040322369926144574,0.5696045676118626,0.5284871527376198,0.3810803756153027,-0.7383200618603203,0.6952233892962499,0.6862895137270513,0.6245518898940746,0.9975601624954242,0.8855520566974148,0.8054324444458518,0.7567935043819638,1.25023469957168,0.09982893023768985,0.253908212462387,0.45150488774558856,-0.9957985085080008,0.1873501048217675,0.08462730805510693,-0.08409304167663996,1.3407466051900485,0.18696210635074065,0.06212948185426922,-0.2403376230259457,0.5580398306631675,0.22946678134271703,0.16071732739504596,0.009105219650321844,-0.46264041094960007,0.5995448016663693,0.48016648804582207,0.3708812111631695,-1.247255913624544,0.6177513366626449,0.5088163819677887,0.46123653299707607,2.3707897345304962,0.692285728416539,0.5917592359871724,0.4838858227502054,0.6577637771575038,-0.15577480896271606,-0.01803877628271445,0.3141319557425193
2024-06-17,4.27797183983736,6.57838165317699,-0.2754149569540991,-0.29684654025277435,-0.22619563886524469,-0.2831686761753101,-0.8781126539448769,0.2876370307130054,0.043061149257843656,-0.2136423065466296,0.6753994531211618,0.2680590339978857,0.1496060593457941,-0.10712592911750705,0.049107170126118316,0.5628713396450928,0.5440797652470104,0.3809925199613136,1.8871554035336833,0.699737221083905,0.7110677943871101,0.6305488830429309,1.2529554427004097,0.888531092786463,0.815838814216144,0.7648317129818145,0.5214757121912958,0.1308427803210655,0.27011915549505544,0.4689229128544577,-1.5990069061253798,0.08930774554102616,0.0366173674616947,-0.10451353407868995,-1.4255008628975872,0.08128572381350112,0.012256756412216314,-0.2583465894163129,1.103278101956211,0.26039052413196806,0.1813070783012226,0.025468326392374934,0.8330321260434497,0.6130468734105153,0.5018110059759507,0.38009351786113627,0.7828430832189697,0.6195758796032451,0.5276500130759184,0.4658128777721826,0.7495694597464777,0.681802772704532,0.615418442114208,0.48867962203539733,0.6351165247806647,-0.0750251134913778,-0.0003918631240139685,0.31844419543046015
2024-06-18,4.21591452654725,-6.205731329010966,0.16237989955153287,-0.3128089502078561,-0.24606607599550248,-0.28334060346619694,-0.7341132720099903,0.31389125476645263,0.06749457997009742,-0.19496558404246073,-0.7886850238896639,0.28025218806317653,0.16914886892564276,-0.07110672539722454,-0.01482586533848651,0.544598765637361,0.5327454432455752,0.3881870491841828,-1.1244749927763722,0.7099151520871261,0.7235720717299503,0.6636451222340042,-0.6350926491636343,0.8932097867403619,0.8152018830088025,0.780853551221493,-0.3548083913810207,0.16721211336532046,0.29856219883922386,0.48260334834762725,1.313451498207616,0.017048784650677887,-0.01419620760405926,-0.12325144679613638,-0.780385138690928,0.11196175120799759,0.034611440220706544,-0.23536883405428946,-0.13113856250883205,0.2526620071706607,0.19047081160757878,0.03268687865718303,-0.08941406134673924,0.6007569019333981,0.49478056228968387,0.39214610221137775,-3.321727052607958,0.6186028649497165,0.5444692825091035,0.496087317635187,-0.26887234656794545,0.6841137740111493,0.6057964446418828,0.5112841839431864,-1.1048326799617412,-0.022558837421080793,0.025049384529396885,0.3236667271102877
2024-06-20,4.25264390123994,3.672937469269044,-1.1224262119461055,-0.33729433870807923,-0.2630953954566523,-0.28673850948967394,-1.829478756454256,0.24350423644169078,0.02379184003646928,-0.2078200294251296,-1.0522022564362976,0.2569766020292754,0.1358180602873963,-0.08746846755217211,-0.5147487047975712,0.5291100351350563,0.5188650148936245,0.3765212804621279,0.23840091530658558,0.713146499188721,0.7261378252208704,0.6708850862242903,1.633893461512128,0.8983438313031499,0.8138629744585102,0.784018975363264,-1.9194849146211488,0.000288929929111845,0.22449556241066818,0.4383280274779508,-2.8569584640228323,-0.057528681273011265,-0.056536399670412706,-0.138520793052524,-0.8212025187653286,0.12879575282336087,0.02041912851551205,-0.2355506812522488,-0.7098446000141946,0.23283438413930674,0.17376827650099785,0.016156271521303646,-0.8211979030973695,0.5768854355134619,0.474096159352114,0.3769013728384774,1.1573766672691808,0.6344124232272897,0.5524046362700401,0.5025315647440386,1.6512617412235648,0.7045179720826782,0.6141547114907945,0.5248839370616473,-1.5417754689683425,-0.09526069795563709,-0.010007023424177171,0.3102180582757985
2024-06-21,4.25641691471577,0.3773013475830034,-0.8066265791018272,-0.33577907270315793,-0.29834661866557777,-0.28424440312807225,-0.7353582812151744,0.23125951136762757,0.027383186374138727,-0.20787438355868332,0.033322984458892924,0.25036803465178076,0.1379222298124781,-0.0944074493200332,0.26834692890179834,0.5227408574896901,0.5075768922165037,0.3759957348976054,0.0013329435975391046,0.7110836633054919,0.72443481672869,0.674012860589303,-1.868810238912099,0.8320292380389493,0.7866422701449859,0.7662523451776975,2.0254075666856832,0.02202272530314566,0.22585649772991861,0.42065543155757623,-1.3162087109890113,-0.06013070482728244,-0.09079609144484237,-0.13497860997097708,0.1506312419947936,0.1305590729847656,0.02749748644842299,-0.23338725204599714,0.28137827953106553,0.23736858191108448,0.19099998332569645,0.009938781715104808,-0.017747651126607922,0.5776665113769681,0.46271120939615457,0.37513867451914873,0.8813079201534144,0.628849532941696,0.5415266928917918,0.5007839305521384,-2.3720077169999616,0.6664105856779726,0.6169926409693653,0.5178413524191904,2.179094059502819,-0.04179539705346796,-0.011684835058929975,0.30432773358068926
2024-06-24,4.24668036152237,-0.973655319340061,0.9848929015350079,-0.2958356846314387,-0.2726793902333403,-0.28457164121708844,-0.7290602459373119,0.2853920961328897,0.03333904996604123,-0.197977299065527,1.3322260769387357,0.20452647344683567,0.1448119472780663,-0.0977938295078212,0.7874806179112479,0.47556872735311795,0.5134219063810841,0.39400746627786276,1.0949081016387008,0.6647568026907232,0.7182508921347196,0.6617363034891146,0.7133013426867296,0.8210223027362863,0.783911041648059,0.760126324872355,0.5424943853042172,0.013723253065752585,0.20671880348359167,0.4143658787909055,0.42300328242544083,-0.038461535501037696,-0.0889957241128844,-0.13679935948437794,3.9436697971707675,0.13229825818912103,0.06450814171759171,-0.21216259547056976,2.6537578705296476,0.18545316349615554,0.19121978682435825,0.008104665418612078,0.5525317414004578,0.5437717779999705,0.46244419358575467,0.4022265247026068,1.6346156828778335,0.600257671937913,0.5291701717513866,0.491862293793993,0.8413149996261633,0.6488482027923996,0.6020347863027867,0.5126774872010758,-0.5469071141896258,-0.07915667771792043,-0.0003921587247229883,0.30318430121523987
2024-06-25,4.23694865929796,-0.9731702224409666,-0.34041093236009523,-0.29719496597424866,-0.2638337377652747,-0.2845948753599957,1.1513680858175999,0.2874129010801494,0.03885684266154722,-0.20023829042358088,-0.8368157475865923,0.20258564509597984,0.13539023226239147,-0.09385247576739428,0.5607397253816959,0.465049814957073,0.5070450326061225,0.3967898718506915,0.754493676865664,0.64923780022884,0.7058499140833129,0.6798850719663966,0.9963720448304354,0.8136732793367887,0.7735879366172242,0.7630179005829788,0.012191443673308822,0.013237990255590335,0.19490051923930377,0.4161721477566378,1.932180472370784,-0.025105923750542002,-0.07112816956865496,-0.13804552072640175,0.5544190885542397,0.12856285992779756,0.0685333900867715,-0.21334742741917004,-0.3036809499440958,0.1822022280363449,0.19472287634358348,0.009725935673737375,0.01546784358387221,0.548104475272794,0.46597145400659334,0.4023020000418973,1.2280630390919676,0.5868900775107948,0.5204949924550516,0.49459541822707975,0.8000326707524961,0.6526912025568837,0.5974075024260025,0.5162147565410492,0.5972504822972384,-0.07268832429358733,0.00708572796960234,0.30612945601513675
2024-06-26,4.31473693433924,7.77882750412795,-1.2765915326156831,-0.3797725362990378,-0.3083367141836152,-0.2629146477902948,-0.05104651148345918,0.2032466370197613,0.06280695151274424,-0.17440449970960167,0.029684844969503965,0.1974213503728987,0.12582322917602864,-0.07953932113662841,-0.5281152404129792,0.3716624726154148,0.47977589964599415,0.413369581100986,1.1811183670486662,0.6618435137828017,0.7245515467421276,0.722462572022469,1.0660647333552666,0.81867929351742,0.7816251410788111,0.7687121914938111,0.7197241687024383,0.06018277093186889,0.19362679702419744,0.3855727481597291,-0.2428626149484896,-0.1259009935592777,-0.057540390719381905,-0.13461511219586314,-0.8724058651528621,0.023891525212615613,0.020898925753846442,-0.1753827357607764,-0.12283693696529438,0.14776936479657035,0.16715051992209937,-0.010755497675866012,0.08838564714187677,0.5179478563000998,0.49265920203671365,0.4147506825069304,1.2910095730080142,0.634440657227302,0.5527183385988736,0.5404451972559248,0.4217383939901216,0.6317119979240285,0.6237461554243723,0.5170372879298631,0.749912261684176,-0.029059801024814,-0.023068703194177368,0.28934954599147045
2024-06-27,4.28740450423156,-2.7332430107679606,-0.8212242997555651,-0.25859826096606775,-0.34912363279431036,-0.24876496165702933,0.5672802460823011,0.15526050468466093,0.036726048398700424,-0.16792287555294452,-0.49660811595109755,0.29562588131545364,0.12775512306237935,-0.07642302236171714,0.021009074153404805,0.3262945577690509,0.4767009583089078,0.406266028107134,-0.49433444952485156,0.6574633574767116,0.7169865943120425,0.7218925040733796,-0.3045043755677533,0.7993801932276587,0.7937909440213992,0.7677458240129919,0.10536081668923553,0.06757654694685608,0.20815078344276586,0.3821024975547481,-0.43418738310271676,-0.06551240335891424,-0.08401835968560804,-0.11692996392003653,0.9904207802774336,0.0834880826345555,-0.011680810356091541,-0.17199568840122675,0.5236017510226558,0.2581591843977,0.14433778724117072,-0.007207322307600224,-0.3353499144000127,0.4772129638783576,0.5152746103365489,0.4124759012147248,-1.2088926986349025,0.6135987637509486,0.5580817452812076,0.538882427932022,-1.0820166843710721,0.5858200498621067,0.6123272480795416,0.5160826066523947,-0.07327616798138237,-0.024593928909680762,-0.0548690951975472,0.30403374054262483
2024-06-28,4.34205085845739,5.464635422582997,-0.4234563647984064,-0.3035627679197527,-0.3241457036863983,-0.25255190351452034,-0.17125266577511677,0.16214253255438743,0.05256841418367978,-0.16811895781460492,0.940182300500912,0.35295031750577316,0.1799325158638896,-0.05754845385629662,1.3345660722032,0.3831522787420143,0.47347110007181803,0.4197182179320206,0.6530125668310688,0.6645489095476348,0.7104805830068113,0.7306856484887954,0.7283984611190528,0.796967595692176,0.8039474886383079,0.7722449195295497,0.5457107866727039,0.12697527385777485,0.19823580957181328,0.3882888012791454,0.38149602540774397,0.0011873150868333302,-0.05447677229583318,-0.10919870381017219,-1.4731791911282335,0.02110567327584809,-0.051248638977634015,-0.18835800241633835,1.2441985606856063,0.28889129997671564,0.17404082841335136,0.006914339165638953,1.6203523358407264,0.5269144738891616,0.5372477391726947,0.42549360959057203,-0.5234594580533801,0.5749262005307003,0.5207220861703566,0.5315278417687924,1.3507971733948136,0.621727872185424,0.5946094731116217,0.5214083761456626,0.9538843359554368,0.018186298922102405,0.09005589925160774,0.3099400395282659
2024-07-01,4.47815413207154,13.610327361415031,-0.43067791976243175,-0.28667335831695645,-0.31859196326437644,-0.25293747014673934,0.4590181001462721,0.23241573527216078,0.08798897039294251,-0.12346686035565627,-0.14597498394563235,0.3185035024949528,0.1480423524637592,-0.06425408117197734,0.13908793618371185,0.4092544279092098,0.46523357421811024,0.4399506806907217,2.2180325215822947,0.7610896849764197,0.7557859773227106,0.7615115996999966,1.5849546010901727,0.806335029058975,0.8095957074539055,0.7813640404606892,0.4641822087767169,0.16053683337357802,0.21339813846246725,0.3978398959595556,0.0669226417854718,0.0544982177980392,-0.0368805785414642,-0.09190110331503137,0.9567895100337918,0.09542671872677495,-0.004407400796949036,-0.14295076334562692,-1.4210603757328002,0.12403854239728603,0.08069254562034442,-0.03289324004995597,1.3701166167813765,0.6414910860385202,0.5687056995799046,0.47584153622427267,2.370308759308902,0.676660024279128,0.580688982483547,0.5679855993053747,0.6094233431521023,0.6037608775110557,0.6053131744876854,0.5216958402546613,1.7529086894374384,0.12635068847956973,0.17036900595998047,0.3331172986063339
2024-07-02,4.4345688092052,-4.358532286634009,0.6947781454887667,-0.3851091099079303,-0.3424301590442451,-0.26583656197331745,0.15749437762967136,0.2284856336995516,0.14637864117090962,-0.1426949330255439,0.30350107900758494,0.25381267941227315,0.20040600580430204,-0.04625488333385052,1.33300487094998,0.22019393669559964,0.45041878047602046,0.399669791292865,0.7308687560833023,0.6934044807180147,0.7328915095839978,0.74086888286902,0.18794505157783403,0.7670214518239845,0.8066524164990281,0.7802073991181594,-1.0780937738833059,0.17008495079936495,0.2044478425851583,0.3919655209733465,2.4662610505148352,-0.15195308712513866,-0.11102903148631804,-0.13529383859499536,-0.8588494577588992,0.06826461669589869,0.027773666241323047,-0.11639014500447104,-0.8844200218815568,0.13319992805239575,0.1379566564997484,-0.016211223935243213,0.9560380137626991,0.5452977452004594,0.5394542528332711,0.44175526524787784,2.233457647559219,0.5329118822346461,0.579317629489031,0.5290801818388796,1.0393647449528571,0.5046332363361855,0.5626858157336412,0.5095066998225728,-1.0893591282827484,0.19462036352499465,0.13605869535069598,0.3268671924369139
2024-07-03,4.34591520398256,-8.865360522263988,0.2036521785296576,-0.3579439757801953,-0.3485951651106247,-0.29358490987062424,0.18785900317344006,0.2121397954753753,0.135058044659322,-0.14679632334766524,-0.6211932468685463,0.31085498097250464,0.22903196160145406,-0.026396491181466624,-0.023628190426130263,0.16541300688765573,0.43653070163909036,0.40588480030145124,-0.6438337758488691,0.7030222173960153,0.7350026713947014,0.7400730982853748,-0.9236588125936864,0.76968089764482,0.8118377125504839,0.783038959216788,-0.48894228546486396,0.2032702218412195,0.2270526777802305,0.3907550753261998,-0.657819868597423,-0.12860574417976223,-0.0920395088788261,-0.10155018503670896,0.18022028949970592,0.07946925871678448,0.02657811745763968,-0.127293995530519,-1.359721982074157,0.1994210314105256,0.17370020423016969,-0.010790787512074898,1.4472742655400732,0.3402560521915372,0.4708279047680953,0.4121009393464047,-0.9405241462786429,0.5240709111639561,0.5842421822248913,0.5463662616385819,0.5569285100070656,0.42343873405227034,0.5395689010487478,0.4900783321479975,-2.2983386617714783,0.4569567456921345,0.1986423531233898,0.3473855085139514
2024-07-05,4.27152856892678,-7.438663505578003,0.07772854588854416,-0.3988740419258956,-0.3588324685258573,-0.28804893270370524,-0.31400831851049915,0.18558243909595806,0.13329313509687704,-0.12674777895184638,-0.22648101535627818,0.34295793611607106,0.26843862263072904,-0.021159969375707095,0.018322827059046087,0.14928590751591148,0.43001375261783364,0.39576270355946874,-0.9588276065175168,0.7233936688631093,0.7417313264267337,0.7415319675986478,-2.0287155453435473,0.7844308030033295,0.8163085856108657,0.7857153658475292,-0.46489959801191805,0.2540286097306534,0.23801991999175864,0.3886316308142154,-0.18176528022995164,-0.14159259718713071,-0.10069191386998246,-0.07124395361602742,-0.7742844279209922,0.06544445316804728,0.03821194375645737,-0.10273226588218584,-0.9209923336873085,0.2492951328450267,0.21094484853779386,-0.023397063850247382,-0.9134604837261218,0.3831137193846288,0.4841509926844509,0.4141951626731144,-0.7056807565211136,0.5351774307387623,0.5853879141835445,0.5490757080620478,-1.5059303951708927,0.47481762216349416,0.5505723442648554,0.4991795201160153,-1.155400212033149,0.4967640286494069,0.222456147143178,0.349068775511391
2024-07-08,4.26759987297293,-0.39286959538502586,0.3394843546018498,-0.4150497879082766,-0.35464363893958895,-0.2425175645231784,-1.521493127730845,0.18688695841482195,0.1584845585135947,-0.08644514183443257,-1.1913346106821125,0.34502134476712915,0.26115656049454133,0.09231665978242828,-0.32250368262503454,0.15222929113657438,0.4323447069456689,0.43971558070955,-0.05650692884234082,0.7631224894833943,0.7410640164873176,0.7380714342175095,-0.4070691695654336,0.7835482474291519,0.8141056329034428,0.7671736963032306,0.08696912806799684,0.2593977202470959,0.23227087483378975,0.33047530358472393,-0.417571412083392,-0.14046161089898848,-0.09256773047716274,-0.013313885233160743,-1.042344354819293,0.07044971193287136,0.05859560508973033,-0.03500890239390445,-1.0261178034431935,0.26051447585127285,0.21335862859215624,0.03450295669237936,-0.19377682749418568,0.4060710479393598,0.4902088408494553,0.47987574245089654,-0.11892006577766079,0.540982549781622,0.5828505682794578,0.5270273723570369,-0.38859108856088,0.48080532274147625,0.5694164409827978,0.5180165600774255,0.008761940989084893,0.4975713926922884,0.22194930792146284,0.3067337024751805
2024-07-09,4.29783449130701,3.0234618334080032,0.6777027129881281,-0.35419824888118223,-0.3392261064653483,-0.22884082416084361,-0.3000566252361283,-0.15228792181772194,0.15263412861643189,-0.08656113436179594,-1.222187837351136,0.28197494527240347,0.24077078526886453,0.08526531713489625,-0.3547978996565124,0.2911317891252991,0.42105558230969575,0.43347022150412745,-0.7654507192791038,0.7958442996405808,0.7189374124472132,0.7278075360867294,-0.4008276666391999,0.7260464945636443,0.8074571780100247,0.7640171054570046,-0.5360913246350303,0.27265872076643416,0.21237716665303213,0.3183825899360827,2.1789154333060483,-0.15069666936041856,-0.05972201988698318,0.014656698418231686,0.018179785574623963,-0.047646427839166186,0.07009369056599775,-0.027864731506559867,-0.6174642213379844,0.19678538645152518,0.194408423646177,0.03364850227536345,0.4941423707488646,0.40165414393725923,0.5028000134529358,0.4813913319493853,-1.7107372917326082,0.48919887061237577,0.566395825618106,0.5123865299197106,-0.20803883947257606,0.44494217484876586,0.5638474871365073,0.514189167170286,-0.5631678715442816,0.5616690461384998,0.22151718066490933,0.2983619786139547
2024-07-10,4.27924766211075,-1.858682919626009,-0.5705418659334719,-0.4985598890539633,-0.3577730215560104,-0.24484857235808602,-0.024680570367340948,-0.09475809012887174,0.16528569155640246,-0.10110774156968741,1.4463784372869017,0.22371910613390744,0.20402699413710734,0.08449129659501937,0.6207912971638502,0.25757383746149737,0.39320203659653946,0.4145504310475857,0.379550788301248,0.8095243984891831,0.7188998946969459,0.7244160351983642,-0.7814348937860982,0.7124395068032178,0.8077709663100591,0.7663518086818965,-0.438417550466792,0.2733880964359484,0.21078490414425236,0.32860759682468654,0.5585885255110112,-0.1838891329805492,-0.03486619514514254,-7.513316892143068e-05,0.5128163656775904,-0.020063416624723926,0.06392537004624257,-0.049871129187273974,1.2216194355180698,0.16225291874684392,0.17510379117982305,0.0441351893442477,-0.19942033708456897,0.47153600599904055,0.4862655986739617,0.47123636605768604,-0.18270252194890557,0.4940949881228659,0.5818532780214017,0.5258189001477338,-1.4246792020368129,0.4168417898554784,0.5988524026538207,0.5229618621212816,-1.3178848569491617,0.5324781408336084,0.19946931079032434,0.28042266656194387
2024-07-11,4.19170818504889,-8.753947706185983,1.2132185108224607,-0.5825356374078016,-0.38748690367841476,-0.3304366639130495,0.24454556317100185,-0.1422490641352098,0.14798780776964815,-0.021026237564799058,0.21379324513743958,0.09852193325288165,0.1849290065303917,0.06190596600161955,-0.9007340305408733,0.2923547530099645,0.4112057501418884,0.4111339926917979,-2.3183585761721694,0.8182698552404218,0.7304090058198209,0.7185662497471571,-1.2800160834524352,0.7158961468681682,0.8169494651561481,0.7612020212535722,-1.5723394962139552,0.3833628642303589,0.26414393278127835,0.33401426935198386,1.691397476692109,-0.2759866133004826,-0.08304933791834611,-0.09073479806847995,0.27849587927010555,-0.02643179981278799,0.05941339974155217,0.025323551354606764,-0.2003597717031651,0.06067125790716595,0.1743933828111845,0.06477984319132184,-2.8290775230827143,0.5090481189065241,0.5318989054714413,0.4935827405891227,-2.389378464507868,0.6202582605457214,0.602732307235726,0.5317962066826087,-0.6422002545854721,0.38504322672862223,0.5990384040036366,0.4814737783715933,1.1802187691269281,0.45824195370955684,0.1548268871243037,0.1982059393681468
2024-07-12,4.18575764024482,-0.5950544804069757,0.9974582792179838,-0.4726514653515357,-0.37474998558632366,-0.31742888163384947,1.025206934558784,-0.12851829966474254,0.14041535975979785,-0.010512519877516429,-0.1153900877871683,0.02959292762293832,0.18360855490535818,0.052344210712851724,-1.0410188251889592,0.14198038820936076,0.3990948100601372,0.40361002036272947,-0.4629847296188485,0.7900716516686358,0.7298819698206622,0.7151681541122007,0.0783544164899519,0.7031708669565647,0.8194148910591902,0.7677054390764949,0.032167399867423896,0.3434043740483456,0.25613206347343126,0.32556374706675933,2.096688095725024,-0.265993268113883,-0.07740829669535826,-0.06621294525198389,0.4507212583648643,-0.0753211166472628,0.051484077238524245,0.029375751985008164,-0.1376826306520318,0.00905818948636188,0.16998185344124936,0.066988904621636,-2.587379701728416,0.42402577092875615,0.4897297017252167,0.46522223645565886,-0.2184759175396156,0.5842177408063457,0.6032679839741814,0.5278417121602781,-0.3676942941968644,0.3007156384102722,0.5966270128340745,0.47634413978060086,0.053873038961920194,0.44522206715249324,0.14093850736414773,0.18604315037880945
2024-07-15,4.22744553630045,4.168789605562928,-1.1348853617985375,-0.5122298125443315,-0.34841928462869337,-0.3138685195963011,0.06842989757505569,-0.10929839725112857,0.16232081196402465,0.014775636482766303,0.47470261184369944,0.09584652588719364,0.16445867827694075,0.08484527063225275,0.384308731384275,0.06554474532613903,0.38730444175515316,0.4119098631544368,0.7389093553922561,0.7860904809199191,0.721536062829372,0.7200819921208318,0.8319433325407468,0.6981236473217896,0.816658883790792,0.7767870224026967,0.8168504990860115,0.37766924664192886,0.27247596931390733,0.3337914756654558,-2.2219350815270142,-0.29879581863838406,-0.08310794298497083,-0.07182459359227807,0.8176484650226306,-0.08564296413957888,0.07490852115104062,0.02995124755073426,0.11306401401503363,0.07244548892915295,0.17489944082750986,0.0848345947258745,0.64383702228472,0.4141382416382309,0.5041793477336572,0.4550617495319347,0.325688988747648,0.5653751219405392,0.5832355452283122,0.5315025582875186,-0.35291923356837124,0.26271496589677784,0.5599416146566574,0.5315171040630702,1.4558721765595553,0.5196040208574867,0.16756254980680693,0.1594763438141848
2024-07-16,4.16630366980014,-6.114186650030984,0.205674824163744,-0.5103484141043736,-0.38262356520114904,-0.3125056794843292,-0.2659345255896512,-0.08502346349372839,0.17245408538172763,0.023973072406209363,-0.3814753730503583,0.1332534112141124,0.17171446439275712,0.11991644445582476,-0.435377764035773,0.10380375808505383,0.3925800333951702,0.40990341712205436,-1.5609632627232735,0.7963618026616655,0.7314503188759061,0.7217279946883252,-0.7601488641242624,0.7457642636697674,0.8194050835753495,0.7860016281489013,-0.5206746401017277,0.44832511534443326,0.28000937610235577,0.3276096714482817,1.0058721236011967,-0.3416968168257951,-0.10308662965965874,-0.09164028770635387,-1.8106302171533664,0.017725166420491604,0.095612004819273,0.03915188582905851,-0.08090824225844795,0.0876122823100965,0.17029493201369433,0.1340268759883584,0.017430682041155166,0.3967007858030783,0.4938641982543228,0.45062089022929513,-2.863525518190195,0.5906010262025572,0.5980292213292525,0.5383295635705704,-1.2053540698563525,0.3902380604811812,0.5706424632543888,0.533155845750072,-0.5687625921470074,0.5465408629393159,0.19243260758096536,0.15910934699411847
2024-07-17,4.14499275196376,-2.131091783637995,-0.8583199706997444,-0.48607166543941416,-0.37306358025857805,-0.3024650265035237,-0.3783102356155199,-0.02396378380013065,0.16154905522186797,0.021367220629128405,-0.8282954057674883,0.08735760822800993,0.19147388952249136,0.126991215364523,-1.120856421017379,0.12417611515336431,0.3750678877886255,0.4201457633394612,-0.7892432034698591,0.7771575184647522,0.729270299140618,0.7286268120101442,0.29903233045655353,0.7171637544968609,0.813165418984828,0.7839513793900892,-0.09776807386705277,0.4257449438075999,0.27951430970748353,0.32557725705643403,-1.088810967021952,-0.2675947281937636,-0.09881002081251793,-0.08445538213997286,0.48285943917772833,0.08666940490827969,0.0833001897296378,0.03916717650326149,-0.3410664661840319,0.020446410300959693,0.16962342839958314,0.1323454291605217,-1.9104709204736419,0.36761366745394874,0.47433631140465443,0.44961318644182047,-1.2505721504894014,0.5832041789112802,0.5895716665412013,0.5459904421214772,1.6490048672432764,0.31454875304272456,0.5423673085930378,0.5329304699377383,0.08937931940402599,0.5325481765219279,0.22691928365325778,0.1601003079154696
2024-07-18,4.18750900388587,4.251625192210984,0.523505280643008,-0.43173478054038,-0.35360196024633045,-0.30436956505969115,0.5870557722001086,-0.02655714011434064,0.1754160777134253,0.03474580880127492,-0.12032799299181107,0.0455132026572722,0.17873559419912008,0.12328836503742904,0.2824066878552287,0.13863294871049633,0.3788796483922051,0.42319033536693534,0.7003889553344032,0.7706802452955809,0.7327398323021176,0.7347747403104768,0.7647982582725181,0.7211704213087177,0.8172855657518368,0.7866095623791247,0.7748488718495139,0.4449230417853901,0.29060519503428067,0.348843116837427,0.8712504254222944,-0.21354548663440215,-0.08703749475903687,-0.08364557470218693,0.8206922702366433,0.07586615702682915,0.0987514617176307,0.0509764179148855,-1.1035164107269728,-0.021366123658992934,0.1362044280295965,0.11852652977765638,1.2262041944593247,0.40602676524184006,0.48395691470791075,0.45836476291405276,0.9067522575805369,0.5647225125802866,0.593955229251898,0.5538884701866748,0.10411119196150535,0.31204063238261887,0.5433499530937226,0.5321605222741118,1.1316318143243225,0.5285168524065048,0.23765126930412817,0.17595947066990328
2024-07-19,4.23793841904899,5.042941516312016,-0.37942510394043516,-0.41801767783969135,-0.358909454986036,-0.30735564677379046,-0.3303534140284128,0.04664961048907535,0.17868263337599774,0.0293926665245773,0.07462130435053749,0.10298304810585891,0.19694350579184547,0.12112801584414888,-0.34179088759959364,0.14037437481390969,0.3672085681598866,0.41325933224914624,0.5853893745902081,0.7762892983566103,0.7357110327401737,0.7377870224847962,0.8487527242547072,0.7332259724080985,0.823637108516408,0.7895574685974529,0.8500643572472639,0.6259563929220411,0.3039600965324964,0.369890905107363,-1.1953756611766202,-0.20478179566398,-0.10727384382685373,-0.09455230989796247,-0.09511594577352311,0.09447204898511924,0.11732603070224472,0.05004558475376811,0.39115753143084475,0.023598690871606546,0.14724166474584674,0.12350743147239852,0.06490349202445433,0.43182101057727307,0.48352019203060537,0.45692062183398363,1.3458391533119167,0.5718194989084915,0.6049023649577656,0.5608235759688369,0.5990192022362207,0.29982245737303137,0.5502560756326125,0.5358313751179867,0.7720423910412193,0.6236609094968784,0.2426086057829181,0.17921818630335465
2024-07-22,4.2593753108291,2.143689178010977,-0.2617413686084449,-0.42938336954085976,-0.35682154861319015,-0.3316965369323642,-1.3999588370231009,0.006528889483801675,0.15474341919977164,0.020932002446579168,0.20713187000842237,0.10906763135560632,0.19618303906320012,0.1231697128460315,0.5361551307762913,0.1511915119933609,0.37036980601294933,0.4081893001723569,0.23193828821799345,0.7764718940058859,0.7353629842760993,0.7391636810679075,-0.13827209098580795,0.811194321201934,0.8209305150932542,0.7914296612986796,0.45364942854208956,0.7509880130079978,0.3068676653191959,0.38020818649617777,-0.02801024412277453,-0.21336618796607287,-0.10353623387341072,-0.1083399599122497,-1.8883852241001855,0.0575066400970746,0.09700712194406821,0.039099477778229905,-0.5977131258638464,0.012612897120339943,0.14277782380293147,0.12721552772386754,2.300340193467981,0.4303660549503991,0.4731195575550061,0.4491723507366862,0.35447419380887024,0.5769788944919118,0.6054804104172363,0.5556847128720446,-0.4588342315281535,0.34437544785825475,0.5530803232693544,0.5481806663143887,0.6877418344658079,0.6796279905930298,0.2720557684101871,0.17738544143691568
2024-07-23,4.23786962403994,-2.1505686789160094,0.501718957037008,-0.44729042303108574,-0.34418760183879965,-0.32029461406208937,0.5032431798854209,-0.017891933452230967,0.18105976849436384,0.022576387639547755,0.2512563143074432,0.12919431375280235,0.17512173246137344,0.1270853219343919,0.4581824321357856,0.1516180779761821,0.34943581160667064,0.4132202471987254,0.16104667286940416,0.8016425583607328,0.7279057323106831,0.7484895853628504,-0.11875944188018212,0.8300416754967969,0.8204999554150503,0.7930865229383565,-0.19327343312245088,0.7739606400626392,0.3036698747847469,0.3712817075610672,0.14375695328090576,-0.20891048714986513,-0.09004520984984878,-0.10553508094465423,0.25913989455238395,0.11159952640262219,0.1151036525411273,0.06433857276583774,0.007661776380956775,0.04423711224419158,0.12396105786715919,0.13149514428485964,0.4641905112509373,0.42719318742293694,0.4592802362760046,0.4488146087968051,-0.49343577744255324,0.6118830361667678,0.6069941401008444,0.5549438285442502,0.980597044327254,0.3284582713381517,0.5345062949431867,0.5326912865895336,-1.0974972622834462,0.6784038570438897,0.2605514616801157,0.1896942392266493
2024-07-24,4.2847589636973,4.68893396573602,0.774154329276576,-0.38725108357566695,-0.3213898723709537,-0.29331256153421614,0.6475961482032639,0.04126835192550267,0.2000622779684698,0.03956642127749148,1.2472709874268255,0.1850083076737194,0.20777190200317253,0.1415692987065416,1.3258991856748576,0.2167557276408265,0.37102938802549845,0.4248839745581736,1.1886676035963455,0.8258440293147677,0.7334481670168683,0.7512642517325369,0.6590648777277311,0.8733813162685475,0.8244651049741863,0.7939642191119786,0.13482165570339855,0.7714823102094328,0.3014038243544056,0.3654297591139901,-0.8647469414352322,-0.2360483711249055,-0.10469467890709792,-0.10791812975111145,0.8557967936320319,0.1575441968971429,0.13000957047132636,0.07871551357632639,2.3565079181316735,0.14393794513657615,0.16208698458774104,0.16247727933499523,1.1929095810593502,0.44541816851806654,0.47255603723341133,0.46023822494456845,1.2557630612441408,0.6510874145219728,0.6150600320903136,0.558944610985969,-0.587278032776199,0.3094427107923632,0.5231935962117115,0.5233311048507943,1.097346413798279,0.6994566984857684,0.2786512658625825,0.20715585433040792
2024-07-25,4.25537734554676,-2.9381618150539524,1.286639696611683,-0.3195215225368433,-0.33756704602066,-0.30351538522270505,-0.2380910199450016,0.05579504720348696,0.15403509047805097,0.06111529536073881,-0.32537415930835517,0.19891866148570878,0.20469364623823805,0.1422750072111159,-0.18937628821670405,0.29991668131856314,0.3425378657557709,0.42738844333740356,-0.1711685416055584,0.8104685746541489,0.7267965681829424,0.7522138834764062,-0.23461043076140164,0.8605858684606742,0.8225580136849098,0.7950436711498757,-0.24861238675402242,0.7532365665377394,0.30800354461849627,0.3526201601130262,1.0811928758457054,-0.23413092335818292,-0.15781275197451883,-0.10829332777275173,-0.5675718610772161,0.23993003594759965,0.10285766428909456,0.07480794798646916,0.5453239768604289,0.12850715194381052,0.13992895605302832,0.15025784962636815,-0.5092690526382816,0.4765281000565087,0.46369873227075226,0.478573400189887,0.36806056658820796,0.6095338282945323,0.6222338723789207,0.5684935055507995,-0.7843356091693343,0.301745838115444,0.5135730003847054,0.5442510212559261,-0.028062809303424086,0.693275519040172,0.29006350028007183,0.18222147862778756
2024-07-26,4.19872059068288,-5.665675486388011,1.154040579934195,-0.41150084517571706,-0.29118630518750793,-0.3482706860341615,0.5889523144783677,0.02795833473962738,0.11306062784789715,0.034842995098997416,-0.37838348116655984,0.20622853633652444,0.2667355067144095,0.14588446987790638,-0.3589535882921919,0.31896129052919286,0.33698179016597934,0.42999028920348664,-1.1521791947818527,0.8180149835594047,0.7335916743682974,0.7520950028626414,-1.1169152268387554,0.8669027855464638,0.8146528456084928,0.8053770413693063,-0.763302894451968,0.7770003746623265,0.32391987125582156,0.37361865390431565,0.02223423725962892,-0.23400932997212778,-0.1228842301337969,-0.12301902311897363,1.2019312901650339,0.19056244412412823,0.11825378006414111,0.03964159826211617,-0.9676310609481922,0.18112419467122548,0.21550706973335648,0.14544710812697426,-1.0774244512088704,0.4943801926623943,0.4673590119571886,0.5006343859001143,-1.1098969509910528,0.6168733837186784,0.6153345376904957,0.5746350477463411,-0.9260944455251988,0.3192502784924773,0.48567203335060444,0.5346793635720758,-0.8952481362437805,0.7067985346325142,0.30655007918321614,0.1740573960618821
2024-07-29,4.17632483024707,-2.239576043580982,-0.5730235248658784,-0.3499881581538312,-0.31213165131100523,-0.32651124616056687,0.08737889924345588,0.04027101722011601,0.11810756151780588,0.0482603202949726,-0.32981908404265914,0.14454467427273426,0.2718748066901685,0.17007879385998623,-1.0612491639560615,0.2539805353283664,0.327587411889151,0.4081367231266095,-0.41241961061261057,0.8141639254229334,0.7314907222235936,0.7452685101104866,-0.7145366924837471,0.8575549771625569,0.8110401779485843,0.8106549070922218,-0.9050443893701825,0.7513181847369007,0.36371641177983366,0.36495038130090596,-0.6996006854897696,-0.2304533794607865,-0.10288820516446699,-0.11848594793730365,0.29643857501853454,0.29531307436282106,0.1200353340071276,0.03973593791439297,0.07212573665684463,0.10143601895007309,0.21157045377051079,0.15412568771362795,-1.8229996133231934,0.4573905490594467,0.4637856682960894,0.49799631572128455,-1.3744577373946658,0.6499912528582399,0.6074783227102399,0.5606054759192742,1.4087186933330655,0.21227655992652272,0.474519447235863,0.4963592990974527,-0.35557130126618886,0.6936123385626142,0.3248911278692517,0.28538244072986435
2024-07-30,4.14040809142743,-3.5916738819640415,0.21645925723301107,-0.280963356578973,-0.3040068437414766,-0.32821929936629646,0.2593210015847265,-0.09411723103795666,0.12538055999509637,0.04775065126954048,0.4873868772329184,0.17579284937344766,0.2612660710913352,0.16222570609761844,-0.11954422580194235,0.27216767320106017,0.3315277048683539,0.4129357635310568,0.5934408314369801,0.6893550463017323,0.7331742874349447,0.7355409279881036,0.9644775350628855,0.7259820439469437,0.7872458015097892,0.7942898347874048,0.251283034305968,0.7581567502171644,0.3777339090571353,0.36309385700461283,-0.35463108782370784,-0.25150228642261324,-0.0881636069810046,-0.11937561548839301,-0.27953488062104,0.18962942918365744,0.12466290847459854,0.044629827926694385,-0.5278272444445727,0.38176901051610274,0.21001389952050534,0.1576204606333028,-0.6802037774810561,0.40618560486475974,0.47739474199867243,0.49949275569310614,0.5198279660494656,0.5168954279049583,0.6207589163882499,0.5696245145514461,1.5121948372872511,0.08437556386098775,0.44823339982753496,0.49191183209613365,0.2989770267661824,0.6067566040523066,0.31966877453811465,0.2829706966663593
2024-07-31,4.10363152871149,-3.677656271594021,-1.101752359193696,-0.20050154914342794,-0.3331343662901028,-0.3231009090478698,-0.2020551803061279,-0.07848966563183145,0.12481850217541965,0.09356796351289585,-0.5988737677540228,0.2108048734878241,0.23622604734879876,0.21173156326088194,-0.37663060578812146,0.3903932818831594,0.27074171806384056,0.43868265295310954,-0.47611307591628793,0.7546681598796827,0.7183132302926308,0.7390202865789856,-0.21991228414791686,0.7501596318761764,0.7679261201471707,0.7984270621773495,-0.7650328802919008,0.7612166387651761,0.38727915291744963,0.35399867333835655,-1.5965574297637248,-0.16795692008438634,-0.1545137190701223,-0.13238091054246728,-0.4968617222253986,0.17572254433176432,0.10134900434785775,0.06398924438975595,-0.49210229990544296,0.37136540589577716,0.2141230559611738,0.19762327719059686,-0.5330845521998657,0.4490537523096418,0.46599022104491766,0.5004975229370983,-0.39116097880035827,0.659889706668171,0.5852389850705619,0.6044493968518955,1.181900834162512,0.0894042466036349,0.3773688532352111,0.45986506550825373,-0.845476283733203,0.6023123429465699,0.36494085634561035,0.2604079828963486
2024-08-01,3.9769582369446,-12.667329176688957,-0.381749570876992,-0.09399473748225949,-0.2736700711450227,-0.2975364470155198,-0.2106104240934723,-0.01214855607921311,0.13299383289504427,0.09736707238174601,-1.9721742055510076,0.39306647651884985,0.33764721507767703,0.2803137195676592,-2.9937225057419554,0.6390843266718251,0.36910145051533805,0.4973700817477769,-3.528333775624848,0.8449902390033239,0.7536725346992295,0.7577135015178861,-0.2683173388019009,0.6424503962889484,0.7368022697462677,0.7782847015964145,0.9178747195876897,0.4268178308420623,0.3031267630221547,0.29215188850874946,-0.8980308506275838,-0.10682301799438071,-0.11804403107124535,-0.10262561615182637,-0.0049477542941120944,0.17693821053091316,0.1100591063426587,0.06412826996510845,-2.560680160182739,0.4934245486976278,0.3044437051864595,0.2593913250732976,-4.049444797039715,0.7420120875705289,0.5226588533012739,0.5537514724124079,-3.5369297104683297,0.7647942214659591,0.6230529745319394,0.6362567159459288,0.2565633830759042,0.09356479187445921,0.3238188386993777,0.4413824121196406,1.1356387547347038,0.2653565678489147,0.391599879012846,0.21385186786046886
2024-08-02,3.79412075265613,-18.283748428847034,-0.1845020324135369,-0.020796477070088824,-0.25070953243276317,-0.27429248168081827,0.6309732380316486,-0.178468378756993,0.04178052388973406,0.042580447824993865,-2.4880382928213436,0.6053382306973002,0.4656880861095223,0.39762231183962726,-2.7713393138819526,0.7868315225769199,0.48321287002997954,0.5665232366350459,-4.150955969505711,0.9066649799444002,0.8069450985419501,0.7939291029083235,-1.781243976095735,0.7235717325315775,0.7617253810858662,0.7861285060657733,-1.6745945109824258,0.5786327744733453,0.41183630197744964,0.36827731647044626,-2.484215848413215,0.17742308454775899,0.01958066694077448,-0.0027704551700509956,3.5391253235611524,-0.3609787589086479,-0.12378433636705136,-0.08796538424030005,-2.1849331907556486,0.5953558376032294,0.39073076324815137,0.33396094394582254,-4.288045799707552,0.8188015444925671,0.6183745205009072,0.6184435842299573,-4.467182912249454,0.8575343628349237,0.6925540256290598,0.6832581679470902,-1.0516457917745656,0.1566948266424503,0.3607533445544977,0.4409203389311362,-2.988498021910284,0.5166762043478557,0.5064397662596506,0.31440832296465776
2024-08-05,3.78180164624974,-1.2319106406389668,0.7546299739915519,-0.016962964119151148,-0.25058344740526894,-0.2692340673758631,-0.3084006585298882,-0.16780360014259446,0.040459937539094534,0.06661463737859384,0.4370651704713282,0.6402120776632784,0.4765663588835872,0.3958596268924997,0.5962192143489604,0.7780743517006204,0.4906809603918759,0.5644480108970494,0.9879978257936957,0.8892617405694014,0.8109321269620329,0.7858979264666862,0.794883854184576,0.7167953919150886,0.7581479714307536,0.7803968959957538,0.34327991726041596,0.5756491823326797,0.41254395889090034,0.3631016474250102,1.3296557503460473,0.18833589721326469,0.01931371396858021,0.004245975901217261,-0.008340809698784035,-0.35505482230617874,-0.12555075975964985,-0.0737141087688698,0.8169637753664647,0.6117406791932775,0.4102582458029843,0.33572070115927777,0.419267846944928,0.8149306989363914,0.6234312709231382,0.6198922401586018,0.4508210865607678,0.8510063729656724,0.6942915061084828,0.6804348271750004,0.2291952913488,0.16697385537746023,0.3680366815996662,0.4570981939195844,0.893202877423616,0.5166189484868668,0.5025786446785289,0.31240012993470995
2024-08-06,3.88715479724467,10.535315099492992,-0.529731604360704,-0.1304865367005165,-0.24340645669059238,-0.2805723534486992,-1.3559687130133953,-0.3398528231428818,-0.25507302709767393,0.009015887444464382,0.60635418501672,0.727866904892596,0.500178826593981,0.4111444162426333,1.6350576649862816,0.8293094282963009,0.6165276108072816,0.590281732875066,1.748621791665744,0.9237991199190673,0.862091077054239,0.7960559260731547,0.6908958204423232,0.7563886769200275,0.7232807431439986,0.7801323680062932,0.8272151202008318,0.656129282724533,0.4647069090400319,0.3817094755878689,-0.2922740836406079,0.09276707671361381,-0.018529801341244753,-0.0010014898947892992,-0.9891626845977568,-0.4149165361184602,-0.23564644044338934,-0.09572438421154171,1.2425919099216127,0.6833235205246327,0.42630098643499587,0.35440648185659424,1.8216363505638826,0.8276960348635606,0.6624495971851749,0.6418488873738202,1.9451954522080408,0.920227551534595,0.7207486720762506,0.7007945894465679,-0.41158851643480343,0.11723115268119833,0.3020439359504394,0.43525851843826135,0.4990238632440511,0.5390320121607459,0.5463593350918671,0.32076190993498016
2024-08-07,3.96562114455478,7.846634731011015,-1.7185338400277825,-0.26143822520068555,-0.36397140514740556,-0.32667915749554954,-1.5182068203725632,-0.43651667546388456,-0.27922003111243326,-0.025547488422896718,-0.06907439950788796,0.7568053928211277,0.48487317404003516,0.3963103988317118,0.8053115362846646,0.8488630649200241,0.6230827902022794,0.5906393687979423,1.9079911966090153,0.9368066546361903,0.8763786727291236,0.8065724953139309,0.1422438552784322,0.7486505644520425,0.7050558615448154,0.7717032963697426,-0.23959618007278727,0.6091254851511197,0.4415255512932713,0.36397016319638836,-1.4747555722219647,0.013345954949131933,-0.07367633635596972,-0.009299997401075153,-0.9998030522296001,-0.4553835600740243,-0.24350274388433943,-0.11926903344363095,1.3381878822339983,0.7381173652603878,0.4445033047411217,0.3656404798098824,1.7614862556740047,0.8433964555753773,0.6957194908138953,0.6463512539878967,1.0795519793299262,0.9204289778528271,0.7275097345162718,0.7145365561758698,-0.7328409345863167,0.056090538599447834,0.2506541623748598,0.44220781823944794,-0.4009941958383616,0.49652337508874517,0.505224923799681,0.29152683087688935
2024-08-08,3.99633641076253,3.071526620774989,-1.0071162539333185,-0.22638786541480507,-0.3888206055809349,-0.333482223795248,0.08954765556988165,-0.41226763928042315,-0.2799310260879533,-0.02346349319234347,-0.7372801629990847,0.7771960366409848,0.4550286744989432,0.3851649603722732,1.6888799664978622,0.8385115115133505,0.6234773863092313,0.5903296389508248,0.9768117774894337,0.9344056535307028,0.880420448375354,0.8079041064429733,-0.38570326170291536,0.699253090482957,0.6872306257082281,0.7676254510745499,0.818009571888208,0.5875103829283927,0.46931237911443585,0.3735111319175377,-0.8151750338626984,0.09707182018300792,-0.09122376522971652,-0.016871968061665875,0.8879467197618585,-0.42924565209909993,-0.2280175313861887,-0.1100803652189527,0.06868373365724159,0.7540032152406475,0.42832394353166375,0.36438866698033895,1.90069805139273,0.8314187696859257,0.6970583386354696,0.6534239412050403,1.4640092560476192,0.9134351426338855,0.7766203637694814,0.7171069856522568,0.009798605687584061,0.013074387761316046,0.21810724270179094,0.4426508392766067,-0.5294827262030686,0.5612193214149498,0.5054752186697176,0.2837532102808374
2024-08-09,3.94074622509508,-5.559018566744989,-1.264080215232333,-0.18415189235948384,-0.2967679471015361,-0.3062870389325347,-0.46342360314460773,-0.4255423790245709,-0.27408107744992316,-0.020938441693574412,0.47698341866348803,0.7281479223139457,0.42248424001230567,0.37333321594327407,-0.8411920295711361,0.8557502928029403,0.6062395362027577,0.5935787390081043,-0.3942303037454078,0.9307477934696856,0.8740698037360972,0.8075864203858801,1.6058949276331806,0.5584985442974448,0.6146556912819384,0.7319229769516057,0.7775055964782749,0.532869975210257,0.42345390142245504,0.3531868795036613,-0.5768515149135296,0.10459899745485124,-0.07014908394383162,-0.009339992003355698,-1.7328301224418245,-0.35334556206364987,-0.22385264029143295,-0.09388906539610112,0.8696945032245442,0.7042546051214884,0.39888208346633,0.34963477545549193,-1.3376002152469115,0.8746198123466828,0.7078847602237887,0.6561330548158104,0.10896856672579158,0.8942843110821027,0.7591326362248723,0.7137289930496686,3.0421602182458782,-0.07752182350785425,0.09779996730272944,0.39109976028831955,0.4299667955495008,0.5395936781233404,0.48678787649515903,0.2726218519535779
2024-08-12,3.90734443498628,-3.340179010880018,-0.559785063774832,-0.13544371817383688,-0.291905982341147,-0.2733655562871012,-0.22127628647624653,-0.44820856000452075,-0.2710278083145662,-0.007895259906204596,-0.13480261848095343,0.7154478441367973,0.4472835972175161,0.3606949019555789,-0.8604495577849247,0.8555744109228981,0.6020674809960788,0.5900950112713623,0.4482351515959839,0.91915359165662,0.8656842584675556,0.7984935853251476,0.20222214105050562,0.5366505536612524,0.6046215120106646,0.7231127888674219,-0.5727068929026689,0.513511767740831,0.4312842129199778,0.35979733380004175,0.8941737914610304,0.1672929471586615,-0.06677753228145035,0.005954103515864341,0.6103331596944224,-0.3964334471554173,-0.24403610798191896,-0.09079964319586988,-1.4708061013069216,0.7003633280442374,0.4365186982965574,0.3590913220735271,-0.13435602396062718,0.8718343971804432,0.70299696455097,0.6636674227626629,0.09865356158248328,0.8917529941056,0.7517546254222043,0.7035117935109598,0.3790145430393408,-0.057674239605298085,0.08465265392130325,0.35802892789760776,1.146899536263731,0.48171997095859564,0.4914740484461181,0.2693157424031527
2024-08-13,3.85317719888474,-5.416723610154017,-0.12812617741881727,-0.12189555182242626,-0.287022357688375,-0.2924304975889512,-0.16014366761873666,-0.45562823020962323,-0.2659736640748679,-0.0031055100141307358,1.0410810806168576,0.6333392383775208,0.41686433069127715,0.3378754295150448,0.2050006606888256,0.8404254044004126,0.5940543132064092,0.5832327500827558,-1.263361296299859,0.9191188648754666,0.8676218017482463,0.8015610302299707,0.9828840144697728,0.4669088881196848,0.5910006175267755,0.7028266843775502,0.37670941646458556,0.47839977694209296,0.44395439649928264,0.3479794450537831,-1.7526452261837793,0.25856173862147724,-0.04750769531802743,0.018954186211490396,0.6612371280224871,-0.4932364230102407,-0.24672515438483866,-0.11010867594049877,0.4107642240090202,0.6869931513727567,0.43100884714039595,0.34967009076768724,0.18439392512180153,0.8720501623018098,0.6935697673134698,0.6562097895709634,-1.6206785700064863,0.9055172820549814,0.7557229457372083,0.7104920868268179,1.894229640614736,-0.14993326025185397,0.07188888208625949,0.33558477491739996,0.14692747291012154,0.46330027784291794,0.49295482678009994,0.27877027437435464
2024-08-14,3.8210015966694,-3.2175602215339882,-0.5772999823376703,-0.12047571089749994,-0.2804098527136684,-0.2874643553582794,0.361262924894832,-0.4605212435716133,-0.24661830809718283,-0.018776589597987003,0.6022761747423488,0.6183568320606697,0.38698846411209237,0.34314513658680257,-0.22181817869686737,0.8503700885696533,0.6025056964156416,0.5780555371983863,-0.42269248413448324,0.9220422214896221,0.8624075623914446,0.8021446232401207,-0.16622062639138235,0.4706637122852933,0.575150180480741,0.6992690922080078,-0.19037462504948155,0.48025897040052173,0.43470209959525,0.3486092959831352,2.482838049677251,0.18516715973322684,-0.02901633977480629,0.0031557984576686916,0.05335188869019197,-0.4917709308315954,-0.2167652326029112,-0.11788041361129578,1.5051980506459008,0.6412090406124887,0.3872418019523265,0.3362108402456201,0.2174896002043043,0.8835252166215831,0.6867005503502294,0.6483187525022368,-1.6110873483697508,0.904756983915504,0.7540094160980233,0.706563612318099,-2.614298903308454,-0.09762662514377658,0.07254263238455531,0.32551029357138933,1.9563840717631902,0.40550687583475287,0.45265103158817466,0.28713354604297625
2024-08-15,3.92546229698186,10.446070031246002,-0.8519050478531007,-0.22219959781751497,-0.3009046923490771,-0.30392673023247974,0.5396923819501758,-0.3917338450745799,-0.21236989418279856,0.005689974158443586,-1.0659697456132096,0.47523561868481695,0.30340684699282716,0.29273950521433006,-1.3421546102651232,0.6864899782473536,0.5147739241454473,0.5176632021545915,0.30139439799158974,0.8751511605378528,0.8366212273630179,0.789737333650684,-0.46012225489660097,0.34961338786232377,0.5188064419794112,0.6650236715913979,1.669271017205264,0.5512376424790414,0.48174496134952177,0.3877355639298962,0.15510040948561277,0.17140494542273507,0.0002533539590471187,0.006595616370413981,1.7924919820221952,-0.34821628273533584,-0.15804925999883357,-0.06734046524356928,0.12371141541512332,0.6631712147167896,0.38075440323221027,0.3348672166604173,-0.9203630407052608,0.7722181147976845,0.6398338636806894,0.6120756206964557,0.07170394827294713,0.8499261485228664,0.7316259010971794,0.6927313856728607,-1.0356514222447393,-0.17024412635840194,0.021356206416050277,0.2874048257192433,0.6998480604335647,0.3942097210396122,0.44584024147879286,0.2920698208341748
2024-08-16,3.89112575700978,-3.4336539972080082,0.48222015700030707,-0.225455281826349,-0.2916180117314147,-0.3087540608001009,0.4812357457045091,-0.38966785450751074,-0.1908055286505187,0.005985000700303123,-1.1904465864427842,0.4741634210194137,0.3362247114650946,0.3074008134906212,-0.3764445091695905,0.707924428781106,0.5282063398827892,0.5175632581294973,-0.12597983999705908,0.8745876543452309,0.8370508987090057,0.7886187963382536,0.17674924623444488,0.3133330969176552,0.507627516875611,0.6655379448580075,-0.7282665080722466,0.527920495213079,0.5703549190964403,0.3911163713946697,1.8276149594714786,0.17668322994956945,0.025176459968320533,-0.003954138978067307,-0.3505501180120576,-0.3386859389621337,-0.14083287292170316,-0.05915027273625223,-0.7162935035445313,0.666112465630158,0.3992666071316774,0.3384563701994546,-0.40301511243753607,0.7810300457476586,0.6536101378664001,0.6131896531959923,-0.26544424526418564,0.8402008238113957,0.7267772172607002,0.6927813127035606,0.7985896874541794,-0.19774752737219353,-0.009579746172207011,0.28146472668653,-1.4262627251687552,0.3761534352646267,0.48980852096078764,0.2953177666838172
2024-08-19,3.86543613280276,-2.56896242070197,-0.3016702588650273,-0.22433488849528366,-0.2880234152729673,-0.30567634466797206,0.2413727423389087,-0.3741415354952014,-0.1903228369644512,0.0019546137432111766,0.0531039671832354,0.4650988000780794,0.33361060746285665,0.3034484836474653,0.7452049434570527,0.6874380294405716,0.5170750218548955,0.5081827266839843,0.505973205854672,0.8685137127949091,0.8317156690182324,0.7835004805367621,-0.2995307785922816,0.3235759023600001,0.5526131318802251,0.6665963571057698,0.9359549646332896,0.4965799044973277,0.5889740481685092,0.38158457880537755,-1.0662744042609695,0.1751922524360007,0.03667374435527877,0.0022186905642231506,1.5891840020860477,-0.30972233194646465,-0.14585559426684697,-0.06304690651661878,-0.26452288548098846,0.6911178672144045,0.399019176812732,0.34015935523223695,0.941877498911232,0.7739767027189595,0.6441499747746195,0.6038815604448818,-0.20810656850951048,0.8372445437667939,0.7275245593437646,0.6917463662703567,0.25478080492934074,-0.18605227084079556,0.0004640925684225103,0.2862943078969354,-1.3341962127538112,0.35764248690629963,0.5011659145932265,0.3149176984452374
2024-08-20,3.81612992926918,-4.930620353358028,0.2125746480581152,-0.23675419727889724,-0.3010194593324589,-0.2970648143913165,-0.35895333679458563,-0.3647317045727717,-0.18323873622562548,0.027443127530728098,-0.057433329986543935,0.4624005205350036,0.3438048680802795,0.2909805212684748,-0.14666433365102943,0.6887548835331635,0.5203403484728601,0.5005176940229218,-0.9072132938341002,0.871216197157512,0.8419420174862259,0.7822759412514861,0.011695996502505523,0.3226276878915343,0.5548306578579988,0.6604781827320622,0.20251228919017927,0.49059811006578763,0.5854718813273253,0.3756956099472809,0.24968006126794234,0.1658460740473498,0.034083955442965094,0.009935863808535571,-0.49694558531522937,-0.28996497852470743,-0.15816396511560474,-0.044496357724603065,0.12734258009200447,0.6857361217776932,0.42865731096755183,0.328161537198665,-0.905758271147652,0.780892111827421,0.6484750443451361,0.6018630302532708,-1.5177164063977662,0.8380473198293811,0.7448251280987573,0.6950616980006462,-0.0395249923894303,-0.18301507668336625,0.0021953388247730773,0.2708296473913559,-1.2116016306551587,0.37486465371394606,0.509825758008687,0.31246175559760103
2024-08-21,3.7755121900918,-4.0617739177379875,-0.5384310658484157,-0.31896406995961374,-0.2930100408299132,-0.2933338810366557,-0.9032406132661119,-0.4208179583473156,-0.17177190805275358,0.038786452320010614,-0.8756703488590047,0.42023256656742836,0.35330333088534027,0.2985775550187177,-1.4519187131926303,0.6630015766896028,0.5255578176627015,0.5024475828227283,-1.1906995571634367,0.862610038923213,0.8466580002118312,0.7825453302998915,0.055827933935389124,0.2906911046862426,0.5621373717726145,0.661122717825628,-0.793123551452359,0.49730483171405326,0.5878097997278356,0.3793279024886281,-1.557906372436896,0.2056791666917441,0.047995253185175474,0.022774665029900103,-0.7139275186137279,-0.3120741425151985,-0.1488682398345806,-0.04176336114299663,-0.34360320672333433,0.6705648650797122,0.4299491695039701,0.3295738657062188,-2.048468737911792,0.7619302257015057,0.6488521497994326,0.601989700048636,-1.8137078277977599,0.8229706717315141,0.7546501446797296,0.6956139300697771,1.2779946203079917,-0.164601360764236,-0.010811871528752137,0.2635064458333009,0.10880416929806733,0.3347596988903533,0.5087212332094473,0.31628703210035186
2024-08-22,3.86064365075413,8.513146066233013,0.25413464888886406,-0.25934274837738014,-0.22476223226539344,-0.2860498701813225,-0.19780131539927037,-0.4051291255923901,-0.1800914839316546,-0.00965051380499047,0.4621221415639999,0.4538883769205139,0.37048665745005793,0.3077173674640213,0.42796367405260805,0.6674878666639045,0.5571806363616988,0.49479590843331417,0.3677827156474729,0.8427133548617011,0.8317106476770773,0.7753076532049711,0.879722130196623,0.3485553401386257,0.5587476400874773,0.6618525900587862,0.6023459626362528,0.5144779897796897,0.5842434992936719,0.3905811718035674,-0.23422408558617505,0.20957529487514043,0.047576919037330585,-0.010302478335339194,-0.5556097810109801,-0.3462894328927553,-0.14016172908432603,-0.07673136496084662,1.0412840227995201,0.7018147035932368,0.46445031197462827,0.3386322283426778,0.541938328911648,0.7589684065812135,0.6562654139702703,0.599067328998084,0.31139920858320647,0.8221654233466964,0.7393520950643618,0.7000899068061326,0.1375860174506911,-0.1688242880999099,-0.019743163031850735,0.24894059973277277,0.5538281588307807,0.358653909602171,0.5032137345479537,0.32476702382910816
2024-08-23,3.80560081568173,-5.504283507240038,1.0035425779406086,-0.257362535533828,-0.25139425510202845,-0.25170041230248685,-0.2668497334485762,-0.3823411726940045,-0.16986103307047315,-0.0272348927819768,-0.5741220676851837,0.4585599618311243,0.37441092464255027,0.3478404218705291,-1.138531953240288,0.6771687601838976,0.5654516818297632,0.4982339908554203,-1.2955144145706883,0.8424741682722472,0.8335404331180547,0.7796670113624963,-1.0689743687029538,0.34705878996019324,0.5648545554961214,0.650595303079754,-1.399500293976563,0.5070695005597273,0.5889817445795353,0.3997581787945044,-0.03323986874876805,0.21131794803296508,0.04547401012051778,0.011965905965381465,-0.8681883661990719,-0.3010911309111684,-0.1196105563843265,-0.04462640349721341,-1.679105351552864,0.6931112401782703,0.4805507871283092,0.3944877069860007,-0.14491980217753664,0.7461803589821422,0.6518864993849838,0.5948947657248641,-1.5172408233444479,0.8239207916313803,0.7427030896130323,0.696250858854552,-2.182908380354979,-0.1345034521685669,0.008465590995631218,0.22915747801057984,-0.8305005017722593,0.35729134695708453,0.5094777853532244,0.3307021504227026
2024-08-26,3.81693273466031,1.1331918978580102,0.7987867078211517,-0.2090810157904404,-0.22705942426314676,-0.2551412684128142,1.1991423451516865,-0.2899842268355798,-0.13965099433099065,-0.011989137049926657,1.3032038986791423,0.45966811480787984,0.353743960409093,0.3531797163610878,0.8885191973199282,0.683079150627843,0.5506547465746774,0.4968608263003195,1.1508448905094093,0.8398661871283949,0.8293431392150014,0.7775297021407209,-0.05110075968952965,0.34846580558900764,0.5528629160116448,0.6453152593440261,0.6924876459306177,0.5271352532041581,0.5823358066297799,0.42614283058679414,0.2686179302427525,0.21913779654055174,0.03962455279620336,0.026188477183844313,0.9102620269718047,-0.2815199087412452,-0.07638109621251331,-0.039091518956680255,1.3325188615088064,0.6906326419423288,0.4628443938783342,0.39620604393161807,1.3099701841163358,0.756732116410626,0.641144701962994,0.5973304461120199,1.4596438367010434,0.8186146136418292,0.7521503644900167,0.6921019292412048,0.6825037603581536,-0.1259435845881237,-0.016787598360647454,0.23195480802584442,-0.732890357018368,0.3408876120830213,0.48823576823683495,0.3352928929417937
2024-08-27,3.8320759872096,1.5143252549290054,-0.4971487208423673,-0.20752338822643743,-0.21731963999669696,-0.25182813759521927,-1.3256837753227844,-0.30010374233482473,-0.22263388442541504,-0.016270349465073174,-0.5506844906659838,0.4668746683925536,0.37285715845049466,0.3494735009099766,-0.5692002131350402,0.6772433631936297,0.5671231750415108,0.4964401148729127,-0.4824381781564897,0.8480856276935906,0.8049106802850302,0.782630766247717,-0.577812053797107,0.35190848072507497,0.47923681292774123,0.6370791741699398,-0.6014165918736001,0.5024722769734367,0.5736972639906436,0.42767943842209416,0.22724846126307163,0.22601723635613682,0.04044708694030981,0.03584055676121277,-0.718167458233312,-0.2982730172754844,-0.14858637935688718,-0.04286305420311259,-1.4802818806478397,0.6369395519533365,0.5586000971742867,0.37973067258057813,-0.4111626652798721,0.7507529717100612,0.6298148431262104,0.6017687287760216,-0.16261072658601616,0.8366097889207607,0.724519132372592,0.7065424132507855,0.02881075305030434,-0.11640866924876708,-0.05113455610620047,0.2305973014961421,-0.7140749371139714,0.33295443451625173,0.4223517296637869,0.3270883615546153
2024-08-28,3.83964937489264,0.7573387683040167,0.11397518025117437,-0.2236204948780107,-0.20630634943535378,-0.27871668792454807,0.1962513957423455,-0.28942759111704025,-0.21320586786331092,-0.017760923573505838,0.03938121539823369,0.4663145145548569,0.3836547408352465,0.3367041945426782,0.35145245764899524,0.6797257463378839,0.606808079447214,0.4755557397814737,1.0610340127586593,0.8437873154491295,0.8204785211316038,0.7750765454527881,0.04454293993750719,0.34820680698058776,0.48668007040559796,0.6168438348146567,0.41910478908796805,0.5033595444946738,0.57457109870964,0.4305326448099093,-0.07624895607764803,0.21704250995756272,0.06796434053887712,-0.007762108638054611,-0.18712236073853122,-0.3119596217979371,-0.1625975657009507,-0.0658245391429181,-0.45622696087351033,0.6279809195718257,0.550719904150381,0.381600386122269,-0.23442114750627208,0.7495124034847487,0.6456568085144959,0.5988287967303225,1.0943620831958323,0.8328046492193242,0.7806790486265269,0.6906762218413373,0.6881364614686221,-0.0966128428518049,-0.0346848919382866,0.18964283836026227,2.201972563312381,0.3248179649962566,0.41320999422249416,0.3499143060124892
2024-08-29,3.86625763890919,2.660826401654992,0.19163364585910725,-0.23963742183570133,-0.19325967094311383,-0.2618213991456229,0.013377196792867085,-0.30644756910279053,-0.1986697971448765,-0.0121564651735956,0.10976309984290888,0.37250291100646726,0.37763417680678524,0.35023510667477,-0.38286288948667524,0.6048167139496905,0.6193653928830323,0.46591796307145217,-0.7751895268938486,0.7947877205700391,0.8138206486518882,0.7697787783982328,-0.16483850166726585,0.3297413367360601,0.4641327350461753,0.60714236003453,0.7293411203414761,0.648470616733434,0.575658480022305,0.43566448727192614,0.3190903147506079,0.18920455948626808,0.05884784752597453,-0.009312776997478357,0.1429043420344609,-0.34283253122137053,-0.15887906017118353,-0.05780200816621605,-0.10264962061807048,0.5487823972749654,0.5304863197277002,0.38659809916434257,0.422252936755632,0.7051226130143333,0.7118115461424545,0.593104783392512,-1.639490552660125,0.7598706462777994,0.7600018257612904,0.6707467950529862,-0.20306857939341216,-0.09576267265987347,-0.02255918639393404,0.1658440899113005,1.3776293350399498,0.4570543262773143,0.38729329371010035,0.41583137907436063
2024-08-30,3.91014085021176,4.388321130256978,1.2658628697100158,-0.1938114277183175,-0.14362608607343144,-0.2440106981272365,-0.35302646317337594,-0.19227749290012575,-0.21669720166038178,-0.03365825855221734,0.7418663411597954,0.012204844587293233,0.39590179873763004,0.37170205028584047,0.1674237541636896,0.3966669323279751,0.6371625330270173,0.46886695160209974,-0.13511805921158726,0.6265695847284041,0.8061703915549869,0.7691297129920577,0.3933674635768223,-0.014975556279013261,0.4451116706101891,0.610553730043404,-0.10667199193517107,0.4804938223750722,0.5599221407900442,0.44000061110921657,-0.0676586189916577,-0.12911087148382303,0.05615220720016178,-0.016277439105930398,-0.17425380845988148,0.10303908878664321,-0.1884127438879294,-0.07991287116496291,1.363531278678589,0.39945518850697015,0.5347332199972551,0.40706342265557166,1.2075870732790153,0.5108944827252637,0.7192493867018914,0.6030911907957538,-1.8828128976984075,0.5145536965131281,0.7255313306033374,0.6490918429618692,1.0540934549746435,-0.252049787234455,-0.03986547352211362,0.17981444056427823,0.34160034742843515,0.18065808149485243,0.3698962453847015,0.4193418046858107
2024-09-03,3.84334609714659,-6.679475306517002,0.6850466250005472,-0.23969294647296754,-0.16385091769617477,-0.25802019519005537,-0.990453860297072,-0.10871625063402289,-0.18209083163965634,-0.014083954283150636,-0.805892399709681,0.09582274233677517,0.419971962235404,0.3869911452457979,-0.6762133290858102,0.4385626389159087,0.6395995394009879,0.4799543980825319,-0.7497433990231616,0.6745954167049055,0.804969020632042,0.779335499848673,-0.29674868148214406,0.04769883647924459,0.4516753179609863,0.6120527170095507,-0.2334066257074625,0.4975038719489581,0.5601162017607118,0.4438306904075065,-0.0252164328826594,-0.11003819618895147,0.0557098496558568,-0.016294066373069946,-2.030568476723776,0.2168789744368568,-0.12867600971165344,-0.04799883728955814,-0.6932924740088942,0.44599494904034126,0.5490845997866363,0.4272803287207492,-1.1003756782570515,0.5530153618485106,0.721513670864547,0.6124127196332755,-0.9370049771240705,0.5395524719024521,0.7236670949321868,0.6519337127153257,-0.0826268953731133,-0.2283381879241581,-0.03505043062012112,0.1821784372519312,0.3581613411685245,0.17320161052695393,0.358457226116612,0.41168251364576997
2024-09-04,3.76750058546372,-7.5845511682870015,1.0288005189440002,-0.28848021571078974,-0.21163265945238724,-0.25920077106070255,1.3281338101667741,-0.0919037016210837,-0.22210017696089351,-0.20262019924792699,1.103421051237712,-0.1008863630299971,0.40102839851631517,0.35067394379320577,0.6726783343093744,0.22101305131502522,0.6064373023477453,0.5143653513511613,-0.4133247353217328,0.6014021916396879,0.8116184051688787,0.8021038065471835,-0.07487968153457472,-0.04165976447474717,0.46175739512745984,0.5686160002974735,-0.4444821159975533,0.485322793400903,0.5855507596120613,0.4720528219081893,0.12483180925667181,-0.10656891434561484,0.01721591102021787,-0.04102437701002255,0.9629026156759686,0.23958376427509911,-0.14957480487393152,-0.11440624190914478,1.3072777061112415,0.26626974484648036,0.5111339746771657,0.38756673898320776,-0.43166662938890576,0.4806424885724653,0.7110667169671607,0.621074178370423,1.2437081327886945,0.3032556432188291,0.6948016667381075,0.6216255310453043,-0.5479940184227328,-0.15405102565824605,-0.014879400770600305,0.16018989378831516,0.11381358259324159,0.14543706344297208,0.3671879744000339,0.4362732144054878
2024-09-05,3.73163380623406,-3.586677922965986,-0.5855474074178879,-0.11382492019160943,-0.2056112507252863,-0.29819985841958874,1.2240719144577596,0.03713694810403941,-0.22958995477438976,-0.18733135624008762,-1.8925423724620507,-0.03122042626492468,0.4187664375961408,0.34605675486262083,-1.9702392841073122,0.17579168491806413,0.6064617622785031,0.5057181470657598,-1.2398074024658177,0.5223419000683173,0.8150540221911677,0.8060700190077388,-1.3856683273900834,0.0015573239088941036,0.46210897005070245,0.5590734463801271,-0.9981844559780577,0.570589961436693,0.5855996783966644,0.473689565072108,-0.4444828575844064,0.02577539525496407,0.02134066593243507,-0.050989770343292995,0.4727297645952957,0.3360552126543481,-0.15219437114132006,-0.1042635720668917,-1.2439777828970782,0.20506712915928318,0.5244656116336114,0.3855161944928691,-3.495776874817242,0.37589158415413254,0.6923082323123357,0.6187477228241793,-0.7491930154914881,0.23128633002212687,0.6959335946979334,0.6226513539164192,-2.5760884379338114,-0.04139879825693411,0.004773470305770709,0.15400800231043174,1.9824841665382373,0.1464346821055882,0.341419373887274,0.40251650965666086
2024-09-06,3.70892777693104,-2.2706029303019903,0.6747913085349602,-0.06099417320852565,-0.16681868088784063,-0.30877985570080885,-0.3919376386150848,0.03813586321044177,-0.21871315757280618,-0.19245604783212877,0.47494240054170866,-0.0018423166508960683,0.4357981641871344,0.32257473086704036,-1.121390477564624,0.096150487245835,0.5998865829671847,0.50411666224257,0.6026460403269278,0.4654324655895947,0.7984017313473618,0.8027643895887012,0.7306478955654527,0.01674372812583511,0.4207488035202213,0.5432841464630713,-0.27072284528982404,0.5514547197829577,0.5620715440191582,0.48805022757323074,0.9958566884970206,0.056456485461882304,0.07153817984343591,-0.060624998013210064,1.6872791461826275,0.2715961581079543,-0.15119215665203617,-0.10518399929409765,-0.3534675954332802,0.2075523776520744,0.531828881919447,0.3693111315580626,-2.3086670898639357,0.3211720623261882,0.6687871016971169,0.6108721752590915,2.2893939450034564,0.12699562470501907,0.6446074845104798,0.635764820930338,1.0253979999286074,-0.046544050682177915,-0.0182893854342643,0.1253988695710761,-1.7797812890544638,0.1854913080909128,0.37747703279308803,0.4052356580684255
2024-09-09,3.69760632443716,-1.1321452493879836,0.9361468948883807,-0.16163792013688588,-0.17035675089352378,-0.26463924245874404,-0.7712787807882497,0.007455407207708849,-0.22745698571897532,-0.19472255246808082,-1.1966158369475455,0.02459098157953929,0.42698734383712167,0.3058755948865913,-0.20380592949545595,0.07175788219920051,0.6064649253479163,0.48316002283744225,0.9084346338256128,0.4434622258374892,0.7919222265155489,0.7910517343353188,-0.26901119399442575,0.14902937328001808,0.41957997159288923,0.5277330281371811,-0.8988444638218047,0.6070791546014478,0.5508843149666135,0.4700513532291271,1.0981225193300572,0.02664055647614384,0.06900078822387178,-0.051132722440487756,-0.9211882364590203,0.207409791267379,-0.15114106212103612,-0.12464084676424475,-1.8468065389808321,0.2396653642019399,0.5138344442767631,0.3548395909152678,-0.9236281624484608,0.2955399498006019,0.6896962176164412,0.6141195412762723,1.8644182865057666,0.1386411196807278,0.628050638055237,0.6142618922466779,0.7370550163008542,0.058420901103250975,-0.01699707669607699,0.08681041442969184,-2.950169170771968,0.17030683483734388,0.34517741140365193,0.37653213890852233
2024-09-10,3.64321883687476,-5.438748756240042,0.25787874250854426,-0.19590015773327812,-0.1451051883758794,-0.271360977370155,-1.1782260933126238,0.0672999754852708,-0.2006387840631085,-0.17046834429493005,-0.5763555990858849,0.04645127781067057,0.42126924084677764,0.32647125492870915,-0.6669971528185985,0.07493306583737004,0.6033204973220058,0.4787122392496034,-1.399457638070432,0.5022193318338728,0.7913798844570974,0.7915429744447529,-1.2433481087826816,0.22633751778328923,0.41569713458916857,0.5278491120027886,-0.8446140010262688,0.6191019993639613,0.5466714265657776,0.4806909804983997,0.13197579128616654,0.044178743904166345,0.11763097579177398,-0.04546003934407605,1.8889498052152511,0.12642418856662982,-0.19244703325284349,-0.15306457844418941,-1.7040148665777823,0.2689899529356543,0.5236560969654328,0.38936832064705673,-1.4830341400128482,0.33004283689898306,0.6896924372631495,0.6155601574345299,-2.190889981326816,0.19736062335193413,0.6326330863775241,0.6147874508738855,0.6843817125354803,0.0393574159754549,-0.016096044341024986,0.0729018818807147,-1.2847505324860629,0.22717236678162508,0.33798672856248496,0.3986451361398107
2024-09-11,3.65250935761643,0.929052074167025,-1.2825980671858082,-0.24417595408399195,-0.15251348853620644,-0.2721637211970773,-0.09662812988952307,0.061663181169876534,-0.20614085563019982,-0.16723241155409144,-0.4937092422701921,0.10824798231412823,0.41523680541919505,0.3295112965161833,-0.8963036036283616,0.094689449511913,0.5953863354642172,0.47300974028553305,0.4660260138593344,0.4824373218317454,0.7883090044050786,0.7917502926472868,0.6828517814039776,0.35704001516581163,0.4073238559901095,0.5414948671327228,-0.13166157287673919,0.6632801159135776,0.5381633539550398,0.4990270435804553,-0.992625910342384,-0.07540264720582796,0.13427226915427948,-0.05396119206737967,-1.3911036589829666,0.11546602537167948,-0.24516227151399572,-0.15387550844311704,0.28354577994495045,0.309249768275663,0.5314111394814495,0.39528798840465934,-1.738950181689968,0.33542507548530354,0.6850435331125303,0.6037279972213182,1.7456163455962783,0.18393128058155211,0.6236869896991791,0.612228697397421,0.6884796880186623,0.13167311924808756,-0.03648240982064814,0.0883993186487176,1.0271338534113281,0.25340413104759896,0.33726632147376673,0.40482173976446356
2024-09-12,3.67868395302133,2.617459540490019,0.20150978388383356,-0.2769484006864381,-0.15404243397651374,-0.26495667426685987,1.244339757298777,0.12853275044195184,-0.1674761298442703,-0.12298294242780966,-0.8691225244343833,0.10758500817490703,0.3962669501971722,0.30251063980006937,-0.6245345516038208,0.08946055020268524,0.5874476309368633,0.46717854781274654,-0.1802904087727264,0.4726492408407044,0.7844205765107891,0.7814557058568715,-0.39072762187306886,0.33854291287578614,0.3974575589619821,0.5188248425224306,0.6758785388060993,0.675686786362953,0.5447951398244811,0.49693809292677643,-0.25072450035544014,-0.028907669432175112,0.12957148398144122,-0.02770598905367531,3.7073721080689155,0.18763628312053365,-0.16865981944479203,-0.08847997269588288,-0.43674181496390085,0.3664022212409568,0.5233485275404332,0.37531426148678154,-0.4093543696084793,0.3603978821858029,0.6858415284140208,0.5952649693587454,-0.6866980113501446,0.14791800492726748,0.6152474359233057,0.6031754109597776,1.6030581043958272,0.13526333247257336,-0.010213711192418299,0.08951598689155525,-1.5155022419450623,0.26362116117414686,0.3090534967940767,0.37994069170357
2024-09-13,3.64853339589231,-3.015055712902015,1.4378729029056287,-0.13343395685702966,-0.17930829360746173,-0.26654471268380436,1.0482375796395424,0.022015351705052272,-0.1991205691733502,-0.1448081953619543,-0.325702195648192,0.27515548716552285,0.3995233884427808,0.2952151579620918,-0.8450068666772128,0.30402245413339163,0.5843308892226821,0.47524794621237243,-0.7126069696841602,0.48420109735418854,0.781734006427567,0.7790170036668135,-0.3512113538230879,0.4819357758582947,0.38295235862330607,0.5147077996718455,-0.6740168012682912,0.5555669006662205,0.5337420819770143,0.4966742600625129,0.5859794203027455,-0.07324975874228443,0.10104288473901182,-0.013546224637614564,1.9163029796947488,0.025957648134393368,-0.18962866144856244,-0.10789031047094477,0.3910819163130146,0.355333106196794,0.5500606610506948,0.37388243004632965,-2.3796333418574145,0.4692667654670532,0.672509339006678,0.5997499769169541,0.35187138608486723,0.14001236220459554,0.6037870675920511,0.5937455284247485,-2.2789493940484196,0.34131982229259306,0.006707332589333466,0.09449651380551709,0.6530769326406785,0.19107547388411453,0.286284904156732,0.3664601617443538
2024-09-16,3.61949339574679,-2.9040000145520217,0.40377124841531487,-0.13013990864084468,-0.1695578209723898,-0.2546377271727901,1.1459372803075745,0.009997153786604639,-0.19581026994796993,-0.12461930150188553,-0.26633018965633615,0.2550976135633857,0.39753761617131994,0.31540495063285934,-1.3270587308347903,0.3180173177193527,0.5935901185859258,0.4836047802279749,-0.23301045799403522,0.4892730152795338,0.779545946351543,0.7795795826658306,0.1040059027460688,0.4910826925261254,0.35730849336646964,0.5056146878409113,-0.8339344148948111,0.5511982793326341,0.5158744833766705,0.5602065810925532,3.3187217279319263,-0.07460868798926133,0.1000913492284111,0.004667858455846591,0.3155820717240607,0.01368252586315928,-0.1865049512199974,-0.0984209338161145,-1.3641943379599437,0.3573507765369085,0.5454802699809493,0.38629474588878693,-0.5658894205373715,0.47531297800012545,0.6741377874750609,0.608596062952872,-1.1820004748570943,0.15089460919539982,0.5919257919046697,0.5896692310954014,-0.10239734030360337,0.36517718231852236,-0.003951882401963041,0.0780251722087542,1.0418684912256673,0.14930045546050483,0.26371670373546086,0.38397705056013526
2024-09-17,3.64092808624802,2.1434690501230147,1.2707460851631582,-0.08579471858616813,-0.13389230422366197,-0.23186577782760054,-0.30130174331630066,-0.0019613553786951565,-0.17929219736709973,-0.12473743136486565,0.22134742552196152,0.2788414705743458,0.397732220308949,0.31770615132569074,-1.5829653374006623,0.2853708717409941,0.5545812220651624,0.4597626084064716,-0.05473574862280001,0.5183287920556227,0.7767285992066171,0.77806974393052,0.32900027950833854,0.5059668110048011,0.3671299773135973,0.5416248749688929,0.3028497291242739,0.6412093856093055,0.5141800995335348,0.5890537872892244,2.1477732520099355,-0.01047372819869456,0.12667910620567366,0.02566625649396961,-0.03825705540162432,0.021971379769520467,-0.16834444036669444,-0.09978199791930545,1.1136012078527642,0.3911667259188242,0.5631912328875263,0.39088052137240514,-2.7198304383436316,0.422402188635065,0.6313337647317246,0.5782566426133017,-0.2575103484175649,0.14714807126142782,0.5864560520211687,0.5875822454244805,0.9957222676516896,0.3905839086797064,0.016029341746130053,0.09748230249459434,0.7032259921489569,0.15853510524627415,0.2638753822318641,0.3909535926255484
2024-09-18,3.68589037959254,4.496229334452018,0.5652400301582401,-0.08202512902448045,-0.11512337537707064,-0.2213616890509481,-0.035476284842816064,-0.02790845572343988,-0.17681971971417848,-0.1253612826854998,-1.346078135887776,0.18130257220229906,0.3528834434122727,0.2955172074475927,-1.3015092828190176,0.24335696106596388,0.5260371028947792,0.4384827843839614,-0.43806506110679994,0.4593298173997101,0.7628141003548374,0.7747855766176606,0.16737811086523519,0.5376932416043039,0.3696925533551877,0.5453332472034007,-0.0959896459318656,0.6851626484472634,0.5067546581379143,0.587421117625627,1.8373382142216386,0.07847528075087694,0.16119448466411582,0.047426631758093876,2.1695190522626464,0.08416297384620648,-0.12208968989431979,-0.07779081149650477,-2.1642076820666127,0.26989304467895525,0.4901916499731578,0.36874613124181327,0.7822043768949744,0.47708437071146637,0.6467034374875255,0.5853607051481523,-1.1839073061472951,0.052205833160692154,0.5598676908038543,0.5783276361292845,1.4337696305795413,0.43716076162644674,0.04582431098780526,0.11497503610315155,-0.9131761775419824,0.06610232804165943,0.23961255539503262,0.3741446884778855
2024-09-19,3.73862562709452,5.273524750198,2.1692043315854272,0.018796861625853926,-0.058127407491839984,-0.1615765545514796,0.2803460653030081,-0.05977630247845384,-0.19021864630267277,-0.11886204087239613,-0.4230684217090239,0.13114224672916294,0.3118198362453319,0.288754035443182,-0.39481609625231995,0.2117708205942204,0.4988013025319758,0.43511666842073554,1.082859763016096,0.48891882209013404,0.7630457350692218,0.7833390935586558,0.615433558721536,0.5958684233770947,0.36999161075708936,0.56080016056012,0.40947126665321587,0.6914987855429912,0.5146938996694836,0.5917361371539628,3.966753936050266,0.18186082572984283,0.24861991597107902,0.0971555791617594,0.14785404652822365,0.039298310406755604,-0.13727882135533148,-0.07717207919214608,-0.9865257702094397,0.22558255144840195,0.43555914237375354,0.3505181263679516,1.4695892426154877,0.5106376749293787,0.6494734563834847,0.5947399138146673,0.9756799058061763,0.052723930159850066,0.55802017321047,0.58982491122158,-2.660777362499136,0.2883120128678162,-0.005483514554480772,0.06745943675735355,2.1720064048875836,0.1671167903289131,0.2595214218587041,0.3936243262620083
2024-09-20,3.72717103134002,-1.145459575450003,-0.9979835994441917,0.07422182828917652,-0.04983005540920748,-0.12189512154207534,-1.1346036044192642,-0.015470128416367121,-0.1885502211546095,-0.1167696620826757,1.6427610549133442,0.02212659124962078,0.29489285958432754,0.27453561378168206,2.4066454054954463,0.040916651974419724,0.4591780163891289,0.42195566432903703,0.5766974241015779,0.4669452500862309,0.7603655855939395,0.7744769908223416,-0.4705392852243746,0.5172798990751613,0.36659290334473343,0.5427500329906638,0.6359149752334945,0.6195493398980504,0.5087975788708846,0.5752064120306722,0.48343723589827237,0.29745460940855917,0.25514953421934145,0.10774504309915738,-1.3991674545353283,0.13279295107343544,-0.14096750694525026,-0.054949248218075425,0.23041032171833642,0.10358318754340737,0.44321087402271925,0.3543647307828757,2.9252859549372574,0.40118567867953364,0.6123856523298233,0.5755262299309284,0.8040635200094912,0.02221542024261419,0.5599574692073622,0.5761845128247957,0.2567670394806336,0.3077063195615816,-0.010323892328389535,0.0604698472399492,0.8715916521637175,0.14326810326289854,0.25867528135115525,0.3845369517068555
2024-09-23,3.73563758063506,0.8466549295039982,-1.8277070559344384,0.06582429991268654,-0.04313518665891835,-0.13552955907979644,-0.4169163714617281,-0.05005373317257483,-0.17829569623676095,-0.11543477237902001,1.7320202273036993,0.025052061011004295,0.29601825862806763,0.27330796177692,1.274740250975325,0.021163907485135254,0.4632053919750205,0.42359990986869983,-0.2858421149022464,0.40037853956343833,0.7545418191920892,0.7727235402273234,0.38958708699980804,0.46614412727501114,0.3530221185782776,0.5430368790255582,-0.026434607739788785,0.5712732347901329,0.4991719148990828,0.5770722848713616,-0.04787259310048331,0.2585024441749396,0.25294958928108807,0.10424634776256053,-1.7074109700014626,0.05082412900531467,-0.1379762224101262,-0.058398271580745904,0.9536343805407683,0.0478511374439619,0.4389624616834449,0.36163817599598347,2.152245597731805,0.4349276573003528,0.6048015111296711,0.5720038713748763,-0.34660081593190406,-0.06158181429519889,0.5543340764009559,0.5744394611746636,1.1067318240618944,0.23165927051657587,-0.019924957657496956,0.06012542415722413,-0.11268272289695358,0.09910112702540934,0.24671084939520632,0.3835415170350072
2024-09-24,3.73465373827399,-0.09838423610699643,-0.6365109774525406,0.050477438566918525,-0.04948530000852772,-0.12739514807779068,0.6847520100315871,-0.07817047382859864,-0.1706359367701426,-0.10963565182283036,-0.2838883558169343,-0.0066499459620395695,0.2948104170517073,0.2551203557600179,-0.3250452213022208,-0.004657644712921765,0.4625476424021844,0.40652720747780396,-1.2282151310709988,0.3669429201354959,0.7429522251399089,0.7624100911567632,-0.6330282627002525,0.452339479867443,0.34477555880746796,0.5288660080498463,0.19652869243623008,0.5711924341321534,0.5031327644321864,0.5704164487348277,-1.3999493900264675,0.24352730867366876,0.24148968540739996,0.0981352627998926,1.2869728649100542,0.04442396388326802,-0.13273997235368484,-0.031206850009326957,-0.9464870974472863,0.014684094090786278,0.43548127101734313,0.34147317944615546,-1.6651246760492895,0.4179568358092141,0.5984117011111932,0.5559476380149752,0.2998105416888704,-0.08709801258208888,0.5553321323017733,0.5848914654019505,-0.741016360179152,0.21864511800860534,-0.01834691023278722,0.03810166258747073,0.630997800822144,0.11599018922163476,0.24698418666094127,0.3749724734971888
2024-09-25,3.78011821058351,4.546447230951989,-0.6495229021925053,0.006468623849941546,-0.06313293030877525,-0.12141165222011635,-0.0992735216439522,-0.049201875217200416,-0.16587548644325162,-0.15036612619198056,-0.6483281704855326,-0.03103598013916723,0.2896476885254756,0.25734799138005465,0.08129440107036778,0.030959437822807873,0.4690450162699036,0.4164168953681675,0.3519202534539394,0.40671625774317866,0.7575425657536118,0.7401166481783501,0.7235523644480191,0.5335531870109594,0.38956445857998945,0.48834151788037716,0.6935144530426176,0.6477970728489338,0.5211232156236584,0.5818488874944775,-0.8943454844838263,0.16233023121257026,0.21488618288211153,0.09207491312913697,-0.5392747607026143,0.02200842337786603,-0.14929006655757251,-0.07488360149803562,-0.7003338025451009,0.020954455279998303,0.4180063654075651,0.4075718752236052,-1.2753176273547902,0.3697692169713518,0.5770432872807048,0.5282689883797493,0.17149640230243168,-0.07116265459937232,0.564649089074716,0.5518110882793731,1.4878390061355744,0.276870155153679,0.020694315683752615,0.039480460307994965,0.46088410565462734,0.1417462183153616,0.2548691981407468,0.3393640395837881
2024-09-26,3.787695115065,0.7576904481489954,-1.7145968997835437,-0.01738481770757336,-0.08902305038178676,-0.12244242851224794,0.6663467607119533,-0.04055441956116238,-0.16017153129027142,-0.14068190731440752,-0.33062612214716164,-0.036541149772247,0.28463741779896223,0.26284288897204544,0.4313016713497824,0.03196489320787463,0.4715723641506763,0.4450795180980808,0.4316325423782815,0.41724701282388893,0.7578453068753068,0.7565173534434172,-0.0924830559530816,0.5307201491472082,0.3862266380351862,0.49385523896730316,-0.26788979792124157,0.6429515718304519,0.5127896394052511,0.5762665824424938,-3.067952322442301,0.11382322350054913,0.1743389750635775,0.09406353726616674,1.670833727414032,0.03895016112749586,-0.14730299657340362,-0.07543212914157449,-1.8786009661988294,0.001923462249448343,0.3963277231277491,0.3861433027365042,1.8744387346247526,0.3682444056703257,0.5735632811082346,0.5404465434052502,0.20570661306553273,-0.08228030441058344,0.5662256611566819,0.5893028992840409,0.0015609765627586647,0.27086785779865474,0.031081373569207385,0.04816001975392016,-0.5017536475754945,0.12006240020709928,0.24427028674680995,0.329950678568991
2024-09-27,3.74772678139941,-3.996833366558983,0.5612640855185376,-0.03466574254647236,-0.12484685171261786,-0.12489321908401836,1.3892063972268,-0.10331149827603923,-0.20322926403000965,-0.14939439619116682,0.5122539461279004,-0.08247731230721184,0.18907902001928123,0.24535954198345122,0.7963817332739139,-0.01980926930772466,0.3720584496789723,0.4440199128574131,-0.13858378325071358,0.4591219263352988,0.718178201785326,0.7590229315312185,1.180700368419024,0.39875063261389626,0.3451347715693931,0.4491023553267547,-0.3437625820407777,0.6303339396867796,0.6319249103804384,0.5747867074034498,0.2028991926875392,0.12066321094751249,0.14411875169010382,0.08106628329513309,0.2768448733349824,0.05069689206347684,-0.16707822234804773,-0.07719401481015585,1.1991639067814848,-0.07670299363578467,0.2966747347899855,0.35095047575862004,0.5460305498934273,0.3155201234102275,0.5046306150005322,0.5771639928468062,-0.9192868435602237,0.005092939995932775,0.5110188744415363,0.5913927483546098,0.7412177338602333,0.25521790709745534,0.032006663057214786,0.054193279399449124,0.23150142012400976,0.0749017934375614,0.30737366833621627,0.2932399248559284
2024-09-30,3.80092517012434,5.319838872492966,-0.36941677894309466,-0.14187088447014845,-0.17322754781111965,-0.13287596298679002,-0.4285859221062558,-0.11542260860564948,-0.17243866494446936,-0.16878819644868018,-0.5220047116871682,-0.177669379788119,-0.057543827042903964,0.23485968003296184,0.6026220806659524,0.01853687986847264,0.23061381415693433,0.4645347389691524,1.2908125331047902,0.5561781083868175,0.6056677759128086,0.7637155310717407,0.5730461496244545,0.4163493450600418,0.18016525751300905,0.4341539226722626,0.3479828430924672,0.6729357940922851,0.5554404262987856,0.5744360557317199,-0.9452284790637344,0.07029271007830416,-0.03963753243019965,0.06144152167873782,-0.5981698142429694,0.022468242004866384,0.030806820083774687,-0.10662986959846986,0.9553394945411582,-0.08647546173860102,0.20227581879280823,0.35630689204867716,2.73726041095974,0.3679816652279521,0.4062220806995815,0.5912210582495998,-0.5120813889253021,0.07793098925686837,0.31783240625153636,0.5832256720104294,-0.7712720561241404,0.14997668163545913,-0.0729281345621126,0.01236900529239768,0.2610433759535168,0.07122139721400814,0.12951025440119884,0.2773084869458225
2024-10-01,3.741968738614612,-5.895643150972774,0.502430281198309,-0.12643619068828013,-0.1831200645400181,-0.14086561382136673,-0.25367280818137594,-0.20181877378548102,-0.16269367006529176,-0.16506599343571224,-0.18273203146589795,-0.23911488723463076,-0.049425160494593466,0.23840237250711718,-0.6337395838704893,0.011967566866755982,0.24748500795609835,0.46679974887711057,-0.22626706452638723,0.5162016025482242,0.6193954927874316,0.7584941139121395,0.11120967432320966,0.3750498368083033,0.18508308896870143,0.42992154871976224,0.34235286682799965,0.5925823210504497,0.5332673945377978,0.5595295180276884,-0.8724491145896959,0.10624509528353887,-0.010279811471831454,0.07259698904543135,0.7152581386802911,-0.13787789346925536,0.015826851927611556,-0.11233670481379805,0.3157841236583805,-0.15504038592424318,0.19316712459985286,0.3488286764315006,0.36041731225829565,0.31257302612364984,0.39168255117751033,0.57915575511958,-1.2782326189573354,0.09028800207443048,0.34236533745807773,0.5876053809507192,0.3035737728931168,0.12944860856279647,-0.07578842801716386,0.00950327150712958,0.3788452526163616,0.07356085629190562,0.12476539013821139,0.27053782410352345
2024-10-02,3.783732089817813,4.176335120320074,0.5483824302081604,-0.013183368438393931,-0.14532939298606304,-0.14031153143896874,-1.1933414679275844,-0.16143492612548976,-0.10771799776903677,-0.18227779396074195,0.12311353034115236,-0.08385746485445453,-0.09940457166175007,0.2618406526402333,-1.056993651374365,0.07021125920107273,0.13197702235774145,0.4513388382160567,-0.7931706992372161,0.42965061228721035,0.5329371124430001,0.7535701231087427,-0.05082670034729597,0.37471114868084143,0.13174089792283017,0.4359111396230933,0.2968978994744673,0.6085146687653757,0.5095165775836412,0.5759193748146326,-0.15995188434137564,0.084706927064851,0.002176975516385579,0.05139793584702922,-2.154046451097901,-0.20978198504505274,0.0262952862091162,-0.13738150590867143,0.9443389616635649,0.06491416480965408,0.15396218922045504,0.36695902679826276,-2.6820760145983806,0.24341365434821144,0.29244822894917966,0.539193375097589,1.2612425455052287,0.2727265188962058,0.29271559143856113,0.6157627181401663,-0.08650973091832959,0.07884603869406871,-0.05916686080902935,0.010273544235031722,-0.2076252740110336,0.06876694745260185,0.10403528091506876,0.2733173967707856
2024-10-03,3.848649628344398,6.4917538526584995,-0.12232036678566338,-0.06482075197954089,-0.06971867587632699,-0.145028862278093,-0.21489673763907202,-0.10821847551765361,-0.03152318641721592,-0.18557602572995383,-0.5668369874898245,-0.24656551349225422,-0.12457199489496117,0.2595103766127409,2.060701373526656,0.15949366914155133,0.16701221434085323,0.4816264998249358,0.600401521581504,0.4138633675774569,0.493157356158656,0.7581627818125614,0.4048685968346306,0.32161244291183855,0.14807108576410535,0.44231223104014733,1.23048353714928,0.6472517791174544,0.5828833603719272,0.592061951046546,0.41736739427951974,0.06214109376407742,0.06632450803060712,0.05876733894957967,-0.06083381593040027,-0.22031092207042624,0.06233711508288217,-0.13838862947310282,-0.36532347690729594,0.016135571526682754,0.086369642197827,0.3654436795499783,3.7342010692775713,0.3069723518854096,0.3168129345362854,0.559640242927029,0.9506367704000704,0.28598191564191405,0.28502397245747657,0.6227225779290414,0.023349835646963246,-0.05537843538944759,-0.03173087481452867,0.004600722363556312,-0.007798795476864018,0.16136157429267914,0.12238686699303554,0.26649907671023515
2024-10-04,3.9798135511343915,13.116392278999367,-2.191103084354848,-0.2922834041559872,-0.20321804846570987,-0.20259791459142984,-1.3959382732531198,-0.318097946059681,-0.1521226614755722,-0.24073780341417786,0.8644776607856315,0.007281237702614358,-0.01703925434344378,0.3095180772691656,3.4385528771998435,0.4351073963067965,0.33138442176438915,0.5421637597785808,-0.6757262534316193,0.2391102495012862,0.38111056230921764,0.6858094506552165,-0.7684408507978562,0.09499015125037094,0.054947415849522,0.3372121964990649,-0.3696477122259516,0.4089204151653919,0.4750683422383542,0.5148645914586589,-1.8312250765248637,-0.10593230199322942,-0.02913721194380151,0.031464192346798134,-1.6494968462837765,-0.3127502724697269,-0.04892002519469922,-0.1876545810233319,2.899066210565792,0.3379247729711147,0.2485364548706514,0.4401251426890366,4.869168049896577,0.4819859395400329,0.4351569520567534,0.5943398835322032,-0.4727258950274871,0.26624964321578737,0.2229582761983885,0.5676799635970368,-2.106909601504894,-0.2671378371510111,-0.1434087780016825,-0.08832194898751866,-0.8881559035159743,-0.027056332338770264,0.060458600357502466,0.24652331564139915
2024-10-07,4.0245923119824205,4.477876084802901,-2.551161173187344,-0.3075499565745474,-0.28642388094977017,-0.22845447538432698,-0.39382204398031684,-0.36164229162028133,-0.180648451896494,-0.24845736922380135,0.08092429609434237,-0.02552059832547654,0.00849306680070235,0.3112305974951267,-0.541529952515792,0.4117621087243888,0.3086095995672178,0.5354370848825022,1.8796294709035744,0.32231637673575025,0.399754266057976,0.6889158888991468,0.3393704200097196,0.09380159735313832,0.15332731334170074,0.3412587823350547,-0.32680324377269887,0.3595402888813031,0.5079968769759904,0.503139825675115,-1.850101819230931,-0.12436237201563473,-0.07577475851462746,0.013302802591900769,-1.401446623099709,-0.3621900513403953,-0.11882853920932372,-0.2012983622682256,-0.00660173950665266,0.31508494460542985,0.2795120659368076,0.4384882697638489,0.27476527530911987,0.46754271568885897,0.4241169815689708,0.6017895255560424,3.5080528874874433,0.36060410282402344,0.27126959380606835,0.5688796046621959,-0.5019471431970847,-0.2651838574378986,-0.09228145065131291,-0.09505833208923851,-0.7097393981646627,-0.16161550074252048,0.054134865915996075,0.23392878916352833
2024-10-08,4.034378950830937,0.9786638848516382,-0.5389754953638084,-0.29265146061259156,-0.3005198956923139,-0.21826969231095433,-0.6022877229160954,-0.5198267398038089,-0.18811828653816814,-0.25411317057191884,-1.4184821577039042,-0.06025885168892001,0.0020913450892020295,0.2922481270691621,-1.006070586235456,0.3993210743849024,0.2950979273694453,0.5273703471004345,0.031039441135392032,0.20894383083237952,0.4177306696419797,0.6857570496187856,-1.0097433395252353,-0.08331497995941546,0.14938895628784274,0.31792911842598753,-0.9036562056330559,0.2549645223102511,0.4836607180586094,0.48290299898923855,-0.355112541623936,-0.12541199062836764,-0.06674231849493972,0.035371670319948735,-1.7057313882951997,-0.2752324831758485,-0.11477685203671617,-0.21285612267795126,-1.0794014270947518,0.23573404913297522,0.25811398739781893,0.4322581089674499,-1.1298181443700352,0.4369286879860189,0.42201870989843954,0.5961502152738484,0.9864191820300992,0.2373316420154833,0.27671407278217547,0.5677693663488989,-1.7849163971645567,-0.20826005999469582,-0.08969235853367369,-0.095010125140794,-0.7618284153305632,-0.31287550118659396,0.0707333301767311,0.21693692392292885
2024-10-09,4.065703853198389,3.1324902367452445,0.3361488412287934,-0.30184925049522665,-0.30307504635763133,-0.2098685457289661,0.6959763737610625,-0.5012749199677288,-0.18113418312403762,-0.24754408415473445,-0.17425953139860484,-0.0675777320066303,0.046992545405695654,0.2894894670191006,0.7578646723660512,0.39943301040169094,0.31888512599646535,0.5321257090513418,1.8958645544666943,0.21837813333177186,0.3945985070042515,0.676404482899874,0.549358885712077,-0.05901531611666415,0.22366827509013565,0.3092202368843112,-0.01570320734538244,0.249154824781709,0.5119063518939737,0.47457108412019494,-0.4936661460899199,-0.13812969751442972,-0.11739458075594418,0.04767723687435487,-0.5954999911239676,-0.2969879799647368,-0.1091700205954931,-0.24936208129716222,1.324857184391817,0.2464614915466691,0.28891070867962276,0.4424758097577071,1.2976953682813186,0.4388287480005914,0.44027810204260975,0.6063530139206955,3.217502003503872,0.25788328729268095,0.26321072714410293,0.5532244703773944,0.2403991993210497,-0.19758580517152236,-0.03919168666028881,-0.1139609603924147,1.5439952014670912,-0.26710086522898063,0.09227221347915292,0.21977058022623125
2024-10-10,4.093207165111977,2.750331191358768,1.3595816051720062,-0.2832608381209117,-0.29619043130653067,-0.1993136958330739,-0.04470041997011298,-0.544659172705211,-0.1731772754734711,-0.24999016461695395,-0.20465308642342528,-0.06387800760222138,0.06704252158054427,0.2852877245854716,0.8555744600424534,0.4079787149113739,0.32593535315942784,0.5337831294740515,-0.34471049841581114,0.2150628197777216,0.3827913846876129,0.6713450937201557,0.9571917523619712,-0.039013561349381054,0.23113296995259763,0.31879755576011803,1.058165127592227,0.24414189835577882,0.5117395187296659,0.47722494751143,1.3070613143775585,-0.12934367461779667,-0.07395622140890776,0.05200537680971092,-1.7750267987359998,-0.37518920441122405,-0.12190695521380716,-0.25543481860739875,-0.08950806150452184,0.24894862513471597,0.327370935900871,0.4408098312781407,1.894858124015824,0.4448165080315608,0.45136148254674585,0.6081811971015848,1.7789927690576193,0.2682796542547351,0.2536425534807873,0.554467388146963,0.9883290195476608,-0.2053643122213185,-0.07663105884419971,-0.0998658695281035,1.7443162400398622,-0.2473814365214951,0.14444441819585316,0.22858886210243287
2024-10-11,4.071780862900979,-2.1426302210998394,0.4623175185757118,-0.24213440123028673,-0.27119502963710906,-0.2112271668790952,-0.9251474678011196,-0.4137701178682001,-0.2056277529721464,-0.25483003732603643,-0.5873824256424323,-0.05044029656186294,0.14173801105709583,0.28846305773236264,-1.8659173656726145,0.4255674983382791,0.4215311419919915,0.5309578209539255,-0.28964075895314556,0.1848705898504751,0.3878360100835282,0.6686655960779441,-0.5316587617786688,-0.03194399270067405,0.2986266136297408,0.31185679410827,-0.01717806905021435,0.18235382704656336,0.43743892542842944,0.4695104710320096,-0.1631769971117114,-0.10567454711916832,-0.07897381156936743,0.04313132274596786,0.13204116906355168,-0.3147214320494927,-0.21105662025207314,-0.2662159862299088,-1.1933506996362881,0.31471250578796706,0.3430602344039298,0.4597396537601184,-1.1338121818083997,0.4193719972305915,0.5131537277799131,0.6055829282018891,-0.055858714990540737,0.28601095256812575,0.27171737232557674,0.5504635438182172,-0.7483452083329889,-0.31483211701407154,-0.021013616708503314,-0.09633817386239442,-0.7599795412158593,-0.15682867120755192,0.12952472584947852,0.22195956240197345
2024-10-15,4.036554660866552,-3.522620203442628,0.03294234280284769,-0.22406407596197034,-0.2621246812942556,-0.20715334865134677,0.31612697780431986,-0.373783755114504,-0.20193777398344256,-0.25557443624046666,-0.5076058794104634,-0.027719708476893826,0.12590132062131687,0.28912226487204096,0.27818398531849553,0.3628380215268951,0.40856908977645384,0.532076260262779,-0.18726921121167983,0.1832980146477119,0.38921776894028287,0.6651939432186024,1.5907125823693793,-0.17886158928742182,0.22821474857027907,0.26128667294472707,0.7657376733049694,-0.0037984704845528713,0.38448206081180364,0.4416491801939751,-0.9785355180294086,0.054675663252028744,-0.033487188395585836,0.06500068617682724,0.7895515625772163,-0.3372562301284562,-0.2288397900509397,-0.2711863857346612,-1.6387660748207677,0.33007824512238554,0.35456376581999066,0.4622231647143108,-0.10672145374489617,0.40731810011930264,0.5097845661686584,0.6073018397865444,0.016608825509056402,0.23967332107960504,0.2674768431792173,0.5416069743846764,1.9437270369316795,-0.4033080866001877,-0.04214054522419054,-0.11801636094149946,0.8343497229195136,-0.14759227171637568,0.08831356848990946,0.2053530079834253
2024-10-16,4.015088690798752,-2.1465970067800377,0.002190623291900784,-0.23938931653174475,-0.2680674539796527,-0.2056537937892793,-0.07976017762903354,-0.3708848633995764,-0.19590529244328367,-0.24861289016248259,-0.9279947383428829,0.019969807807853287,0.14302860159416986,0.289273864953663,0.3475633596803341,0.3720769483691171,0.4180060498972888,0.5264424057544431,-0.46272768190602015,0.2132803712237739,0.40861534238695935,0.6652411529164496,-0.08166072455098622,-0.1532042536523365,0.2232390203718526,0.26433991675420804,-0.6012550986744576,0.0647325962567155,0.43105281166948173,0.44047064618944515,-1.3383460907713698,0.08931053708174704,-0.032346988026471575,0.069586537530159,0.923688336108736,-0.36910934844164334,-0.22186550215132603,-0.26755847559853957,-1.1336841724575775,0.3620697873938899,0.3626009383772766,0.46816115126909186,-0.23707273565820486,0.4574461641885238,0.5226130682581526,0.6070561494645917,-1.7358298095690912,0.2981859215224762,0.2770925096906465,0.5405380347470631,0.965803517925994,-0.4343814717690042,-0.04998988665350811,-0.11834304705774129,0.8409718825116925,-0.17652502250765495,0.0590760382980885,0.19699104083843166
2024-10-17,4.095489835131741,8.040114433298928,-0.8040911535499968,-0.2838187172942315,-0.2919444775135142,-0.21861479657013297,0.3009718162645121,-0.3137504126991281,-0.18453583958903663,-0.22818197548674427,0.46246179821743016,0.1162492509540933,0.1772989805425897,0.3055681074854708,-0.18968386089878386,0.3803526766974627,0.40810185070870764,0.5201561039274112,1.7208546427859202,0.3285512231210025,0.4390780609757382,0.6807664820791316,1.233331894003686,-0.03831892158524024,0.2822146409039505,0.29465249094306567,1.3466304677628067,0.20202247253083214,0.4982607936567253,0.4659503326067784,-0.49620714091561613,0.03976506981606159,-0.04076400002890595,0.06140797526596925,-0.039214034103904005,-0.4420815840406392,-0.22957247688946877,-0.26421837452409014,1.3732325346231842,0.49210753286632136,0.4118302192420856,0.48573425680921517,0.7729373291313952,0.4383204371666335,0.5173593005279631,0.6099513065954573,1.2819000520822432,0.37407264417308833,0.27391480788391775,0.548647474986392,-0.040883015965347214,-0.47074181296498857,-0.054196616444026485,-0.11519093880138466,2.1561142610749666,0.010314615552421295,0.09353412806676961,0.22986062098722768
2024-10-18,4.073990109813237,-2.1499725318504304,0.2502182529105281,-0.44512971401703316,-0.31446627323220844,-0.23588173947879787,-0.6067544908726306,-0.3079924253173753,-0.2055334480260009,-0.24105818788537564,0.11440234883060496,0.12452768357866442,0.1505398135489839,0.28616284418524757,-0.432423501396205,0.4301587307821521,0.3913020560899096,0.5119250039033272,0.8266326753104194,0.26589738150616077,0.39655395902476975,0.6667856639116898,0.690779079571936,-0.08566350569309171,0.2666509743766421,0.27815005868378817,0.6432851171377955,0.15683805920015706,0.4577191010027152,0.4582324755785129,0.7722087967143618,-0.17156831983000365,-0.08384773721093348,0.06712944214595645,-1.1725065087154751,-0.42652886803857837,-0.23016734010785697,-0.2686130462355881,1.147037511839872,0.48161526406413796,0.3880347136216698,0.4637585900698799,-0.8078962447266238,0.4530081973528462,0.5058814768154404,0.6064056996799944,1.3055809570150398,0.32947870544250846,0.22887621845650605,0.5331497246499299,1.7024914015086143,-0.4873219127103201,-0.048772056861573695,-0.11344629805470126,-0.847443798592998,-0.008559641477867738,0.10605105155827002,0.2226807698302311
2024-10-21,4.180711474596794,10.672136478355743,-1.4395974258209692,-0.5124817419549698,-0.3852083967043933,-0.2636588103768354,-2.2211235034252486,-0.5083747510268408,-0.31436015852096016,-0.3086246781416593,0.20361032990768013,0.2537925457283607,0.13913649959012797,0.2917742530050955,1.0943589859955196,0.543451781018473,0.4153061332355275,0.5270111262414424,1.5458897908926406,0.36960792942068915,0.4501891874082336,0.6809423849155016,0.9729140857779712,-0.027059160021415687,0.28053359231924624,0.3042123771083528,1.8028526263586206,0.34492119249999287,0.5160892453196592,0.4969900691150618,-2.188626539218528,-0.2536503022490829,-0.16076783152513194,0.019941640463040426,-2.0557860609947207,-0.5319412741232367,-0.2836571588702071,-0.3108391355986766,1.1951631669503682,0.5177944591940254,0.39622179791098244,0.4872865020159358,1.8524318316683521,0.5254374507571722,0.530827059408705,0.6169018277134067,2.539235138433536,0.4234610381036308,0.3023790119115324,0.5617173749215929,-0.8618455880335261,-0.520727292104838,-0.09141295939037032,-0.14161405387960999,3.8293579197976957,0.2771615270215913,0.2338577479357536,0.29476829611803274
2024-10-22,4.204637006633451,2.3925532036656705,-1.870272589484048,-0.5337967576746022,-0.36418976616518517,-0.25314906559683453,-0.47227876649725764,-0.5125971052486148,-0.33178599508197437,-0.3003602297284003,-0.3432333709735744,0.3847882062439013,0.12112690474511989,0.28871815261369504,0.9554488325268032,0.5637094595244851,0.3989882512758258,0.53065626957347,0.5728165357587933,0.364051377989685,0.42036431289877507,0.6768256873376205,-0.48229636201152287,-0.025498915989281182,0.22600839022961908,0.27792704596593865,0.03767254480725435,0.3390121248509956,0.48018553008592224,0.4866854721060658,-2.81366990733217,-0.2266654627995468,-0.1723108481516703,0.007201575622783937,-2.017555722898105,-0.5415914342316347,-0.31634229622540533,-0.30472624971328843,-1.4401059454391456,0.5142606267248194,0.3527327223626345,0.4674806766196981,1.2629219789839903,0.5466562675102135,0.5414522602373136,0.6159993530223676,1.9801972574161333,0.41044709010653335,0.27339190482023223,0.5572145642698362,-2.057638845075999,-0.4769965692929345,-0.17499259800388287,-0.16615202274481725,-0.4972648064338623,0.2678994783455929,0.20507003986075367,0.280183033688038
2024-10-23,4.24060758081238,3.5970574178929127,1.0038910285897602,-0.5037189845891861,-0.34758793141049343,-0.241035845358965,0.17795306074665573,-0.4915651559251117,-0.33605545296283795,-0.29354562339310725,0.2857096445670084,0.3857528838996643,0.13302627371357104,0.29230978635797555,0.336444475680179,0.5569560460772903,0.4044513938431542,0.5305489076466215,1.3404168834471264,0.35072906883057997,0.4348333199196639,0.6782753192891946,0.28308762219808004,-0.06349438621443249,0.22906629277819918,0.2753276589095398,0.7105084597000896,0.340915035603493,0.49075719989413813,0.48996805360729523,1.4719257008784963,-0.1996312138299431,-0.15371865321730246,0.016901032684900976,0.8840993807351678,-0.5019703628766812,-0.305280107296354,-0.2940696740160765,-1.5475708751793915,0.47047988247846767,0.3349441098579956,0.4501091380353679,1.1901764478032733,0.5409178738366786,0.5478884732986493,0.6179558220647194,1.7192904270065505,0.4085184289807796,0.28438183805783857,0.559771696354962,0.6254339659596607,-0.48973195215470733,-0.16756769497797727,-0.1552690701357403,-0.18761625647505598,0.2684778189840902,0.2007913958804151,0.27431861670479907
2024-10-24,4.200798388336124,-3.980919247625625,-0.6669429551269342,-0.4617348543521489,-0.3248490357353095,-0.2299480771761152,1.7364757180472767,-0.55467343064788,-0.3747397746786352,-0.3032851806387068,-1.078855800337632,0.47288860278754963,0.16297066084437253,0.3128952982815392,-1.363989181406452,0.6021689135110188,0.4255704454738231,0.5380121030936944,-1.3321919924284538,0.42652275578646665,0.4630956381084522,0.6912401471373111,-0.9090569101845247,0.03306837479326208,0.26573260378418456,0.30504159947182374,-0.257034018295923,0.3637826955362719,0.5062433960417105,0.4969842393035681,0.47043081133173437,-0.24324054086274946,-0.16193515055658225,0.00975487502374826,0.7732929145038017,-0.536407464215602,-0.315830537101881,-0.3024526364851942,-1.3463803282148767,0.5212786575388126,0.36031512153346973,0.4550044361333889,-1.871960665314608,0.6274182145272948,0.5623798838291609,0.6211594138355273,-1.8483965584373854,0.48201015612293713,0.31514546533004845,0.5705554186200121,-0.8356622177603681,-0.47603926783252576,-0.14465886423590776,-0.13443878223215178,-0.43966617596025603,0.2940625926398273,0.21635292682477358,0.28069285208676986
2024-10-25,4.23093546468221,3.0137076346085756,-0.3304830392461122,-0.5022102893164234,-0.3265896909590831,-0.2453798773679921,1.4463972394295679,-0.4985140377312,-0.3415523913663174,-0.2808912607040855,0.46159419433577575,0.46474607442012716,0.17100010058438128,0.3136721063372522,-0.14416527621363162,0.601575884098114,0.4248406186786939,0.5368203261464194,0.30222370316400937,0.4270454654618471,0.47192537242508925,0.6906342868638208,2.076359678470416,0.040921412965934455,0.2706498590002144,0.3050846723147113,0.7514123130167647,0.36054048440238523,0.5118684167010372,0.4944587046252059,-0.3190403149531198,-0.3021148366342723,-0.16356651916639162,-0.0038733257583785183,2.4515118281735035,-0.4601685816924766,-0.2833876096871359,-0.2840790400033973,0.7697899372823491,0.5311207913034861,0.3654907858466699,0.45716638755409295,-0.44017819543493464,0.6331395465752466,0.5573181761580782,0.6174724042899664,-0.04240273226776292,0.472408790971461,0.3128526312102245,0.5680111731804568,3.131533722852672,-0.37954921460032776,-0.10646203883279191,-0.09848592656604707,-1.683553646642272,0.2572287628372383,0.20059431069153544,0.25666947836791515
2024-10-28,4.277071897745187,4.613643306297721,-0.6218145945191158,-0.47866333953959606,-0.33601689276287944,-0.272740775147137,-0.21825847683984737,-0.4393348786038368,-0.34394472006641735,-0.30164084860456775,-0.3253866476197184,0.5819051049476894,0.16298016563579698,0.2474836111486394,-0.26197597448571197,0.6524363201041486,0.4216981221581279,0.4843301063547592,-0.5818330921312833,0.37847077295363096,0.4650244045211458,0.6404611341589941,0.9171349788781089,0.12744640586174558,0.28985305675613826,0.3089880304053006,0.394372595784991,0.31774352932121,0.5133721686159547,0.5704240244329157,0.11837792339854786,-0.2583632644445536,-0.16261677053013987,-0.025932966701367424,-0.3711532275049501,-0.4429547540283158,-0.2873997569812187,-0.3009874485114355,-0.14267430836714975,0.6192274813852143,0.36315484313157737,0.4093899297637729,-0.38080361532819457,0.6387832531232053,0.5473622912189213,0.5752195283674598,-0.9428494160221057,0.3954448324344696,0.31022624142929395,0.5110669324779147,0.8283156373420993,-0.34446183984483336,-0.09215248019394574,-0.0890326067104407,0.21684552808734714,0.26625062114894926,0.19367297054735347,0.30314203866902956
2024-10-29,4.273147129796996,-0.3924767948190855,-1.5617745906531195,-0.42886758715341394,-0.35134276633255374,-0.29810011018853333,-0.07976923541539227,-0.43674326299138877,-0.33914426934608516,-0.28350429959431,-0.10311563349414365,0.5979678039085158,0.14289113569116257,0.09139366214399613,-0.20495574496012825,0.6505946017315745,0.4211661673643585,0.40492874033329856,-1.3792900028925055,0.38208217845372466,0.46915165392552816,0.5271193108903133,-1.2556097429984416,0.16134357622847273,0.2874959696066705,0.1906855715605279,-0.6091119750725494,0.3428954613288497,0.523182509464976,0.5027561992179929,-2.810886444651744,-0.17004255365236617,-0.14333881832515538,-0.13705788694460752,-1.2679681322959357,-0.4160594437586856,-0.27819101588780415,-0.17144068713960947,0.7656233774495043,0.582490811604392,0.3400134868270835,0.34585928518753706,-0.8599656711340162,0.6405997916275946,0.5433673832443395,0.5078621893803946,-1.6298391379958177,0.44479937923929275,0.353934924003309,0.40204132352417393,-0.03686850632000005,-0.3265121301551446,-0.10680435964539632,-0.15887596105059212,-0.8989892428157216,0.28600974515860594,0.19639555124644567,0.18832904979759582
2024-10-30,4.2632051462669915,-0.9941983530004528,-0.09175531187711972,-0.39488804121738585,-0.3327140681143604,-0.2942083560737337,0.21450537051376006,-0.48907001360669666,-0.4077829582793206,-0.28763626762249034,2.078606037453107,0.3502462127268477,0.07061110265375727,0.07328879701775763,0.754535103049619,0.6169891218711063,0.4030329209243803,0.40394269556706847,0.42686289408094735,0.36007390881351353,0.4449047875321521,0.5355468572631435,-1.237513618785597,0.21123254157592303,0.28408308112525055,0.20441304232078572,-0.37380615975643483,0.4005112648596086,0.5264870906048793,0.5079805963393882,1.1322017964003201,-0.24878152529073416,-0.15361277606010634,-0.13566116055284694,0.46784133761004787,-0.38884517977161615,-0.36042060463003633,-0.17354312315871548,2.2090432033505696,0.5349092376471509,0.29606436688689125,0.3298831443417264,0.7115595697739455,0.6755396040530767,0.5330529041913328,0.5066244992799825,-0.27123042382644147,0.39605035329403726,0.3342129473311027,0.4054606062355888,0.8909897495104223,-0.3550074992210097,-0.12237807456008193,-0.16157470851135317,-1.618114274189693,0.36030809252874446,0.2221461712020879,0.19922562106372682
2024-10-31,4.283366512404326,2.0161366137334547,1.5229310948639134,-0.39833347959139487,-0.27976111107382745,-0.2767810353108753,0.0656517842404063,-0.48716854982953073,-0.35958576526208774,-0.2471910497857681,-0.5190728106190909,0.34723179876357424,0.15553026985582105,0.041805895475260785,0.39723217205839,0.6571036954772352,0.46057639406287354,0.37164949697499416,0.2933528771950753,0.3918182706940499,0.4401343951832992,0.5055346586996972,0.7071516842084833,0.21240597920169588,0.2884075212403998,0.18760019964776684,1.59595832564882,0.3637483552935756,0.4961115022248826,0.4857030172975252,2.4224410060981407,-0.2384768376823952,-0.14146666819275766,-0.12290206326699457,-0.37545235647977293,-0.3838672344813842,-0.34685934251249073,-0.15553763812699284,0.13743385584781453,0.5302271384982549,0.3786315315261065,0.3067892945175611,0.4517440538465185,0.7755668450409314,0.5484431065662684,0.49237679935121925,1.8252596904911358,0.38218481033907675,0.3864648859578941,0.3801421454522069,0.7013181939138784,-0.35417287004656056,-0.1529452210722553,-0.1505580720339842,1.3218161531648032,0.3539518663515099,0.2367153187427291,0.19791594801321252
2024-11-01,4.3623530950082365,7.898658260391045,0.8472216681101434,-0.3265710835299706,-0.25197060802117777,-0.21361719456669406,-0.1582699744255036,-0.4774825341040195,-0.32577459574489187,-0.20968258411355314,0.6945510369958399,0.4249795953280869,0.13512109737010966,0.06651464421307261,0.18853769477660798,0.6166933469206339,0.4276488430752281,0.3582835400895848,0.036712176237504224,0.35665601238528666,0.3969954962182806,0.46884009036533186,-1.5392624245946882,0.08487734574780331,0.1510456641640163,0.12421652949459835,-1.1571681426505278,0.1873280462347658,0.3693672956988903,0.44138360321963455,0.9584889277119677,-0.20085782131961868,-0.12300245556923421,-0.0781596192403635,1.02976075951136,-0.3099072690039527,-0.3030466687777396,-0.11456578934278597,-0.9227860591994874,0.48549334478351513,0.3243656823028698,0.2583562169083636,1.2216342711952954,0.7806409555784833,0.5306633224586503,0.486207021693391,0.8010226613063045,0.3731059175165263,0.3719423683764639,0.37564001858166574,-1.9744033924339206,-0.41390786250123585,-0.28110574656030907,-0.17264874072587796,-1.0123208033992959,0.29832940466903474,0.2503228075700716,0.18369577977334567
2024-11-04,4.307894778733157,-5.4458316275079355,0.5129361923220159,-0.20694569610606547,-0.2542208998602422,-0.2165613017095604,-0.9254799484246528,-0.24107994710977762,-0.2817091481398569,-0.18268719898425786,0.17264888744355833,0.28163996869764296,0.1346899788856812,0.06591722735478613,0.49795874112858574,0.3133748685038082,0.38180919420585413,0.3344106686012563,0.3736851039193023,0.5277504780245622,0.3900644872818563,0.44900424325191235,0.17955745383351362,0.21247509568364817,0.16202703906394217,0.12564284276720164,-0.7883742072180193,0.3984659242100508,0.39381318821055433,0.45164827177912836,-0.15884435615201564,-0.09092612064965074,-0.10289850009532867,-0.06992121522908938,-0.6501635508047521,-0.17681456745675414,-0.25599043351040257,-0.10893142369106106,-0.2783364586241279,0.29285938583352333,0.31796383538086687,0.2576190939693877,-0.08048272671587231,0.6452819682114458,0.5068283803547265,0.47725530398332106,0.8358137652204545,0.5094223452078823,0.38892972337015347,0.35384231812754535,1.3247406798048194,-0.33085741692453424,-0.2955131200092383,-0.1884273132179058,0.26834394249371196,0.4186528047406809,0.21203851941715518,0.18373106971828054
2024-11-05,4.287361159955532,-2.053361877762505,0.6676860380722554,-0.17802601204826013,-0.25478481763221633,-0.25513354152669127,-0.10231099536188815,-0.2261300754958351,-0.2951571832155809,-0.1961431444314617,-0.5570907748775031,0.2955478336945181,0.12745475594033182,0.08826240601209503,-1.0849199431765761,0.38298605775424077,0.3930852376550958,0.33022421210724573,-0.9141268735568957,0.5350149623422957,0.42327329434569877,0.45029734890696504,-2.5776094660969413,0.2707075853918496,0.19678510587119585,0.19127282893184538,-1.1254581726425503,0.4605141433044752,0.40122874083962135,0.4865257366442183,-0.9210446025669761,-0.02987241535486597,-0.08025868651657996,-0.07348099972073065,0.49483352649660794,-0.17014776574931573,-0.27323711759724434,-0.14540696618700488,-0.23888971369952028,0.2935096967181994,0.3054397803244221,0.2819259543028402,-1.7485697112608962,0.6615224477529288,0.5126404823134865,0.4726097487318557,-1.1120686532560957,0.5175831323921354,0.42636656877411333,0.3637747519183226,-1.7033858636317567,-0.2400622808132425,-0.25240695057677426,-0.13211120579120844,-0.24000672326636163,0.45622743894820206,0.19539719207408968,0.1943001891841039
2024-11-06,4.424571791178695,13.721063122316313,0.007187270000606816,-0.14937988413227657,-0.21823304666648852,-0.24816963456281713,-0.37381903536278394,-0.24137108285070336,-0.3659136197161908,-0.2069054957159313,-0.9503706949967352,0.10165521826417245,0.021449902346645986,0.03573043076089808,0.15065303675135944,0.3479207154495493,0.35537152016440726,0.3140888083783285,-0.5278031879931833,0.35120984003999156,0.29355818131896017,0.4057002158606901,-0.7975017671815365,0.13672917928224454,0.07120578991707593,0.14005896980266852,-0.564371933305952,0.2842072052941751,0.27038550299324665,0.41262954080026754,-1.9379178707670714,-0.1688565913881205,-0.14390793978603414,-0.11968406746503561,2.5217521433122876,0.10756307194130797,-0.08419414284773498,-0.04311112615664188,-1.5467595504039995,0.08865272974684076,0.15575215066932455,0.19490639517363126,0.17542442933942404,0.5731896185940449,0.44877376425116566,0.4507544255547817,1.2406779829670072,0.49498597464074257,0.38857962608013286,0.3780870681540715,-0.5825348359367997,-0.29237122458513515,-0.25243971409906796,-0.14280932911812363,-0.4885179641532478,0.3205541072792511,0.10050137748483866,0.1757319215031789
2024-11-07,4.341309995365306,-8.326179581338966,0.11782992325231945,-0.15675548100523054,-0.22581210965382714,-0.25105713558868037,-1.477809637258816,-0.07812813452471959,-0.24474689674591832,-0.14763674900976564,-1.1950655726308161,0.22298713653159402,0.09045881181310247,0.10749612290782416,-2.0493231340670395,0.48021369245228723,0.4160803731778954,0.36381833135416575,-1.3577702024622949,0.45282186168165167,0.3571213772310918,0.4160279195232798,-1.6351454876355647,0.2367178595508595,0.16091046460773265,0.21892513868288307,-2.2552809450429567,0.43802368591870816,0.3764882920628569,0.47492825823399726,1.5093434985029752,-0.2565714249002456,-0.1905521366628136,-0.17754446454555745,-3.364076531897343,0.29622710707014854,0.03670391247752991,0.044946616962733096,0.7547394204197753,-0.006346448255393874,0.11146348764277525,0.17778864143127288,-0.1932958689604476,0.5513497769608933,0.4403256954658025,0.450107884754607,-3.5420619505226623,0.622036825231622,0.4818060848041895,0.40902440051892236,-4.161111292671616,0.02171040683766251,-0.06270169018444309,-0.00931065055615779,-1.0678484931857282,0.36341004293574275,0.15339629519529857,0.20160820852077213
2024-11-08,4.307218042973315,-3.4091952391990255,2.526249134695808,-0.2576592729708727,-0.26733820075047887,-0.2809815658315804,0.141304108383693,-0.09372897198259016,-0.264460014967005,-0.14434068999687935,0.02052562111835199,0.21174209604670027,0.09073462048978939,0.11807969916906814,0.18280233341845742,0.4566498272546506,0.4116032998294128,0.35798463713982437,1.03873107215192,0.39470062435943726,0.32230771345502174,0.3882752249102495,-0.2858905141174082,0.2316658739152241,0.16916851934959448,0.22079218565685121,0.1730457206483167,0.4227409791312531,0.3670287894481111,0.46849439966362894,3.668415727914435,-0.3299581585969526,-0.23182365187448406,-0.1848617186702218,-0.1303196823353503,0.3193081252976385,0.026407825353825364,0.04677465202290655,0.4802636083703776,-0.02957998457433637,0.09990594416676198,0.19217585581489371,2.5002623557968673,0.4026414575653317,0.39672605107335157,0.42119815677226435,-1.3285680273214144,0.6405772813005091,0.5020237421103977,0.4082657053908991,-1.1903248088371265,0.04170853379232841,-0.04908038776554854,-0.02340046570300746,-0.6040656070986047,0.3730235556745204,0.17886779288153695,0.23438234097771873
2024-11-12,4.4324425253148,12.522448234148431,-0.7905708296288769,-0.2917189165711353,-0.26199003516476466,-0.28079985147781694,0.9703443618080962,0.002383346158972998,-0.1524503041044315,-0.11568841065883724,-0.07943327073641626,0.18270982993853901,0.08136081883247487,0.15868327364459095,0.7105934994880578,0.4889769591243349,0.40701422903598544,0.4234286792851783,0.7571011039634112,0.4134320368450642,0.3246098501380598,0.4030191485066935,0.39076504838391024,0.24165514069632701,0.17321235391670153,0.2530627748220093,0.3548941647786369,0.41687774225794266,0.35143147560142507,0.42794679239468963,-0.09100493881723182,-0.3062116222442162,-0.2171504671169855,-0.18813589915559667,0.4512862519377756,0.3288792025408548,0.08667067045334659,0.017809219202898432,0.9501229367724193,0.026253927327526436,0.14614466087790118,0.21745184892330668,0.8454763402133152,0.40253012107215724,0.36697721823144075,0.4532896353067121,2.7523320614621314,0.694348515987348,0.5505294355431747,0.46124364194568424,-0.8892999431082655,-0.01714252030004223,-0.11208679772830064,-0.023969213146741008,-1.0838703021802403,0.2518903760467817,0.1243604485758181,0.17710249406457104
2024-11-13,4.450173416179437,1.7730890864637416,-1.31221940823024,-0.28177647203550377,-0.24970218608253295,-0.27636741030226714,0.8508524536077124,0.020254316663616597,-0.12003964844898991,-0.10295742366457784,-0.39862075548883213,0.161979283733837,0.07734306352107098,0.1413640142574089,0.6014259563031676,0.5081727226458216,0.38749545488978077,0.42243193102748894,-1.0164609417699197,0.3960878582383124,0.3137133425219938,0.39507419615000255,0.10018871380748795,0.3314362399962104,0.17704646470777857,0.25868874963550104,-0.5502130305867712,0.46492131482734544,0.3316934817227211,0.4163740040765184,-1.5572743313217057,-0.33209647506896545,-0.1777274895956034,-0.17485015088365613,0.8785245045699487,0.3609634451637168,0.09513291199589974,0.016493748204238916,-0.03506354780646381,-0.042475089397257006,0.12268499019348184,0.21175665202293845,1.1195212816633726,0.38980702779954524,0.3566892124818647,0.4523412778719833,-1.6202603372556221,0.687602099214169,0.5303843023317621,0.4515569272064297,-1.0700557108633626,0.044945759300754576,-0.11167632258147586,-0.017119403782233054,0.4170596898194643,0.29127678597218953,0.1468632220869859,0.16401092625773106
2024-11-14,4.418672634943065,-3.15007812363719,0.6160664693468001,-0.3024298027178712,-0.2679342664299879,-0.28674530865500897,-0.22015573686341128,0.027344859407113755,-0.11484567563306582,-0.09604440136410033,0.4919014720022723,0.08735409426572477,0.056547119079708115,0.13227716953450966,0.25462702144548777,0.5075926580537813,0.39344662525322494,0.42855977690536373,-0.058555881338067106,0.38292032804908893,0.3151378539802701,0.4031076073861216,0.8533470683731712,0.2866224455140483,0.15161700361792754,0.2385302358050298,0.348222072597136,0.4274226243269837,0.31904168405771083,0.4284395646897887,-0.5499064059352481,-0.34829312997447,-0.17471018006377684,-0.17864235424229233,-0.22475288162213447,0.39257689538066964,0.09478071097302675,0.03257047160687995,1.049042544676765,-0.12252327800240906,0.09847820947760923,0.19457941681579113,-0.2217489724449857,0.3906311030427368,0.38284192322512495,0.461246420055151,0.6537135557569569,0.6505777876126143,0.5186445971601589,0.4432777765798564,0.870140968970048,0.04081176561551452,-0.1286540835189072,-0.023708439711422186,0.8564063670703632,0.28266975918003034,0.1272600271561743,0.14219758777786193
2024-11-15,4.42464060815544,0.5967973212374744,-0.7383556980914561,-0.26820686594861887,-0.274399248114108,-0.284209295678045,-0.8721067373593279,0.014595132551749948,-0.10917497725714088,-0.10217919097758074,1.6605503726765436,0.02686757699803484,0.062119169136852594,0.12684563598326148,0.2958938308404164,0.5327486049267246,0.42165371416308,0.43116502529062345,1.7005292467347193,0.2847710975882189,0.3038662007312851,0.3766944132373767,1.7871425576986146,0.20679984335726714,0.1336100548648665,0.23054311484174433,1.8752094761604257,0.3327301450040719,0.29173844431994184,0.4151085970578273,-0.6586244395152958,-0.33971523997934366,-0.193784265855013,-0.17599859746447835,-1.745789058953024,0.39917230804834886,0.08155000841280198,0.027807823724087254,0.6588163695623681,-0.19819526429911882,0.12403727374029179,0.19887275256149436,-0.7904796273173442,0.37919617707107706,0.3837671079402611,0.45563037023126834,2.6083344027969604,0.5965746806173862,0.5156517512872244,0.41916776098140207,4.333835406932803,0.006375925308518111,-0.14706133049336448,-0.02602805933740881,2.090720612705433,0.18037416011826904,0.12476886621649858,0.11855649961099783
2024-11-18,4.412858708502937,-1.1781899652502759,-0.27761829254097603,-0.2552399099047093,-0.3298283977090463,-0.2936948096572993,-0.3185393560695231,0.00202431851364949,-0.11503150467718,-0.11887098080714577,0.13542502543984947,0.027212489300341928,0.06868020778158718,0.1096473130468444,1.208721573530016,0.45802518161814365,0.4161808389049908,0.40310432117948347,0.046767075604700725,0.31796257269280964,0.29302991378396165,0.3615179841964889,-0.055403403140809604,0.2318689817392899,0.12679148131022286,0.23360087083215425,0.12329056946299521,0.35511505172767566,0.28719003006016797,0.4030534882353389,0.4291776756350143,-0.33334315968466877,-0.27460060326518076,-0.19970094757022022,-0.14404483055079664,0.3824383539116729,0.07467273362234716,0.020307115822925086,0.7365246119252447,-0.18389923443887451,0.1333278763375521,0.19022196866584767,1.757063798331248,0.3097503581086432,0.3619363535932305,0.4311462929865054,-0.6382235988923743,0.6343005329131863,0.5175302954992264,0.4084113027710534,-0.5197577192848288,0.04497421930031194,-0.11828605903638376,-0.00841539489658016,-0.03031598349201603,0.16192284905389756,0.10100480182106886,0.12029870736682344
2024-11-19,4.376556125342508,-3.6302583160429336,0.48298483572307216,-0.18721370916296348,-0.3539760050913878,-0.3099845471528816,0.42127139817711967,0.22303500182148478,-0.15008054003076118,-0.12477167563529118,0.4976458333010241,-0.014882866425816295,0.08425666311734431,0.08186702390662165,0.12554280424451214,0.3896103185836076,0.46921571430009096,0.3950380376017212,0.7854815467007166,0.16998004858271354,0.2781566144061262,0.34293849800978443,0.02755545417660832,0.15825355716367162,0.11977274094439584,0.21222987787703185,0.2382617145518271,0.2271491574622055,0.29057963620582783,0.38633287031717684,0.44526651172051235,-0.2627259718422658,-0.27852178388550664,-0.2028535905859103,1.3060826824575997,0.49338080997042605,0.03146373808046829,0.014380459208595979,0.8852504012376543,-0.32399145189829565,0.11540954344835472,0.1557080845479669,-0.37819245060198403,0.24324020935523055,0.40362249121851085,0.4347306950547353,1.3945104683719296,0.5359166040903323,0.4973670757260196,0.39788130167371244,-1.3408472873724544,0.10776799318755109,-0.09158153540718376,0.0027008332112968382,-0.43541497110922567,-0.11888439270273833,0.1220495666831059,0.1187690113876999
2024-11-20,4.405034634415713,2.8478509073205593,-0.3063254470917762,-0.18494786461828086,-0.3715740115425396,-0.29683576089511654,-0.7189939053275549,0.2116001660560743,-0.1551317797352897,-0.13675195797189357,0.06986767443382735,-0.008265831483002915,0.10212600307458368,0.07054284482631,-0.7250718848756801,0.3612441922583683,0.47092587559504184,0.3739749243008422,-1.2058946796045538,0.1342394181231338,0.26135984675411317,0.3045994743076693,-0.46272949481796477,0.1572539119920943,0.11760605171785334,0.18617698075026018,-0.8530064168736913,0.20752707170567075,0.27869751646697505,0.3499392762732132,0.5192928024941441,-0.2571924299646738,-0.27297221589782183,-0.20354343033278927,-1.9478810917033926,0.4892508442072693,0.01939041285923654,-0.007997310796472677,-0.9369770343291264,-0.33244863445882833,0.11252122882441482,0.12266917273425039,0.11749350424906257,0.23507880261356098,0.41309528894938036,0.4368840575292847,-1.496387749080048,0.5106899573176791,0.4811071227993999,0.3695023626235271,0.23549539819413745,0.12782953192340626,-0.08810141684819439,-0.029734330829266898,-2.5381462379122812,-0.1382459136205747,0.10123562463536359,0.08630505958270566
2024-11-21,4.430646521986968,2.561188757125432,-0.44664002405427183,-0.22148808428029143,-0.3775844866307789,-0.3002752743804359,-1.142170694589824,0.17593101268110695,-0.15059734434869476,-0.14504632779169171,-1.1301566507329759,-0.03533728824372383,0.09095770220402066,0.06348861324500302,-1.3558080820395713,0.30557091613314447,0.4497665458197013,0.3638712950896307,-0.2787680923407392,0.10059524586352206,0.25333249603115365,0.3053080394677781,0.2110594733729121,0.1532815281152713,0.11284161776026118,0.18722041826208788,0.2878131386197791,0.19639044317169846,0.2807912777840941,0.35297134042905626,-1.8798669310415992,-0.2929671709021776,-0.2821992650187298,-0.20756557738381604,-2.2969437540649604,0.42816173623109594,0.023044750947210504,-0.016591219161379556,-0.7921235266776314,-0.3233643887374674,0.1018432677930991,0.11970294961193158,-2.497723503082762,0.15879300885232098,0.38572858334836635,0.42056630719931193,-0.4109643070451616,0.4981116909790865,0.4781313485150795,0.3681040612844315,0.3358806962648415,0.12254762934706079,-0.09127147312019337,-0.028673831121130214,-1.0279953242851967,-0.150844541420355,0.10189893188471355,0.08159129892169452
2024-11-22,4.409049996847259,-2.1596525139708334,0.6004487712091806,-0.2782108779335796,-0.3819319957456424,-0.3045602451140935,-0.6168018552641312,0.345678312446978,-0.14028171222034602,-0.13710369770565717,0.07229807757723217,-0.10294673346749206,0.09833711251338526,0.06193296505107472,-0.3727170103245312,0.26313497195634267,0.456246686564173,0.3673140795000075,-0.006456310508227148,0.03467531977757805,0.25298759181688596,0.30702140962071983,-1.0776537804217696,0.14792953022341687,0.1229311449584327,0.19954660368544452,-0.6812608216771667,0.2081961400979268,0.28546271543310664,0.3625572687556873,0.5555606701551135,-0.29319637694232176,-0.2863084971688513,-0.21128248278802245,-0.4767499208640351,0.4730184196420116,0.02759763721464716,-0.012892382597379941,0.5271990343326816,-0.44716441336952667,0.1049802097157293,0.1171869330670576,-0.9073177648982145,0.11624658865772758,0.4166562110521082,0.425087509176735,0.17715278633243514,0.46259827757365185,0.4799366557744223,0.3677566118374496,-1.4110827316099295,0.12537568825922968,-0.08950965825164946,-0.017887239250063566,-1.1258582763139626,-0.1325420610658473,0.11143814189715578,0.09223740026521082
2024-11-25,4.262452834760663,-14.659716208659646,1.6635105622796575,-0.40145316610945864,-0.464015421755535,-0.3533820539828826,0.640896152295318,0.1233893576052996,-0.1928179118103694,-0.16979688557945732,0.09826311165598878,-0.10582331254068815,0.07074920979940094,0.04467855070518929,-0.39684128546593406,0.27937746724082185,0.44425478142808006,0.35598338776444494,-0.532256295079248,0.08364250157276984,0.2778402072481709,0.31909216669298257,-0.27122342253160003,0.10103916038921153,0.13136799328610385,0.19973487824645708,-0.048132851559027134,0.14718229223145543,0.2658529298490916,0.3402372672241671,0.8545393481245727,-0.3052757205633244,-0.33151623445027906,-0.22428658213313976,0.6739421213042669,0.31794207065752916,-0.023378818869111112,-0.03882904139431271,-0.2110774431981005,-0.3311089442623113,0.11584307923279988,0.1158283352687047,-0.2695459474957439,0.1378954246026295,0.40951673730796695,0.4027529289208071,-2.4369831684400833,0.5432608539664501,0.5320755635796227,0.41753908377946686,0.9275936339320192,-0.0012582932272931005,-0.12717245603448,-0.04926733463995508,0.34135425157825616,-0.17559437236195818,0.07625253249365324,0.07532374107119424
2024-11-26,4.3013483040338345,3.8895469273171557,-0.5979891160904738,-0.39800465446628264,-0.45999333262853964,-0.35868511458517094,0.279934005682528,0.1455917392703297,-0.14987114895734338,-0.16549337682940723,0.38424987797630683,-0.07711635647385158,0.09802301921132188,0.049043379648411094,-0.04142347806696725,0.29111575643201115,0.46598851392587426,0.357735157830537,-0.15602741392935915,0.10353226270257539,0.2698375523523503,0.3242924675793836,0.005016016849215349,0.07039210497608168,0.16246717362457355,0.20064394589621953,-0.5585868872423383,0.11389083028781381,0.24748860052734745,0.32741719125585583,-0.6788542053874534,-0.320262444205769,-0.3308530675098519,-0.22960076701719942,0.57639659076408,0.33764517503438474,-0.00495292980109319,-0.03496576774493638,1.0196082066836352,-0.2847073324039655,0.1486759567977614,0.12459259749429277,-1.3599263222720896,0.11103345814069258,0.398473610142062,0.3897994936667153,-0.29624012945773115,0.5631113643455371,0.5182965470159199,0.42572055041089557,-0.8545243963014049,-0.035236709630613365,-0.12092500924043999,-0.05406734034799132,-0.1558381855172286,-0.19121393390861197,0.08133863263478819,0.06762693285630869
2024-11-27,4.240106128674896,-6.124217535893894,-0.2569836138234014,-0.40374084960068685,-0.4439440068456516,-0.3689475510016149,0.053972874547833616,0.12608698365277288,-0.15230250450566862,-0.16331254985581925,-0.35944118865113284,-0.05043034630845796,0.12163491263469076,0.043078720803626104,-0.46754160466010575,0.30785445470055484,0.4662532757449343,0.35965957676073707,-0.6481910048577728,0.13694232006521564,0.27279267910223487,0.33878282291587897,-1.5589115734813517,0.1219791507928151,0.19423023793215233,0.225412619761314,-0.5174769775032626,0.12551291379224364,0.2581992776060695,0.3385902789660058,0.3911241260186623,-0.36325285077319935,-0.3311591198658734,-0.23287819108287758,1.5385124577951967,0.26360308832033474,-0.04423027675737293,-0.05732323687727466,-0.10045951237086692,-0.25956360594232897,0.14136818431370954,0.11143934063063372,-0.57185336863032,0.1299942167577821,0.3928387408208692,0.386386582121903,-1.839566928866661,0.593779328139049,0.5503782149272973,0.4666712444815651,-1.5808591842292017,0.001348613045423645,-0.08086856057351476,-0.040065410798375264,-1.4335403390229022,-0.13681827649609665,0.10955851406952552,0.0872761508481822
2024-11-29,4.19264726494961,-4.745886372528574,1.4121418438270719,-0.4293889992509153,-0.45584908649377803,-0.37478758673940277,1.2943956752545533,0.04611196914744721,-0.1958146808008069,-0.21616674556133492,0.46376953965991397,-0.06599389063453426,0.0972734387051612,0.010425159383839137,0.16653876642965115,0.3080752935356057,0.44780863421174494,0.34571435187098265,-0.018991218127481613,0.13806914381821017,0.2671899269321937,0.32369099557246955,0.2065706004825153,0.09856609815084652,0.1935850215789634,0.21576330353986614,-0.4946715557103265,0.133091807165431,0.2851228199433335,0.3441699067665268,2.2373527712878643,-0.38918457263542966,-0.3803623361721615,-0.25588324660156997,1.229123653111256,0.2268402573440472,-0.05006338811217303,-0.10591118265050764,0.6486405641054591,-0.3055034019478797,0.13475007969112862,0.08819437469133516,0.5942247040075295,0.11450965140409362,0.39132125410238894,0.3687861796158745,-0.8934631343758559,0.5991333066315089,0.5455091465485848,0.4651822283618494,0.10676155408305932,-0.004815347477263038,-0.07660645662917098,-0.04256031841268642,-1.39834654020315,-0.10973172343532661,0.14755873821097168,0.11318848978396716
2024-12-02,4.192622322987401,-0.0024941962208480106,0.1420247906276224,-0.4770107903890453,-0.4678484358764826,-0.35942173348421314,-0.13763939367792322,0.041526369728703716,-0.18273937749914757,-0.1804106220563383,-0.8941672488558047,-0.05490409057544042,0.09791700008371215,0.055070285476138243,0.3798382272919998,0.29925169832712106,0.46992918019178265,0.3720549764292401,0.3804600016509857,0.13082143925609505,0.28288553817118267,0.31564764361718756,0.4971821790327629,0.08331992037239594,0.19099597407139807,0.21676511615829283,0.5213599008346502,0.10807737165560828,0.2783251957694532,0.33450776479659494,0.3015110532889631,-0.447298553003603,-0.3820170812567059,-0.2597345462787725,0.28337497905880643,0.23310303752809164,-0.03375169079450731,-0.09063397848785959,-1.0434976304438497,-0.29452139074752803,0.12883038969930102,0.1250829419922941,0.24729715275139208,0.10838445535304427,0.43958940468684726,0.3688985296032181,0.46204525536042873,0.6003553310440651,0.5408127652195859,0.4952877309722942,0.746284954025274,-0.015238826896974858,-0.07974244539451496,-0.05335342481148205,1.8376881528416285,-0.12772225241017907,0.1372573698680903,0.11376847914875056
2024-12-03,4.219676991484565,2.705466849716398,-0.3786354293587744,-0.5607669822088828,-0.4733452130627655,-0.37140030219969067,-1.5647884666905216,-0.007710742557268693,-0.1882758313995756,-0.16897729451706459,-0.8053631878579199,-0.16251776821257785,0.1069899605937131,0.017672495713957015,1.4489787725019232,0.3117173522942563,0.4489156232803587,0.3607523087035536,0.9031442602674944,0.15433845440971616,0.2778345525861898,0.3052554027932454,0.523951259000624,0.20222936744076467,0.1862515003189817,0.203136085686012,-0.06917868084015677,0.19742422468821502,0.2528707060336439,0.32173714576434886,-1.0724971883402943,-0.5250927044301499,-0.3988093001360507,-0.26907046407535057,-1.055050992181997,0.17163145427419096,-0.04150391241969893,-0.09042107006863057,-1.0211132413531714,-0.2540132718834249,0.13093839827087295,0.1053537699070552,1.6411054688075843,0.07611282634821502,0.4199897262097162,0.35759677542152124,0.49780602383845596,0.5940561165329163,0.5381815870316673,0.4916398477964855,0.0964740266183251,0.058315533270949904,-0.08188410206375593,-0.07989027874630475,0.41633548844493085,-0.0712737319157749,0.1399261267887023,0.14263125952243616
2024-12-04,4.180986288750029,-3.869070273453623,-0.214441598839491,-0.5392154250704303,-0.4011548475066476,-0.3618725659883217,-0.42694131555544,-0.03706209464393526,-0.10653111498301952,-0.16577947805600493,-0.3738094497776545,-0.13768127265129107,0.04531073136409751,0.030994869456156163,0.09188540417422075,0.33854963890918427,0.3255067339038126,0.3506077005906637,-0.41189067745506547,0.1882768737226232,0.35811407063849204,0.3190785515844346,-0.07562526035816008,0.2166451286391684,0.2415509141491931,0.21313996180482794,0.7745406990716192,0.1366061257773383,0.2712989199040055,0.2996151292847458,-0.9337212651328735,-0.5098233896099161,-0.3441799052542919,-0.2519991630859918,-0.49239735150701125,0.16547656049584533,0.022876658719105537,-0.07399429404607469,-0.15965571965597758,-0.2663624149564343,-0.009930691357510074,0.1037261640313408,-0.23332777618882883,0.0791643992045312,0.29883603798484903,0.35132875191657637,-0.020500813707920007,0.6290430568479793,0.5965092252442435,0.5144104449005417,-0.46024599831256,0.1030501624723441,-0.006776956498616789,-0.06778214358763746,2.1086541015197984,-0.09907225130334332,0.14539445989263636,0.10071581194615664
2024-12-05,4.180959254994492,-0.002703375553725351,-0.23309932911168318,-0.537384784625752,-0.3887546762571492,-0.3584503158363366,0.22790795206407988,-0.0336813821833845,-0.10163514189980634,-0.17295797578695188,-0.60473111767904,-0.14792553593212918,0.04148139495412654,0.023907276737262624,0.10924125695936016,0.33908639498157994,0.34211575022949436,0.34944686810160447,0.07517644211798702,0.18176791699781608,0.3408570120123821,0.3282763671570951,0.09228614825151049,0.22940712881962363,0.23650453144236275,0.21128203359526082,0.017453638506035096,0.12793149232738543,0.2816879567838069,0.29606026915438344,-0.8632165657095712,-0.5225906650896834,-0.3271712838140531,-0.24659489041150454,1.1942693753640736,0.17192013672807277,0.03844053109984061,-0.07999424465618393,-0.9976130307056896,-0.26652909646950296,-0.008070637773398436,0.09742363318200575,0.8401653848360833,0.06761640730414704,0.29505160543927916,0.3470686202785042,-0.3222889325664704,0.6278533645803935,0.5942048232405499,0.5288271438828599,2.007657645851526,0.09629899422501359,-0.004065277635389629,-0.06718879708212015,-1.6824076174540128,-0.10140168426438229,0.15635067221718815,0.09245297821352041
2024-12-06,4.150979908963873,-2.9979346030619247,0.028995910714943562,-0.613182330650879,-0.38697212863307506,-0.35631061873111586,0.5288138348339206,-0.011340316011282213,-0.11112807589514166,-0.21397389129746086,0.9355330621209594,-0.028118125548458318,0.024572202299634027,-0.007157987281200391,0.17171899714531236,0.3691534194380321,0.34883308422112136,0.3374748049964371,-1.015780863153088,0.3157528942383427,0.3519675358413965,0.31493005328205015,-0.7810337427353602,0.41543994841914506,0.2514901015423666,0.1969348364375018,-0.687709644569952,0.24463606374189142,0.2987853907399264,0.2874933258844242,-0.8373071743091844,-0.413606143837759,-0.31573469139841787,-0.23882354862514507,0.2499888387621758,-0.06543648597221818,0.038325289835325765,-0.05583024192578097,2.09956645654624,-0.07266356430791449,-0.035696339589563406,0.04121154692365129,-0.3671525041279997,0.07857364310169952,0.3076413605202928,0.3351387961425751,-1.141428807084064,0.6182546398246092,0.5997819270374124,0.519047523718223,-2.1559564189577123,0.1574240105064499,0.020649824706756668,-0.038179045821786814,0.9769227132952478,-0.10444312145652342,0.14543086437257488,0.061124586023980146
2024-12-09,4.197288871941426,4.630896297755349,0.39284163994793153,-0.605193312179182,-0.38153559523465364,-0.3530772029618361,-0.5311032146746035,-0.18157650792205388,-0.13547555630761465,-0.21955853982556295,0.7815470614454016,-0.09186253259955453,0.04980820758406295,0.007219658909960342,-0.8654937248190816,0.1472433452182147,0.3105279563610551,0.32527719871814675,0.14516001157013436,0.2311788813687775,0.34552458963947746,0.31522226920290813,-0.24123268110679363,0.2984025759556785,0.23935127442689585,0.1932222961453392,-0.19983247479732158,0.05724853890105576,0.292373070712371,0.2821686544152644,1.1447224815412365,-0.30357591451835564,-0.2899593251234324,-0.227419128376874,-1.0008635200849834,-0.33116683364369,0.029068892104703075,-0.06401070968044413,0.010223474139470667,-0.04209467274303873,-0.05314490400726965,0.04090999927847808,0.5152065927427896,0.08056716749008948,0.3034413085748237,0.3407307105242205,0.21638374111604797,0.566047591756094,0.6051903124865462,0.5230455415104522,0.7130362250930177,0.027899827289632393,0.027810082654898774,-0.03154797938885794,-1.6812457275771,-0.21321708136683917,0.10451306980654095,0.042673407516292956
2024-12-10,4.219549524146168,2.2260652204741938,0.48783587217360647,-0.6519740444337734,-0.4035873879873747,-0.35169107657437326,-0.3787073775663039,-0.18470953094279086,-0.13934990367508052,-0.2355995523927878,-0.0007769318037025297,-0.09496895831246337,0.052968649429227396,0.013801613295091966,-0.14418684809600002,0.142999509277217,0.30154892752931955,0.3294499797586257,0.21805115230009608,0.2918777332939796,0.35356712576585764,0.31792456224219723,-0.37080380335898244,0.2724192332772675,0.22800427020980957,0.19400863569168444,-0.07997115435094404,0.06176947803237577,0.28324342166573374,0.2785087975432561,0.685782056597005,-0.2730531151751155,-0.2992308873324041,-0.22422788149468528,-0.17429169416191037,-0.3358256103703338,0.04406770877929189,-0.08539508508950162,-0.7699880224263489,-0.05968139760196455,-0.05840321653037969,0.040022733494840264,0.4932657986027458,0.16863735819978565,0.298393951842087,0.3444230044634701,-0.4432815308791298,0.5467460821720233,0.6002975948876068,0.5254121986549889,-1.6713368920328993,-0.022887780733540353,0.010990199369895124,-0.04281841111724834,-0.4932648531227618,-0.22777556889663936,0.08861157296343407,0.048541571302347854
2024-12-11,4.270098035541315,5.054851139514671,1.2179128297869348,-0.4648043533959588,-0.35980320364434937,-0.3184298530632212,0.9143544215279674,-0.3420472985180706,-0.12257567570854945,-0.20040829025301707,0.13363866068891195,-0.07312406284511559,0.04881632768450438,0.012226340249266984,0.7462364929341374,0.08608746160320774,0.3124546888394395,0.3278088578924334,-0.534243065031955,0.12788087189613084,0.3310258915958791,0.2968246157695483,-0.42760977768409925,0.19017367832449877,0.2134339293094451,0.18189196706448765,-0.2984517267388064,-0.04615617209521319,0.2729394752068326,0.26181518140237875,1.5930845632690849,-0.19121508362090678,-0.26774353283710334,-0.20312924894268772,1.1220968657476544,-0.3793834503504281,0.0642629564016009,-0.05242728876680278,0.3665612820283296,-0.19640970940571312,-0.06562268275134107,0.048836319362507125,0.8549841463387169,0.12805731829792602,0.30138296481093785,0.3349711008426767,-0.6072071419138209,0.3289646564745583,0.5871946861737479,0.5199473533176275,-0.5745848441542432,0.033676610281189304,-0.0006666969069702585,-0.06781734394911104,-0.33611052842287353,-0.17242290147822065,0.0789434675152684,0.05153278275773191
2024-12-12,4.322873662958306,5.277562741699171,0.2858286709798721,-0.42873127644639003,-0.3532410526687806,-0.30873985488134936,1.0942471353488,-0.2535100339216494,-0.0804054467647922,-0.15926576149648503,0.5554355378056965,-0.004679857818217371,0.05245614485913458,0.019083940640223368,0.22613764187337582,0.07899181672679834,0.3242500105953835,0.3164899809185553,0.7827943357932896,0.24344024103213147,0.34149348463732376,0.30183276499348183,1.017113164205856,0.2619310836137655,0.2755068561377668,0.19686648555784855,0.8737650887733824,0.06880919369904863,0.31131583377916294,0.2615929485632474,0.28999140109424015,-0.13710305792532176,-0.2769496842007247,-0.17879202117918513,1.7474751232001595,-0.27402013853157287,0.10349192493121206,-0.027332631850515456,0.18198599016934391,-0.1792714877512702,-0.09817539381776802,0.034722755594506195,0.1276839574774402,0.10491465422591505,0.2969016786536161,0.32628508242611615,1.0704277800044384,0.42638318337626213,0.5988124488955507,0.5186372884127262,0.3707729871249663,0.07012493359969578,0.0314582239733067,-0.06351975557353712,0.810918701699056,-0.1287938582753493,0.10775503310104419,0.07213926774125971
2024-12-13,4.397678555102491,7.480489214418462,-0.4547269413644446,-0.45572643430948667,-0.3638013405941925,-0.3210677680718171,0.4108803300859263,-0.19311307226736332,-0.06258628391541406,-0.14326574400452086,0.12252214715151366,0.015809061615065068,0.03905761010438031,0.0220835141922828,-0.10259722598478715,0.06742488905557202,0.32084839513109126,0.32170484696388707,0.7491111224883102,0.30296002087815754,0.3516601100578972,0.31308689782704224,0.528939251240464,0.34784774420912556,0.28911691095719244,0.20486698980870927,1.0391145076781858,0.19196668403908532,0.3295386827991753,0.27996196825533803,-0.22976458644065634,-0.1766333279246415,-0.29468537418203467,-0.18723723495126907,0.4511060031489218,-0.23600347640505806,0.12284381736065389,-0.018406415773969977,1.1459398460238144,-0.0404457117151186,-0.08266636679731484,0.051984357779894345,0.8427831062442496,0.15853034445526784,0.30662158559549807,0.3477958137510834,1.9425324493829152,0.5313286009701443,0.6113182438695774,0.532087106640757,0.7026781992731583,0.12207008548632799,0.057226000540504064,-0.054013324896683104,0.4968798831026464,-0.06025142631083726,0.13081602368653927,0.0779739043072577
2024-12-16,4.397701188172889,0.002263307039829243,-0.5662426734532611,-0.4548191373032588,-0.33999800169056266,-0.32713197543971273,-1.005920119486243,-0.1847375757429894,-0.07292755452873306,-0.13824639774524114,-0.28971464040110395,-0.0034264762239803862,0.0204089509228291,0.04369153735254397,-0.3306172125918143,0.0634230750652367,0.3386871330173306,0.34635901795085144,0.447326246876131,0.3374832192932298,0.306302693913642,0.3200116122711415,0.1567617926898337,0.4047556290498031,0.2546117974168508,0.20306858633169445,-0.25673808816536003,0.21789700193185244,0.29470947379391865,0.28458803582190284,-0.9644662843761314,-0.1699084539443099,-0.2843380491418955,-0.2025417890032298,-0.9997403408243359,-0.23551036050855736,0.12773714100962988,-0.03544258912254528,-1.4628545474369632,-0.04483537752123282,-0.12003888461547205,0.08067798617492053,0.20675292454333755,0.16816673635359075,0.2945526595235712,0.34644205969446124,1.417735068769312,0.5694945231609476,0.591880373455151,0.541182590899633,0.3611084227571202,0.13827050891106007,0.055199369883184767,-0.06739728064856325,-0.7573667393311938,-0.08047402189910594,0.07931961932637004,0.08904006706054532
2024-12-17,4.383901174537579,-1.380001363531047,0.28572026787887994,-0.4690691504886138,-0.3400371406414476,-0.37744430010709895,-0.06450360369651165,-0.18878288659877632,-0.08219303201138466,-0.14585458047558034,0.05482778922716802,-0.00212717209148732,0.02184932359306697,0.05092804287192548,0.40776914561792,0.0821540882812014,0.3258252116081617,0.3536468136657678,-0.007679203909376042,0.3383739444935119,0.324848335097015,0.3100741344946365,0.4582333832015233,0.3846762116975988,0.2617034627457446,0.19087800395255924,1.1651831122157215,0.17218181202100805,0.2865793168525407,0.2640338125035494,-1.712396606531712,-0.13383409136444824,-0.2610534935249801,-0.25074242756940024,1.4787124833089598,-0.2446720368365405,0.1040919953080464,-0.04849741380273515,-0.10702155254659207,-0.03545162386565946,-0.10523975555052861,0.09613384174021766,-0.4747424687156476,0.20974358993770356,0.2904272419674869,0.3426445428758615,0.78115862661872,0.5472830876466497,0.603051480762899,0.5331629048958668,1.2932081286387742,0.11198128651055157,0.06268719165717243,-0.05193848635893054,0.8894163472492447,-0.08858442294041273,0.06337534760093586,0.06001804023986228
2024-12-18,4.496037874944606,11.213670040702706,-0.1525480830950241,-0.4570172145957779,-0.28421643131293817,-0.3778095853037636,0.5376160854507552,-0.07247939020142846,0.07755374683697255,-0.1274624178337351,-0.15758979256446093,0.0091455442821401,-0.002781134637618177,0.06351457656530875,-0.3315243876299232,0.038406452057665595,0.23814121388798173,0.3641431050710969,0.741733169868493,0.4893750718454411,0.29015570964753834,0.32930500256702283,0.5551417976931134,0.4482349854147324,0.24444340743687448,0.2003354918509233,0.6356718924934912,0.26856085376705124,0.235947536607993,0.28418306307645275,0.4328077076311454,-0.06457720786404288,-0.17924187379827164,-0.22370390730341283,1.0727153642330816,-0.10908908611171093,0.21899890313012627,-0.025206078912088006,-2.0213337831526914,-0.19320733213085087,-0.25251424185069354,0.03176792579234394,-1.7043228885705282,-0.008160373389552092,0.1298877593938452,0.30560476864561686,2.5201806763295904,0.7148645777105536,0.60422615184509,0.5604128362903196,0.6965887912795103,0.1328378332576067,0.11056202994043715,-0.03210416465497541,0.04778224000049924,-0.06116550438048876,-0.08560083564772364,0.06618059339010558
2024-12-19,4.569168576321578,7.313070137697242,-0.945433803558019,-0.49944888758606915,-0.31326221411613286,-0.40186006799569857,-0.743569712437488,-0.10827373051491301,0.051597077538188506,-0.14194555786813784,-0.3539025651627942,-0.02818163529714017,-0.014328709068400726,0.062301060596051346,0.13474396698348035,0.07983849331367483,0.23629885816954482,0.3688928140240131,0.5071072241035219,0.6262782033331905,0.3002393367930235,0.33416848919909975,2.0506267410215298,0.5214334980348009,0.29274215804927595,0.23175881607478213,2.413851230814819,0.4063217276001933,0.2888703058897655,0.3139474548642696,-0.24173583677975374,-0.08463773650527609,-0.17811493623425595,-0.2213883059402724,-2.0726037200170397,-0.18285687393642094,0.17718665671818967,-0.05537079294552623,-1.2056424880735679,-0.23141179235847845,-0.2748845726617766,0.011931978666115384,-1.340268902264656,-0.08371880429990095,0.08115538264774337,0.2852016643612105,1.0005823897606398,0.7824774991930217,0.6149753009580693,0.5631616169680398,1.7300866432942943,0.20649922874382054,0.15318245181592766,-0.006828280320968785,4.198098625447315,0.15702962077895244,0.03085227718262533,0.12035560585116242
2024-12-20,4.522208619413681,-4.695995690789712,-0.41265780300788135,-0.44108401194322333,-0.3132991175764212,-0.39473112022662166,-0.8682521796411009,-0.029998997137884256,0.07440949183598032,-0.1178340815273122,-0.1738009583029152,0.01967831136731357,-0.013496809965204998,0.0632313260043399,0.44739778692153265,0.09766046833204345,0.21027983922135915,0.35568509820450017,-0.9053672901121086,0.6627328434577583,0.3113394435335,0.3499998226714949,-0.586946563420576,0.538626281585596,0.2984248730432379,0.2395267734855675,-0.9233050261490179,0.4404387762222372,0.3011362661889364,0.3304825533915653,-2.604674102068253,0.05375696082995095,-0.1348939120916064,-0.18556247230316583,0.8511863057401312,-0.19043005613061484,0.15369472042910784,-0.0641723874470503,-0.8452723158476481,-0.18555242694992702,-0.23804294929707873,0.022289627509879763,-0.18302822537103358,-0.04566399277226143,0.07094822360360516,0.2859081613474809,-1.479283984446762,0.8043999048021591,0.622817085640651,0.573152907747721,0.4706718209109056,0.1818386770851278,0.13898909826970365,-0.015568947875700909,-1.0977436114053756,0.20556109548946783,0.04912424721398994,0.1371494414187058
2024-12-23,4.597608144587912,7.539952517423032,-0.6058404399773023,-0.4639691994848385,-0.35440332611320785,-0.3965174660395433,-0.8309354016330113,-0.11088034831867012,0.09960290506823698,-0.13344815142011918,0.7517739398162879,0.1080784624337497,-0.015659622626089848,0.09514388366991462,-0.07390101510708469,0.056712099556375566,0.17089473311100298,0.34925989882258823,-0.6594805253291136,0.5526429961861138,0.25410278750409526,0.3243311849882005,-0.2230856701781696,0.4926772293434929,0.2749572776251363,0.22548715751921922,-0.2195174193809754,0.3853183302965008,0.28464128828689567,0.31454805070843167,0.21181452990783978,0.08219305244706583,-0.12062034215403732,-0.17299733441834234,-2.8928651173369118,-0.3160699893733411,0.09070798957025436,-0.09789909636063752,0.87906939684992,-0.09777697510528933,-0.24284409667963994,0.04360625555509267,0.03662839041292476,-0.06713071247383426,0.03484939349066747,0.2946167858542887,-0.7508131220088192,0.7425676501463263,0.5857939665305336,0.5544786862484166,-0.6759411201200023,0.10830677399457812,0.11271344099210026,-0.03530939113429833,0.5803595618286967,0.19962406153195045,0.06004936333405391,0.14094465832486086
2024-12-24,4.58464054933194,-1.2967595255971354,0.45370842582991544,-0.2259402297147174,-0.354501646580543,-0.4133700151876974,0.09980369934949856,0.01104419762287232,0.08188158710811134,-0.13474725283499098,-0.20007723086229087,0.17549110040208624,-0.018364797938404415,0.09621418717268021,0.6220684368931946,-0.13418613674476895,0.16253219759055967,0.3438061294665015,0.03511826228996384,0.53960348504072,0.24923271043470882,0.3255170282254391,-0.6263122110017264,0.55025038542288,0.27670874330524503,0.22974890994035624,0.13097855827709726,0.4366455832178829,0.2776961110517843,0.3133801942451201,0.6202909507399232,0.23017023617184626,-0.12297223303047825,-0.18842039766423418,-0.7061543477865281,-0.30092763739298656,0.08208474810836577,-0.09332187586441247,-0.8911421764748224,-0.1038390900571203,-0.23981104513680188,0.04813012238929079,1.8668185042953516,-0.18799113201753873,0.020150567439859633,0.286683481870615,-0.16016016110184864,0.6610124382031554,0.5865985178123152,0.5551801729603857,0.6408670138975757,0.25050862947266467,0.09400322669695674,-0.03905429997141281,-0.6757824872844509,0.28370994463516963,0.07677890146983489,0.14416057055883516
2024-12-26,4.577655330672912,-0.6985218659028014,-0.5623251550517407,-0.17934253463152533,-0.3368207013255468,-0.40207218116375404,-0.9387117815241792,0.024761828869664992,0.09068509764895938,-0.09951261151936103,0.1366367944979936,0.15159131577632956,-0.010810584545700691,0.10999462290018695,-0.24983225017467836,-0.10623741665468686,0.17418836468293314,0.363505495438836,-0.591782995677008,0.5582300897687111,0.2683633854128553,0.3266900421382649,-0.22185454173044034,0.5592806751789974,0.26356108342190265,0.2572177912867993,-0.3786807282302458,0.48124432776866866,0.2739771218836607,0.3102276743316953,-1.4613811268937886,0.2627741456917899,-0.11636109657206192,-0.17709054362494145,-1.0987755481786143,-0.28417024541683233,0.09089197082647048,-0.08339165464930441,0.3066907215123327,-0.15263351410039588,-0.24035078464243198,0.06546104167719899,-0.22813950174412478,-0.14732962249535872,0.0295834233270783,0.29430103436928046,-0.46764579893253755,0.6800962474651561,0.6051273503986957,0.5510460117344749,-0.41286935708973926,0.288674500052093,0.0856128675136847,-0.028412785917937663,0.2749326638530768,0.28741130199927567,0.07092917344325902,0.14663652105023317
2024-12-27,4.61823329587486,4.057796520194756,-0.02969909415016625,-0.23230510660724593,-0.36844829680368635,-0.39899535061804514,0.3546642549657215,0.06167988117569433,0.10035854951981242,-0.08969776652694544,-0.12196868816589745,0.09534161573951379,-0.01508996695844795,0.11883108027725195,0.08229935717821757,-0.23309751322587785,0.17275023226468303,0.3581633122805697,0.18285232509385585,0.5175671603626432,0.2740546486236294,0.3164088683154877,0.09971331582368004,0.463994454406758,0.2647747056372593,0.2518476513067538,-0.8013638236948255,0.3946248072152007,0.2555610001162273,0.295711211108324,0.0329003384374591,0.3283820067426527,-0.1341449103608575,-0.1694127621448367,-0.13286608214763174,-0.20687437310432483,0.0859795829240753,-0.07953369385785627,1.0320298533949726,-0.11235456637608708,-0.21847482817877983,0.06271201656351393,0.4935201971917218,-0.22889044997595812,0.03056873153445572,0.282334734389287,0.6780499088332803,0.6306852926399193,0.6125766608010084,0.5616767675858036,-0.22538271635552043,0.16650049662244826,0.0841855083106541,-0.023203579480847374,-2.83859177982264,0.14399782225854996,0.034844762304731984,0.1213080214161267
2024-12-30,4.543703004493128,-7.4530291381731395,0.028010917627958376,-0.06848952769039772,-0.35749063078363247,-0.3863257086489752,0.5311254124861853,0.11258139153954301,0.06767722021519325,-0.11516435757379363,-0.18185554342645982,0.19561665420124735,0.021844862778588943,0.11899801090622447,-0.23748308144609345,-0.13537233570725785,0.1947433262952068,0.34882608400017157,0.261162372730425,0.4449798872630543,0.25899958445863996,0.3000243238356997,-0.374986206030761,0.5195363729420517,0.26472208992988905,0.26376410424138075,0.05389885630940805,0.33632681096112194,0.24342653363573302,0.30166158586177444,0.1088515600884416,0.4949649746572494,-0.1280151025881241,-0.186564222279781,0.9123823342305375,-0.2037507950475196,0.06024027837378174,-0.08619376820575467,-1.7597889607406592,0.09968156326730505,-0.13546139688460251,0.11108675180091843,0.6811108678320672,-0.2403239464096412,0.014167867338220737,0.2730158043468405,-1.4627635295205472,0.6609297094627642,0.6257786162380768,0.5647155048285258,-0.1715527046832479,0.1875673450096346,0.08971908955021288,-0.014950245522153084,1.5663042654885118,-0.025662261219104983,-0.019230313760872243,0.09395089067615438
2024-12-31,4.576030323610564,3.2327319117436026,-0.17258184073732163,-0.06345137342829578,-0.3871870220041519,-0.39490832524454733,0.12026231795698239,0.11764940784857005,0.06976490251664992,-0.10299519456295927,0.22074086090346245,0.18181177007451588,0.03137284109796868,0.119179326760344,0.6152522822224256,-0.10807135204056847,0.1999169413137425,0.3687933029359348,0.23521052928648012,0.46408324439381915,0.26021403439904817,0.3139535257285172,0.6553695303128032,0.5401345631794781,0.2688894311539043,0.2676914677527531,1.2276222890796256,0.3510648062413808,0.2526871284681738,0.3032480109185997,-0.460310132527872,0.5091789671711523,-0.14962259981816398,-0.18810299506667666,0.23322634517504648,-0.19478149828036775,0.0638640797455472,-0.07265986860847891,1.0252301770409857,0.10112623514918943,-0.12170538648750767,0.10898253223543691,-0.8993316650102978,-0.24844003130906872,0.0015848364344434914,0.2979052562469091,1.3652808922311266,0.6643403925968858,0.6340215332241701,0.5633377143966956,0.6173522481765503,0.20664670856002942,0.0920955659125518,-0.011863913503872689,1.0551154264711455,0.0035895219446457553,-0.015977931939474242,0.09946690675294138
2025-01-02,4.574079383123847,-0.19509404867177338,-1.417639561989824,0.0007242983754072346,-0.4077498357285721,-0.3834814975825791,-0.15547407826764148,0.15658850708886435,0.072882210453466,-0.10152784894140061,0.2327837686341504,0.2087616059516614,-0.009225747102087801,0.1320986599540867,-0.5240212622597761,-0.1280888077215672,0.19680466495045784,0.35196153692836235,-0.7380377893277049,0.48550467891242094,0.2628277853310796,0.3087966919940963,0.04542554301271168,0.5395078956351878,0.341159174914057,0.2627264453178699,1.27708780579771,0.3145798421750188,0.29405778983398445,0.2772613543551381,-1.7283741621445377,0.5262145569002977,-0.17381546843805112,-0.18975316096332684,-0.018811386032307142,-0.190083521089058,0.03906754432429449,-0.07484331696902195,-0.0976328427842208,0.10769619207050635,-0.09576363448262819,0.11548848619488161,-1.212256834453632,-0.23718068248924348,-0.030791549579915495,0.2757553731875296,-0.47263402941326393,0.6675751593228395,0.6307855505751391,0.5616230489385107,0.1898825470603296,0.20611504913333856,0.13926814847939578,-0.013310601385292067,0.658673509425814,-0.004444202651913221,0.004771621491731541,0.09802420513231017
2025-01-03,4.594472244125244,2.0392861001397478,-0.08701194406052792,-0.009200268084518064,-0.3987410784896582,-0.3262103127462484,-0.21024516239850555,0.12469416986628495,0.04274304133086745,-0.04217016328340879,0.41806325284225276,0.14674493280283155,0.004622961157691929,0.08644722347854018,-0.39725707993860815,-0.12100457849077298,0.21730277593902153,0.24238041554291817,-0.10245239689315833,0.4644811245764079,0.28333880248593046,0.35993945827595886,0.9636965640382208,0.5230825270393032,0.35466445277180136,0.31009105472309806,2.0276960589420705,0.33380830323065447,0.27154609939664615,0.30587969685047617,-0.8311695769118366,0.5112236830702943,-0.17933382855226176,-0.15258864092138885,0.7455457620731871,-0.22360025205498718,0.030666084054028157,-0.030833229239970145,0.8445983688851679,0.10961886367781733,-0.0973765362893913,0.019897058062850134,0.5856885321578111,-0.26413958990941183,-0.03013037474875251,0.1590227077060733,0.27983522777756487,0.6826862656251063,0.6610666126178538,0.60502071329173,1.0857094713495838,0.17076629049874814,0.17504484189041253,0.04801972082333317,0.8786715502950336,0.0820366336988197,0.015019909898346779,0.1303008176280992
2025-01-06,4.614782030036344,2.0309785911099887,0.18858231678728285,-0.014741011276218009,-0.3908698835302139,-0.31681296782126456,0.28815996083430306,0.13494654231360786,0.04579827710663261,-0.036062617133857555,0.6444109815542426,0.10723838420218253,-0.0013277990689119846,0.08746374887641671,0.8563821770640672,-0.10890830328226042,0.20686262816884463,0.25439827236696483,0.2139339915420384,0.4685128883187296,0.275113782486467,0.3517641224248268,0.634826462966144,0.5166557459516681,0.36438495763883444,0.3087290509730184,0.624874049445677,0.3268894141026099,0.263297495832162,0.3146238735116694,-0.04075661371184314,0.5038819589948291,-0.18833276168659996,-0.14013875944103385,0.3180353264171456,-0.20652091738898518,0.037349377827661054,-0.018570594140556004,0.6479433740527393,0.08996090713541668,-0.09634925406790046,0.02177168620843116,1.8537630666600224,-0.22752725451815609,-0.0427114416405427,0.1594721794849437,0.48719958530333773,0.6776849426519501,0.658906945196349,0.6086572588077649,0.2037362780332832,0.23435766074682152,0.16424186704262814,0.05304912367346634,0.6021677521211326,0.05354510934920963,0.015395846753785584,0.13859212348865724
2025-01-07,4.68397701663073,6.9194986594386165,-1.0872064994102528,-0.0782201346997978,-0.4449866788791792,-0.3345020746063151,-1.1871421912332096,0.10128431668465943,0.025980022034202747,-0.06253718254550063,0.06006414802978566,0.25042369856677427,0.1095500229531085,0.09227466873359677,0.1277990730251264,-0.08531184295634661,0.21157054039976217,0.2589502445357649,0.3711216137908351,0.4248422353060574,0.3567568863168815,0.35522006064468387,1.4199182860275714,0.5102882676111212,0.4984671218810964,0.33113828564276054,0.09998869495635176,0.24928070112803605,0.3287584120948952,0.31366109194474107,-1.4914646428274687,0.40906773426694293,-0.14176856034930058,-0.15690903934627304,-1.8038354756367423,-0.2563191196260635,-0.12623124818822054,-0.04400232279282041,1.6782903112637984,0.30554547109393976,0.050378646223377246,0.05156983110852218,-0.27076623054491267,-0.28299477324102346,-0.05975395320156224,0.15238356666872188,1.3790933505313734,0.6678805861738257,0.6679076468748312,0.6162717865995938,3.7807495452710813,0.2275619727438927,0.25960336763539943,0.09896782610037679,0.20327027032598455,0.08614892903631123,0.04342895306952391,0.13925290336615753
2025-01-08,4.692231282563306,0.82542659325755,-1.4487399236689598,-0.05634258570798616,-0.43595207233866906,-0.3292277764043321,0.31262265002524803,0.1039173247781959,-0.06135354864156159,-0.07051069914966483,0.2504284700380799,0.21869700123492586,0.012939035116877362,0.09391664186681385,0.6129195484793599,-0.06438253299827668,0.08263647564468364,0.2525141362281482,1.1297428795207969,0.3462455845043738,0.2834058310915954,0.3500810631940795,0.31498599760874546,0.5359047684204623,0.4451284400559713,0.3284903825007575,-0.14420501404070407,0.27936703822636727,0.241623088042134,0.3154866975983431,0.047811564743168056,0.38765351782114243,-0.08774240609783478,-0.1556369816440617,-0.4240198775432642,-0.23661882160828493,-0.2705123315774271,-0.04123598510102392,-0.3255437839075839,0.30900114897711184,0.08432581479697335,0.04401764310325124,2.6371116821676672,-0.2967309766707037,-0.07071635938791958,0.13841425417106298,0.7219493893797793,0.6647008899647618,0.6321336321659163,0.6266128025387712,0.4162889459558783,0.22308143952223022,0.15629981844771207,0.09839277866030127,-0.4159512516565471,0.13473762517698645,0.008496767776285013,0.13366601481348842
2025-01-09,4.680079034964145,-1.2152247599161115,-0.536582663024221,-0.038494773883459045,-0.42310367225879486,-0.3419983090001595,-0.232519875677635,0.11107893130169917,-0.05268425797695596,-0.0697161519131123,0.1843079793119744,0.20500537240157857,0.008448635000414878,0.09375571945988743,-1.0408258929312642,0.039824027837049136,0.1033312744926397,0.2546680864284001,-0.09364093912002236,0.3549453530217679,0.3294530175591389,0.3549315245048946,0.10130454421434565,0.5505352677706222,0.4377557129561757,0.32522603556606705,-0.8205263426997991,0.3169437428111465,0.2508609352849002,0.3170153057978133,-2.5567659390874082,0.4353379950920511,0.004304196994335741,-0.1465562850048354,-0.3380552383293344,-0.22393768124040137,-0.27089571130971357,-0.03275450470555161,0.9146727043215647,0.26422353600453624,0.08421108158440377,0.037827172617975496,-0.5901533523122047,-0.2594701448880091,-0.019740448283195686,0.13651760957698783,0.3277235165355552,0.6662154187412274,0.6203544227416891,0.6261183353194473,-0.7709262744721729,0.28195040462094423,0.14336305405499536,0.09935272343792671,-0.8349714245890179,0.16390904042138402,0.005151744449366165,0.13242359608150867
2025-01-10,4.772599733610049,9.252069864590418,-0.8023051261140477,-0.18654228446174898,-0.4221633569030726,-0.3506000635740159,-0.20214632866284798,0.054664608170363255,-0.15794478408425444,-0.08392353671035271,-1.0919751921709446,-0.0693184947609502,-0.0666321501178482,0.03511625332405259,-0.06089961868598337,-0.02116217347888958,0.03074223541753936,0.23496957191285855,0.6401784191736954,0.44652695809495513,0.31507521490118795,0.36313443432763176,1.914253744377632,0.6652727104648242,0.5031933677355745,0.354364329137805,2.3600413011878727,0.4382527852934861,0.33404326415053454,0.3560645818596691,-1.5940586590740162,0.3211678428372691,-0.059218031647443034,-0.1686099492561486,-3.9829460190895674,-0.39454789222699505,-0.4008178118670311,-0.1023763937786206,0.17039234433504014,0.25429374345450545,0.03728541245574534,0.02957342014764411,0.5800581698394236,-0.23898186226537937,-0.043420111174339186,0.13489566420690313,1.2719195340532155,0.7284190969448538,0.5814646805026763,0.6324122244888222,3.3289911653954882,0.43840866670979145,0.28644058897864255,0.1436683262402707,1.673884336746637,0.24004912351368735,0.10718871803580177,0.15464826101678852
2025-01-13,4.802614455918977,3.0014722308928654,1.700272189419069,-0.1565632994273986,-0.36784206881524906,-0.3255435732116371,0.6839858385375104,0.0017090969602189061,-0.15259170942661832,-0.06979591209725335,-0.9222335959681154,-0.114191870068917,-0.07964497778958886,0.01448971527811227,0.42691864050010886,-0.028082833349721552,0.03367649142114282,0.24492279473449335,0.7085808566377568,0.42474936928336776,0.3418442488804676,0.362887284023155,0.88072615146928,0.6550567087837014,0.5076550007331682,0.3914679010975583,0.7111467971079872,0.4333287321831818,0.34583226820487345,0.37127026211665193,1.6814212864564673,0.2760406803614562,-0.032660418028405754,-0.16726895449431592,-1.2926705229646784,-0.4691384271964652,-0.4129946104710956,-0.09710803626952412,-0.8183456226252606,0.2428309531378483,0.027456574121975566,0.0005164044479130717,-0.4445577247917125,-0.24221525202585958,-0.053899907599751544,0.12906260067755657,1.680828856169898,0.7091084604622075,0.6060987734066055,0.6341988557093989,1.4139111232748927,0.4514350625637027,0.30102037231265016,0.16839051994233892,1.2590405986538968,0.2343398283233632,0.11425781480685772,0.1687437774162951
2025-01-14,4.787252465566085,-1.536199035289254,0.9717137117390435,-0.2035526409858046,-0.36294880755443454,-0.3317400529560387,-0.8607168637212164,-0.010958380202006103,-0.14039723020173903,-0.059987910606472246,-0.6602959788462082,-0.07673875093899216,-0.04712976256672757,0.007917401461323324,-0.43687924668270384,0.030125367736537147,0.05213047328553252,0.2564502260814058,-0.44096037758833284,0.4100111861103163,0.3467717371352222,0.36175819778770896,-1.2450161391290335,0.6665864319873868,0.533653937793563,0.3960801338705082,-0.618161610770089,0.4421618785085327,0.3579774056770534,0.37013665831562553,0.8681020313622403,0.1967917995040536,-0.0505597530390904,-0.18407332928711045,-2.3345510413130945,-0.45417094455965745,-0.3826725383046599,-0.07296010108599159,0.03866399750536953,0.18213790809731206,0.05036878888080003,-0.01231183198885336,-3.159889644324595,-0.14531014990863902,-0.01843493311342267,0.14236431394205337,0.7321211953620861,0.665868587634864,0.6114164393116813,0.625715323531623,-1.007287441028758,0.49185969749525854,0.319804182381172,0.18120726283412503,0.6360150603519158,0.22641180725817897,0.12164387478207327,0.17165827087281824
2025-01-15,4.652070319096797,-13.518214646928772,1.0356963108447461,-0.37043471275356976,-0.4207739888178696,-0.35097852329005913,-0.4528943703022086,0.030070181472811403,-0.09707866266693842,-0.04850897113579905,1.0240398947704965,-0.3367913112542402,-0.1717993389348492,-0.078969903217998,-0.4852873007820486,0.15509562533217272,0.10631393715325975,0.28537519720154136,-0.5587823250075838,0.4866485587998924,0.4156635435538832,0.34809204847253955,-2.359934524808563,0.7828934033578543,0.6524659965656029,0.4464852198766539,-1.5737685247362436,0.5606166523461483,0.45783021104313787,0.4023294527614478,1.5281785001713888,-0.08160775279785788,-0.14555285789112749,-0.2236244541053301,-0.38509311755574416,-0.3922344205891507,-0.3478642979156851,-0.06715723463264253,1.6511719606739206,-0.08958132015380484,-0.06630647233758281,-0.10932752470520145,0.09587030579792,-0.1325396526688742,-0.023568561797306778,0.122406577430785,-1.0382329284085126,0.7228186690830394,0.6539963236015539,0.6191273374068346,-4.3460393664511425,0.691289013616825,0.5015781406843298,0.2868823014425216,-2.338695961120128,0.40292315576162985,0.22672495229043585,0.20688622626881553
2025-01-16,4.605398494609171,-4.667182448762652,0.9412310536147862,-0.40425999531385326,-0.4415740072847383,-0.3611329102434048,1.2037555938500704,-0.08003602398981949,-0.1393022321247041,-0.08162373591777351,0.7079775236769601,-0.3794016720166179,-0.1957802478088723,-0.09448415699144297,0.6283876416611713,0.1043044134267561,0.09974317791194695,0.2608161410736092,-0.12435987407095705,0.48894543022208475,0.4174237065869047,0.3633751788299702,-0.9153553028462529,0.8053887740455024,0.6615653177586531,0.4647338834357852,-0.981919114194771,0.6138046917688775,0.4738685761539423,0.4210866906571315,-1.2843945266278016,-0.069332675102414,-0.11626577181341723,-0.20162436029868586,3.152660551365536,-0.43484749761955765,-0.3753900616439871,-0.1092818600160357,1.3081183414002622,-0.1462735392026053,-0.08983016330637332,-0.11918489489001004,0.4343694291065603,-0.15612271218396753,-0.021203906889891547,0.10979391496294674,-0.02909724122636792,0.7359784259665488,0.6486019395296312,0.6293553043097977,-1.332169563258026,0.7286963988197747,0.5119951814110302,0.3103583608054823,-2.1003014272757086,0.4584983866496554,0.25346063582136563,0.22212480188342368
2025-01-17,4.609762767321205,0.43642727120341007,0.022498764824803175,-0.4398507921252819,-0.4349314761877688,-0.32903230303642006,1.0805500571852928,-0.18382612654581548,-0.123815003356277,9.550889172514847e-05,-0.2364822588600064,-0.3749785467871501,-0.18078123328998796,-0.1055223406639213,-0.07597193915009282,0.19082883784032106,0.10533349331616644,0.2229891087330119,-0.1219764116678943,0.42392551586917493,0.45821682600358365,0.32077194034792555,0.621422241483792,0.8375810987796733,0.6619396270974119,0.4478411076210639,0.34334184433776316,0.6368363166150182,0.47927074044145496,0.3874676393884309,2.8082985652344,-0.13131763639575214,-0.09978206917393906,-0.1599362115703959,1.8788578778719582,-0.5587397594355248,-0.35447900686503864,-0.07257219187819526,-3.341207802973254,0.038998861725995586,-0.06363958028005812,-0.14256098105337536,-0.6507046966116259,-0.04216163527459741,-0.02699159813789727,0.0667887312184316,-1.0095388745322496,0.6514473516447283,0.6804869621596603,0.6056085890453732,0.35420552357777924,0.7705331898670363,0.5023908562072142,0.33624455323189195,-0.4161181848568001,0.5062794181541965,0.2501291131039299,0.15222277951692903
2025-01-21,4.573335401264757,-3.642736605644803,0.5088198548558145,-0.4176297913220455,-0.43934195338257526,-0.33635427935503515,1.0800111407947934,-0.1763351605904652,-0.1403090557355129,-0.016188357705387863,0.004539822178809549,-0.33801141618053415,-0.18191052724335954,-0.10215637157796771,-0.04514716215291514,0.19108417444799053,0.12352866270863354,0.21940684921573492,-0.318333024270675,0.3969837465227219,0.5202899174243789,0.3222837654007951,-0.11771086831804833,0.8192391251405682,0.6719470506816313,0.45060623874705297,-0.4830407263541021,0.6010428908458112,0.5066679203604711,0.3926957009916347,0.8458512145686141,-0.166417020368891,-0.12013924345195383,-0.16233078599963377,0.421897203028736,-0.5366017155481013,-0.35280650473869096,-0.07058823391048932,-0.03697207652266554,0.11888992211613017,-0.05533376845397948,-0.13643544246275946,0.11689260376090238,0.03162570264915743,-0.031110807836668967,0.06030268334035439,-1.3736194260215713,0.6425074709943964,0.7203525350732438,0.6145627870239194,-0.9058157838714238,0.7649165871205708,0.5095919250314022,0.3540179927515494,1.3620518400389856,0.3760497406610101,0.2576199227162579,0.13660567007232233
2025-01-22,4.59773258024444,2.4397178979683076,0.13172136996409956,-0.44310307438249347,-0.4340417301107298,-0.3509469831947618,-0.7277324612089089,-0.26495901976748476,-0.1366504709982771,-0.023828515072674927,-0.42342610376394574,-0.37808520128987,-0.17720938787354304,-0.10986725564249626,-0.13082192351390076,0.23311476998619737,0.16056195065146522,0.21401160467587202,-0.3875297412539551,0.3275462325465585,0.5169901490726676,0.31133888693534223,-0.028567634279462517,0.8081886734617169,0.6695452293517712,0.4487488141543674,-0.10355736081526712,0.5721364924806227,0.5023123748543903,0.3873432010381368,-2.9568876268418176,-0.28518021744526134,-0.12274155114176472,-0.18043540817318382,-0.815733973518752,-0.5217860294456865,-0.35205614011657005,-0.07998506537716327,0.9653192096253921,0.09577844088876172,-0.03994912802603781,-0.1195464398284131,1.0965130001225631,0.03746667088544098,0.000367982957582556,0.056246473414906656,-1.0918617062178175,0.5698494142259284,0.706769491361375,0.6038952054616903,-0.24020411865730562,0.7844700987215397,0.5056092116743801,0.35040512700148646,-0.36378034752427846,0.34009523560443017,0.26446060468899824,0.13628034668558653
2025-01-23,4.636449758160009,3.87171779155695,-0.5056281521709184,-0.4320560097795042,-0.43533417508682665,-0.37157407429543526,0.29133476823078786,-0.17557510400052356,-0.14171016284568394,0.014886889253372695,-0.525717054211831,-0.5465743906072125,-0.1888687459078358,-0.1456608333522823,0.045102259688259205,0.25880806987868227,0.15127427182439546,0.19166851033013096,0.5191195469884609,0.492838926420515,0.5244490209134552,0.30049017716491594,0.7163169292113696,0.8843104602848851,0.674326284394506,0.4453896469814114,0.4469380547104065,0.635661705972694,0.4999695554252425,0.38770709532191827,-1.187668404129264,-0.34446697108826063,-0.1267879390872758,-0.18187536850088584,-0.31005692819937913,-0.45245991844258465,-0.35826866137945823,-0.07332909942051254,0.07695951394542078,0.05351464212540132,-0.03308058938318624,-0.14122062705313948,0.33513015887108477,0.05174163919191644,-0.0070059922288753075,0.03510661723312701,0.9047330745053153,0.690432741643933,0.7136822345774032,0.6001675706412606,0.9497442704285121,0.8716302880277388,0.505921986125352,0.3491097609261703,2.0201081690423486,0.361241484170258,0.2708873780352325,0.14555447845158187
2025-01-24,4.622439609772511,-1.4010148387498589,0.14151006332484517,-0.4297651354962246,-0.33340069521373833,-0.369891288290338,0.6944788291646398,-0.18607060284068033,-0.09833339215296596,-0.007075288997955777,1.0203092882301537,-0.5373789960535791,-0.20833333700361234,-0.1583493573480062,0.28265998152926175,0.2782790517097547,0.08964478040779365,0.1907006300324228,0.6959969910510486,0.4499086897123426,0.4839465527329712,0.28773886786220865,0.13919856670655684,0.8866985742986588,0.7179879909968024,0.4469222601864245,0.33096774259137596,0.6317865808500998,0.53668111378378,0.38203076319263424,-0.6950358578464737,-0.3339392133293487,-0.07123364533200231,-0.1781666950784325,1.0029059200354176,-0.4635796592311014,-0.3649131493948346,-0.0936248743809341,1.000613588358032,0.028634354231369008,-0.06199445107422607,-0.15127871046755903,0.8138381556438007,0.06724031972237206,-0.04285822209874138,0.03399646779286727,0.3397772364809417,0.6831483242275435,0.6571581238868077,0.5989126720062465,0.115923068749328,0.8780999129640679,0.6121279299707993,0.34637864355744014,-0.542591795181272,0.36110735984919207,0.3185535691003428,0.1589928453376139
2025-01-27,4.527228333342193,-9.521127643031768,-0.17483152171170946,-0.3873172977549261,-0.2966807482103346,-0.3450401694432957,-0.05818218220482063,-0.1689553222827438,-0.09498755748249724,-0.0038555801291130947,0.11415117473656623,-0.504442890613029,-0.21974837422226776,-0.1523665764287949,-0.353161338759609,0.3173205637824035,0.13133349516801993,0.21124505957535455,-0.4509145953137847,0.5085812623116139,0.5098836917350043,0.3137843975980844,-0.837010743272592,0.8850259134850031,0.7313555049773629,0.45125138438089485,-0.1072939621029887,0.6067357606280671,0.5447003592049254,0.37415866311945367,-0.8684962336586883,-0.2852634412905115,-0.03951369412062579,-0.16034608810470383,0.48824579267171875,-0.47136008731654744,-0.3747122954390986,-0.10220580066312618,-0.23541865294483966,0.06350344785233981,-0.06269742685196103,-0.13578038246815624,-0.12901529367448292,0.07868585390247113,-0.00697500760661678,0.04452810042337275,-0.12183726144165534,0.6556912839672315,0.6461627666416357,0.6013727251616753,-2.184692384670053,0.8883498739529706,0.6591526220671352,0.3698731110627203,0.5087440655249313,0.3056453069869091,0.29315239666312554,0.14038602313458473
2025-01-28,4.547496659296194,2.02683259540013,0.6950838147199967,-0.36432422506586165,-0.30528980316958393,-0.3564930911557184,0.1673391756237761,-0.18509489595500878,-0.09321185786877059,-0.0024439989175422464,-0.1922113990786496,-0.5069521524287611,-0.25185136562664795,-0.15439305293901504,-0.0974703182947616,0.308830212051414,0.0958149196923474,0.20937910753384797,0.2788901848679233,0.513660284014516,0.4888276618366957,0.32254387013786073,-0.1869885649611136,0.8871638915474438,0.7124514043894665,0.4535520062382004,-0.12108471273529298,0.6661292549427072,0.5304123820971408,0.37280064752014697,0.528504483885792,-0.2842391092237347,-0.018807833883108818,-0.16791712260501954,-0.4287103009371296,-0.4811968067146383,-0.35065414783537957,-0.10604150821514265,0.4746060362675233,0.040806583298422495,-0.06412945998790169,-0.13257891079690684,-0.04598820928033609,0.06307301747518848,-0.03250339961906884,0.04195289839951077,-0.07558103827889595,0.6393655597812,0.6225488281517289,0.6062861236795816,1.1921654576558913,0.9127191423841902,0.6450233226355556,0.37151356472064845,-1.6924306182867905,0.40530494731455635,0.25030974989828597,0.13119777697004134
2025-01-29,4.553632885563746,0.6136226267551947,-0.4008000685934465,-0.3815786895539851,-0.26513708816047465,-0.35695462805066863,0.12883193842254403,-0.14752136000718344,-0.044688872787248715,-0.0006514169312528573,-0.757415119680285,-0.5457420415648521,-0.2260465550744155,-0.15290906868313017,0.15478153558803198,0.29173801464594057,0.10316751710905434,0.21779855186578367,-0.8071173787985215,0.5190884795449532,0.47841764655462116,0.321572179041742,0.2082772107266816,0.9004675542669722,0.7265474588660097,0.45464113415582713,-0.4259410298556128,0.6753936124137324,0.5180398302343945,0.3705319555677792,-0.9367146494295617,-0.27598313539082386,0.039059274024578476,-0.16484347290751558,0.701086754586653,-0.4508779968890077,-0.33152207482325946,-0.10391522358014597,-1.5239981399273825,-0.09474319678150445,-0.04564019444214855,-0.12631065100654615,0.4952671763890273,0.10673383827068193,-0.020982638850881388,0.04474505702081987,-1.0144984485914113,0.5577733553035457,0.6008094316579068,0.6016587375996648,0.23149650914552006,0.9472080833418832,0.6540855928913076,0.37549881709478417,0.06559586793011196,0.5285100180002215,0.22616946326057003,0.1275226423827944
2025-01-30,4.511262942257507,-4.236994330623922,-0.6009061051175584,-0.3408416674993485,-0.2378027868490259,-0.3604838096205554,-0.48099164719944,-0.11001477973510372,-0.02750290509314162,0.007106591740145693,0.1295748930308478,-0.5653182608200847,-0.24469799759889949,-0.15227862282198482,0.9689138868806337,0.15328238627147256,0.05418108411400521,0.18746570841436305,0.6603382252170272,0.44205736260303996,0.4414796851155252,0.3010284010845666,0.4048374392988349,0.8705706994358072,0.7112147659795408,0.4434806758986399,-0.7494263128824925,0.6789194587231712,0.5338041278726201,0.3796480056942359,-0.40350079347214657,-0.2737535170592576,0.04200277624299325,-0.17628230244320645,0.09851608206807361,-0.4651843327743097,-0.33033512609561433,-0.10422092129009596,-1.1281679437133247,-0.07180523352514567,-0.02429788479729737,-0.10961520454305759,1.0099908292908735,0.10551463327474343,-0.041465847132793436,0.03086230844166788,0.08172499615418244,0.5368440013020702,0.5973217365830688,0.6016495759123772,-0.3932576759545216,0.9447000300337474,0.6576981441675785,0.3750703019901266,0.1416864147456608,0.5048799419435325,0.2332652458310402,0.12130458614482553
2025-01-31,4.566064315589389,5.4801373331882175,-0.5595589834856417,-0.3915700783529997,-0.2473444724307098,-0.4010809721108561,-0.3607866254265055,-0.1416202262797137,-0.019012643302986545,0.0036685308326845083,0.18239953366989758,-0.531960008150607,-0.22768595335812336,-0.17808396654660044,-0.088867714728464,0.1392571719319911,0.022668265787609478,0.17984370306598288,0.08744670107164487,0.45666384360014556,0.43829550358968067,0.3044292157983895,0.5525672995172768,0.8642005411707107,0.7122074991590241,0.5072837555099823,2.58910056753799,0.7117050356006311,0.546796900273256,0.43512186808980285,0.07070774045160322,-0.25403605804178947,0.05517273861225835,-0.19617358163113593,1.0581349380599168,-0.4001376588096529,-0.3000988684122236,-0.11064377702712011,-1.107124738913648,-0.12282610605098765,-0.037665842537979194,-0.10648338832498563,-0.4060096689850976,0.07590108387066707,-0.06884340128552835,-5.164997692715461e-05,-0.528235083021552,0.48012316855509635,0.5702022498602008,0.5863677453897147,0.7620135551574944,0.9333718687109974,0.6606890449308689,0.4202764976949513,1.2176634629285186,0.5338761421752106,0.24601906971885243,0.15453791072577067
2025-02-03,4.541814596056027,-2.424971953336197,-0.3224963823012992,-0.3783595296900781,-0.24746290463225534,-0.38952716101756724,-0.5960413803964162,-0.10909581595276713,-0.019452145765224315,-0.01185608068039693,0.1948862056831362,-0.5603480858970232,-0.25533860168093836,-0.17664256710124213,0.3414951378153277,0.1490084236373541,0.014100510720256736,0.19131784979458438,0.9712482095484001,0.40354975683773625,0.381104435391817,0.29890755586404205,0.14224909674100505,0.8621403701877285,0.710607713474423,0.5130525916980042,1.1067468116855166,0.6958638497646328,0.5448298043006364,0.41143350384253213,3.067021200175888,-0.2631123685072654,-0.002203657407769042,-0.2079546274168432,-4.637502036516496,-0.29439509003000575,-0.22342705525986223,-0.08309985736730108,-0.2037319985079682,-0.13414198947978345,-0.03792899003722286,-0.1102909928763679,0.39106100404220756,0.06545670720159741,-0.08227205934907095,-0.0052065661827656665,2.6711042297745378,0.3472826858461694,0.48967103519540617,0.5645181041819997,0.47014509144701766,0.9230704993747653,0.6516072496685111,0.4388207979991577,-1.5706973417467678,0.5308682321944311,0.3059709416713102,0.16773239014054084
2025-02-04,4.511550579590502,-3.026401646552479,1.02216856146992,-0.40003831436551573,-0.2692602696574968,-0.39292817879068515,-0.1464402337262944,-0.11172009266820224,-0.013572683677238231,-0.010984009021415737,0.4342715015371072,-0.616779582045237,-0.2777327998638467,-0.1919258571163028,0.10220666380402554,0.11595880025264142,0.01224081358155586,0.18126060269589117,-0.06802368411591353,0.4085235952168038,0.38296716903070294,0.2944561640015551,0.13133137063255673,0.8542448985208397,0.7053221508610323,0.5307513052517718,-0.9945333161772947,0.6949710285317872,0.5537895114759327,0.41444075413665554,2.0249269524886913,-0.2848423800608088,-0.03550397564074653,-0.2244272288925464,-1.948839780360816,-0.27865773578198977,-0.19464863260910736,-0.06657231322752975,-0.966245858041648,-0.12627877136152735,-0.025633181745691316,-0.1015014859186461,-0.2168810245605337,0.040666539209779556,-0.07241826313259489,-0.015341714670631362,-0.8910818032455143,0.35761335961307567,0.49883917051910903,0.5658664669636355,-0.16106745907941755,0.9239769515433545,0.6713748173245162,0.43552238504477453,0.4512510371494688,0.5095285906962915,0.2991286523397587,0.16234361337710781
2025-02-05,4.41911401964851,-9.243655994199251,0.6606342765178366,-0.36054103277126015,-0.3001956786797514,-0.42493610320346753,-0.03920274605728302,0.043350483360712476,0.003752442435712634,0.007524131422784605,0.5435051139221279,-0.6834317814139172,-0.28882851100855794,-0.15578421758429517,0.011614973886364899,0.10561439912182065,0.020566691546379523,0.17908297332728865,-0.13946030993303027,0.409271685824319,0.3691243007584617,0.3506769426892456,0.060186914954502235,0.7810508966693298,0.6726221929107026,0.5967760888863382,-0.917432752110003,0.7414268977002172,0.5666814202958449,0.48528798643385673,0.46540993258603514,-0.23974534563332106,-0.06436422538039983,-0.18748069832466505,0.1713694345068768,-0.250220965782489,-0.1941971994400351,-0.15662657788653475,-0.21281364584412488,-0.24728356763229778,0.016252156903157504,-0.036645640355102094,-0.1793635245438847,0.08920934222396222,-0.06439371114748353,-0.01035800882107093,-0.8070175685179166,0.3380320286227325,0.5055684952114055,0.5624112375428763,-0.9355310857067458,0.9054072794663336,0.6705601243805082,0.4817901499550401,-0.3198711577569182,0.5078755868187327,0.3158061672082708,0.1894669515491037
2025-02-06,4.43718917383895,1.8075154190440479,0.028904943123488014,-0.36321909954965853,-0.314320355161356,-0.4302230607155774,-0.2788299680321024,0.017852730992680286,0.01695884103758582,-0.05180815398154547,-0.033738963830201585,-0.6937977617846728,-0.33003459497353466,-0.22732677756584044,-0.4664058170426824,0.0455235454194508,0.05591251000762648,0.09039402083518183,-0.1298096418128235,0.39444354557336586,0.36632993017876075,0.3092955509911694,-0.4738782961668173,0.7502409626261483,0.6789363053614463,0.5673994330088726,-0.1216742260882816,0.7374855051677138,0.5769173683131965,0.45070579578420616,1.1903985943742688,-0.2154743206099781,-0.07713527211576508,-0.1557967741874157,-0.3041795079098592,-0.24721268600049084,-0.18676541029066052,-0.227272462051903,0.3802295136629536,-0.22776816104628914,0.01681862861318431,-0.015612681513986862,-0.37563333102049595,0.03227779109711573,-0.07554560939690302,-0.020720373551465682,0.7912074533176288,0.34376743991176334,0.5099750709498851,0.5370980677132,-0.5775204909429984,0.8872248889138518,0.6629539006708114,0.44382122460725787,0.3899377233677087,0.5218410320637759,0.3536716613695559,0.17373034187546715
2025-02-07,4.485598472073155,4.840929823420481,-0.16799316338868486,-0.39166987674301845,-0.32363142181328214,-0.43497236783906595,0.40514965098060807,0.04830309980919167,0.034472661801907084,-0.03896069253513428,-0.7472387710727744,-0.715549434611126,-0.34871340512203974,-0.24419831774537112,0.6358949663576416,0.13566811658399144,0.08455900385559798,0.10807281931769523,-0.6619286268013953,0.29036617288506483,0.3258399496598697,0.3137759258178923,-0.12327197362268472,0.7208921224837413,0.6749854697657539,0.5568671680325754,-0.46325269675711045,0.697105936132623,0.558980925776407,0.43864226918433114,1.6714931456303361,-0.17131771330782597,-0.05400149462836628,-0.11000256572587944,-2.86656235989856,-0.30069312180516505,-0.2125300736896273,-0.24668185647878457,-0.9690283804485027,-0.26186020825491385,0.0052543465553683095,-0.02354463351177719,2.113615296914032,0.14426327471413658,-0.03558257141314895,0.034805696739723314,-0.08389678597096628,0.32799207334345504,0.5073979191763109,0.526060218854746,-1.4657307930464003,0.8029099516298597,0.6479208413298023,0.4146909767122593,-0.2791352162723453,0.49821339445705504,0.34907584176708795,0.16460489902534373
2025-02-10,4.493722199209181,0.8123727136025494,0.23411358561664963,-0.285126160820236,-0.3800107147992878,-0.4142748297009469,-0.4226390318119009,0.08379853548876162,0.0026653419138829393,-0.10607341602036019,0.12770371759938914,-0.6483662383236765,-0.35642590966188936,-0.24726107445552917,-0.3895798863624802,0.15437659511649426,0.05143382689242634,0.06035637517544774,-0.8257001434367617,0.14884251214601052,0.3443863639363601,0.27425380195886007,-0.10014360573323522,0.6418996189286293,0.7003240017576353,0.5679608108106321,-0.4873385110501438,0.5976714772791899,0.5724083604954673,0.4464882719719728,-0.8218011478041602,-0.07131677565728069,-0.08276071413887981,-0.1165432918710334,-0.2877803607655971,-0.14041794071649497,-0.23631563680918474,-0.2784920937193011,-0.3400004118748541,-0.33081245284573835,-0.0043859940617914156,-0.06540521304065139,-0.9594149313748674,0.07987154903840983,-0.05197917850137501,0.0038480533813418723,-1.884217355053552,0.18400410728408478,0.5061500555531486,0.4638633847738393,0.06733959869005632,0.7523774230552683,0.6674193306829173,0.4650843574025339,-0.5235105543081076,0.4093183767411738,0.3590443509099649,0.2080220204305299
2025-02-11,4.536257452991474,4.253525378229295,-0.2889384569523936,-0.4947273086750228,-0.40035506866246445,-0.41970673364730726,0.09256156060057597,0.042226862964178005,-0.03714207481773331,-0.11179568358685911,0.49153187471092485,-0.5508412956826012,-0.36686943039379194,-0.23053356692725654,-0.822239841737072,-0.013239735694327046,0.005088479620794608,0.030708488791645474,0.09658170995357118,0.10546623932395995,0.32400143934148945,0.2916391633356719,-0.1172802020452608,0.605488778786882,0.6814823688676945,0.5612028629380666,0.6282749126028736,0.5993682373310167,0.5688827799758511,0.4571522214011414,0.49672784769337586,-0.10601488264338184,-0.08189956003933774,-0.10442041609703216,-2.5129464940638253,-0.18066630998052335,-0.2927928935755787,-0.29836594797514976,0.598709386628715,-0.2594927163192734,0.0011345251737785531,-0.05629683919711834,-0.5699343880843956,0.06582652507024872,-0.0641006979476343,-0.010150934835865775,0.4453293942016435,0.14869424880329823,0.497790805636455,0.4825838428982858,0.23193637829767355,0.7431444327635338,0.6675781650448708,0.47169179582544307,-0.8009935476924576,0.3282226736476835,0.334183612985055,0.19608922829164468
2025-02-12,4.632377621920022,9.612016892854847,-0.8577301212700768,-0.6006039513401447,-0.4201776820642568,-0.4349629372995052,0.18557644154010244,0.05477086375317183,-0.04513336474729019,-0.10018051113873849,1.0676090856970752,-0.31802717743380565,-0.2608272013391439,-0.15702809594921116,-0.28619908726267196,-0.08097223159563506,-0.015351079992843129,0.016891440596233594,0.01532971220084478,0.11097313240391213,0.2799007453441473,0.2824890934367485,1.6712433032055136,0.7189591112385464,0.7078476084560553,0.6048181591913726,1.9885853437821757,0.6820048352860124,0.5913371556135734,0.49385260584722673,-1.1738150173413087,-0.1853445434879705,-0.10988613784465039,-0.13149494798919992,-0.6003914002378399,-0.18817231712286278,-0.31260989174167275,-0.29704373938411605,0.322532003506419,-0.18952014580077117,-0.020018994407424655,-0.03251907702587114,-0.15151417984176652,0.03237835991564956,-0.09693266917135285,-0.018297255407322733,0.620820251116909,0.21840845250346164,0.46943742663509186,0.49204248477558965,2.9047657912421245,0.7990951726106721,0.6978073986621792,0.5119133689947728,0.9892318835185279,0.3972914828285171,0.34711798170072006,0.2212319569498593
2025-02-13,4.523951010473913,-10.842661144610943,0.17569507675515428,-0.4771216180904536,-0.4205309407227431,-0.4311552916717635,-0.07916512696825251,-0.03330708937001261,-0.04532696079025585,-0.094994736473669,0.14114473587836318,-0.14425378678737796,-0.2584973412690412,-0.17231950421661152,-0.28408779000499584,-0.16532018550862554,0.01789240789274174,0.03544776852496941,0.4375355643208179,-0.10831919803750321,0.22556069114858293,0.26208279808619045,-0.9716286961724593,0.6482815764228249,0.7234229645532324,0.6429971444328368,-0.66458863406128,0.6227819114050105,0.5985230638806274,0.516143602842815,-0.8219863854495296,-0.019976707635952398,-0.0817752297254599,-0.10612191874304519,0.32691681730655997,-0.2402101083342802,-0.32160196105707395,-0.3015927184347248,0.6529443643375296,-0.07505689291219221,-0.058472613829730756,-0.056182757389912,0.42229595515960966,-0.01395764549269515,-0.10980755724116133,-0.029538852084557823,-0.5136274921516448,0.16033704090198195,0.48412238605005214,0.5105813602266749,-0.9556860246065056,0.7022079695164024,0.6968469458982536,0.5569449533850334,-1.7210130035031712,0.33194877822096946,0.3917335196999228,0.2591750733953501
2025-02-14,4.475272355631543,-4.867865484236944,-0.6877495969093887,-0.36784495667792194,-0.3897655111552901,-0.41135734813135966,-0.8034692096187359,0.11714543140270865,-0.014352989403909715,-0.07690060823147357,1.340372601039955,-0.17803576654822545,-0.2916309456385708,-0.19889309961687388,-0.16672813971056621,-0.09556580722876455,0.0335562356771728,0.05189629484178586,-0.30109826465841283,-0.09241720043410137,0.23594437040028152,0.2686617733950414,-0.5864933772152352,0.6529356565814933,0.7339971044886512,0.6473728076987515,-0.5803531447291712,0.6186356887338197,0.61970990848614,0.5220550408043488,0.4536501499434016,-0.0669287695178732,-0.10074340951597888,-0.11031151988818494,1.2502587807615808,-0.21757313203752354,-0.33570833363450375,-0.31248501546377344,-0.20367541157589764,-0.021121676362563808,-0.055413307238789455,-0.05063827402228828,1.3451952315644673,-0.06320823295714556,-0.13854506684466822,-0.04257995883416321,-0.34504355360211214,0.17271465922099594,0.49547310843804615,0.5109290002146281,-0.7399639336983008,0.6984340407139795,0.7132203108145403,0.5599015190653219,-2.716274920206224,0.33831039269168406,0.4205423040227399,0.27971342102055363
2025-02-18,4.543450842011653,6.817848638011004,0.9300545048189919,-0.20485462418086733,-0.3424977230354608,-0.36776572727093293,1.1026769639046905,0.2344954221992695,-0.005432377448869028,-0.030629059441076575,-0.32218004215176255,-0.2188847972952291,-0.2997849855074603,-0.20178399655984533,0.7882560150669025,0.044030041179970045,0.12399056884349241,0.08549263187346927,0.07991217450334398,-0.07325824221983782,0.18046897531699227,0.2918742507120654,0.6559273566751552,0.6833448109761971,0.7492175799650879,0.6543284266927667,0.3983818842932416,0.6123224729473479,0.6244795232963217,0.5255159221050469,1.0188199882566433,-0.042547369082942745,-0.09837479461563393,-0.08659950521006414,1.1703937266042015,-0.15744272708978269,-0.36373666813407673,-0.27848488952689743,1.6826556949211167,0.16093193294916455,0.08958544169570969,-0.003844685558557347,-0.3357200130381408,-0.10340876910201112,-0.07132997924917693,-0.055067279199599695,0.5531491056225121,0.2215965512716529,0.43657041520134166,0.5386961597560028,0.14352609658427828,0.6793517388034149,0.7172396925154706,0.549492369917763,1.7589025205092383,0.4094898574725488,0.46245903758329443,0.2978057729609106
2025-02-19,4.533639901953417,-0.9810940058236461,0.06661264207520023,-0.18177308816491355,-0.3138654260255768,-0.3656459174918437,-0.821660339889152,0.3341519305997823,0.04018748852957169,-0.017888230631971074,-0.0877252073340129,-0.2250330802697054,-0.2791795626361191,-0.20152983132974234,0.1394262621383615,0.03805556702093524,0.11776050554270437,0.09774105411645892,-0.27434284575456624,-0.09011649665286382,0.15301483045474185,0.3256779755251692,0.1721893788774369,0.679605547229853,0.7378975014882664,0.6625765905789116,-1.103788354711344,0.5900872856374539,0.5949225650103447,0.5368196098037809,0.887184306376458,-0.029392572134998535,-0.0997207106644952,-0.09298273369029843,-0.23451285121672338,-0.1432636365264008,-0.3407611727765863,-0.2726401502052319,0.551373063059613,0.15524338255621026,0.13213637197316438,0.0009792721448106318,-0.9188680769100417,-0.09273761768411902,-0.01885997730252712,-0.05173930871214064,-0.22748739329313628,0.19213777736382778,0.41772664783905245,0.5610160295639691,-0.6694830213434206,0.6698215749875136,0.7053316151567344,0.5499470539535085,-0.9953967783441409,0.4689015705311297,0.420844026107462,0.3237949550666842
2025-02-20,4.4984767818254845,-3.5163120127932324,0.18045022150242873,-0.1999157138898464,-0.3331276455155509,-0.3638605197496175,-0.436343603205696,0.40137997163703876,0.021448089453930473,0.0013801769332443786,0.6000899215013504,-0.22341854767646327,-0.30418744040643736,-0.20280974886642475,0.6812645201595222,0.004099746228270232,0.11331455281820121,0.10873673903030454,1.0545485612512522,-0.11895711321894457,0.07891858781924845,0.29696916443395394,-0.7709371277520991,0.6892391419400365,0.7361294344584166,0.6655880707169357,-0.6335100624250042,0.6054401909698606,0.59076457333328,0.5404583446724921,0.7927660853996548,0.021170100821031664,-0.15674135981010315,-0.09091454366843235,1.974255347583422,-0.1711728640960347,-0.34241875867856847,-0.2778913329076967,0.45735366273338435,0.11009007411702312,0.10792918945274985,0.0013048757742084426,0.47139363334986883,-0.13935314018749875,-0.03131972795284644,-0.03980598230801109,0.03647412940527994,0.2260719362459762,0.39729165529746724,0.563529706895679,-2.2573764956029088,0.6649473536430588,0.7196418420687226,0.5529424439373368,1.608914110952934,0.4073507111427207,0.3769773384159288,0.3124647217592986
2025-02-21,4.418719771521595,-7.975701030388915,0.6526367966061856,-0.23013230534623108,-0.3361681863896472,-0.37416971140333316,-0.014301395405014405,0.35512905900980346,0.07242661808593572,-0.00526823486558578,0.6508075553371361,-0.21925450526769577,-0.3853059204569085,-0.2237092473136868,-1.3581466826704087,0.16539959392573808,0.20762039432539914,0.16218846689670888,-0.9980399374352074,-0.029296429616730287,0.19545480674161084,0.3284568350593312,-1.0492484108368352,0.7067663491274286,0.7824385818491363,0.6798520846607136,-0.8323558757603775,0.617237350349864,0.6295804545291737,0.5489617421054058,1.0461105700208513,0.03856530436737701,-0.18941950485535908,-0.10635900027647874,0.6209867625439937,-0.20107597326662627,-0.31318508434052533,-0.28702805045179897,-0.4073174891467744,0.12955562674691395,0.09639575107093079,0.014249503529022696,-1.2545801758396928,-0.027444383065276374,0.022245754655832433,-0.012271761713429983,-1.503459348480288,0.2691458959192813,0.4755929046626424,0.5805907904546507,-0.6743590911769823,0.6469807667948235,0.7531802342290097,0.5532703229615867,-0.7900313075713026,0.3845494206189035,0.379826152120678,0.31733607161587357
2025-02-24,4.391601847134687,-2.7117924386907966,-0.5026175103709345,-0.21040299090336873,-0.3250278416382468,-0.2897925376932008,1.7489385974353024,0.23758263858715378,0.036908332287562844,0.01686076146818715,1.2358684350800289,-0.2338054439598058,-0.3904829204809391,-0.24681460264398639,0.2835615227244832,0.1587306063031083,0.20919332874276944,0.1278337631657433,0.09398760471907852,-0.030354204992058216,0.19356357337068136,0.302508916865238,0.5261184286826719,0.6804187920005423,0.7747639428839671,0.6957665365808943,0.3330969214931425,0.6112539726746491,0.6250965177626828,0.5734338692263505,0.2008905906066305,0.03981633104855009,-0.1891693703116209,-0.08225336715144618,2.7769557527212863,-0.2104438146290192,-0.3198601302222104,-0.2888639611862794,-0.6177364763628164,0.14756759696281788,0.1001602292900461,0.011769893468517843,0.582279729868186,-0.034542492809589556,0.02485670843686899,-0.03501740105123937,-0.3596024976677376,0.27466600895907617,0.4773416718105994,0.5344088200089012,1.1585732740154526,0.6080701398458802,0.7403169483838732,0.6111745013321076,-0.9867992807727167,0.3889118967710549,0.38350582239747366,0.3545065865145678
2025-02-25,4.297359768720276,-9.424207841441135,0.02424622970503515,-0.23871269409176366,-0.3195292467706659,-0.2761374741173522,0.756643968467342,0.13065802509826907,-0.01000094804587913,-0.02165794177968923,-0.7975086130839136,-0.10346665922820054,-0.3017104347938689,-0.19639592420731444,0.6836593268022368,0.01669489095483822,0.14511236352213444,0.08788396200532925,-0.48462636465507136,-0.02639688401865627,0.22642323473239334,0.3252105128786877,-1.3967478476796837,0.6955900094750264,0.7913293563999899,0.7157846489405516,-0.6936375496572289,0.6502704038036506,0.6320940095602166,0.593240814097538,-1.136449631674691,0.056414623011842295,-0.1494652528153682,-0.04816097511599769,1.5294146959568962,-0.25083313204225466,-0.3489309861742549,-0.3170527252530411,0.3855389988176734,0.0867991391392894,0.08400655425949605,-0.013241137135286712,-0.9831218284068031,0.04324429853463237,0.06603455267503272,0.01692992579273128,-1.2307757897806364,0.3523384641564283,0.5040704277584043,0.5564822771274908,-0.7604342916228131,0.5567660704264258,0.7347579497714557,0.6231983916747864,-1.1046509472477344,0.4933857705113363,0.40064880739302994,0.3703286896679864
2025-02-26,4.247632781660348,-4.972698705992773,1.8628988806342808,-0.3141494428214141,-0.34052233177355556,-0.3096274836330964,2.305852608814944,0.00507816341332323,-0.07545232111172713,-0.06730107502583449,-1.7103043565847935,0.014504234891776087,-0.21188324535210856,-0.15119135761487715,-0.8215144680972737,0.06878207797509221,0.1675831983726755,0.09394527948580149,-1.4757253855039265,0.03171691162058013,0.24943913158318354,0.3296785241771517,-0.9526996565262529,0.7125435574448473,0.8000806416108787,0.7142731287879946,-0.3343648652311616,0.6571466038462874,0.6659790262552001,0.5910778207232462,2.4405660704259677,-0.003583184011618897,-0.17683844777186575,-0.07024685257913722,-1.1010156449424446,-0.2250347103309401,-0.33685656645713863,-0.28864428269965364,0.6206293373377405,0.03348810323472273,0.052471297980449236,-0.024621166041923125,-1.6155271237720927,0.09851338466720115,0.0849492564281732,0.030793074662409256,-2.3008804809658976,0.37511426826919675,0.5034631550847171,0.5506568178585418,-0.4142130830595232,0.5470841526648106,0.7443519305774158,0.6144494065469903,-1.6441514303455198,0.5655154005713631,0.4934485583393237,0.36924164988734637
2025-02-27,4.284752494120523,3.711971246017498,-0.8493621196909311,-0.3462570976123594,-0.362373359674101,-0.30046216322135144,1.4726498980877856,0.07544114322419912,-0.019347132706158388,-0.01965404424193779,-2.189439840859661,-0.08926161326445949,-0.2611500399959717,-0.1656798390055907,-1.0937659144856224,-0.0183169227982868,0.10881256766132691,0.0703332885809494,0.260110686804656,0.07967294585354949,0.2778001682267827,0.33465826043505453,0.47742757124069113,0.7206073073366089,0.8044351703382112,0.7240940735320138,0.8006273171230944,0.6813325402955792,0.6829564170883577,0.590832912579943,-0.5946637120335843,-0.02493096854464142,-0.18737438075448953,-0.050342469957821566,0.23980958811702724,-0.22081336941991384,-0.31637559142424865,-0.27476438119490304,-0.24439554749759673,0.061602759087026955,-0.01059344056108686,-0.01681853120897781,-1.9023052617280698,-0.004531680992369228,0.06638427061967596,0.015801658930045162,0.5598083530431338,0.41513542459077696,0.4885747770779457,0.5471497962402517,1.5404866812744114,0.569542793038573,0.760145167480603,0.623226453386347,1.5267037101933185,0.5870691694628056,0.5682835230632275,0.36683478536419883
2025-02-28,4.228199652762877,-5.65528413576466,0.706600828939129,-0.4039887070357313,-0.37308398405439713,-0.31354236809984803,0.77887321163296,0.029840017475471783,-0.03733347319967012,-0.03675156697382075,-1.8652463949581037,-0.004164954459204871,-0.19406079956244107,-0.10911663284951076,-0.6368321764993203,0.05861116378698201,0.11121666737992689,0.0910203622796811,-1.0690794266170367,0.1659236679974152,0.2976428300865761,0.35627848842309534,-0.08252846938794245,0.7409958628915145,0.7961036567205784,0.7220880331311058,-1.0796078580037793,0.6872915055755455,0.6855073044670632,0.6011210949516749,-0.00020065897313158512,-0.027829401061744353,-0.1788638783997815,-0.05051547381717711,2.129990214422665,-0.2539996116052362,-0.343187289417495,-0.29377655084937515,-2.1382703275322195,0.11561824669980188,0.021295702399867333,0.019667224391521333,-1.8346379242517135,0.08623458519113839,0.11473697210064197,0.04741850763821984,-1.3390767116058881,0.4477549196331078,0.4917876992400517,0.558440545428955,0.61887260347864,0.5293219819718533,0.7403769884599971,0.610271165803519,-0.5756410056047647,0.6010911428163462,0.5630184759800144,0.3769368579943906
2025-03-03,4.177781085870151,-5.041856689272528,-0.08289268947834572,-0.35091211338371203,-0.3785952594461672,-0.3060217368312875,0.04559330748850554,0.08593398134387206,-0.032946909051096096,-0.018348870158722348,-0.7793383761189054,0.0019419141400571055,-0.1745809216968188,-0.08182527889937108,1.2692022774297662,-0.009202170187257998,0.06536163975499229,0.03200833879153616,-0.27683522562173435,0.1493787008534589,0.3114564377364888,0.3547519303557182,0.7451673657956963,0.6584034769405647,0.7670287390767703,0.696760649438112,0.9254904587552222,0.6077814209205418,0.6657613541814095,0.5820090215257544,-0.24349637884256303,0.019736409140023083,-0.17226123638841387,-0.04132209829874635,0.04992016356989426,-0.3084249564771838,-0.3428653347523157,-0.28927968982954383,-0.08161215804247046,0.2113236930170743,0.02328611503518011,0.028051758150137256,0.3820695421807683,0.07437365731796777,0.11144945824034437,0.028612892369987545,-0.30198084316890883,0.47500345578371617,0.49386988338870413,0.5566804237739826,1.9821026425466592,0.41561950217245097,0.6942992215993328,0.5745622920008131,2.12706349267536,0.45496263222418737,0.5034345750549702,0.3399796309314331
2025-03-04,4.208978562899038,3.119747702888631,1.2843210476395361,-0.26259814082952265,-0.3323878171652958,-0.2847200365465118,-1.4545794475168479,-0.00872665341654313,-0.06273753805948462,-0.04597843000873974,1.2830212642750367,0.06031447842243359,-0.14697878253439356,-0.06910874474274342,-0.5546863707616461,-0.035291160574291824,0.05661629034823742,0.02379866830305204,0.6681892666071756,0.22678417620969363,0.3287395408535284,0.35602982266636785,0.7858926440009569,0.6776654850044506,0.7702036943713239,0.6999472667463196,0.3296969911360095,0.6623921880760012,0.6784165464810817,0.596039607653535,2.278378963131104,0.10457845195372631,-0.12910743312153977,-0.031800089032885476,-0.7001235859173408,-0.4075141024076407,-0.35631199843173256,-0.296733486477497,1.1624894856266847,0.2571750745029661,0.032916454567979724,0.037551742715826696,0.2133582512330653,0.09855890028198852,0.10788998110374497,0.02819293278551723,1.0222223024942307,0.643535129108446,0.5011017439145843,0.5622942518289576,0.8702020775402207,0.43811719759313633,0.6943722023136861,0.5751972790836469,2.309478701455334,0.4938941132571796,0.5079567319261912,0.37423646203837313
2025-03-05,4.265095884942468,5.611732204343056,-0.900949646408963,-0.32204216877175756,-0.36069223512525816,-0.30076699570296267,0.6047901136516156,0.01033033351404823,-0.046811414366419814,-0.03327980923753829,0.675936030544269,0.10487510619186258,-0.1307974576497208,-0.05358751917068549,1.2677046142905248,0.08245956645141102,0.09701436340670676,0.06089705856674463,1.3435362574844714,0.3252402231757931,0.363879902283962,0.3759886348146196,0.9021060876278518,0.7069582570072765,0.7751335632964482,0.7052825245551667,0.5401108597470753,0.6832429933440647,0.6787935158506351,0.5977283305820151,-1.5495567411572035,0.010416772518006578,-0.15886359033751915,-0.0516550227483317,0.4211716663249603,-0.42311849938484686,-0.34479797992459355,-0.2896352331548289,0.10417143574188792,0.24448438665171981,0.02690289511418964,0.03917887536333883,2.570389848360346,0.22261557843180857,0.14869609749208584,0.06782766845573157,1.723210836228211,0.6732542971761845,0.52070464308008,0.572907394522625,0.5466027018254079,0.44559783536694575,0.6923397800877539,0.5855801701343427,-0.09767977404030703,0.4828411681035904,0.4948374958299528,0.3740571228043442
2025-03-06,4.280305660356898,1.5209775414430027,-0.5227880918312067,-0.29746514465095886,-0.32977257359207485,-0.30297014687505064,-0.6332309677183324,-0.033317936151204465,0.0015659761351477688,-0.031067996659540312,0.1430637776771968,0.1559985347118615,-0.1350875057792863,-0.04140340222696327,0.24657635065731515,0.1011597947454655,0.09593059818240857,0.06545937973778607,-0.10086739132473599,0.3406842429638831,0.3505125797271943,0.36836457841086095,0.8373203596628128,0.7502510954348566,0.7617231589697772,0.7019638465872704,0.7740487605129662,0.660508678207066,0.693413546068726,0.5948526983639372,-1.6463715741610423,-0.014122019593557612,-0.13438528777269954,-0.06258829478550737,-0.5365413421682272,-0.4528476126685756,-0.3227171526469508,-0.2891441623421826,0.764572782559712,0.241416533671428,-0.024866018708585486,0.06451921833535129,-0.46786423491732476,0.22572064044288792,0.1554084840454802,0.062485015477084585,1.1057191553209729,0.6686858110972367,0.5000154969485153,0.5687866366055819,0.6918788251177466,0.421551511306586,0.6768035245275899,0.5855893636858996,-0.5214705318826746,0.48642243203377566,0.49422078501339256,0.38125628904914705
2025-03-07,4.317456169844501,3.715050948760279,-0.07751503688891836,-0.30063544900550765,-0.33386043058202736,-0.31300149707362335,0.5084559311049568,-0.009610836501341794,0.009626367359424704,-0.013885936043206058,0.42961324178227533,0.17096710233928578,-0.1248687802857031,-0.05020976222608834,-0.2768723553771617,0.10085689761968526,0.07834012438195316,0.08297047439159315,-0.1868783689707072,0.33390126446336355,0.34167865463387426,0.36217284658294785,-0.4444402017990303,0.7346007842923375,0.7395260722696655,0.7002025810527219,0.17633601253023667,0.665337123278248,0.6932833734656416,0.6021179869372044,-0.999423403384127,-0.07036817870590312,-0.14883212028851614,-0.08298529294942153,-0.16639000977339202,-0.45082332961521804,-0.3194740052270331,-0.28285918276658045,1.4886226802496256,0.2788494134684567,0.010183513257995897,0.0791430344836243,0.9867820056964737,0.2588310597900124,0.16457692019560327,0.06577406887698958,-0.6483498528196481,0.6360771865435517,0.4798832694410865,0.5588171732581904,-0.39518011020174715,0.4149510561784573,0.6633703581376291,0.5764180093009186,1.5848341082186401,0.504032805272649,0.5101130267596082,0.413626807966058
2025-03-10,4.212161059597761,-10.529511024673965,0.26447697148662375,-0.2939009469583097,-0.3338473878384602,-0.3208016240644101,-0.7862024453982395,0.07041089203885031,0.05816429345300373,0.026705299255894523,0.09131921060022385,0.19590022909357477,-0.1257413605988928,-0.0514546439912377,0.9610985585833598,-0.05473380189873804,0.007702685039474668,0.028302033675788835,0.35283326444198426,0.3076246961651611,0.30083880210455366,0.33015942781214824,-0.08170060824243208,0.7217904321577249,0.7173451371554745,0.6923192298028362,-0.6843793261917437,0.7284322980745079,0.7010040705915356,0.6100913642432204,-1.4036538093536315,-0.037571260684814006,-0.1028972500478265,-0.05153324569257632,1.2399436677651194,-0.42959686455114676,-0.339745581375304,-0.3003562592595557,0.025035459397984017,0.3715482501205667,0.010300474363483572,0.0813843284655083,-0.3886878350705274,0.18804225200382105,0.17149285460080296,0.07318590650503598,0.02014482648924787,0.5819358175732877,0.45924362013594716,0.5478198841813865,1.2326120941553342,0.4072714671411017,0.5972963437036788,0.5473196809957671,-1.3432038967441344,0.5523807440463548,0.5289057569742776,0.4345636520780293
2025-03-11,4.286572963142335,7.441190354457383,-0.5391083993367809,-0.33682549636344816,-0.31639230522472517,-0.3683169160267747,0.877392448513312,0.126060057873497,0.11434319391069192,0.03340659456592773,-0.6894564601165503,0.1351934742830051,-0.09962724248012099,-0.07510357721086726,0.9500342168962975,0.04166231017581084,0.07218858599264251,0.044542168082592204,1.1014403029419615,0.4143054162591611,0.3166401305483898,0.3746840772836681,0.7104581026747327,0.7374014615903693,0.6941753219837506,0.713061600249416,0.2844904641628223,0.7333153804740506,0.659619184652807,0.6166931640740749,-0.8678454717966206,-0.07395238515774309,-0.07474372413216994,-0.08398346970435557,-0.716029911237162,-0.4570210351039803,-0.2674443217491631,-0.3205586568002817,0.825159796899952,0.41510250355829115,0.03423669362906951,0.09282749501680577,1.7947524391954817,0.29605404784318967,0.20660152289194164,0.09586348987993126,2.6633726614586624,0.6991375936356207,0.4760191725374075,0.581172799393383,0.7247113111415233,0.4170330515431088,0.5532916134770955,0.5620587034048158,0.5150668184707392,0.5589500129733203,0.5015197843468585,0.4430203177529495
2025-03-12,4.315293149433415,2.872018629107931,0.5708576898620358,-0.29467962971117445,-0.37010883955803164,-0.36832960142423593,0.7862348032268351,0.1523260349498742,0.11609882128767411,0.02041552052035965,-0.6453371581075487,0.09459278160827873,-0.09362375894691234,-0.09538644442875632,0.38138257919150087,0.10792169064144343,0.07058922637639826,0.04476395668789164,-0.0654498111304962,0.40905995339935286,0.29859686612826464,0.3602042440501644,0.04877485382436175,0.7535046447693943,0.6864658312428724,0.7057806357841266,0.40233249950691197,0.7282502042672965,0.6570701455483516,0.612700681058529,-1.0426404613638016,-0.12066899427862297,-0.11273024840551044,-0.0951506723712612,1.2456986774620704,-0.39302824463351177,-0.23683897151767658,-0.3360222056084417,-0.0544167474978976,0.3881197992120879,0.04906635230913941,0.09016206941505277,0.8551921406048032,0.3393806800302973,0.2273530404535352,0.10099764256547175,0.5398078706276417,0.7020145448597789,0.46973594411153197,0.5768529230609915,0.16680417998169594,0.4191915074014429,0.5440599455787687,0.5626949363159921,-1.1915606612082112,0.5558863085932225,0.46908410898722047,0.42642048291045703
2025-03-13,4.2748970845443015,-4.039606488911307,0.9455941054977182,-0.2174459647750295,-0.3834815645604151,-0.3698489386598009,0.48234307149999367,0.17473470158386586,0.11174004843833975,0.0033048660670400693,0.3661784824399935,-0.01834995169879563,-0.10040361139163083,-0.10659758087084094,-0.10150228458006405,0.1764168613947997,0.07300227548195709,0.05453446335527042,-0.29268418852477107,0.45004354782765404,0.3030639968571618,0.34586922277432913,-0.5183450868835648,0.7027994245756155,0.70863306676681,0.70877887680154,0.005990646893705653,0.6586742992000315,0.6570884538328702,0.603457885992858,0.3253379027351391,-0.05013685820464335,-0.11420303544779224,-0.09880522226257574,-1.1621850926082338,-0.2755721093825802,-0.23344498186306822,-0.33950477857483685,1.2660439882689698,0.37634820751168696,0.03321840744050748,0.05090258838006232,-0.7097027686962176,0.38930394971053794,0.2588133744742602,0.09313884986287442,0.6917044675681727,0.6943646120573652,0.4604777453444409,0.5507890384029971,-0.6137680344871805,0.280544853272173,0.5492738742825127,0.5660342410937929,1.0847739003659453,0.5139999314925764,0.45374212601454106,0.41262518060710435
2025-03-14,4.307277610865742,3.2380526321440506,0.6179139441086762,-0.2031894928362457,-0.3132489386563419,-0.35908099254902887,-0.06575335693679685,0.1292755956262824,0.061915433831040555,0.002220761335559521,-1.5843841976778752,-0.05399210905287878,-0.06928126026169748,-0.12395094294251836,-0.04482372950067193,0.12961589335387497,0.02124712586565311,0.053172764625167165,-0.12577523534765123,0.5314635783143407,0.26894963398033356,0.34358168086424995,0.49286013939616635,0.6784181230796839,0.6629687104477558,0.7102272903390751,-0.171718385881664,0.6205447489100477,0.6098365406964038,0.5988987409955036,2.8412450351753087,-0.012602789052822604,-0.016995461303482267,-0.0724032695509721,-1.407320318163392,-0.3530188625133996,-0.28364497051388127,-0.34573039377568254,-1.4114060591129376,0.3226608479208688,0.10032738605360694,0.03714053746712514,0.9060838060555584,0.4731903634137056,0.2902580341573868,0.1005701141396028,0.03009524670852476,0.6963737092042678,0.44198348444204366,0.5547615784703998,-0.8609723524727999,0.16152076804579182,0.43257573670121624,0.5531762187332517,-0.49092366500535367,0.44113905172528617,0.3877023620676794,0.40816936284429656
2025-03-17,4.305272865547165,-0.20047453185769726,-0.10304174165159052,-0.26324685561564276,-0.29823944141814973,-0.35812519084266703,-1.5999527417445087,0.06855327383466067,0.07659182605111478,0.0018830004394732815,0.2031759415696992,0.0036318915899015646,-0.052738597824941426,-0.12357637346731407,-0.01191942676958413,0.11537999977799042,0.03868739689101583,0.05575061381953713,-0.26177607907107836,0.5223750142778828,0.2661506103557795,0.34321164040802754,0.026181663298924795,0.6675979912904794,0.6583746225799182,0.7135140348998825,-0.14935523706123843,0.6067117085615692,0.6019571913896359,0.6098481403970083,-0.6543377041300094,-0.007349992499586345,-0.03757797693414221,-0.07768859616324755,-2.1585907332415073,-0.3146216777055622,-0.2586788607805993,-0.33999441690938315,-1.0663194255428519,0.28908446594890375,0.12352715284467855,0.0365851756245877,1.028151736036359,0.5348086551676711,0.29839908863148434,0.0982197513332502,-0.2600482834847776,0.6918036399292024,0.44499741300806617,0.5591511724630037,-0.41244871355832,0.1293931440424872,0.4184450229781922,0.5598697208738813,0.839117931310416,0.41771101046396275,0.3725828430127597,0.41071934101674373
2025-03-18,4.2802113468702325,-2.5061518676932515,0.769212615380672,-0.3727905515045102,-0.30182172586801803,-0.3667022472977682,-1.0184256452193887,0.02113057786174589,0.08053054718477207,-0.01135831094642577,0.39616602121420796,0.002022121777704726,-0.05555774335615336,-0.12496643016455358,0.3117095169671744,0.04900129784317335,0.03642054773763206,0.07899922571635126,0.3796371303900384,0.5286586818175845,0.26015997374853544,0.308218138059014,0.7518543193900512,0.619078487059386,0.6404394740279503,0.7102281024437169,1.4397378202017503,0.49698487189217916,0.5630012634978802,0.5917930173258974,0.34515354238992946,-0.06857689607641397,-0.05285065568454451,-0.09557907263243391,-1.5182319656969505,-0.36359173394044747,-0.2613438045775818,-0.37721339333107223,0.4713993205699938,0.1844421421060954,0.16267433095578024,0.1095737512994986,-0.3772277767142336,0.5903451784290397,0.3077687150710734,0.1652287599102195,-0.12068597125714886,0.7005527545953315,0.45474421491686234,0.5213635277789173,1.3715327897380127,0.11669727949842869,0.3981722995873474,0.5536750151072083,2.1079522023389026,0.31751735293047023,0.3486353252090955,0.40768435421432203
2025-03-19,4.255198092351565,-2.501325451866787,0.11667709980451146,-0.3700891136986262,-0.29558517164224324,-0.34517803625803767,-1.7722804598554562,0.04345695218655903,0.11094510239448907,0.026875755994184534,-0.5465857588476477,0.005189869078146014,-0.04978077233137064,-0.11085131745141075,-0.461089191803008,0.05671202122626363,0.04080275533620913,0.08213871381059787,-0.7035574083650462,0.5298409847219859,0.25987097630267686,0.2972566717435881,-0.5681700742381599,0.6164133555549592,0.6391403772728423,0.699310328648455,1.3540661019582463,0.4758409663062064,0.5288730616891336,0.5519910612921624,0.45006667743119966,-0.07513506520723416,-0.04751946069823167,-0.09603512327929453,-1.12752660877152,-0.3446136744764134,-0.25011665281513273,-0.35302696971159614,-1.3797114470052163,0.19004141490776189,0.16978554883041572,0.15107894409893682,-1.2989474492098974,0.596026204648024,0.3126236318784362,0.20867663151929916,-0.3531536242486015,0.7031001663285379,0.44973139352571306,0.5119417222542245,-1.6658849837595393,0.13201132468229174,0.3910540900520033,0.5394424752935048,0.4739671191787489,0.3256849727543386,0.36522383158263805,0.3668115791543384
2025-03-20,4.232144099792571,-2.3053992558994096,1.4609011874989568,-0.36391449067457426,-0.29554371099126175,-0.356793805676051,-0.6317772122654577,0.03885154952471493,0.13087973199888475,0.017005844661971786,-0.871644465479928,0.030069280609774263,-0.03589339254551505,-0.10638700265510866,-0.6377674757501823,0.08385827806141911,0.05259026395818197,0.0982479548942641,0.4800954241588671,0.585917903411585,0.26399205793203245,0.2769265371549977,0.4442914594922848,0.604394712619416,0.6365979747937801,0.690653338998551,-0.23315385542695038,0.46996285555664624,0.5365306545107701,0.5465963550539521,3.2296293914774044,-0.07659268843542193,-0.026900105253111168,-0.1337754949375279,-3.4419216423849375,-0.26383251194430857,-0.21602698165300319,-0.32177276256143483,-1.6977647761060928,0.2050547616242624,0.16115948994631743,0.14722350975691267,-0.19949066355809275,0.6119181481402958,0.303207796216961,0.2078493128031906,0.06332549320605119,0.7058869125167823,0.47381885080821573,0.5033280213018722,0.5266577123516372,0.09338523365527017,0.3931603313660125,0.543780857498713,-1.278120431496325,0.36083158183178526,0.3741839829252601,0.361613560361755
2025-03-21,4.250997763364938,1.885366357236773,0.10563654694881919,-0.3509968306570534,-0.27915657971082425,-0.34079587678750833,-0.48343188641557444,0.015552393411792202,0.1159333231968571,0.04050817477803134,0.5820159022482593,0.12982741515924592,-0.012738962638580329,-0.12967229417203274,0.24218418319881918,-0.04662057750425965,0.05718316507496203,0.10773019746666986,0.609639480101216,0.5528428426990372,0.2588628416392821,0.32118779668637853,-0.10100544824695616,0.5367117027873565,0.6219053855919172,0.7124364444914167,0.10103050609940128,0.4012628924580593,0.5317141185253818,0.5669506354981522,2.6152465421457727,0.01303578094479244,0.02226825287558394,-0.12101076380200698,-2.06338096185368,-0.26252742234774906,-0.22891865713520737,-0.2963159618147611,0.22164914618041276,0.1997904017417941,0.16280082061858983,0.13007278554569693,1.0275288653723775,0.594912449969788,0.30854802430476086,0.21829843696418044,-0.2803768794166317,0.6581806349263244,0.45701227935762645,0.532812831952316,0.10758073927489055,0.016473177994413297,0.3806013504780474,0.5710625376398828,0.4049241034765475,0.3325510885548621,0.3552555638422808,0.359402193401748
2025-03-24,4.3297777361643845,7.877997279944626,0.3507404348735679,-0.3515563359969446,-0.2571810956485629,-0.32272504100190413,0.18315018531056015,0.05960275609552807,0.12399002456709726,0.04531297826098912,0.14316267214646405,0.20751904771126997,2.9251420727114953e-05,-0.12140148509135588,0.7779741077684061,0.04271663311377447,0.10271161243488161,0.14182514440543442,0.8975619536642658,0.6011895544222142,0.3087933218265155,0.34845366090207963,1.069839360303408,0.6081061319661449,0.6463144233618118,0.7248848166043863,0.8345612944043688,0.44771276037082175,0.5466022769102873,0.5735297625529995,2.618646289569091,0.12799346616375684,0.08539413374569083,-0.06848435804728405,0.9502420724059202,-0.14358049726776168,-0.18688984092336458,-0.26791015967444204,-1.4223354254292992,0.06348215730782537,0.10015518059867179,0.08638717388361447,0.4508693831599615,0.5963999147900525,0.3179771930531862,0.23199078253358646,1.4115618826985434,0.6845637326962074,0.4887614796362587,0.5492379226265545,-0.12278019747399488,-0.001924728309947914,0.36205118474896714,0.5565916310858595,1.5454306137029588,0.3742483843239116,0.3868497976841016,0.37869682011784367
2025-03-25,4.306552131060942,-2.322560510344296,-1.462818852261233,-0.31801388811568554,-0.24942774966285367,-0.30078262762064184,-0.26159974753693627,0.14515365801049138,0.12815792264873013,0.046970779586462265,-0.059650494156156864,0.17145729330880374,0.008982107953003887,-0.12087715921680763,-0.2130841996699968,0.14258048208415183,0.08188954459130493,0.14394275390811567,-0.4844003615809568,0.5953727397232335,0.294337812063284,0.353515339449041,-0.2713765228554592,0.5142384209227753,0.6268261423064473,0.7263162955237334,0.3649950344232129,0.3596909467199287,0.5523345251481202,0.5720091678014118,-1.1334877373860255,0.07059602410883557,0.05799154261828876,-0.06434467078837927,-1.8981647607823169,0.013354564197978945,-0.16129665228341925,-0.25986198261050664,-0.36294681034927356,0.12360060906139823,0.10050866692554483,0.0886466801013293,-0.940147360702544,0.5850250083322304,0.32622028356119037,0.23556513831493509,0.2540729119093599,0.6437558432645901,0.4982917053372278,0.5481216082751804,0.8669041748926177,-0.13649676853998524,0.29286154531299535,0.5509958091182572,0.15801820207647999,0.30727033685210087,0.4167917320552731,0.37802847817659335
2025-03-26,4.337357723355768,3.080559229482649,-1.5380278406831425,-0.27049655633557185,-0.28344365386247733,-0.3122714979103851,1.5135703776528224,0.35350482260896265,0.15054771777951959,0.06081391836435329,1.855329896575408,0.14580462687453624,0.04803907306382738,-0.08660294401471796,-0.6677024351692771,0.03701966782544408,0.06350897472636773,0.12774975607330685,0.19849187707113314,0.5623044089112984,0.293818208107947,0.3537998826502752,0.47509743761805434,0.4721493881787653,0.6391653531729786,0.7321208405313361,-0.048472812184521596,0.29941440862956115,0.5511162246380212,0.5915808389797638,0.9482850508227552,0.16442822691651296,0.06342580199217247,-0.056971836133154166,1.6265749546078816,0.036190320015893514,-0.13571886822112328,-0.2447824761122245,0.46011069750093436,0.18767612496402714,0.10328370147560052,0.07991689415722278,0.3341202066439777,0.5522347042378366,0.3309854317889851,0.23336638977940552,0.13919783133378538,0.6151180031265585,0.4999356284342503,0.5431820932482151,-0.19667830306662393,-0.20951521461630018,0.2775250129706733,0.5533869850377965,0.7805655304153791,0.2439607137941581,0.4522482387428123,0.436694943912619
2025-03-27,4.368267400474658,3.0909677118890144,0.0005433502589407002,-0.24161670930964166,-0.281564133029489,-0.317076180736014,-0.6259185720026141,0.2991454874724573,0.13579375636264515,0.06586650200125319,0.8637656072947935,0.27808110828933247,0.0688960376795693,-0.08044348989327123,1.2709366118009982,0.15429821419573175,0.09108127088887481,0.1373583198978561,0.48308158680417723,0.570170145648256,0.3167861760327176,0.3742305303097652,0.5035521576526967,0.4726386323199394,0.6427145493692663,0.7328554955270892,0.12156994120899522,0.26718774396295897,0.5546557355045787,0.5959879716494206,0.5261921301300099,0.19120486596984596,0.07038799218587338,-0.055342274828590686,0.1563830174174239,0.03136770219726505,-0.13393416774637418,-0.22858579587956387,0.9051667017867936,0.2163843917320978,0.1317756868413217,0.052030300079285254,2.6873438443628768,0.6671627044915893,0.34426848543327954,0.26432396908972394,0.7374994742853538,0.61993264898777,0.5179496648633086,0.5306202539705233,1.766486843587853,-0.2081179677424457,0.29389597981509313,0.5618045148115947,0.6796345433533437,0.22163291593327564,0.45692762215410565,0.47927728796192415
2025-03-28,4.254192895432996,-11.407450504166228,-0.5800370868497651,-0.07586093762208498,-0.2408006485625372,-0.2746849290943083,-0.5673869626846719,0.3909180598611303,0.15218283413534858,0.0873017574909574,-0.3023001594444992,0.19174239458373946,0.08616670460989573,-0.06692739118777585,-0.48432732766588815,0.18665134344994302,0.1531293888831245,0.15225292478737942,-0.45832901601580467,0.5570194338405137,0.36100075345930477,0.38494023555890194,-0.005577000484016104,0.4505458396397678,0.6316403565870616,0.7094491113473412,-0.7721240706593662,0.32492289851746975,0.5648492630405354,0.6004607137733518,-0.8030017536921654,0.23907793668736665,0.10097760333231756,-0.026143054288025488,-0.2719764619023872,0.12902392902490298,-0.12504731428079438,-0.22494483611664295,-1.6705774806032456,0.26353735399538913,0.18988020690610796,0.09514779442982156,-0.8645376955199007,0.6528389985871279,0.38529676260097845,0.29514938772868443,-0.07901502315796805,0.5544901391450459,0.5017646064141926,0.5115262425058925,-0.4488975496994305,-0.06581042376702279,0.2993408433947543,0.5542418834562326,-2.023031072377952,0.36414336155012095,0.504313203363543,0.5045345095902917
2025-03-31,4.244505700371312,-0.9687195061683695,-0.1626725126867905,-0.08251738843205841,-0.221275668178049,-0.28067939971066647,0.08216850804285736,0.4141946569417025,0.16675979626989013,0.08747615066320613,1.3626901087878434,0.11299287876755022,0.07885708585188642,-0.06790082534680113,0.3844799660425152,0.2962557241432978,0.16038627084532903,0.1532099683286696,0.577388840019657,0.5209854975953675,0.358513380581713,0.38792026643075905,0.28674301616073283,0.5229669996070437,0.6241450741658842,0.7089031350507523,-0.03970232131405185,0.4136323334974983,0.5543500279791647,0.6083420164082631,-2.8005835480977215,0.23259251472847198,0.10519220261518997,-0.02161849187957916,2.619248136133267,0.11112434690778275,-0.14891666905960582,-0.2213615276850233,1.5042326449077472,0.23638043640230724,0.2200134568445541,0.09158467668570977,0.7510423509253539,0.6632133201718142,0.40176641239892347,0.2982573553708259,0.033133779933218144,0.5349050681907986,0.5285356178941283,0.5134950977012553,0.17304916199389514,0.03873669614818586,0.28726818191625203,0.5541048457236281,1.2061578826627968,0.46186192634801765,0.48481601630566906,0.5000916616784413
2025-04-01,4.15460821391872,-8.989748645259255,-0.34505173422622093,-0.09501803578108525,-0.19784942566305772,-0.2598258376978412,-0.42960735490867186,0.4745489814257565,0.17640299031781512,0.10238298154804037,-1.077376592627587,0.1898075255397739,0.12074418380641586,-0.0357471340260407,0.5185913690423196,0.2759808494648829,0.13254525763611963,0.13685957368527293,-1.0131184677056255,0.590075673170768,0.4190676234897864,0.41805687420293736,-0.6917098364240479,0.583200292850804,0.6409883943982029,0.7149792144003367,0.24362781647191667,0.3794266139478611,0.554032380820513,0.5999881874589992,-1.2813816627890944,0.2537630004898501,0.15967292500238067,0.008361393126078311,-1.6191636196136958,0.17282889259762416,-0.14527048239023707,-0.1998140848832074,0.6235076479208832,0.14233614160182026,0.18735390502054575,0.06815905107945779,-1.2170794646821124,0.7119431949216461,0.4288719557845127,0.3166255763171115,-1.5184800932491773,0.606148001919148,0.6239129303723522,0.5326679874329984,0.3899809055567297,-0.00699075885573597,0.2719862209882512,0.5347490403658751,1.8102439363617888,0.2829417448440901,0.4122544469662011,0.44393012438517887
2025-04-02,4.194536299059148,3.992808514042867,-0.10475512709482238,-0.035183563609583086,-0.1930293416736863,-0.2632771813362818,-0.5646861624804191,0.41588134648634406,0.15837428785125782,0.08862099621577631,0.38378021670075835,0.16779337619550944,0.13292231398077256,-0.03561682323615711,-0.2894510459013343,0.15383817532816543,0.12066344331528354,0.11829948885121788,0.5005330064348671,0.5661103727216727,0.4298680096957429,0.42322003350194803,-0.7308787554933823,0.4312275592581623,0.6005198891992458,0.6872185415092008,0.4280860387474815,0.3697478526871064,0.5604117327057588,0.5995882862285852,-1.726298848192187,0.26600322597327275,0.14093564894061938,-0.008465832673518962,-0.9676610863145343,0.1279961670862772,-0.16911747683311862,-0.20826465599587266,2.3024929505081055,0.20664439420694083,0.21579378350510006,0.09131553783004351,0.21380886286757922,0.6786112282959416,0.4270431992182673,0.31035008229485106,-0.3315970740830384,0.525884539706837,0.6091381685428026,0.5216421950831508,-1.380865326167152,-0.10512169323967128,0.23101639712050978,0.5102011459946735,1.5048796295812672,0.3442783284702879,0.42913748209583974,0.4507779300100777
2025-04-03,4.053976607208199,-14.055969185094952,0.4545504576770911,-0.08569247892103907,-0.18762762230741267,-0.244652889630538,1.4987478583306335,0.12450481225104115,0.05313417468707256,0.04977947667197148,-0.43594303850197114,0.20790779224031664,0.17627853759123174,-0.0155900255405266,-0.09590444481595206,0.17657950695632435,0.12613495818666637,0.12041650058007862,-0.590229847217328,0.6173032299319386,0.45348851613338426,0.43454435107408257,-0.6448804495842175,0.5031396253336762,0.6283171900938498,0.674053490258529,-0.5631156925021155,0.4456807542981368,0.5468403935017367,0.6064342395274274,2.1029059562060053,0.11594732373768436,0.0647314979758145,-0.03458428765028749,-0.924060213059493,0.13779356740738422,-0.12515572476245845,-0.1651601138627811,-0.41071375614748173,0.21490729642192946,0.22439629260265465,0.06957387460275867,-1.2367549772914077,0.7335527976421454,0.4606350195589898,0.3499385280192289,-1.3721689246569793,0.6088101217267871,0.6255113398036202,0.5281858029195889,0.6940819224160957,-0.18123120538599996,0.1551951964894788,0.43964406104849807,-0.6344991445562558,0.4125112502069208,0.4324771060265668,0.4558702297595983
2025-04-04,3.9886807529588655,-6.529585424933337,-1.0527757546755838,-0.01509913761082237,-0.14587089556905974,-0.2101465296224622,-0.30694208442726456,0.10026615031179088,0.06585517382110559,0.054437258693730305,1.4725575231755519,0.10491314266813749,0.133861274701998,-0.04446377129109745,-1.4038192698346235,0.277623288064808,0.1764748167608179,0.14656646843826926,0.5902280656248955,0.5913779563440148,0.42429938171345705,0.4146570315042217,1.3507212269718725,0.3968133066517099,0.5648344768048735,0.6233951259762796,0.3064072327206717,0.43211137033249236,0.5377558773985548,0.5985249701792086,-2.596692802421792,0.20224927234900889,0.0961909381811631,-0.005153719283659453,2.3397417004687684,0.040741739262116,-0.15744909307570695,-0.185347325479855,0.9507011368335037,0.1295733228489868,0.19709693542391662,0.05625802775629251,-2.6552576360219198,0.708722194974045,0.4842202604987596,0.3719648850983798,-0.11226543662105648,0.6657866008776326,0.6172271836093041,0.5242828588595657,1.597808644708608,-0.2137936443350305,0.1266841178561517,0.4091908449529082,0.9734897076163205,0.3528507736035545,0.4097223770990421,0.44268441655493573
2025-04-07,4.154889540238103,16.62087872792375,3.528592081644703,0.41611437828928977,0.15786922368142087,0.02708488966973804,0.4535423682385282,0.1271055021121129,0.08187595652961527,0.07394393066183857,0.3686145283093438,0.1349205623866614,0.16575695623392067,-0.021044371307635073,1.7515272298344318,0.603455063563597,0.2926560003747121,0.25963512890587465,2.206888210980362,0.784442444372193,0.5748193490143785,0.5076054406179242,1.5102952141944128,0.5470166263743892,0.630599467196295,0.651335265234124,1.1555594531074578,0.4806047339636614,0.6015915102940582,0.6152568510076682,1.2608827170599994,0.19816490611214707,0.11768032369704497,0.029640862940663367,-0.07938947773462246,0.14794321419518155,-0.10612362888911615,-0.16780708073209782,-0.1885764774173122,0.09389931524837297,0.18649846681481363,0.04370535520796274,1.6348292941262397,0.7344691739088246,0.5048150535360086,0.4101776078939097,3.4475859313930557,0.8055693252901571,0.7052514531658723,0.5972552128393903,0.7456635506075808,-0.029675269259878737,0.1920689330077916,0.4068159144496689,3.4094226243219263,0.48248650739911747,0.5148547115474579,0.5093998455110348
2025-04-08,4.259154572550891,10.426503231278783,-0.9647778006657282,0.355470444679527,0.10113909371600764,0.017370791065266938,-0.48334009477334394,0.03095076953109648,0.057881922039787106,0.06194051455269972,-0.8268399145993603,0.099435035381008,0.1194011773706021,-0.01560314909422163,1.6016418384778568,0.6348596564324727,0.35592771906170445,0.3221836431526774,0.6017222881029438,0.7616648858648437,0.6005608149693167,0.5063065221824827,2.179632903009856,0.602653337559969,0.6659526321302051,0.6562941702797369,2.5214587568510303,0.5754925217298291,0.6467613199907397,0.6208341111647643,-1.6024868041388478,0.14601960005923775,0.06949191347002782,0.025597948144634994,-1.0412660154799678,0.12521336212758033,-0.12835033462329545,-0.12422933798155872,-0.6952308819339201,0.006133258930936769,0.1476895550359191,0.018509406209116546,1.846547831004992,0.7434454387717825,0.544873665268453,0.4352748349462691,2.2189095807108474,0.8305764885496755,0.7659512709467882,0.6104358404929454,2.947172740574077,0.1415102638583956,0.2732237544511211,0.4087941414727979,2.120355493467245,0.545486909089512,0.5460140060574307,0.5166948972101867
2025-04-09,4.393707276613156,13.45527040622656,-1.2034024312072322,0.21121757011094583,0.03383898533989322,-0.06023131558810066,-0.5564185906202237,-0.028943262462338252,0.021940847132564025,0.025183454527289362,-1.9532652499173118,-0.08513256158070466,0.002363881979720916,-0.08783381137722865,-2.0209881601070405,0.2889153479340291,0.20835011282756496,0.17566461125674568,-3.1539604764677764,0.210955140195475,0.2804306644016956,0.25332494532380834,-1.234972902206704,0.3639750308638839,0.5359579239997333,0.5531041884319525,-1.5548382572222847,0.27325681827497034,0.47325300927176356,0.5040004860246705,-2.1398835632481266,0.03434195443993909,-0.0099578186316953,-0.04060307063995253,-0.47182157572691175,0.1043523472372244,-0.11205013833351517,-0.12008327170053092,-2.0016006026756488,-0.13219152387751273,0.02670109810243897,-0.04380284076900909,-0.9068503545321605,0.6051263464646807,0.48866073565102075,0.3909879791311287,-2.958943219127414,0.42892277319590294,0.5416541407714102,0.45478628299282503,-2.6062196359206005,-0.0838306700510237,0.12382576514453188,0.29358582966450414,2.0575588645916407,0.6406003240723691,0.5897547876157042,0.5346198415971931
2025-04-10,4.389749588719937,-0.3957687893219486,0.7287777132290234,0.23523754679589692,0.07227046352133759,-0.05759695678598183,-0.22452209931587142,-0.0014988379673458335,0.01575003685339064,0.02272736983134836,1.524943366544159,-0.08047793910565079,-0.037163095573619645,-0.08667980746664519,2.6759873150607367,0.2252129711957156,0.20904393855032177,0.16057235748618975,2.6319802444623357,0.1632606000916765,0.26284440185069635,0.23333202814963372,2.4847699304056547,0.28455610681885923,0.45762797257390553,0.5242351621982887,2.0153074127991486,0.23239667534156538,0.40372897167846244,0.48609388597500386,-2.119597661527841,0.04421304492204059,0.016892572324903793,-0.03989822535841339,-3.129183454304032,0.09885113982965989,-0.0966728916076098,-0.12290951198647171,2.333946147959713,-0.10274295942537434,0.018028182161326473,-0.040540544974245564,1.861133731025248,0.5617691121499802,0.49449665077218774,0.4040512096963091,4.172412262954624,0.3512623349200258,0.47845036446796396,0.41675952595118954,2.344915888170422,-0.1079162556457997,0.04566710705286502,0.2865611109301274,1.7809669562641874,0.6390076607870523,0.5850635004150453,0.5307281729798136
2025-04-11,4.491491953649259,10.17423649293221,-1.2288363414058239,0.149622325155151,0.021503380860082993,-0.061947319792761066,-1.700269625770912,-0.10388622810308398,-0.056242806014839684,-0.05466670743525921,-2.8150941926402435,-0.1964478524758237,-0.12449562081882706,-0.12859707454358585,-2.3806710608141985,0.07019516461998371,0.08041116016561838,0.04754077144624539,-2.0362425020957216,0.04508118253443307,0.18409495707444476,0.1370122445831811,0.22736245744376982,0.26432132704163996,0.41838579281025295,0.46790672615185896,0.6236625109657696,0.2508968419819297,0.3903393941901704,0.4553323461720746,-1.1721249906103681,-0.01649024497921981,-0.03059168995323631,-0.029284880577410098,0.013391183725119937,0.12901232025236548,-0.08253237700893733,-0.125955283093533,-4.570027482873341,-0.23327639640079706,-0.10161422104900188,-0.09225900773385227,-1.0688709497201088,0.47425345864937873,0.4681745851625541,0.3766091131929696,-2.9682736256945828,0.20031165261309916,0.35366604894883075,0.31534871672158127,1.4993568309253344,-0.03748318341785988,0.04830139183002148,0.22245571021931676,1.3871628969396161,0.6764592273207025,0.5652857519975604,0.5079468571459241
2025-04-14,4.363207873924668,-12.828407972459122,0.5458596597968004,0.0973515007199287,-0.014129664324933325,-0.067699712061068,2.331636177113568,-0.302540413235128,-0.1666437612599848,-0.11961154449384777,-1.3881024016672967,-0.08463319300994893,-0.046618405901819204,-0.06996889303151287,-2.285611409311871,0.20010842414833177,0.16818265291277676,0.13393645142511365,-1.2459815836174082,0.1207241919099748,0.22405685885229198,0.1744189529192937,-2.2718000660405124,0.39503732687911286,0.47514860927044617,0.5072593651433873,-2.4145442860064286,0.39307436566880855,0.45352746062113036,0.4945985080370834,1.153262683341696,-0.07365529209684593,-0.057392260950485205,-0.061079496061201374,1.5599965074772477,0.009361290836789394,-0.11385327444905305,-0.13827022528350172,-1.2233479794800957,-0.17265311434686798,-0.05941242692305232,-0.048554044902902986,-2.35652296572128,0.5542229834019535,0.5375856022861937,0.42360839579994597,-1.5078563155014715,0.25490682684344884,0.37982694209819434,0.33912026296319797,-3.7126723718677477,0.17209985745263903,0.1628891877328759,0.2867771074678438,-4.477817936609475,0.7026592725810099,0.6123927694293492,0.5464455792862267
2025-04-15,4.32234223922848,-4.08656346961882,1.192412823275264,0.07976708122753268,-0.051218974372321445,-0.07885351735269638,1.9156503850440645,-0.3418603558087514,-0.2127966707604363,-0.13816084112724691,2.4873350043945917,-0.12052790639507568,-0.06902959820814251,-0.08888564003958442,1.7698375404661184,0.16072106011141607,0.1270962924966658,0.11229572302981977,2.4000491152547703,0.0718543780148833,0.1828395021210069,0.1410099572416031,1.6000375125668236,0.3587740353569259,0.43426667148310033,0.4770328587953815,-0.3157873301566112,0.4317799065573013,0.4556622449482457,0.4964670914387347,1.0452343012410559,-0.08474858564022592,-0.08336506436584411,-0.07267058513373145,1.4579286221537284,-0.030650502210569468,-0.14974388476388617,-0.151975408719451,4.466464651674336,-0.20182795759007152,-0.12358391950745493,-0.07294966831352565,2.4033011726879394,0.4696077399293854,0.502782717073475,0.3927114642001886,2.2195999103695745,0.21307201623918764,0.3468815291776144,0.3184811625099283,0.7866385978553601,0.17588990637569996,0.15927374593717733,0.27995256617037734,-1.6454669784137663,0.73082475724864,0.6054801246619541,0.5514004398361505
2025-04-16,4.277750974615313,-4.459126461316654,-0.8304437041421444,0.09895018487850037,-0.03745152725792048,-0.06344667589948859,0.20700478383193577,-0.4008476571585431,-0.21678960343607068,-0.1320198599674856,1.3707106608077635,-0.15159691695836794,-0.08420781156892444,-0.10095649550788344,0.8801584074637634,0.13638774789482988,0.11564844906147778,0.10155980971160421,0.9121886025252384,0.04697688025653935,0.17006070283443764,0.1276084293141361,0.4384534525618048,0.3468183007496912,0.42837448191142835,0.4703164851840292,0.23750882568683454,0.4587297415273332,0.4609074392708415,0.4908214473476312,-1.2299613624845471,-0.06256960217640159,-0.07174410438041748,-0.05964624065774182,-0.30297448913472014,-0.03850084663847406,-0.14739339206772997,-0.14800208892633843,2.566467352847024,-0.24148181667363444,-0.14135702293663907,-0.09027949789563955,0.09526987011841936,0.46188671362434813,0.5019612237139062,0.3923792674165455,1.4577985405012837,0.18652387329723016,0.32975863816870943,0.2990955789816054,-0.285173041833895,0.1710973639958518,0.16350920457731974,0.2776090538164948,-0.39210944992358715,0.7361432980602702,0.6128202969343318,0.5635841848236853
2025-04-17,4.3258617363832235,4.81107617679104,-1.0680927399144324,0.10044243982186947,-0.05714934470612857,-0.08029596053925411,0.038090960882688485,-0.41684201968692675,-0.22318985580427644,-0.12599878366393458,0.35711554447705574,-0.16130232931810265,-0.07156669517891424,-0.09301055306062891,1.3835688899964032,0.14978372658784364,0.14131452630766092,0.11981773191107953,1.9076573694069858,0.07875476500964967,0.20474540701583216,0.15241274572911384,0.9175935402851151,0.35778125194769844,0.43230466801475087,0.4791795818786209,1.264590886722901,0.4673792972947793,0.46833019827417194,0.5013596554513366,-3.1918993287291517,-0.07672439575019625,-0.09788662522480784,-0.07283031515846683,2.1179088922729923,-0.03452087987498431,-0.1040609325912091,-0.1216733370953363,0.3551481513972794,-0.2578640856979873,-0.13421331707592793,-0.09217725379523448,1.796772082210071,0.47195341361491683,0.5174365971626745,0.3994900125584448,2.189955008385213,0.2057110237717425,0.34514228853684686,0.320891406121549,1.2990288265726209,0.1880131526743282,0.16375125022555068,0.2894900174836634,1.1297283454616192,0.743759563557565,0.6310663058522384,0.5716976080122851
2025-04-21,4.403774732908952,7.791299652572814,-0.2603861620012484,0.0944888633925089,-0.048945502695247375,-0.07996080352733057,-0.10227039288595208,-0.4178714801583578,-0.23196759961429725,-0.1312905255977642,0.4464197876968008,-0.15293374832612847,-0.043005453530788766,-0.07799929666756351,1.6696344844676156,0.18571416896064813,0.14350598045924032,0.15028281595438703,1.4604771460582082,0.10796109800537948,0.20940701681754365,0.17275182203765416,2.0733200439254746,0.3968249404121396,0.43891936729685,0.4954295089422183,1.2898643400726562,0.48947284729095375,0.46929634865379416,0.512719299951152,-0.36357015627596745,-0.0913938517204641,-0.08123329736807039,-0.06893524478214312,-0.6433797689869127,-0.04404506160717721,-0.10091059749775137,-0.1258757327480176,0.6543582186574088,-0.24377636189340296,-0.1315755379076175,-0.08185278592952273,2.490308431793376,0.4982746203769124,0.5259956510336069,0.4212714750859945,0.9972817725435519,0.21843175942274862,0.33289374462570553,0.3246934869528067,1.70954828320688,0.21842660212000095,0.1715029115126298,0.30275442324780155,1.6182429867387196,0.7502939299467952,0.6316776423477557,0.5759216130118159
2025-04-22,4.388074599105613,-1.57001338033389,0.09156395294876774,0.07212651272603413,-0.054710378693959394,-0.07984542017962656,-2.670260609396064,-0.3350478677153907,-0.19216951619225617,-0.11265146821752507,-1.1300567830950592,-0.13963164105125997,-0.027709817008318746,-0.07198372987965508,-1.2649646604900766,0.17979056408173968,0.1488588120208765,0.15250193006876236,-1.0707982073851423,0.10082266895300476,0.21206065250762768,0.17632873878114297,-1.9894000853812064,0.3711536267590444,0.4272798225136121,0.47955495314031754,-0.2914314329272447,0.48160532412698687,0.4721478192953816,0.5138503752752823,-0.06995546069788805,-0.20503545580088064,-0.07950054496946338,-0.07008096350296587,-3.5406690697690526,-0.03970142990296335,-0.0693176540638306,-0.11359493511841076,-0.9391624939563683,-0.20474870430465678,-0.1320365836328914,-0.07785948014971383,-0.680679969041315,0.5041170123715759,0.5313425316521796,0.4242806590366155,-0.5594470985808129,0.20463220432518908,0.3319446260231432,0.32597259181523097,-1.1717848744270944,0.24288310475117655,0.18215435574579814,0.30303542204137096,-1.2517714282670143,0.7371800179886581,0.6269593319773586,0.5740349583650864
2025-04-23,4.386062681416255,-0.20119176893578228,1.009872729149594,0.05128136426774291,-0.05754022217515277,-0.08586623417284187,-0.8156800961775459,-0.33318509125286677,-0.17104512526329496,-0.11504587833897191,0.16898868350214724,-0.142354234500373,-0.04905916260736852,-0.07061241961330006,-0.994631576419424,0.17673474689143737,0.16950445921008958,0.1431663942315871,-0.27847053202934396,0.09485670273224572,0.199129466638942,0.1668300530098696,0.044966379142591995,0.36706356789074185,0.3948752416188102,0.46671672444702816,-0.8680780097288288,0.4774528193925127,0.4470897307484125,0.5116150556900845,-0.9257340678331745,-0.20943210662946046,-0.1006363723449445,-0.08506996862262321,0.8722852399716767,-0.060018372479002956,-0.031028692031251533,-0.10425080010281254,0.4496404102484961,-0.21134741447041014,-0.12838600508012488,-0.08329001595738277,-0.5711042068672607,0.4990415132952759,0.5198473432979314,0.4260022233383999,0.31933203629571505,0.20453985401191657,0.3099001653119242,0.32748732107430184,-1.8411627324181983,0.24370442269009374,0.1562570471012681,0.2666118151998383,0.17745723231800437,0.7364693743692553,0.6149131628922616,0.5890625996642277
2025-04-24,4.304216467153375,-8.184621426287997,-0.685500809281792,0.10231392020969425,-0.0012529570997934544,-0.07280397384548708,-0.28665391120211137,-0.3602325132944678,-0.1306454002371824,-0.10963880257187948,-0.3881170991559042,-0.15169291056614753,-0.06795592439994186,-0.06107018750730334,-0.3843892001103679,0.1989638354441889,0.16631186003850762,0.15153964443814427,-0.5020799305152002,0.11578157659417661,0.19184181616130186,0.17487534815306427,-0.6609303560488002,0.3876833867453863,0.3989431198603175,0.47893741815555857,-0.58653326006048,0.49740254235415887,0.45506835704425336,0.520255662925051,-2.1694745355892797,-0.1851826813169657,-0.03498859829711964,-0.0570272620257575,-0.049731837329152206,-0.0785956928100807,-0.04545226386035818,-0.10465519008930173,1.8516628003833286,-0.2429409955193811,-0.15272620948095803,-0.1100152699812644,0.6135971825721596,0.47586985487093875,0.4899106177308581,0.41320256906269176,-1.2206098118219835,0.23672432773914334,0.31224952832407143,0.34125271512367644,-1.6674203167569601,0.28749173841223263,0.18454462805570473,0.2838084443360715,1.4537353229969279,0.6895536824458786,0.5739180042998843,0.578012638253995
2025-04-25,4.265236695126349,-3.897977202702574,0.4341468742476353,0.09234322604456878,0.004602513147603851,-0.07534331652711822,0.4788045875775202,-0.36128605792705065,-0.16374039617555722,-0.11426279409201327,0.7284702035583681,-0.1764964570461949,-0.05459408410234031,-0.06504345266931512,0.12874735330713571,0.1853901067996435,0.18259910563461126,0.15046553571086665,-0.8165780727446688,0.12387496966574839,0.20086583986330975,0.1845675922222812,-1.520462301296144,0.3939747096469462,0.4054738779744764,0.48072745959188207,-1.3573110308349383,0.5029705842809855,0.45646296224631866,0.5251959167702036,0.10453324308979184,-0.22175983424388576,-0.03619555235137523,-0.05622691648210045,0.3463734684409281,-0.08716871459529772,-0.05562097266561197,-0.10936529797316985,1.2644386192079362,-0.2569920202283674,-0.1589458232065323,-0.11497841488291986,0.37848442588422415,0.4719793089465549,0.5235077760722722,0.40972565767730895,-0.7550821260262728,0.24067299522218258,0.31778134372778105,0.34879620484161544,-1.8946340105616315,0.28882353727729804,0.19003207762979044,0.2907084241466734,-2.8217788044220478,0.6700823732485488,0.5654102411208014,0.5747279725874392
2025-04-28,4.214972159341496,-5.026453578485324,-0.21934016852968546,0.06715552873736774,0.023769058017922312,-0.07907980770788638,0.7447420669513984,-0.4220960467981567,-0.16145705101234828,-0.12738260074721727,-0.35193068345834755,-0.19100961978367428,-0.08637906330068788,-0.05974522427848654,-0.3116821123033766,0.17449716819536157,0.1768645871794353,0.16420196032602577,-0.554317654837047,0.11486755374954978,0.19249558792774407,0.1970870481332372,-0.988727504935024,0.4167692367769983,0.41472208425715235,0.49127358013768435,-0.4079155038512223,0.4890292964753712,0.44929422764097193,0.5244178249854187,-1.9850373542216928,-0.2001618768820528,-0.013716497351875093,-0.04331458343137407,3.4468846209548607,-0.14601204668253664,-0.06498910893510233,-0.12827561136738416,-0.2648403257374576,-0.33647818569759524,-0.18889792579877102,-0.12111952154413155,0.32371527659364,0.4454621120436399,0.5077467681080594,0.41582052080958637,-1.0335461259651968,0.25592584892728354,0.3137790800429708,0.3556606397973421,-0.8226794131685888,0.29513005061889364,0.20891119340406852,0.2939872272107386,-0.43408649928006726,0.6454722667093753,0.5640805360248393,0.5776666110046574
2025-04-29,4.172591010755279,-4.238114858621689,0.6671819209490175,0.05157679956255857,0.011414620215464223,-0.07505967024315921,0.4215097976102694,-0.42713770678697993,-0.16644907729256958,-0.1262309299854837,-0.655541104068263,-0.1784312041299019,-0.09077250298805793,-0.05635780469343833,-0.3747260418179904,0.18126277286865136,0.204708929461579,0.17073083587926222,-0.2844389397353535,0.12177780159959979,0.1918520528001827,0.20015769715543974,0.15717848122736955,0.4144785407431105,0.42704175407872375,0.48646500149551664,-0.2567938014936384,0.49183566796591,0.47467665478541654,0.5197486152630737,-0.11429082484720032,-0.22513070242938707,-0.014754787093769229,-0.04423512629197827,2.6804642091868067,-0.173266356050461,-0.08647604841278707,-0.15310942922591822,0.051513511503264,-0.3302091125493438,-0.19115881833037934,-0.10812219619126967,-2.1282173840572796,0.45696223310844486,0.5170425540791176,0.4295318249238978,0.12786474594267183,0.25447065681681597,0.3093956613416779,0.3643053828757538,0.8366259181762046,0.2803780469176069,0.2302553545948627,0.2812802636192023,0.0100175312084545,0.6511023060033357,0.5978472690453636,0.5727340330720682
2025-04-30,4.174405655670746,0.1814644915467234,0.02826112746843501,0.033960166070022876,-0.003854581904976309,-0.07738065907869429,0.5318612940384415,-0.46010812951415614,-0.15356070226778823,-0.12818981437264673,-0.15443296914535654,-0.23148131081781229,-0.1065393014066492,-0.05585435754262414,0.09880916360226522,0.20597397997005057,0.21301960676301426,0.17245317405273036,0.8992716403833827,0.0854491808875228,0.18713695657514767,0.20651137114544346,0.09256847805423996,0.3977658602603073,0.42318126630473213,0.4869545383416144,-0.09980263065094719,0.5140465011025421,0.47322960518031626,0.5309805979804676,0.4348883396437442,-0.24410628618035438,-0.033813209715267536,-0.03562327686384917,-0.9818721936096644,-0.23598856987049616,-0.0833025021155937,-0.17681492701192847,1.588626228368192,-0.32892916961395785,-0.1970747156153485,-0.10605860216376506,0.8656453210887971,0.4304530297747458,0.5176042970754504,0.43103022370673844,-0.003658239589318768,0.21820447130855772,0.30509834948417885,0.3842526073071639,2.517890723487101,0.2883780187418569,0.21845717439652138,0.2788819089033215,0.2835655775846004,0.724104156495732,0.5970366969964079,0.5744004654845644
2025-05-01,4.229148418140871,5.474276247012444,-1.8405282303524513,-0.017453293571667656,-0.022821300977811456,-0.10007548039540617,-0.25611569393086064,-0.45643486176848846,-0.1726897812648172,-0.1329152733934339,-0.8476569135844095,-0.25780164100685876,-0.135996891192314,-0.0648506531162552,-0.6417219237033664,0.194419774611934,0.17931274721167667,0.16093606611501407,0.05684272294941761,0.07739923875504293,0.16607279111796733,0.20492828018888645,-0.1935407055018448,0.4061991094433371,0.40376919943813633,0.47960459583646997,-1.2573692466624944,0.4562651572805261,0.42337425936805895,0.49568545391573354,-2.1577014648215043,-0.25551579656384293,-0.04078071378207815,-0.04705310994931583,-0.5752242487307295,-0.23462915139183202,-0.09580419224295741,-0.1899419991261972,0.9004166442598367,-0.35079767167168746,-0.1862467296484748,-0.1027130534241288,-1.0377426887447263,0.3968996505016801,0.47675312204157794,0.4117085855412596,-0.04660924846262726,0.21971162273989808,0.2840659584931613,0.3780670780755926,-0.9645175289503903,0.2893615707408318,0.195586195831728,0.2630680398555213,-0.23430536401643198,0.7022991256072926,0.5951645005554985,0.5677489894894494
2025-05-02,4.31903162764669,8.98832095058193,-0.3784436435531879,0.008357736977922022,-0.031407090704595984,-0.0943985614216485,0.32615595455943747,-0.3585720550576285,-0.15307664997710277,-0.12683644537504626,0.8667984803594719,-0.258641490137462,-0.10624730465936567,-0.0323888143641468,0.49009373948911694,0.21692682841460986,0.18683226313535986,0.1709043329213636,-0.8788082630395873,-0.00262600552612811,0.13402441361257744,0.1780371133773422,-1.075431221858336,0.3218233952163881,0.3513329195293928,0.44501315332858776,0.22461290897963965,0.45242959128808824,0.41820753004458455,0.4802427560786353,-0.5840563823926844,-0.0744797325537405,-0.03987705904912842,-0.04401854949731013,1.1197864942020768,-0.2842023671152703,-0.06701856694153888,-0.16804547687888255,1.2945344590897376,-0.3880695442937043,-0.1616737184619684,-0.08956542714883842,1.0993028415597506,0.3730807311249273,0.4906645761082128,0.42363996731150794,-1.2359585473255745,0.1108069130434817,0.24222160943431822,0.3391462619071367,-0.11615734387014731,0.33454100493922984,0.18516453593006746,0.24342752686743024,0.3386853843814337,0.70508715564986,0.5889725602553147,0.5623554271513792
2025-05-05,4.3423564881137455,2.332486046705551,-0.26211673843061756,-0.03883417687744941,-0.032692812159773744,-0.09630160587767729,0.4158435769848223,-0.38287827614115294,-0.15729820305240422,-0.12262538523076016,1.3324865035925684,-0.19678679803480503,-0.09981694103530839,-0.023838288699289726,-0.3559695360748157,0.17199772757072193,0.18808134264089899,0.17100199395796759,-0.2920015891710135,0.01279548937704446,0.134730679460904,0.17662206105625927,0.4818226085940397,0.386287963384146,0.3624518870230398,0.4508097846539081,0.64944827219837,0.47803473062528956,0.4208240184785486,0.48358532921393754,1.2090966324653203,-0.13972377669971967,-0.0266467637880122,-0.04270698493069038,-0.1288922970954928,-0.23575301324879075,-0.06695942106531944,-0.16751811786857834,1.191792391651286,-0.3813595973514981,-0.16810154926846446,-0.0852060467892538,-1.189620364130266,0.29880049052193114,0.4715060749309536,0.4161390340630745,0.10417037829480948,0.10350184279461429,0.25051591823906577,0.33737604416469513,0.6541796122182855,0.39838644279397967,0.19308013205133287,0.24858135985772878,1.4603793996948733,0.7436302279998775,0.586378926548789,0.5634773542811561
2025-05-06,4.316009109988459,-2.634737812528609,-0.16854760843766403,-0.5764959646798834,-0.020287474479784046,-0.09302286872469721,-0.2554062717292802,-0.4663323947548127,-0.18993900893747012,-0.1262295159018235,0.21636119654044839,-0.26347578428171803,-0.10179406656344228,-0.015939736373416717,-1.2872481940640321,0.07868312342652224,0.23623221905060215,0.16984310411325373,-0.424521558072269,-0.15045566760306858,0.1519375388492949,0.18925678663069168,-0.3669412234180447,0.32728478401515393,0.36910553112405753,0.45740626280646496,-0.5758284202519616,0.44400031789420674,0.4084818521495828,0.4966147078235944,-4.149219778540266,-0.24541442087373838,-0.027048064318620682,-0.04132196717279687,1.2047051210427808,-0.2615111985814747,-0.04424397073482234,-0.1532041960882987,-1.154859960722304,-0.3561497995009867,-0.16695105322678877,-0.06800911983833259,-0.6136138835551521,0.24147887144853658,0.47411233999418007,0.40822921980772725,-1.5958373618160246,-0.06219128108721034,0.261500274955075,0.34297639376594236,-0.0005046744229824096,0.397365173295829,0.23261229471699232,0.2683183312607225,-0.06512902866490333,0.687305751616423,0.5702500934976305,0.571271344467659
2025-05-07,4.274206584221934,-4.18025257665251,0.9320073546576544,-0.5630473303735909,-0.021220395496433567,-0.10269655991155355,-0.16933610551939227,-0.44748357718587345,-0.21947615652135738,-0.12270542241688771,-0.7196194408408032,-0.2083939842266073,-0.07394510309004626,-0.009377363196111686,-1.2387413095738622,0.013246800056154997,0.2311665260812541,0.18043494253851847,-0.2722762756266337,-0.18873327783491192,0.13458828642454587,0.19525037708819298,-0.736973775129791,0.2468003666390857,0.36802069394676534,0.46230793378066454,-1.2091692036259465,0.36350851287579306,0.4187318511201607,0.5040160427491968,-2.3915578202959744,-0.18732267032438674,-0.0017695795394492124,-0.026781850939307048,1.64446330229176,-0.24236084048193296,-0.05147673630765647,-0.16094976054261345,-0.1853005955996001,-0.31699290952826154,-0.1760741827812451,-0.06383861675545104,-1.1321801627411296,0.1910741837723638,0.4633521045560943,0.4173517439106167,-1.2239246012829856,-0.14762475358246743,0.23790663767719977,0.35833565831661607,-1.0938598812058529,0.3238719874777247,0.23351576878461208,0.27475271133132106,-1.3466480072287168,0.6663435120408968,0.5812413834756752,0.5772699267407555
2025-05-08,4.371599107122151,9.73925229002166,0.3780925899229747,-0.4161646088339243,-0.013163986212968782,-0.08730096658893793,-0.08575546873335312,-0.42296782187667514,-0.22597008429719148,-0.12463087617581588,0.34554955794671055,-0.026023640150916995,-0.05583793717985581,-0.0064338794463957615,0.7219642907102881,0.22529605115861479,0.2449233540999581,0.20496067990623934,-0.3130989620564705,0.034758413228111226,0.12115578504719265,0.18270299744252216,-0.31071697981115515,0.35552467984884406,0.3465907649968059,0.44741237446872834,0.4322277332222976,0.5936531170829658,0.4190242419339048,0.5007242190458786,-2.3160007766963275,-0.1836817398588109,-0.03529849998061231,-0.06295269231586821,-1.0509705468107475,-0.26614889994400415,-0.07816807436561941,-0.16061877129365695,1.0652029528383467,-0.17013631243998323,-0.15028379759482727,-0.0503308115122427,1.3339132289643127,0.3490793617710961,0.4769222080281579,0.4390097104444629,1.016515087440275,0.0852586946412629,0.2514197839571885,0.3663809222588636,-1.7189938953356063,0.44370607864026984,0.18110857065113695,0.23202356830198984,-0.6496676470570848,0.5534584042358682,0.5599648657567874,0.5626338168870949
2025-05-09,4.37355626797304,0.19571608508890392,-0.019626093249318632,-0.4244307023869257,0.0019604797690904114,-0.06458532270391058,0.03367721139220503,-0.42437691063907607,-0.21835632267640734,-0.1311029281522275,-0.9044315611746689,-0.02539832203609453,-0.05082544371648353,-0.03363210461846051,-0.36805888272689913,0.2633157583449267,0.24490238468570985,0.21568721937270982,-0.36579014247744324,0.044963670732978925,0.11705133618629252,0.18569916289483746,0.6279264847118879,0.4089120410399573,0.3396963995902742,0.42345192696629713,-0.04776331968727021,0.6860010811770086,0.420076599522158,0.4743373281996124,-5.297516685332553,-0.16325184280601,-0.025843005234624655,-0.052108686008137395,1.9006927558903293,-0.29756462581789606,-0.08692291532096123,-0.1490590060155333,-0.5206484168943744,-0.17209811623137802,-0.14082665242997375,-0.053880136551805326,-0.7540809949560097,0.36314501610608124,0.46990455877356657,0.44886152008837177,1.2354928529386848,0.11302599998389412,0.257786429864883,0.36194548466274423,-0.5846148006540193,0.4799097386649784,0.17564214555675195,0.18951634835467102,0.4757808098951968,0.5794149758134864,0.5722903575001025,0.5611870132286748
2025-05-12,4.45510401549698,8.154774752394012,-0.35048775645596475,-0.35002017616285186,-0.014410144421539447,-0.07010069481339,-0.967430672382777,-0.3760302722804047,-0.23879070631668683,-0.1556863548860666,0.8130175329015641,0.2852972496066218,-0.014559072902625043,-0.012570737103940776,0.062741014748256,0.499894859923462,0.24411250185874214,0.210531427889906,0.36530251588473284,0.25795961910748516,0.12496583255547888,0.20573649183367107,0.6815357765489344,0.4375195455040645,0.34596818648809463,0.4141812802569486,0.7444020212955198,0.6917537798850315,0.4343027473632087,0.4743172852246615,0.24866417921184336,-0.10828864949529005,-0.03285913366436817,-0.05079715049238149,-1.93835275744889,-0.36629333181498064,-0.10743565272027064,-0.172157662636444,-0.8327643522087228,0.02738421560828005,-0.14741118039132634,-0.06129501287867564,0.9242663083668157,0.49219553155492907,0.4747585750621569,0.4737047962314641,0.8013260966236575,0.39749667671660177,0.267691554690571,0.3648810972455969,0.27205351055432003,0.42893218382938414,0.1856201712866158,0.17531656413198454,-0.9683379429371424,0.47872401312791896,0.5430360227322395,0.5186179266891687
2025-05-13,4.497603607513061,4.249959201608089,0.5531132557966656,-0.2646541910532672,-0.005974072481895766,-0.07418685320917123,0.458692083287888,-0.14269697314451849,-0.23948782651177664,-0.1621556064080293,-0.9995957224003968,0.07995870218519571,-0.027519571095699396,-0.006554181222211613,0.6830154265333697,0.36298016500919106,0.2506446211149899,0.21479596470505138,0.7737261652348223,0.1537083626597283,0.13195648920661132,0.20916670775865287,0.8058870774037252,0.3012433911088711,0.35164640963474875,0.413882132525786,0.6798022173006302,0.5933640040431436,0.4387642938757922,0.4738209760926501,-1.9055971530655618,0.03155160386645783,-0.04153854777591106,-0.053848215251489744,3.3212446968346336,-0.2522302900260928,-0.08077611440575114,-0.13655027973369388,-1.3766288128034334,-0.1919537284859548,-0.16155306584318233,-0.07642910656150173,1.634122805671731,0.3861840918436154,0.48535302187207263,0.4979706452544307,0.5284444231148865,0.3051298414092123,0.2701093407044523,0.3650200892038771,0.9289947477880198,0.2537274725498827,0.19212418701765335,0.1751390391719411,-0.19674015588565377,0.23999446923334145,0.5377108427737788,0.5081731845931831
2025-05-14,4.527357295010873,2.975368749781193,-1.0147001337432577,-0.21978889632239534,-0.005220696301683358,-0.10099322999004987,-0.4374477094674081,-0.051033073953486795,-0.2569293168690602,-0.18823568837716462,-0.36849056293454074,0.23962877122189427,-0.027061693909726903,-0.004430989669118777,-0.7912640687607806,0.4867282976526879,0.24724577238769474,0.19693847347571075,0.5600317650017921,0.33844291351311645,0.13845155050048497,0.21358964368094283,0.006062435750559647,0.41658658583814906,0.35928288104621664,0.4070459199935286,1.0310576200252832,0.5894510004608904,0.4682942288411509,0.4748078496952504,-2.706029395759968,0.08834435693040243,-0.04398243935172974,-0.07859217569276558,-0.7095169794464002,-0.24345036062116093,-0.09507498823377451,-0.15328207974388106,-0.69215810730224,-0.0957096348834083,-0.16361728244684834,-0.10189532544992742,0.034511877342592534,0.511747998214734,0.482318059303869,0.5071909568074621,0.18413580371024008,0.44273363161676,0.2691610825384363,0.3625827330712538,3.184843759062886,0.30097767770398676,0.21095645007890518,0.18546326602509255,0.964526952344512,0.20208989818369594,0.5650604277977633,0.5008147065097854
2025-05-15,4.454146385137419,-7.3210909873454355,0.5314330389041934,-0.3367496005079854,-0.0203557127173583,-0.11003370457144376,-0.10030704252914208,-0.029245990397383716,-0.28538156426956174,-0.18729503928047986,0.49009462814996,0.29498405987931864,-0.04446357001520137,-0.013952374157776434,0.23792459850156483,0.513480673160921,0.23344777470454653,0.1910204079158068,0.12169892591066234,0.38664447902645194,0.1291366075838832,0.20960737511851524,0.34823369667551995,0.3957997476543772,0.34301312339606166,0.39787292668908386,-0.2678723247558944,0.609344165898415,0.4967462826861119,0.48073478184834273,-0.14374985011857247,0.029223158292256586,-0.045962380277535714,-0.08021355617318757,0.692562502886217,-0.2686094603268534,-0.11153083344116567,-0.15895950210373253,0.9734268341415393,-0.03774512605535372,-0.1882282897289009,-0.11126007358246803,-1.4316048875532044,0.570963497603906,0.4949835206455696,0.5182250049749669,0.6432790914098857,0.4714773151030112,0.2522698928363869,0.3504795382516894,0.02144796939900806,0.27901576808775813,0.20062713523547004,0.18421667178579434,0.2751855464961088,0.15681242670649775,0.5588782032284331,0.49644448540965663
2025-05-16,4.43845185496141,-1.5694530176008747,-0.6342509343371967,-0.2774766922576541,-0.00038162735019140587,-0.10554538348601801,-0.23171798025646395,-0.03640434523155571,-0.29235172952912214,-0.19108952407487143,-0.7825884722740513,0.29173923962543213,-0.04743761317033363,-0.005990693474807061,-0.20832079938835835,0.49370354563044305,0.23024113459051515,0.198605351885845,-0.2543527937212704,0.36297008507561346,0.1349854700201008,0.22153448941875495,-0.25519276504274147,0.37168081042080253,0.3488839992778886,0.39435040681251365,0.153539918446248,0.586538050723562,0.49390455075662976,0.47685751562252376,-1.2687416622761023,0.07307687080652892,-0.02411468403927606,-0.07240135645197492,-0.4307782006255808,-0.30379889636376073,-0.13705954953665014,-0.1494864671856978,0.255342397353408,-0.04051091594318611,-0.2048541698715138,-0.10978285823459866,0.12874647539625272,0.5493418313860857,0.49337191495832544,0.5222374086598628,-1.471236574225267,0.45775544232318305,0.25631691218175845,0.35131609882715414,0.32227859530256325,0.2450097630359612,0.2026543670968101,0.17329217800022378,0.5839575167991418,0.10787166639986506,0.5547362560771374,0.5086683561988791
2025-05-19,4.4740279303187,3.5576075357290016,0.09276323295377598,-0.26037870553912484,0.0008932251697700001,-0.09147597657355072,-0.23554767340208627,-0.04628235085097356,-0.29274633110364073,-0.19618077716962173,0.21711216092983987,0.2645663853653144,-0.048170157926594036,0.010653230146197797,0.13291604120329614,0.4177175592335985,0.2302617505778569,0.17676102676392988,0.5544210541775135,0.26628723821622957,0.13704872143445807,0.20831952554641112,1.044488346477489,0.2806589111880452,0.3553815521368537,0.3837465691945002,0.1198641779191974,0.533348868924151,0.4934535542363297,0.4641452351309057,-1.564292568340576,0.027355847427014055,-0.03953520133984551,-0.05943045115039829,-0.5327964958819136,-0.2904320806869142,-0.13799094064173628,-0.14695734008976963,-0.06852794693029463,-0.08218681716008697,-0.2064827325404622,-0.12042734878580223,0.8758275314275232,0.49333237607257374,0.4962019553465405,0.5152365365625035,0.3930468780768288,0.4154614323922667,0.2592246892829369,0.3368842315325312,0.4193853402948897,0.18025785091124652,0.2043424919347307,0.16382659226959373,2.7948463659628864,0.07436309658692158,0.5518227613403871,0.5036566343683289
2025-05-20,4.4799998331857545,0.5971902867054624,0.5765955255225537,-0.2511690418808757,-0.01190250813971232,-0.09500591198857695,0.2451888997953504,-0.18730318460789333,-0.30263233020788,-0.18801748714172034,-0.3425716611547518,0.24933861996490986,-0.0516164029266956,0.019868298158217473,0.8662434713547966,0.3858812340732904,0.21477892602835172,0.17902063359847686,1.0082794928397654,0.23027526591250283,0.11990683375299406,0.20844198477726944,0.47189930213679326,0.27477878198641786,0.33990090061525574,0.3879891391614218,0.12731695898149248,0.5303346606153112,0.4825084783059244,0.4670816769499908,2.2489880543918304,0.042707425818620325,-0.09825317419028254,-0.05310276679376379,0.295476074335693,-0.39709460224925824,-0.152449604219918,-0.1377691446627489,-0.10039311518368654,-0.1116681051360152,-0.18292595921418567,-0.12514669539617632,0.845361435962336,0.48043598607137117,0.4950797962505054,0.518752672463028,1.9027437367028452,0.3655611991011551,0.23847760941658508,0.33209021351800394,1.2269619384055643,0.1657151650739136,0.21109332815881976,0.17025894925941554,-1.9626604707512352,0.04800362561932789,0.5265464883399115,0.4891540401952008
2025-05-21,4.595530001347244,11.553016816148975,-0.20864288615127657,-0.2517343678711168,-0.03117191404921246,-0.10164514152020111,-0.884462861870416,-0.36763437007873706,-0.331283572851599,-0.1926088064278455,-0.10725089095283202,0.22446829048745717,-0.0558988909467434,0.0025837909797586816,0.05605714951424012,0.3878287335565113,0.20959866163232582,0.19600637095712783,0.3785809333861758,0.27350946138352966,0.12127974737173534,0.20183362173529468,0.6927590828540384,0.34624085805143395,0.34645304757652945,0.3683828503573746,0.9334978149700097,0.6012814170558641,0.5038031274321461,0.4677974825252221,-3.6634946909843427,-0.08397791155237094,-0.15229819454717455,-0.10857521439202937,1.000283593132992,-0.32756068779705916,-0.14629583324844928,-0.09399304530126124,-0.10787934380675157,-0.1382427902041099,-0.19212462463814647,-0.1250692416475058,-1.0641038132447687,0.324331211836576,0.4397843488851427,0.4692658327664012,1.0208036672929923,0.42862241874375545,0.25404383907568656,0.32470403331314995,2.565843393274595,0.30396006482486515,0.26316343045128,0.1974129729612021,-0.5336512919398047,0.0032037087516003774,0.4903828724974739,0.4481752118718129
2025-05-22,4.551622178719737,-4.3907822627507365,0.951782393154784,-0.41687099678213163,-0.03697085427261129,-0.0882821121721154,0.5159508954993282,-0.4893822832408884,-0.3689380937176198,-0.17378807300162277,0.2660428282133118,0.16678052944682578,-0.07749218490379974,-0.024349304876645914,1.3110614894782397,0.2099446530992359,0.19149973609411075,0.1669314494343919,1.5754846654066466,0.049675945348374335,0.09568890548359782,0.1616436673456105,1.353481248903283,0.1656956461414375,0.3178336812583454,0.3352377703893651,0.6092080271779585,0.5096396386997263,0.4906104850449158,0.4536735248171416,2.395137334168992,-0.21459560501882455,-0.19064800875397434,-0.10593445710646981,0.48888618197744016,-0.37940947382721846,-0.15695499234101623,-0.1084441126132292,0.294161492633664,0.004529162120540601,-0.19258947598940196,-0.1218027674040822,1.539975164975776,0.3012043741022276,0.41276837736048244,0.4392816277037387,1.6614955151467965,0.24797733623101065,0.2330154423828063,0.2915323663258392,1.3951062921505444,0.16092681216725727,0.24957037453523553,0.17937959881333107,-2.4485955137564224,0.20509451782149551,0.4975093963988547,0.4470607888796138
2025-05-23,4.509993868759091,-4.1628309960645815,-0.4858094575062557,-0.34782590105198485,-0.029003040324639334,-0.07362672033386236,0.3880654027812702,-0.4850273059492479,-0.37052272899808936,-0.199079116177262,0.7506165819882114,0.16149005304193534,-0.09709990426638779,-0.016125309475586127,1.089109793142819,0.12681539569510283,0.16701386864234108,0.1648094950887316,0.4069268027568992,-0.045167980789561024,0.08901555884886035,0.15708989232421472,0.11919140719637444,0.06786684395996552,0.3148981702192758,0.3333547114486126,0.14106540461932804,0.45450024671360323,0.487406438771223,0.4485454131988625,-0.5112284738454402,-0.20171846759347653,-0.20506680992247264,-0.10634849672717352,1.927922601526301,-0.4249049072213424,-0.1702835760977009,-0.122373233649317,-0.03489500075864971,0.08129720742447359,-0.1931170826293905,-0.11787282434938184,1.9962454468590467,0.21022444383719244,0.38061625572007746,0.43704222581216895,0.6306557970045641,0.18397049190123088,0.224423817033158,0.28544935556798673,1.2367779620725814,0.05164414121181219,0.2311383494837689,0.16336906398255566,-0.06541272197809922,0.11462430185591804,0.4955326752555266,0.4440931870476645
2025-05-27,4.432769813307154,-7.722405545193745,-0.22824958806514561,-0.3287394311080652,-0.04861615537226724,-0.05560057251501523,0.6478234666824384,-0.4982679376596894,-0.4256686606026181,-0.20055672120630844,0.5218136898039265,0.062187090837439986,-0.12530298947109547,-0.05790489239197949,-0.2606817387767457,0.12812361903582514,0.15876020188807488,0.16052924879636143,-0.5603604418932255,-0.014600090620717184,0.08625116029241346,0.1533721005714285,-0.9855991240403734,0.10841646291308195,0.3401583696888119,0.3487860866399549,-1.3201672236655946,0.520656864878532,0.49272481392344203,0.4559970117437772,1.6780088544669023,-0.31851644116322686,-0.2405236645125777,-0.12515039682242635,0.10876108772576965,-0.306433985801727,-0.18511382549506825,-0.10369860285943244,2.033368163690176,-0.11951899916601168,-0.2858027473250684,-0.17259112118876535,-0.07015230249878068,0.22554805050976925,0.3634286975004423,0.4235265620095196,-0.634937737719216,0.17945216789689689,0.2358844719467842,0.2815085847137525,-1.3368994508428,0.10559003416845364,0.24351160575779246,0.18879820234459982,-1.3391649834848798,0.1771805996081239,0.4804785896319579,0.4520995066143796
2025-05-28,4.478304746719617,4.553493341246373,1.063958723051869,-0.22273436819943532,-0.031981374985019705,-0.04366066475188602,0.35567066591036767,-0.4413422673490979,-0.4169495690012111,-0.19325474325207037,0.2794156578148481,0.0240939281273898,-0.11650620056802238,-0.06778969420558317,-0.09959224747503992,0.0974822480877162,0.15833853671117892,0.17751716462091593,-0.41881255312751975,-0.0781465441857278,0.08117763187381188,0.1413775817279179,-0.20298821414563228,0.09510378648722344,0.3351451363209054,0.3544491539007779,0.3729249560275205,0.5197903755618755,0.4943859132948202,0.4762226776902995,1.8307658493586976,-0.25158146107166923,-0.219412373346714,-0.1077087806484473,2.5135391888174112,-0.1846920239202279,-0.157402392162999,-0.08490641462235067,-0.13838321594284775,-0.14248024563938239,-0.2869974933809416,-0.1785663895074412,0.14013463058838393,0.14511114578261003,0.3656601516309591,0.42567228855802625,-0.7967900455591872,0.14684225101389084,0.22478307479401932,0.26725795239566913,0.36982140263909136,0.11930141442395474,0.24389538709659572,0.21113176299695097,0.6029266111019838,0.20223716417340565,0.4886300440901151,0.4807569139210591
2025-05-29,4.422953840378079,-5.53509063415385,0.8700272320227679,-0.28016999492587463,-0.0655961183408599,-0.06891876864635581,0.26248225796168967,-0.45971100098631434,-0.44794911822575567,-0.19084085999553654,0.3937339002990563,-0.011453479163179845,-0.16535747164193043,-0.08321386765776499,0.35243665645774236,0.06640132869779572,0.16923465303115137,0.17727554913519375,-0.258477524387607,-0.02517571982456347,0.056305224458668986,0.14325939014649783,-0.703855146541582,0.1621138984475503,0.33067551939002837,0.3607148684299668,-0.28609796451779534,0.5270065007474553,0.5147074632734907,0.4784979405691051,1.6303435134260194,-0.30025475660724005,-0.2545475139666832,-0.13651667478464102,0.6424071297753053,-0.2021291606244611,-0.21004497264201732,-0.08679610901737393,-0.9302774568947232,-0.04945440417472785,-0.26294347930133594,-0.16984198800009428,-0.7746118057060287,0.19932381228021234,0.35349089632819847,0.43300273900058384,1.725644970828848,0.04457070562778736,0.16879061726775624,0.24342712591681515,-2.414834506701478,0.2530796413023312,0.27873519567376404,0.22927989464610926,0.7062104495319421,0.1551999658270034,0.5306321538841171,0.47071050851540214
2025-05-30,4.4171077848671265,-0.5846055510952297,0.7609187953753347,-0.2335477330818298,-0.06661197627825431,-0.05701604062456236,0.044558826881407665,-0.44719635026862864,-0.44344899319557507,-0.2037874414558289,-0.014488647066207783,0.04920241934046517,-0.17049203895984338,-0.09338450509724035,-1.1068898677228223,0.1237316199372602,0.1750836180614447,0.16454616765924843,-0.6388119220076545,-0.006458373139406145,0.05502066370255178,0.12991512510598627,-0.6185559379981984,0.19140081099085876,0.3445221498931292,0.3533794513012093,-0.5635745005190944,0.675308664132722,0.5123742953604372,0.4745166337300077,0.35721767042023966,-0.2887385053540748,-0.25136831303590723,-0.13091289748480578,0.38724910314147554,-0.16957313422750625,-0.20211456528598803,-0.0907329585232378,0.23951142652879964,-0.09095963201886627,-0.28743993499606046,-0.17023400461235225,-2.027851593004342,0.2557763417332211,0.34907894193408745,0.41560827580501264,0.14619387247121907,0.057450997219421825,0.17417842008302212,0.23237085013986625,-0.5472213963364512,0.3034185199179749,0.29556372442772605,0.2274842028570338,0.057696218778630515,0.16092102904561134,0.5266488654379754,0.4762342609281677
2025-06-02,4.4606386095641,4.353082469697345,-0.2451747696905055,-0.20002839389042795,-0.05040863833916118,-0.05833380874364416,-0.48817141516365475,-0.5535820859857056,-0.39186696785391695,-0.20673285584565587,-0.46450154911985275,-0.07498831915828379,-0.2113476962139124,-0.09872099627333956,0.19172361824289919,0.08798499990798316,0.1821845624718504,0.16495886260286338,-0.24509694596553921,0.09950992967690765,0.01969273188931534,0.1264214587973414,0.5574537874368672,0.37923254951349555,0.33041758994143705,0.3559040662008444,1.2411231649661632,0.6998733015133246,0.5150471363027608,0.47986935689889454,0.5845282489556799,-0.28455180101378713,-0.1733129575398536,-0.12243371840403186,-2.315912226229501,-0.2579075451792776,-0.2762062639458146,-0.1031388011415075,-0.749688316971648,-0.24525139010429425,-0.3351492846709079,-0.177720944654326,0.3539100126871808,0.21048304204224613,0.320600200908676,0.41839576692321967,0.3492017838502559,0.18112376630121746,0.1272468340561236,0.23140041062543146,0.32333321095304324,0.3408967369807166,0.3326048137304024,0.22718052936979438,1.011668603611477,0.16990684907411052,0.5368251854362147,0.4821130473813183
2025-06-03,4.458690275104931,-0.19483344591693097,-0.8389204310262219,-0.16712994769551545,-0.08124166430829607,-0.05568530267988225,0.8895164942676974,-0.5431909092329172,-0.40942635861186655,-0.21300539982833175,0.248038834175276,-0.12727745589227152,-0.17733944335126778,-0.10334653919104941,0.22832904436782014,0.0943358045919333,0.15084072215394273,0.16817212703928444,-0.29219562709083996,0.1150525719515364,0.03429672757670062,0.12967361971783767,0.20404016404076958,0.37339156550619435,0.374182358167166,0.3630538775142825,0.036677386011939206,0.7001481599858504,0.5307884496907984,0.48031770053760586,-0.26931865760967066,-0.3060866328484637,-0.20915438439055759,-0.1203931149978364,-2.4813309976692,-0.21491418950505822,-0.23011488010311076,-0.09849356546604261,0.6643889371613568,-0.2867245649260416,-0.3277526576184311,-0.18864913978865772,0.22970218735142975,0.23516018198376176,0.2806846784322998,0.414876612284755,-1.0625729866738682,0.18692421891886632,0.12514232614820964,0.23775526629642033,1.1293233981721025,0.32910251403786883,0.36350054766189654,0.22968722184213541,2.041467960448829,0.1325712651409655,0.5468220223581841,0.47034446679525044
2025-06-04,4.364008463123713,-9.468181198121783,-0.39021331478684385,-0.0961872631247704,-0.38416576590036794,-0.03636344695157268,0.13916236808809057,-0.5474188223248692,-0.46880270149659586,-0.24534317835178354,0.2004124965863277,-0.1409274570067795,-0.22112108667629207,-0.10644426385384288,-0.24536142569406755,0.08132125114571148,0.07302853045557085,0.2031946908680766,0.8044044316292739,-0.019381208674779896,-0.11384885270405735,0.11896376917785555,0.16700384053178252,0.3292712371111923,0.3121828942423044,0.3574548465126701,-0.19040686706717125,0.6798352937412241,0.5015656304434125,0.4684354030551284,1.2457206057848509,-0.42274255637258845,-0.3343343402271951,-0.15765231214806819,-0.31881633185512637,-0.1504553754615443,-0.21376782456472646,-0.07335404256150631,0.8838565980562209,-0.4079952412272068,-0.3436308671711052,-0.20500586355334366,-0.1378035740749377,0.22377426257115618,0.23442203327149344,0.41097196035128225,-0.4195909820777983,0.19981078609634542,0.015313926773740268,0.24615998916033208,-0.22367364396494716,0.3325275081377406,0.3650730975154507,0.26004502959016534,-0.9910155972006442,0.18668126163828946,0.4912528850146854,0.4650931283197079
2025-06-05,4.392549508343311,2.8541045219598438,0.996534773233376,-0.014612524386236225,-0.329131337004629,-0.016799154487559278,0.3779963934263104,-0.5505396987027534,-0.454761101166536,-0.26682525664862394,0.04696777762550397,-0.20587177896120928,-0.19445411971258575,-0.09342179398594996,0.2931736448278688,0.004492174893040294,0.017719169915336216,0.19061122117287085,0.006989867683808049,-0.05490232136433281,-0.13914293488521887,0.10111738410888377,0.18244878269543363,0.28943290725729226,0.2528002061343688,0.3504576265223042,-0.7928633649409152,0.6083986518812975,0.43686771932580426,0.45759303069507284,3.6945518822073167,-0.3985772500471885,-0.2799815467434745,-0.1337042483277872,-2.292028839562718,-0.14152428466053812,-0.19935258167146874,-0.07458566322243318,0.05183055148851512,-0.4247547037282418,-0.33102028747820184,-0.21724388434661213,0.8522081691253474,0.1957033200741179,0.19516634858660126,0.3985481045090496,0.8109021718686464,0.15498712870720333,-0.039625498906354806,0.22307360267729665,-0.11257963751128963,0.29502501628306893,0.31382409981299636,0.25351021051294204,-0.32289407362608,0.14510070882337486,0.45707116650623886,0.4623978972261646
2025-06-06,4.508573665344064,11.60241570007523,-0.6965052869087329,-0.1610296459318251,-0.2961949459932288,-0.04416124997946395,-0.7767599164450367,-0.6323751236533974,-0.466310391211166,-0.29296794596296544,-0.4115581255540992,-0.3266070693214107,-0.11096353302959136,-0.10018877913591283,-1.0524728057585504,-0.24826196917475463,0.07812285792412602,0.15086029844571117,-0.6049294285378433,-0.11043233409485798,-0.008155640340315006,0.07913311335759715,0.5003638660491904,0.4028740976965125,0.35733121205699764,0.35391126089728764,0.9127168504757088,0.6508324232877158,0.6030092024315348,0.46852006084082204,-1.309171035667072,-0.36666074444117985,-0.259393198267071,-0.14238467753638104,-3.8308465288184865,-0.27769826606163006,-0.27664754627935356,-0.1382684567163313,0.09758885095337916,-0.5305481437742454,-0.2638600701712378,-0.21196513856896487,-0.1888741085661984,0.07227918886292656,0.23411368673452274,0.37917199008482033,-0.8840785464478432,-0.033267345938152865,0.049094551392096834,0.19207584433521774,0.5482092087992865,0.45543737078052154,0.4487146233278002,0.2558335567724482,0.1936266978851232,0.1983536697646518,0.40257247947603897,0.46129386718239446
2025-06-09,4.482732174672256,-2.5841490671807854,0.7086715998177888,-0.18241454877947344,-0.3043062603897698,-0.038528099361596936,-0.22112133565768644,-0.6124409546991266,-0.46234959125606645,-0.2857879370095321,0.007755860507177692,-0.36037696861048507,-0.11000888222650018,-0.09625957494529493,1.0719766334132768,-0.2788555970311836,0.0783448961540095,0.1405694922236299,-0.6076959976665535,-0.07693402494275169,0.008183397462425437,0.0800600951569812,-1.092439797559648,0.4185263741355594,0.40388645071901624,0.3530083201602439,-0.17026780641160322,0.656847905709694,0.656543710044858,0.4702434928380816,0.03843617545637468,-0.44598258627534215,-0.2665825957340179,-0.14035347236985285,-0.4739703572210243,-0.2754331849854425,-0.2893100199151385,-0.14415573785945615,0.06481736037579555,-0.5378232716652381,-0.2647739833390449,-0.20392959744817576,0.9025834957563936,0.049923179074489996,0.23466696197208314,0.3679526079636962,-0.6627109450080257,-0.0019256427743408863,0.0730172489277917,0.20132917188175686,-1.4147936311575298,0.47165501066742493,0.47223622883019434,0.25662942847935505,2.524049724199741,0.13145829376522047,0.37534744127580005,0.44854133280531955
2025-06-10,4.472830299245781,-0.9901875426474582,-0.875775902178304,-0.12336378550551781,-0.23979178888449582,-0.04030324709354021,-0.422345061475776,-0.5385203528594955,-0.4061804205762578,-0.2845507220459637,-0.663351007734259,-0.4930036173921722,0.036503049800876056,-0.08265971163427886,-1.2133589894570946,-0.23936242983755462,0.20678346900484265,0.14344399379044906,-0.37623590377417915,-0.09850784420781646,0.12284408596397763,0.08304295070979674,-1.0042784700625869,0.37584598949165227,0.4060826882171973,0.3507165884576014,-0.36810237934749857,0.6350732988556642,0.6504401292613791,0.47416598923138126,-2.0751506833562234,-0.4441854654906211,-0.2565188630018028,-0.15293082586983123,-0.6491000544647458,-0.21862683675178232,-0.2926838108685015,-0.13823104600277086,-0.2332394750483071,-0.49211611339993483,-0.14210084262212128,-0.19688056485130145,-2.2016085089766495,0.02364951560074313,0.28510541483183205,0.3606841718392082,-0.36459714010334204,-0.03829128965510562,0.20986079517641604,0.20311054209804374,-0.05322403751571936,0.5022444068335005,0.4505385973513665,0.2637169560149028,-0.9448267974566058,0.2055975813235588,0.35020010660145195,0.4541106985853699
2025-06-11,4.413402559645088,-5.942773960069303,0.5314199055018562,-0.18241968507703105,-0.2286053505300042,-0.049445176344215275,0.03264901546876775,-0.5842664744593074,-0.28798674560508597,-0.2950227516935564,0.08310628988576063,-0.47250087847172084,-0.07900691764382473,-0.08272037886924984,-0.4101651871138561,-0.24082103397707763,0.08769270054816915,0.14851234897481722,-1.0491173989868803,-0.05006681404039044,0.07281351039598863,0.09873364280744323,-0.650420981107187,0.3822270954366148,0.3254298699849684,0.35845850051492484,-0.10151106194493131,0.620479933954072,0.5814174231384797,0.47405376088261963,0.5716350017058565,-0.4230930897746436,-0.23463497456558943,-0.15987806544604602,0.4887775924389759,-0.35896064275413886,-0.2666239586877487,-0.14549966332480696,-0.18092308543833635,-0.4351894122158154,-0.22334709415070816,-0.19391821325257522,-0.5513148955415996,-0.00638820035361433,0.20779627190089933,0.3675015077215288,-1.9060502982724001,0.049626095111215185,0.18028703007845293,0.22095363274507873,-1.6576768560870179,0.528763110923728,0.379054755175857,0.277870535454514,-1.0242994644756416,0.2524974065787344,0.23365438059082252,0.462576919256437
2025-06-12,4.356250191631514,-5.715236801357371,0.6991100306845536,-0.17533253956979658,-0.22633209899205683,-0.055085858297900386,0.2834781733132256,-0.5822219681111341,-0.2724079012246698,-0.3110722921116311,-0.031589944965571215,-0.44137106985106667,-0.013146101794346169,-0.07868909248035057,0.18978573268273918,-0.2177555319487708,0.12965824927091218,0.14706474825684146,-0.2335193174637024,-0.06370404594598086,0.1539388525530874,0.10467994824005177,-0.4375364081380787,0.40234988668882077,0.38976505195658184,0.36997106504056176,0.6274926457851219,0.5489666965620603,0.5419727924515485,0.4810119647512463,0.07487963724038726,-0.39143806760297434,-0.2277616576747893,-0.16034582027903335,1.1712099939113854,-0.3794564627518691,-0.2670052172956205,-0.1615889465797883,-0.8456454872918208,-0.3210604370921093,-0.15061203175724525,-0.17956785687341165,1.3962155322922594,-0.062093381335717304,0.22196239675751522,0.34492432010829316,-0.900409660316368,0.0827812586807716,0.25011062252982647,0.228607534400346,-1.4927556691478434,0.5613709261879645,0.41299909097120013,0.2979801966406801,0.3788675881098554,0.2224350004203973,0.20332989448264593,0.4739702929021973
2025-06-13,4.423399998494873,6.714980686335892,0.42418717837478415,-0.11603018779493185,-0.23668233872214411,-0.04602411332738462,0.3689419547168957,-0.5508453528093534,-0.24185210947107136,-0.32910947300183324,0.920421249669376,-0.2145210648523567,0.08072050221476754,-0.06638083267020634,0.20316170762359365,-0.1902461474519514,0.16419702487166554,0.14652876777848772,0.14765056766858597,-0.03098899692072809,0.18958508322379108,0.10090701013923647,0.3890931382141727,0.46854670013158217,0.41523292620803465,0.36950853200473566,0.8779722009401407,0.5742155553413499,0.5690059816728961,0.5087386818304637,1.4638969543869726,-0.36028741336086284,-0.19936502381842158,-0.13910072411870242,-1.9178797223752606,-0.4019275006654229,-0.30002063409024277,-0.18200113369125384,0.11428670925945594,-0.24894264325653617,-0.10706949335384086,-0.18846529763733622,0.6738816168039041,-0.11492119842235654,0.23336570207722077,0.3455323213404575,0.9529458681442304,0.17058541556752357,0.30684986534894426,0.2347038670673958,0.3561079780419776,0.5751282253542027,0.4129578428980503,0.2945513938446475,-0.20106477011758073,0.21825006795162086,0.18908563086947697,0.467766781008292
2025-06-16,4.4521858146859055,2.8785816191032154,-1.2137780547422754,-0.1710544186602751,-0.22442047535151846,-0.04405125235088201,-0.04229211727018245,-0.5685586169368643,-0.24574414119873725,-0.33696170152861693,0.004105136803510545,-0.27301779425916484,0.0692594853787084,-0.07414617463474804,-0.001954053487404961,-0.19846153378451645,0.13394869490416705,0.14274413750026654,-0.36841136188098556,-0.048462659874990315,0.1436666569320255,0.10104985019938462,0.538706775885888,0.4755269735124925,0.4063500272740053,0.3748769744169628,-0.5008592279010816,0.5358527250823062,0.5465201896102851,0.5007539627707064,-0.3982481786422112,-0.38964854002649485,-0.17588922712426322,-0.13045329775806364,0.04435791025987834,-0.3952032453897807,-0.33236481901776366,-0.20232762796646941,0.46299246209865275,-0.22635957562870437,-0.10794732185019001,-0.19967685848259936,-0.893610709857968,-0.13522188261484316,0.19853066823643586,0.3373336001632862,-0.40877341456600963,0.14724592711060105,0.2768999293383027,0.23191774571418458,1.1451548149958113,0.587017229888052,0.40643300566885304,0.3001506320157845,-0.7613030080617185,0.2072615733580348,0.16519097369796237,0.4592565293300139
2025-06-17,4.38983247734275,-6.235333734315507,-1.0588384506664,-0.07842660915689038,-0.1623813109100537,-0.02551706548140084,-0.37735388212070387,-0.48049180995876795,-0.2274613177168868,-0.32408143126749417,0.7296437923427836,-0.33987916167775134,0.006835783959832168,-0.08763508336890032,1.2318225595630405,-0.2639431336508208,-0.0003899684020433505,0.11991745443274063,1.2567526499396284,-0.16679687348039185,-0.000512000708314571,0.07753856567270719,0.49502576424010547,0.4023265866750161,0.3239877291597271,0.3654384093195685,0.22688196982421127,0.5136370134847141,0.49686662572977125,0.4938250113215315,-2.147048606394784,-0.26366010568954373,-0.15207238330830836,-0.12391660084252726,2.079920089052096,-0.4355668555864103,-0.34924998795031076,-0.21606845199246758,1.2406633957175042,-0.2844336296959705,-0.16312293504176417,-0.2102059465167778,0.042818508726111926,-0.15697898969032897,0.13149756120139588,0.33410074122238903,1.4011918584449377,0.06803920838911154,0.1963286045019585,0.21437322823074548,0.6304576273452638,0.5436369192006225,0.35658401039923765,0.2916406985386827,0.3912548068995487,0.1343388238184721,0.11131472271567676,0.45294517600365086
2025-06-18,4.393826528592622,0.3994051249871511,-1.3053398083495136,-0.09155142671934455,-0.15849833754386156,-0.03530767277804807,-0.6289998591529375,-0.4718475901489798,-0.3465198795534056,-0.33093789642006477,0.14872861048972807,-0.3414694460880734,-0.00705581039197377,-0.09016424490828583,-0.15942881155268163,-0.28254353361419876,-0.013336722842158968,0.10724917528513954,0.31465382216029125,-0.18615115895728643,-0.011287565043008634,0.0624911137509768,0.323629636654464,0.4024363705839827,0.33632906113747135,0.35258071316118517,0.10387790906952943,0.5134537383066589,0.49563351807504014,0.4852058023744248,-1.5854400020993695,-0.2821892733199773,-0.15104619548262965,-0.1637642893917927,1.7870222707174817,-0.4163982445872733,-0.38262829513637786,-0.22641311043102239,0.40371243393319345,-0.2787059139969621,-0.17673903151219594,-0.19061420468002055,-0.43756368696544623,-0.16839183042128095,0.12668315869905925,0.33163393305762323,-0.4304486666304609,0.053619111875701085,0.19222454673265674,0.1993105430610177,1.2519939318397055,0.5418391648304313,0.3518049881570629,0.29726632404459946,1.0692200845831326,0.16194865804030453,0.10604779716058885,0.4418035047829067
2025-06-20,4.374136372829327,-1.969015576329447,-0.36562197121204454,-0.07193677978204238,-0.15672529935829752,-0.04387562574467223,0.5081070287124669,-0.3379371847814849,-0.3670607281435622,-0.3357223025404637,0.6590294685115873,-0.30978689870535503,-0.016411542056564365,-0.09416372996025353,1.054092232222039,-0.31200662078582175,-0.02860293537342102,0.09972398314629484,0.4284751233776921,-0.2932717915621376,-0.01834703472279701,0.0573069744968259,0.09878560221416,0.33262242644247814,0.3339774820495615,0.35071709868511236,0.126133270736576,0.43921604561890965,0.5021598382311012,0.4876531482495419,-0.2559748159345667,-0.05321592169368311,-0.15235958740439057,-0.16673667107754037,1.196615704396125,-0.5520069262347286,-0.3860065238069781,-0.23966907913735727,1.929155779764304,-0.25097150744659313,-0.1850404752791492,-0.19796511368638975,0.537545968677888,-0.07591038137049838,0.12164574922618103,0.3263721494312289,0.23740981109906567,-0.06737736324423287,0.18994905249700886,0.19954643163116914,-0.20298398953521923,0.41626342722595744,0.36148184938492656,0.3023129195098406,2.9816795428233025,0.19261098811797045,0.0778958242645659,0.41831647027091606
2025-06-23,4.32098273323695,-5.315363959237729,0.7491617821645984,-0.07336143073832929,-0.21838266239949308,-0.04376539074976329,0.2237567780746944,-0.32507474518246776,-0.4124850236592622,-0.3655449253978183,0.9279023359761875,-0.3475876759160958,-0.08275115326634491,-0.12463133080366649,0.4188044105391917,-0.2950978047931155,-0.06588802221785461,0.10007494602800336,0.374450147701744,-0.2862307516962582,-0.06506934188634811,0.0518125067483935,-0.26158402112991685,0.4768677223544286,0.31518477182534715,0.3512186516301364,0.4023328373396927,0.4477358524461398,0.46391670296128507,0.48083816326395895,0.3530886655956351,-0.011084756414236556,-0.20088781521157278,-0.18085372737615377,1.9982421201883074,-0.56794060998581,-0.4201939230252356,-0.2597481937082295,0.5269841595582216,-0.2609077488090476,-0.1311113530370282,-0.20091613175095505,0.6151530264005144,-0.05516977745011267,0.1309709507125824,0.31790064620631336,0.4773423019831552,-0.036291756441030235,0.13636355554946636,0.19462703507309925,-0.696011644362944,0.4985344343608025,0.33667734638809943,0.3099020805513857,0.8492668960395455,0.1222570341790005,0.10638756481684596,0.4081022667554203
2025-06-24,4.291558920352364,-2.9423812884585843,0.391362309134752,-0.10023199098687938,-0.21561532483055884,-0.04738186424667471,0.36426221815143034,-0.3181005788924012,-0.40808295046112575,-0.36397478367626507,0.27204817724223984,-0.32868225060055045,-0.06805192123447512,-0.13450589886661438,-0.6321439578779326,-0.24381833465998284,-0.049250233650910066,0.09607507851456708,-0.19463688045851857,-0.2633440535054874,-0.08750848964402025,0.050316943666736946,-1.188734317529792,0.48752779926691375,0.3070532157086969,0.35256594453985646,-0.6811756124650337,0.46140609993097165,0.4614436065761181,0.48358385091476475,0.2568522446550914,-0.027307816018364166,-0.20109357118095197,-0.18989316142561763,1.9632957405986877,-0.5578919410361652,-0.4295211093356739,-0.2648980147672465,0.27427786279705657,-0.27528252660367886,-0.11141612751781813,-0.2053016477319234,-0.5523930206745922,0.014639732268539225,0.14484712338471284,0.3160706152225805,-0.47191719842010915,-0.005088125936738754,0.1297697998194894,0.19392317111731036,-0.9716973827548672,0.5748403179290962,0.3279358356122958,0.30818543945587984,-0.6379220878874783,0.12555081186175512,0.07738443542796758,0.40908088067947274
2025-06-25,4.291559687258605,7.669062407344995e-05,0.4560316634778818,-0.12022751869886526,-0.22430137895159843,-0.06753391210801803,0.36038456699590693,-0.2432717476210175,-0.38507802069349595,-0.39735466797709723,-0.6621848881219838,-0.28094366638722035,-0.08473420608065048,-0.1490841351154683,-0.6581056651821888,-0.28368531807307695,-0.059696069999461324,0.08364128456933435,-0.3574149091954335,-0.33944014765890274,-0.11219851938773397,0.03650946794146601,-1.486772367159181,0.3718988647377078,0.2658554406501142,0.3526487670545956,-1.0600124132607198,0.33427281353662996,0.4365795581959875,0.4645709860991661,2.1709588093735066,0.04976798022798601,-0.22118886761794895,-0.194024127574367,0.17403506366185617,-0.5778446738806313,-0.40758476983491293,-0.2800467483748086,0.027856225898016618,-0.1544037464486949,-0.12724203604555157,-0.2590241852258398,-0.6341725246304644,0.013692642245639274,0.15397245293050738,0.30277238767807874,-1.491002369328819,-0.05311133288616479,0.10419714461460389,0.19352596847514186,-1.1380895191298115,0.5249965454975065,0.3116207754067565,0.3036635010818327,-3.826516199908691,0.004737413140434691,0.06166785454082852,0.3598059128408521
2025-06-26,4.25242994506129,-3.912974219731513,-0.5081832197548164,-0.1859487264415008,-0.19336287601498595,-0.061842673552406136,-0.19669721310534394,-0.2729299323828906,-0.3592854153909504,-0.39278380759431025,-0.11585837131327992,-0.2888462591779484,-0.10679405815954614,-0.14581337888539783,0.7804588881687042,-0.3064447996668774,-0.0916572960909769,0.07647566481945815,0.08464770270703958,-0.32606802079605135,-0.12567147469941994,0.03751427700123686,-1.3336018217568575,0.4007645572396735,0.2965021884783721,0.36083602234572515,-1.6525672275729408,0.33236432973664937,0.4431494398458149,0.4679687747933527,-0.6556961614293442,0.008488929837258036,-0.2157565388087816,-0.1987621623422781,2.3631388278213636,-0.715779291701865,-0.4048362365276947,-0.2897830259589538,-1.9021341776248675,-0.03198696135289881,-0.07450620395286317,-0.23483545270701303,1.5975403471307232,-0.05389992216610061,0.08520444578505577,0.28752814369305496,-1.0409582783909248,0.010845226152052438,0.1258566034352166,0.199880161119447,-0.7944303125285601,0.5173145959805697,0.33808571634015566,0.3081576079173086,-1.1754671778309373,0.015743441779337446,0.07817662617890546,0.3684357226076018
2025-06-27,4.2817616771467355,2.9331732085445594,0.7520970275464439,-0.0889492581416159,-0.1767752519515058,-0.06537737330571206,-0.04224670923334016,-0.2564487434141849,-0.3660919110084976,-0.4149633855432702,0.5788693779567907,-0.21781730806384905,-0.0949451449429956,-0.1758038998907424,-0.31596724254910236,-0.3039373853353727,-0.09713049065986336,0.08690454955580453,-0.6189014497146416,-0.3737109483433687,-0.14053884380335263,0.007778589053318629,-0.4241273500873536,0.3662309072352104,0.2885603047891702,0.34758515642432986,0.5619636064664639,0.34956303488213114,0.4483463928375565,0.4840691580364518,3.0809143140294624,0.12760370633494272,-0.1852461023901996,-0.1912440003744138,-2.404757861050864,-0.7251745735239941,-0.41344322289830615,-0.32820518369136115,0.7550162289397728,-0.06820065071727902,-0.06705017034117781,-0.2282001791984467,-0.7842311829354272,-0.1185234831542459,0.07484022839027875,0.2634863564667544,-0.4231214746170816,0.11907973759726537,0.12015727578813211,0.17542113257217196,-1.20370700521816,0.42438758850569697,0.3386159962689734,0.3106280707365257,1.383185367996509,0.06715222510800654,0.08970262649816407,0.4074970767264053
2025-06-30,4.225071864786028,-5.668981236070714,0.5631206747182111,-0.13111133373583725,-0.1449727644662336,-0.07300051624678079,0.23660408329020477,-0.27366443557364456,-0.3639536754548507,-0.411580813468725,-0.08266142438179847,-0.18978102359910412,-0.04563566366077509,-0.17698523990034193,0.614674710240765,-0.3505337019822697,-0.09577856554813777,0.0806661670642155,0.36753776599066557,-0.406912861326505,-0.1596863563581978,-0.0016287532492548682,-0.09365485016614405,0.350877076338915,0.2926507421325834,0.3568038042073153,-1.3647334310843744,0.40424790869107563,0.5414524264038404,0.4918444874708521,10.259248425424255,-0.10775474250785827,-0.23314848014296125,-0.2163837768170178,-7.892485469863824,-0.3718220643015815,-0.21002201429710546,-0.21059321934828806,-0.8127504301809504,-0.005739442453903402,-0.059717959089413644,-0.23556029978401144,0.2854588578778592,-0.14074032198103262,0.0960471367799691,0.2586690787492939,0.7912258684876544,0.048911107607101025,0.09757137310830888,0.16933061192880422,-0.555808981820208,0.4313117529049502,0.3728409624223123,0.3275967368386753,-1.1575452697876767,0.10537312606267599,0.11676381174785111,0.40975729162242114
2025-07-01,4.24848482939268,2.3412964606651876,-0.6846272592289058,-0.14666301919591848,-0.13438644569383065,-0.06095976138097007,-1.8892058814624064,-0.2641226361875149,-0.3800283236919323,-0.3575846103077351,-0.1802700887172255,-0.15022178641742925,-0.11651178869195489,-0.20803832647978557,-1.0132550572206536,-0.3989776411405192,-0.14224763376926292,0.07311438726000676,-0.2847536622499413,-0.40903032565969843,-0.10705875310279032,-0.02890845456625379,-0.09088248639630753,0.31036816930488303,0.37608757247721136,0.34671993430697207,0.09137059906024031,0.3512607497444228,0.5484199296571752,0.49072966720026484,3.3887333737571197,-0.07000269909330942,-0.2106374050771508,-0.1744407564666722,-4.695046196882943,-0.3767977571785487,-0.2536967408351156,-0.24121116505223084,-0.29314469576194235,0.037194159783090146,-0.13310559832402158,-0.26573643673610853,-1.8360705750074442,-0.21609472974013874,0.030747026246755627,0.2173662274737812,0.06976198012535649,0.023409520164234122,0.1592725114063662,0.13694136525633174,0.34960033999640705,0.42639370449828184,0.3931475197276155,0.3613107920900717,-1.4919025503901913,0.03682573414570969,0.09551161448657629,0.40032173024849127
2025-07-02,4.2905884237103775,4.210359431769728,0.3992071881494783,-0.1062615781051562,-0.11745602825081294,-0.08045348921992,-0.5881665441972352,-0.33186455608663923,-0.4087638289780621,-0.37387839200096074,-0.42901199860190076,-0.20432651355915737,-0.17368097206423763,-0.1873705449605651,-0.07210033040296637,-0.3977760580819743,-0.13820115332155491,0.04719055085191749,0.020040407708588837,-0.38978728593423656,-0.10015354649567808,-0.019122310763104982,0.7308934355800353,0.3588437918960066,0.3852028769830126,0.38705763884193156,-0.12491805591996807,0.3425415853542499,0.5363892239426812,0.49968263578974503,-5.272459805161191,-0.16129935503988488,-0.24539542217584956,-0.21073136512949397,8.668762905565472,-0.14497240493862978,-0.1418610922945292,-0.15801233500646206,-2.8120952556944,-0.12252344498125523,-0.1980749785355294,-0.26877557922119605,-0.3959334925429312,-0.2302804584004102,0.036740098957740094,0.1807445761592672,-0.4712199616321613,0.018034067086933673,0.1464279607516223,0.13069297323046372,1.263223036032414,0.4847242617398289,0.40246107233614825,0.3956828850169419,-0.3937540998400415,0.016289286460764312,0.07794562845207856,0.41239764800876244
2025-07-03,4.338832411429868,4.8243987719490455,0.3865224458922291,-0.13246350254528635,-0.10952556984932854,-0.3141153833498217,0.3224206305360797,-0.26152344223749296,-0.39218191968079447,-0.4202388775074315,-0.6216303666577456,-0.2615984408793271,-0.19419345652680728,-0.22723474656132744,0.3472068289918147,-0.4288075076801883,-0.15661456050866893,-0.026540948381066312,-0.04508385365849951,-0.27331890150828103,-0.11308927561589438,-0.13060558137602105,0.4538923426943728,0.4820417405613861,0.39155319983232945,0.34918869801532787,-0.0005963126957312381,0.36782625227523974,0.5270518127564386,0.47522864989066715,-0.1845323032471392,-0.16504347656556795,-0.2717238854444319,-0.2536968662143328,1.2009236108572994,-0.13725345569274325,-0.1256421784704895,-0.156874845636506,-1.39124018825052,-0.11110914177389206,-0.24327951720642368,-0.28515184720422737,0.24859578914687525,-0.22976755929520465,0.03405272791838571,0.13421237148224982,0.09273154646292159,0.021653177879516438,0.13098006759705091,0.02377526961045401,-0.03426616235824642,0.5263371190410725,0.3981903186884793,0.3947556659275437,-0.6475569333229891,-0.05644789005893439,0.06792840939744782,0.3416842845962241
2025-07-07,4.393263097646857,5.443068621698899,0.22019396950475523,-0.15982985166267977,-0.0786723778989231,-0.2811066779634934,-0.36352448178388164,-0.3116435470653018,-0.40912528477788696,-0.41755858708643195,0.09948466998520322,-0.2501259994252016,-0.2267612526399171,-0.20192635693947414,-0.15700085523017604,-0.4456352442621087,-0.2137040566443081,-0.07978202699694895,-0.23170326755569925,-0.2887525123830727,-0.1357456226602691,-0.1564376605910943,0.6580570185803457,0.5092128021761717,0.3933163022239332,0.3107527861339013,1.115360256125891,0.46567011060547864,0.5322586799733066,0.4438435772722677,-0.6228764848242643,-0.21915663214278033,-0.29920839783757314,-0.24487840003447772,1.7727340145062835,-0.08355667453032314,-0.09656383272557435,-0.13367651507553666,-2.3784705806797763,-0.21281053799818064,-0.28536160718345815,-0.29367815050131524,-0.5409990787115744,-0.2859217735649409,-0.003938168996374716,0.08512393287871131,1.0629361145855152,0.07047585576659565,0.12933426013142207,-0.014583649270501084,-0.26229725297327516,0.5088860319510998,0.37482201038617863,0.35022587102351904,0.8917569892996735,-0.011707574241002928,0.06616030778981852,0.3190460841726145
2025-07-08,4.415138981897207,2.187588425034992,-0.7865870143654075,-0.08351020328635878,-0.11585414268680748,-0.23760788285919876,-1.0072512093914687,-0.24256438318151527,-0.42403566619169086,-0.41241009754025515,-1.3019826491872033,-0.2101634090463192,-0.27032622922659516,-0.12764008140245567,-0.15652506239400643,-0.33257508525936313,-0.2757083455880727,0.0013080936019357553,0.03421465679071356,-0.18668723330359,-0.11242519787978439,-0.027518480673651247,0.027412640293766444,0.4781793783625665,0.4330820185317784,0.38592511313907263,0.2847500346320544,0.3853200627824011,0.532562062986798,0.5565665378852848,-2.828979740489904,-0.2064220089779093,-0.278052185044906,-0.2303022987804161,-0.05808770689330256,0.08103962667482494,-0.08004110630832259,-0.1291599335640482,-2.824751321884839,-0.3312027597468591,-0.35574057499443323,-0.2547147484928506,0.7659728553369475,-0.291950614831024,-0.05806668603855484,0.1273423452207122,-0.5406932571553049,0.18915384968376295,0.08204893334897344,0.08261640341035219,0.07419217757921033,0.49199844625164213,0.4767316938388908,0.4595423744131164,5.108938109358585,0.05738146073789188,0.11117734514297647,0.2749044034058899
2025-07-09,4.340847319379174,-7.429166251803299,0.8609520789293379,-0.15029604015094863,-0.15319508044764696,-0.2586572192210986,2.1420079224073727,-0.4068060404756713,-0.46944096595317075,-0.4413924928433254,-1.1353517198121408,-0.03765600970920497,-0.18319060676215718,-0.09325806549665663,-0.2574024624870497,-0.2599873633476763,-0.2508999789823467,0.011346163930729201,-0.4602095097173535,-0.13922276838134734,-0.07641105513508079,-0.011667116217223784,-0.13522564935317116,0.43321056995761026,0.43299431185729054,0.41447253978153736,0.6766922066914465,0.2690900208576111,0.4818931259160204,0.5584408365519594,-1.791886079433581,-0.14178949057321213,-0.2554904218882243,-0.21402125889312898,-0.23077126891798083,0.0848989006910156,-0.07438375900193016,-0.1267782480800628,3.0199205461056096,-0.4409517217741709,-0.40971705538841835,-0.2917811545564959,-0.82888445602264,-0.19684884983625947,-0.024929480839177766,0.14659077904799006,-0.9526797183227937,0.2330245578161477,0.11774884984548162,0.11473936793432113,0.9847133526404033,0.3285324740646806,0.4357292010981484,0.4477994606131842,-1.3014653592483965,0.14638484705810292,0.13825281074459583,0.29190126535105626
2025-07-10,4.34481303356332,0.3965714184146485,1.5325288900400738,-0.12160938232526895,-0.12172128394737615,-0.20523545940159996,1.9415935742366395,-0.3299796650011158,-0.3830096976959427,-0.37788313499386006,-2.287482192031305,-0.06705446276673875,-0.22716427328554692,0.012586071352259228,0.28640848786885753,-0.29084899573624784,-0.25752805185478045,0.10820515108320078,0.19736087747394881,-0.1360494700610128,-0.10307404671387325,0.07918700676460406,0.3451628309571777,0.45052073494692624,0.41059723267582837,0.4163621987067165,-0.062201531397724885,0.2679736396740476,0.46179601197876013,0.5510615795895449,5.102449210468419,-0.12022685733980813,-0.2473392182197829,-0.19598876080770838,-2.618229661536655,0.07091280943096859,-0.04703955769207822,-0.12826878281571036,0.49458489590082877,-0.43175780680506315,-0.3966360536017783,-0.21460956182049737,1.0248959433161375,-0.20995896276727133,-0.0597178668441654,0.18430188212819631,1.4708338720627099,0.23456736589676294,0.08933049125995216,0.21982323074290225,0.060843827109376636,0.33096243132656505,0.4445073602776887,0.42795537085522817,-1.1964329631334625,0.1359085815016225,0.16680640842701683,0.27041368442557107
2025-07-11,4.421266391525509,7.645335796218866,-0.908018904675568,-0.18434829085933832,-0.181534662312473,-0.21271953283913225,-1.4065820885243616,-0.43531863564926565,-0.44640763409904827,-0.33150653120918205,0.6432815085877891,0.03386976160378661,-0.15082523758151087,-0.04186436070784445,-1.157842605657703,-0.4726596279528324,-0.3351031053633444,-0.04483637856760975,-0.0874441078624606,-0.3267396129366481,-0.1415355342345181,0.004057858635808508,0.5916732690220863,0.4645302531589628,0.41404378189441793,0.3587004191916597,0.8492503242415008,0.3413968195541525,0.4743415068660353,0.5061319092303499,-2.897073994007689,-0.20022895021652826,-0.2679459268571052,-0.20453993609537213,-0.5046773515453116,0.05310034940118883,-0.08364288933043255,-0.11527080688809989,2.560221654927728,-0.2385630789727098,-0.26779784069237283,-0.21663225124659463,-0.0013232298764416228,-0.24468855942586007,-0.09774482423885067,0.10437375833029634,0.007756801191699192,0.12278370522193614,0.07553388158141783,0.16661802705272213,1.0881115696580022,0.33459290973508055,0.4516765646245738,0.3680534018445718,0.4100862485771978,0.11637032177821563,0.1753442222004291,0.18263040040068335
2025-07-14,4.426280766659642,0.501437513413272,1.200147960797174,-0.12676442772471663,-0.154012356736386,-0.19049644449182931,-1.3221541281275002,-0.41767892152482167,-0.4300443570749277,-0.31036979235348816,-1.3053722840335873,0.036192512054431906,-0.1441552128154336,0.0012272229515224258,0.17316900650272027,-0.4750798042415316,-0.3226635917944687,-0.013964085307981796,0.8479719243736894,-0.3515182307452224,-0.14993956360222813,0.05623382778257714,0.8444218326786592,0.430912217953059,0.4116781747705958,0.40030047487133813,0.6270944162220771,0.41533596438163173,0.46504841097907673,0.5014233219223299,1.0063553330632158,-0.21510417251906172,-0.2544722641066841,-0.1979365058674569,-0.5166785700308512,0.07620307051574096,-0.0805363011355003,-0.1086808539601215,-1.0511190237603807,-0.2829032535871027,-0.26167193389997845,-0.19088814548623145,-0.1072985137646496,-0.15332610263815522,-0.09923630701367374,0.13959134764888415,0.33038773118561915,0.056490556573748116,0.07423798195351637,0.20516600399470655,1.0592672075156766,0.24335270763719566,0.45455901535835774,0.37871939720736986,2.1004236862607524,0.13284802242007052,0.1692500323995335,0.16863956788381645
2025-07-15,4.4882973542815074,6.201658762186568,0.5568881292431551,-0.11899255627118618,-0.11621192303617917,-0.19530874280038538,-0.9615712591580655,-0.5106474137949181,-0.46556211156179295,-0.3231076615049041,-0.5585372151724849,-0.09475448764430855,-0.13766167347499655,0.019042145157785833,-0.16751192123969283,-0.5218290316152523,-0.3239895526660174,0.0004910101420559361,-0.5284503976655393,-0.4412802441150241,-0.17197028712056522,0.06172278063456332,1.0015794587492843,0.47272540319650924,0.4660897975793674,0.4280602797408169,0.5989818300648022,0.3934591134692757,0.47338806705849523,0.5167669902432992,1.3644264109037088,-0.22096386072406507,-0.2508985921298567,-0.19049219998359387,-3.11541228776432,0.05431113662422404,-0.10565477195455805,-0.1354494898867775,-0.3019052714840127,-0.30361168174060743,-0.24436499109692625,-0.17148372961931352,0.24209931157026565,-0.20145913382357922,-0.14971735133232214,0.14310089826792977,-0.176609905589856,-0.047846629827209164,0.09290262315952534,0.22708532796917838,1.5314542551053274,0.3196384435850311,0.48648395609026857,0.39199067743303023,1.062039744156087,0.18040197823639906,0.19131612618137955,0.17558194579658123
2025-07-16,4.454302284782657,-3.3995069498850228,1.289620160870368,-0.12756842161405646,-0.1475613403236008,-0.19238994240085644,-0.7943144060794304,-0.4788727558882043,-0.4440019873663125,-0.3124874227154776,-0.055125041089989446,-0.11234667128471053,-0.14825836405935633,0.0094654279854394,-0.14055947605129118,-0.5074243203942321,-0.32118876788253753,-0.027381580059072205,0.46547252995583643,-0.4464170571807021,-0.18783383347429017,0.009506485917649713,0.047334252602293125,0.4527031493981699,0.46118400769493556,0.4154275784992151,-0.4027240179990531,0.4386484629349342,0.4812713553436211,0.5110802071614415,5.623802803124663,-0.25901214674999185,-0.27669116445794534,-0.19427276732491236,-4.281411712750564,0.1022470585019045,-0.07633293323069329,-0.12424983002036151,-1.1625347747612098,-0.2854020382878135,-0.2235984876600303,-0.16134722379597005,0.4552406927651721,-0.19656195319333333,-0.15545796756056068,0.11679028264402096,0.027193809497061794,-0.03380352404159073,0.08232643425226707,0.2027420360526362,-0.06674240304903906,0.301509201371636,0.4888073619066882,0.3822775341392477,-1.1020877276749834,0.22164380926607394,0.2041668972715527,0.17463011913249368
2025-07-17,4.462344833435544,0.8042548652886339,-0.281717470603432,-0.2760731208177837,-0.14870571542798322,-0.18528800766665765,0.7200040814577638,-0.5094185894832268,-0.43350351574845936,-0.31229747668117924,-0.8893223164380599,-0.027932961771905213,-0.15937336530799434,-0.01271211514881407,0.21370886783087775,-0.41939070818475344,-0.3242385688453667,-0.09444332643509534,0.1312196934639504,-0.3286957800349503,-0.2073114251204836,-0.05677981792557329,-0.02351279524977057,0.539554748514342,0.45035651801679133,0.37912210348730324,0.2657985493637862,0.48938354892527586,0.4829836577954678,0.48870182984899807,-2.524167122687792,-0.3441457432495897,-0.2669290832721284,-0.1956937104498259,1.5937172968055824,0.16477049297934043,-0.0714664404150412,-0.11806287631620262,0.2687070749423213,-0.2340601369867431,-0.2234198270311073,-0.17717367676736367,-0.06566920727866113,-0.20223615629818348,-0.17425361554870522,0.06081132600589719,-0.15656484832876605,0.12158146346238398,0.07511995637211956,0.1795688102445286,1.0605202021861635,0.3657912443722829,0.4854767082642646,0.3595189751202444,-1.453320234253888,0.23557828245334603,0.17684781279646508,0.14865921732802898
2025-07-18,4.430479692914703,-3.1865140520840995,-0.297619222120712,-0.2637758996697487,-0.14134747143432305,-0.17889131952121384,0.4145469384911853,-0.521147167013856,-0.44012802233049064,-0.37339212095983854,-0.12882198946814657,-0.038813086334728464,-0.1569198945556506,-0.02079875275746539,-0.9746097787585862,-0.3227549043998489,-0.3014335000072229,-0.0903463409923888,0.39999733604101756,-0.362340615107161,-0.2317372598306374,-0.07710324313546399,0.5204322870805449,0.4941027260750765,0.43369675186210793,0.3773553761986704,0.0040972757924236936,0.48164104690327286,0.4816319182549049,0.48565648319543403,-0.26761773432440317,-0.32833161891718016,-0.26466034996114335,-0.1944527863355988,-4.097706080432996,0.2029782870282211,-0.04828673032461886,-0.10677916002417849,4.119159249695414,-0.2932774227445481,-0.24122107611097235,-0.20045105847109784,-1.434188982585955,-0.11321833327505344,-0.15048484757424108,0.07164219842019914,0.7717522472469959,0.0694969731549098,0.057818977330234056,0.1656747938250493,0.2936926183180921,0.3648201793657149,0.48376733301273567,0.3537795542664507,0.8088551719380832,0.21532788768253872,0.17528449444626165,0.1383248700878421
2025-07-21,4.368788524711643,-6.16911682030592,0.8864073094003553,-0.3356009835417286,-0.14931485278120543,-0.19834423887266073,-0.4800438597029919,-0.45803548706955816,-0.3835564480901149,-0.3590597483126749,0.014723588606166294,-0.04134829831011868,-0.16873309690202298,-0.023293641693477887,0.6069054290961409,-0.3715695309856115,-0.34711263145832955,-0.1116216256847048,0.4997505647649536,-0.40580200319205206,-0.3157611355097386,-0.0950306329846444,-0.006731568516307185,0.47637914531973946,0.3992003661942365,0.3725307090859078,-0.7035449740506496,0.5212516832972105,0.4626816983922541,0.5014959827526992,2.1807832325291483,-0.34814336942807345,-0.20813843898394518,-0.20868849843069076,-1.0154460169859645,0.2166785002960095,-0.07269043379122048,-0.09691045651378652,-0.6123376610369088,-0.24174205781310762,-0.23257722045450774,-0.18580171106757062,1.0788026332977951,-0.18419196492142229,-0.12526009293119889,0.04773490233919022,-0.08409484945761597,0.08090766785158035,-0.010924044895836447,0.1654215793033649,-0.0925323905690208,0.3564258535330931,0.3975187379228438,0.3593682936224637,-0.6008745406240096,0.2815591563875671,0.2195937092715728,0.14507116433525194
2025-07-22,4.335105101369666,-3.368342334197738,0.857301041019072,-0.3342659557885645,-0.14299379706362442,-0.24159726207637314,0.6506083169665248,-0.4723655276162139,-0.38262869519437126,-0.38462173485270384,0.7083213367540583,0.008653015286830271,-0.1737899847411512,-0.04902348568578984,-0.06080047914100287,-0.3310593013039905,-0.3241935902663681,-0.12824725594458614,0.15977428158687806,-0.3786280466685078,-0.29751672866343065,-0.12581169631361247,-0.40885499195356867,0.48426325373279105,0.47600398980467457,0.3615943504898203,-0.4341205062153951,0.5938701715365076,0.49431637544645635,0.4958449019712626,4.779192603341231,-0.39955504373123313,-0.21322997025512144,-0.24966539130351934,-1.728757221744989,0.28624806371594635,-0.05926434832974022,-0.0905399391090132,0.3148231480922177,-0.23408016045566526,-0.23268346532643383,-0.15632914421133295,1.5191831654580703,-0.20016573606430182,-0.11696953103465726,0.04727041504251345,-0.19365816781092482,0.13882773367119047,0.03356040595730437,0.13659474142654127,-0.833573646700048,0.3463845416103917,0.4477702689578994,0.3380392016973206,-0.5128329182579487,0.33331223660357234,0.200114362992807,0.1796560508107446
2025-07-23,4.386725422173499,5.162032080383305,0.04796609366775362,-0.3471065074065335,-0.1631841671658242,-0.23639084232401164,-0.5321842149506394,-0.4700565573872314,-0.3871643412676211,-0.38654389295047276,1.589307390588185,0.1628050737352166,-0.07393466162417443,0.007043733462283114,-0.0017148514603102516,-0.3556337027590851,-0.29748639324511844,-0.12391155310601519,-0.3393952552192385,-0.4398509736796378,-0.2961507123278469,-0.15903942517943667,-0.2087229086675455,0.4248688129642307,0.47077324369000034,0.3404292131837685,-0.19679705276770565,0.5509105175550225,0.48682301965026514,0.4792380801998534,-1.7762908127660129,-0.43911146768441056,-0.24328566987123934,-0.25889500991680586,1.9317070191212609,0.3560221246458228,-0.01796810506302816,-0.0742369268553447,1.3369047368672833,-0.17149843495831207,-0.2038045085543324,-0.12692302968529814,0.4361093638996384,-0.19582498096869538,-0.06554507286456182,0.05871710862521718,-0.37252770591573436,0.09092837298940637,0.04079168332247962,0.1189305090666794,-0.12023375192991037,0.2886582674031549,0.47857935767609194,0.3186046719848489,-0.2264717580512512,0.316694213117326,0.1904811241549022,0.15584795394769055
2025-07-24,4.406671857756224,1.9946435582724575,-1.8706456669273246,-0.3267642260868012,-0.2011899742332566,-0.24673626394878295,-0.3455184533552962,-0.47166982249191225,-0.37046943954523964,-0.3762259474706135,1.9917639297293503,0.1760591532239156,-0.01069407793688972,0.014792485634344182,-0.08257847368299198,-0.3721776574600836,-0.32101653215904447,-0.13331508694994942,0.22121462576124795,-0.44502598139561655,-0.3454740924204845,-0.17867073852357104,0.31864362610285135,0.4981690638538698,0.44208539016528725,0.32463382302775673,0.7980395234754079,0.5731743223683682,0.4501535223831225,0.47457417593017764,-4.128128885755907,-0.43977628427642873,-0.24552875945540734,-0.2785998693449544,4.802788264796295,0.3612485332467194,0.009200278610040677,-0.03794606456580728,-1.4039437909162307,-0.17981036544180223,-0.16728166207441364,-0.1380661977142293,1.4106818602144737,-0.1695200988699105,-0.05035468993502498,0.07115827473607622,0.8537636653867295,0.10700775134344577,0.02764915477527495,0.10517860536219142,-0.06895305882150704,0.2928816176168108,0.4479582337607621,0.30667820199869,-0.794725395775872,0.335177937291908,0.15284427043573723,0.14779703698478291
2025-07-25,4.384842641654389,-2.1829216101834525,-0.8480158425773024,-0.32923094167630224,-0.22033137861707053,-0.22493006083865508,-0.5398698488510109,-0.467291137146159,-0.38090815313029763,-0.3615385215500428,-0.11428966486697567,0.18016440909582893,-0.01943691362632322,0.002848868826982811,0.3206901964317789,-0.33429688540808017,-0.3269270269382658,-0.14686947379465745,0.026628197895350397,-0.4451641052887581,-0.33220353399258135,-0.18913374784700077,-0.301794284722808,0.48474886821197904,0.45749612854548877,0.33314540927405284,-0.22466023770237312,0.5574301244658759,0.44606485636434495,0.47360235426401964,-1.539109079712816,-0.444166045929001,-0.25164995802080536,-0.27504877666137506,-0.003964767883446407,0.4123522268449002,-0.016898777945334047,-0.021765363690576113,-0.5057222853856689,-0.23150980158867956,-0.16255912669155,-0.1348960489318972,0.15994213711021213,-0.09593152787239395,-0.056129464867727304,0.03957324892204231,-0.15929404301623099,0.031728128491038905,0.05294208333280522,0.10921767877679521,-0.46085917075870914,0.26319866323021834,0.44596019030340506,0.3230099784522128,-0.4702861802178655,0.3147607978208329,0.1496643585670859,0.15117506980707565
2025-07-28,4.418779211894839,3.393657024045016,0.34367616692414504,-0.3430812829528337,-0.1897198430182132,-0.22020094170254945,0.12119084652264311,-0.4591264991065197,-0.36747372433876635,-0.35940809545001245,-0.605288102209753,0.14731603452221917,-0.016935521503392236,-0.005322075217619601,0.5914316111062171,-0.2648331011148509,-0.28950838943720175,-0.1358974088564573,-0.6107816986739877,-0.4534876295889527,-0.36767336377362386,-0.20185725010842778,0.1248923199394763,0.5477767069503859,0.4408481498056397,0.33388221457472667,0.21340876062086978,0.5489616998863805,0.44303167438746427,0.4746292820079761,-0.5121550982790112,-0.47364768914040994,-0.2477006551401044,-0.27585624974706346,0.7275929781704179,0.4377751812685859,0.0001726243702020933,-0.018828066877131157,-0.6625126895215732,-0.25408118433838556,-0.19261377823548462,-0.1406646998079424,0.7882663616003751,-0.04434546957657515,-0.06661619908323065,0.04732153516664547,-0.39510541607086463,0.02850035584594313,0.11975178739216853,0.10403189335386252,0.0779940978333728,0.34259261023229076,0.4134451327116565,0.3379899741088907,-0.52954004782632,0.28487228861954494,0.156505190020943,0.14694652836294622
2025-07-29,4.326296951193294,-9.24822607015452,0.23084065182958113,-0.29767950093273404,-0.19104889267342323,-0.19115954719336473,0.5573604097525053,-0.47269292400277535,-0.38581094297785895,-0.3721707182717587,0.8441460362968832,0.028861875791428907,-0.06879446563930015,-0.02108264791042523,0.8624476555901204,-0.33777808900911505,-0.3533658611148053,-0.15649530413371374,1.2121364197532238,-0.5780416965254569,-0.44980222637572265,-0.2592870608384212,-0.6045301857524065,0.621882954630891,0.46493692069531956,0.36067550839337004,0.08134391018953602,0.4252334003665135,0.42214209733860103,0.5139165808573706,-1.0584141778899552,-0.2793521232132234,-0.21285436964799098,-0.24656797289795615,1.1917361779927358,0.2465456811755631,-0.02445178389483312,-0.029747868858497915,1.741107600685225,-0.364661367365128,-0.23728352785183832,-0.1893714873186165,1.0822504321836102,-0.14151871587265116,-0.1264145497101381,0.034581976360224864,2.426627943353341,-0.23733833447484357,-0.03796543032913387,0.01826818086525743,-1.5297705855910335,0.4609315144868043,0.4629309170195986,0.39140797844701475,0.39532946804985913,0.1871062963662682,0.13842987854295213,0.1381722258281794
2025-07-30,4.376958099361763,5.066114816846934,0.7050581490621444,-0.24839700174496285,-0.15885661876519291,-0.16228620128941287,0.052616591292236725,-0.4590841272243768,-0.3689749607054791,-0.3928945404609479,0.2523149123489632,0.048707698963270124,-0.04603997895567494,-0.05041624029211042,-0.7439227283146637,-0.377641937565198,-0.38609491740526447,-0.19866055036986624,-0.056781628477638096,-0.575366503872971,-0.4411749621954716,-0.22244328460545004,-0.10150616495255646,0.5892527192165141,0.44224152001846323,0.42516002246001766,0.029495792628666244,0.4052859716027061,0.3945573353739514,0.5147932530516973,2.1935794437617506,-0.26433512920809166,-0.19553743199505202,-0.23020285210942332,-0.7675247545408385,0.274294085390023,-0.012152675515846851,-0.04885956920007888,2.0678537791577023,-0.2916727095961724,-0.18117537642337883,-0.19291466330391563,-1.9328581440768513,-0.2083304660366998,-0.18383237790083234,-0.028333376122781462,0.08130097190866237,-0.23625865618785566,-0.04483126117829053,0.06059689818990587,0.4328393633959392,0.46183380267806073,0.4654533865024192,0.4087731017251404,0.053538730416275104,0.2086590539751624,0.12374672090694637,0.13428649964457987
2025-07-31,4.359077138715714,-1.7880960646049715,0.596934309619968,-0.26845637673654493,-0.1653593258890478,-0.1624347456681183,1.4359635064444898,-0.45454294238547854,-0.3738108892466812,-0.3974636614058798,0.2477749771985729,0.050641245201847096,-0.0487126643412563,-0.06804533278590669,0.49432961827154553,-0.3915820218692875,-0.38961917021952186,-0.19879354201380917,-0.34929122198587526,-0.5383993841360278,-0.4337501346500709,-0.21308485136332384,0.5797418050245728,0.5333878469560236,0.42868051097361987,0.41355258568570763,0.41730488180652864,0.4250881864108564,0.3867320531760435,0.5069899737124689,1.0943507327724862,-0.22260830909385632,-0.1971943582099441,-0.23610183212921232,2.144952100411405,0.18423214662555087,-0.01871356148991967,-0.05355554239885253,-0.8320549427959969,-0.23455546765054133,-0.1754729035492372,-0.19621176639627116,0.14776461736608337,-0.18372494278065848,-0.18435397278451016,-0.01962763698841225,-0.5412186914885697,-0.18154520931999404,-0.04042792849825932,0.06417903315680672,1.2782039700025984,0.3756710027917496,0.44983892669936393,0.3945685708861976,-0.01898537927341437,0.22628253039066318,0.1264243187104715,0.12777345785728636
2025-08-01,4.218832905927062,-14.02442327886515,1.0175875899779616,-0.34396976537036134,-0.25714423292953287,-0.20624166373852754,1.4824861348300704,-0.5535946768363007,-0.45179376552128964,-0.45330129724923285,1.8814493541134782,-0.16497119453285947,-0.18199601529051954,-0.1670659204007326,0.7310524867289825,-0.5224282420026036,-0.45985483494801477,-0.2571295485244061,-0.6180724295960607,-0.2434041109169534,-0.260040569229775,-0.15312884052829573,-1.7064955816356577,0.6984893958042645,0.5568133704159424,0.47798664468125546,-0.13728571288246083,0.4655992741039835,0.3694703779475907,0.4877052881572143,2.3299533794330736,-0.2772245643009469,-0.21784407194260702,-0.2754289272377761,3.552548545096629,-0.07596445749069444,-0.1062145301024238,-0.10739101987881661,2.315716574940704,-0.30165806680342216,-0.23833878622522692,-0.26476934982882144,-0.8257098163522887,-0.01143385737140438,-0.11977755709503302,0.015778872448643625,-3.0363455167483036,0.2644819552549117,0.15833451537567755,0.18029416756340824,-2.133606854578657,0.5944536560099613,0.5410575529097492,0.4467518972859031,1.3360649507712008,0.11282533367031511,0.02899016354577064,0.07782578508222415
2025-08-04,4.197245778567512,-2.158712735954982,0.2083676280464717,-0.3507796046124848,-0.27991247381034345,-0.19608272692135173,0.5753899603213228,-0.550233616554548,-0.46507191538778986,-0.460700809449961,1.8868431665703747,-0.18246629026004188,-0.18998327828114378,-0.1879939435184038,0.027922367274940463,-0.5206430218296961,-0.4696406338828237,-0.2938802752269332,0.09446550164129919,-0.21896782606266502,-0.2636682461638951,-0.16218215141513648,-0.1070877715161278,0.6813476083387485,0.5540862813696088,0.47148749809291646,-0.7595902209919201,0.39035169812906123,0.4036249543828271,0.48189164169460963,-0.5111903807936415,-0.26293787605137725,-0.23811131722461912,-0.2888055281092126,2.9925491857881408,-0.1364408081206463,-0.10196658391147012,-0.10628932032644789,1.6984370742872545,-0.24167602388510356,-0.24401362846434538,-0.2727961249652813,-0.3031870743324836,0.041520485427264664,-0.13207428125689127,0.002793469613341485,-0.8027904336881471,0.22464209812826133,0.15005529463172576,0.17140490046347276,0.32657483192696635,0.6384960502476171,0.5394254106956915,0.43738692979255,-1.3873884890048096,0.09784756143105972,0.0403989931601393,0.07219074688543328
2025-08-05,4.195272404137865,-0.1973374429647734,-0.2869778606623039,-0.3304295163148134,-0.23923146405033904,-0.21292554973782396,-0.12353092269417587,-0.5392107840538579,-0.44708487838465605,-0.4702244471250686,-0.5515805669058049,-0.1561001485025604,-0.17122779177407613,-0.20493983381330505,-0.2900293048002238,-0.516234708658928,-0.41052356197358303,-0.3399402256171527,-0.9950335310053409,-0.2136588984193611,-0.20585541527191104,-0.1420394750282796,-1.6957767289048957,0.5515590064581792,0.5017930868251265,0.475304815277515,-1.1619263646415683,0.30976460598909356,0.32935591441019635,0.46334096345853404,-2.4599545415652995,-0.24003092198004872,-0.22079624137014056,-0.2675939603157927,0.6145029281340992,-0.13446839595886986,-0.02117336408778022,-0.09514814272934134,0.17454832316428792,-0.2063575017725695,-0.2614183693664105,-0.30573366094664073,-0.07570955855363204,0.01936275458080888,-0.1281546903397867,-0.038809521214666756,-1.5192995667860063,0.2194481916400438,0.20465193017753008,0.1421358209783072,-2.786951431370509,0.5040249171323199,0.48455649663811207,0.48625155103222323,-1.0638705654530174,-0.01897971512995197,0.03279280533543578,0.08881376500751058
2025-08-06,4.230592752124574,3.5320347986709244,-0.17086077729244842,-0.3162449145934204,-0.23952619578422524,-0.21608717258514168,-0.18582444531023956,-0.48692809315275953,-0.4517659403527412,-0.4711816859917999,0.9492220087126073,-0.20963611609372515,-0.14736567232690848,-0.18881668696775206,-0.5843296509903038,-0.5933222988210746,-0.4235145570495073,-0.3482974644943767,-1.094546572112768,-0.33301119167608256,-0.252272003876505,-0.16047530174417185,-0.911961868167888,0.4874584857444288,0.4631446202418994,0.45278274120214956,-0.10013343559676446,0.40428097702746474,0.32208487050238754,0.4587132409827604,0.09323846033987238,-0.30501162122221465,-0.22152548817933057,-0.27381586962576576,0.6161643230199996,-0.13511575437008583,-0.020095535587849947,-0.09361881655395513,0.38867691272473603,-0.12556348475556553,-0.2562835278519147,-0.3014929386312822,-1.312740749443488,-0.11296225822362846,-0.14685267370944402,-0.05419489903513271,-1.0262215066305056,0.1393784274652912,0.1769888698145841,0.1277242674219846,-0.35139895983082203,0.5724905689459621,0.4726449313644262,0.4813203964136699,0.6050589500158208,-0.06063472372409833,0.0613474458972729,0.0931209027090477
2025-08-07,4.243232223015553,1.2639470890978721,-0.12139197703328009,-0.3596550608102471,-0.24942355702896782,-0.20588697227201347,0.5293042276791358,-0.5584418562563962,-0.44570935316468085,-0.4459186718591855,0.33331666459840026,-0.22059953590151954,-0.14760162186916742,-0.21881233490972823,-0.19851966602140791,-0.6055554766457297,-0.45555885314668854,-0.358320592273219,1.1836734221328449,-0.27203604538462656,-0.2178672149851344,-0.16489435533767136,0.9727895366294974,0.4849916087810787,0.4705824417097016,0.4376678412717677,0.9739822233056383,0.4032582712821431,0.32692143378280725,0.44225609192929405,0.16162291706483156,-0.3514349739333293,-0.22536680695394692,-0.28001096156672056,-0.05929453835715215,-0.1303702608682933,-0.02168987860646268,-0.0739203884460578,-0.17323996200115133,-0.13268819658797354,-0.25848160233881745,-0.29035267813218285,0.3328110115998717,-0.12019389885002264,-0.15892333457012706,-0.07913053571235805,1.3660618476305695,0.15085341370201807,0.185911296344935,0.11313580745072452,0.9609918239494626,0.5743462764442221,0.475523131975123,0.4883100675239137,1.8412215447333382,-0.014385708532479394,0.07150010187290143,0.11993420494464453
2025-08-08,4.281964583582945,3.8732360567392377,-0.15424441020887525,-0.292631181477619,-0.24425603122445952,-0.22038085321685896,-0.3631101688728525,-0.4960516255554952,-0.45797710438412176,-0.46293554227732003,-0.03985955539598074,-0.27618326743974053,-0.15349652501891467,-0.20352775825061953,1.2017198811165377,-0.35438722079513113,-0.415361180899983,-0.34119127900275925,0.1543338151190432,-0.26008355597793104,-0.28190133926867256,-0.18405632166653782,0.8565417421784096,0.48254319038095556,0.47291581875677563,0.4370050417716591,-0.19589281588207696,0.29700560783184465,0.31666698956193257,0.42569785219099987,-0.9255647666932001,-0.2936194749544034,-0.23387694830850908,-0.2751279022058024,-1.5683284648705182,-0.14436347630971513,-0.033101331117155776,-0.10396590863155024,0.18424530431847996,-0.28277777006874666,-0.2662736447479762,-0.27578754043052517,1.4458858935764864,-0.0456681179536159,-0.1405466452781151,-0.08436561182843622,1.2270492030552638,0.19825261320990917,0.16784136534610225,0.12105785698429074,1.7626457015149057,0.5697941412943498,0.46916245457350075,0.4913205852214773,-2.018775527489968,-0.12946180823574827,0.020948354050038948,0.10083021964849521
2025-08-11,4.271298822955653,-1.0665760627292187,1.1927837774363517,-0.31485797019540895,-0.22836732087652709,-0.20794347995228632,-0.14779907356102395,-0.5204550499386273,-0.4557798801384937,-0.45839070996760123,1.206208920808122,-0.2747309739794027,-0.16346395153317986,-0.19790111719682724,1.372786262012755,-0.3225771156567508,-0.40152761797839087,-0.32509032887509526,0.5089785086510432,-0.2875918279141931,-0.30317610861595884,-0.1973541853455779,0.2059452072674579,0.4831918603616278,0.4637190754626911,0.43695005827777356,0.0927164472331651,0.2922680504578046,0.3539990669928948,0.41826508557457254,-1.1612426083208578,-0.2947647344796576,-0.23703171104828027,-0.2642806101342678,1.6183798043174882,-0.14179682764009527,-0.025556678761364412,-0.10207390236907853,0.38855069736031345,-0.2778085164636046,-0.29241435526317355,-0.270793321002783,1.2070318073752215,-0.044306576706176944,-0.10650160916866455,-0.08603455794988085,0.13153622219217503,0.1938432710459266,0.14554062457700534,0.11901568380415661,-0.40450586399447613,0.5711191871748375,0.447018349357998,0.4952403364237164,-0.7907072664441204,-0.17172175290681652,0.03162567183757521,0.09513005868321847
2025-08-12,4.2916702119868955,2.0371389031242693,-0.03783696214212484,-0.37818259571068497,-0.25192457362623183,-0.2006172069103792,-0.827800183700272,-0.4743031277412845,-0.491883500162227,-0.4726720443299687,1.1493881991263775,-0.17796529425870888,-0.18502036644713096,-0.17663279442173963,0.6171406481246304,-0.2704591988158674,-0.4041440608051841,-0.31596228528728904,0.4222108511922178,-0.213371148828677,-0.3072947776133363,-0.18976596704085688,-0.46263730210196474,0.3978028860896711,0.4447490729302435,0.45035095840059053,-0.42677156458512977,0.191525398439223,0.30680751481200064,0.4070604271525242,-2.1493156547712777,-0.3729951361111314,-0.2682597044863769,-0.2773002554070992,0.775426657388887,-0.03484523861361345,0.0053558071673279325,-0.09531648615760954,1.4007361680697885,-0.22407244087633596,-0.28525633072387163,-0.2513422487968311,0.8351701357271906,-0.027645883471565633,-0.12349490672305405,-0.11918049315703257,-0.1489782410357794,0.20732090227377967,0.1101701119543056,0.13551085530841211,-0.7316567937587037,0.4941580190988921,0.4333555021053735,0.49457897873345813,-0.821778128312,-0.3121408434543237,0.029352206464155525,0.09669668086024122
2025-08-13,4.239366895030388,-5.230331695650747,-0.3865182798360448,-0.3203036611090834,-0.20911430411587037,-0.19306045875655606,0.11795764317817603,-0.5295767518762778,-0.49158843107797207,-0.4732061779333702,1.4979694609052994,-0.2375429151567276,-0.21277679204094432,-0.205577144812082,0.11758326144858877,-0.2768213280842325,-0.3988779253643577,-0.31677814393928816,-0.4575949821476737,-0.15546741009331566,-0.2650886183425383,-0.17596218425290122,-0.8256184995320832,0.4332180343127701,0.45198544247365957,0.45960212410558093,-1.3268051294211398,0.24894857971276735,0.3551214644236172,0.42414911484148365,-3.194072687704666,-0.28819707022906677,-0.2286956031924411,-0.2527329181580727,2.587788431240355,-0.14240453587025265,-0.014430732959502673,-0.1110827640292305,1.239837793342051,-0.28556746772208863,-0.3016377072963913,-0.2611418408620902,-0.4014379802818846,0.006499013174113558,-0.08974164182561133,-0.10939392721996988,-0.8368462454078975,0.23409928892594528,0.13642497212307503,0.14350531419011806,-0.5518304031473632,0.504052048374026,0.4291572944175489,0.4998797343477057,-1.3403900662457473,-0.27827978484921134,0.058696687381380355,0.11175957105708632
2025-08-14,4.2916702119868955,5.230331695650747,0.268562863467265,-0.28521225556429286,-0.26396415226703696,-0.18798561230567612,-0.31096065766641795,-0.5774820518115052,-0.5176697607558508,-0.474236066483009,-0.33681240688513275,-0.2800654419904645,-0.21113632629302673,-0.2160755383852069,0.23942586329820154,-0.26399494196169476,-0.3486806873021479,-0.31170131956945885,0.053821378087888005,-0.1499490899539123,-0.20612224495081125,-0.18723405216269234,0.09867495346109667,0.4373928561061254,0.4904546131701249,0.45039757104717165,0.22424336865828065,0.26839597643685825,0.38338335117649164,0.42572332935997975,-0.3541378060774195,-0.26495045410594814,-0.26117744020747213,-0.24760151695281277,-0.23651842298930237,-0.1752602959654977,5.328881305621839e-06,-0.1098306283076251,-0.34098901944679366,-0.3141460686195022,-0.2933633592508517,-0.2644344106965304,0.6722240131633891,0.039624901447366016,-0.07203072439520357,-0.10849416013440577,-0.31624472885235866,0.21533755556661358,0.18371560577424376,0.1320354918365636,0.73795583672488,0.527463570657932,0.4744841674622523,0.5035539626005878,-0.10110298275528928,-0.24144830561720815,0.0691180449770878,0.08877376997914341
2025-08-15,4.325715598880237,3.4045386893341245,-1.7463017946136734,-0.3487974133934595,-0.29605716848432284,-0.2092078188032321,0.21730705929667193,-0.5540173066117308,-0.5096450752780483,-0.4699829498807662,-0.3645998964497985,-0.343965197725961,-0.21951976503335252,-0.2210885332072027,1.1116816385575168,-0.2709266231053919,-0.30096507446766047,-0.2921769893924082,1.004841113063891,-0.06428481381557859,-0.16158838256926344,-0.17047754110792915,0.6170255492409649,0.4997089133728411,0.5003160947307977,0.4567764441114379,0.34991162333348513,0.3018285927396673,0.3904067479014382,0.42911737118756743,1.5884054679623616,-0.21923090882313137,-0.24844794115670515,-0.2431583260928637,-0.5362513160480127,-0.3075757155516484,-0.007175974024867712,-0.1126940360680093,-0.13650643910095672,-0.33089047953789513,-0.29582322491454616,-0.26565841269658536,1.292464371339187,0.037933247782731334,-0.043333318026213236,-0.0944487556648364,1.419021639801486,0.2797798766702635,0.20861240217862653,0.14570890480390672,1.2955003908918388,0.565741668840625,0.4923079010198072,0.512080099991137,-1.498429313459928,-0.2590469451411377,0.04826215333722019,0.08080646396669218
2025-08-18,4.33742424070311,1.1708641822873567,-1.278247500246112,-0.3076475564850079,-0.30468243079267743,-0.20774576892403993,-1.136807123855792,-0.6115837828855123,-0.5044215059633799,-0.4471366308891783,0.6127728436587234,-0.40625710887063,-0.21102150968612424,-0.21496895921252884,0.4257618718903007,-0.24694487752174765,-0.29005670468216577,-0.29978544607797286,0.5827881030094304,-0.011214698808346335,-0.14610282623831825,-0.19856514040625195,0.1764698119143071,0.5352443979962271,0.5054650763248624,0.43971630929731825,0.5635201794901248,0.26395373354616924,0.3960681151294459,0.39931859815075793,-2.205176292740102,-0.17003472608782022,-0.2540858199125936,-0.19996677917289718,-1.8316875454874753,-0.39582028177449036,-0.008507678414686727,-0.1365942752230953,0.3158073449633987,-0.4160464008346671,-0.2888252979733311,-0.26869414808434827,0.7062565318214911,0.0911525339987536,-0.03483305494054757,-0.04634792168252727,1.2972352210584928,0.2959549739058755,0.2165286270572621,0.11478352758174426,-1.1173921441995007,0.5663326162752745,0.4766708945017671,0.4512994115685429,0.054374102625567966,-0.27337694056202166,0.07474044780415101,0.09792623749197005
2025-08-19,4.3013669291403875,-3.605731156272274,0.4695402235443391,-0.29976059478154166,-0.2948064303731879,-0.20017181006048193,-0.33104651040807664,-0.5680766009408972,-0.49329590800558054,-0.43464905856011316,-0.7843023945461152,-0.3199007454510876,-0.1694495937765656,-0.19847845764004154,0.2651185305950081,-0.2683335895162838,-0.2833330156252952,-0.285986879015653,0.1010247570701055,-0.008352197439520847,-0.13207262819632618,-0.1746932882479851,0.2136155679706495,0.5028369370247513,0.4939115089213667,0.4817130974654403,-0.3678048836760257,0.2619265444273749,0.4300415802978351,0.42181882373715135,3.1735509610836767,-0.16311402737754313,-0.27113492046427673,-0.20041873909507998,-2.263162102756224,-0.3717858271265432,0.026929769393989503,-0.12346614657768637,-0.2177671610873535,-0.39220644619343653,-0.2793926979412433,-0.2644933641433743,-1.1930562630556545,0.18731408668508215,0.007969573721130122,-0.01112347364073327,-0.5513655099671646,0.3050774225667595,0.24357749132194545,0.14809277904783058,-0.245029077410432,0.5527526975103015,0.46841749599158783,0.48152658847252866,0.6010114795111359,-0.3074799178266821,0.08617196962067304,0.0712647598819048
2025-08-20,4.295526450850196,-0.584047829019152,-0.5385090898860758,-0.31714152245158983,-0.28596367743709006,-0.20967106994079704,0.6274894460319884,-0.5374813580754261,-0.48818013277528627,-0.42900076436766316,0.3394255373858547,-0.4116299260618412,-0.16816299960174888,-0.19062841497879668,-0.6899767779917997,-0.22410894414076415,-0.29926807275879863,-0.26804581747649886,-0.10796417031270589,0.02851929498667976,-0.13917013060954372,-0.1660277431887985,-0.05260943215390723,0.5250277337257926,0.4866606706328735,0.48857650859761975,-0.7663134386284256,0.2769269364173704,0.41900673663016885,0.4240387901624387,-0.030737737917430286,-0.13170173827196785,-0.27216952157759433,-0.20547912532145135,-1.2328692603224407,-0.41174341195019776,0.039802222218248175,-0.11403393910405339,0.061807921973305216,-0.46433699773995274,-0.27908975779166334,-0.26798563871575487,-1.4500152790470981,0.17057930735382495,0.0018519833624940038,0.016746503076762665,0.17695442302827513,0.33153001659210074,0.23756817581021408,0.1589101398476485,1.1143614534132218,0.5487127945469511,0.44972544849463697,0.5014206801491415,-1.0683644030589081,-0.316961271734403,0.08376025044228706,0.07169232331810647
2025-08-21,4.329627069503906,3.4100618653710058,0.17456616762648314,-0.2824504816163866,-0.28289914101687563,-0.22140750493705605,0.2454294576810594,-0.5103446568879209,-0.4794318098925525,-0.4107206277971233,0.7245042016386494,-0.47877623405165853,-0.15624020277223513,-0.17130205139137908,-1.450740709244819,-0.2731192720727305,-0.32452830214415956,-0.3026562204654344,-0.3050197332888769,-0.001198873149842387,-0.1507722951147305,-0.20382578374518207,0.3656455839179744,0.5306481200215143,0.5220608568794789,0.47444038956355633,-0.45488760624749114,0.22377099323282731,0.4151462619377158,0.3816281826589513,1.7209389566524222,-0.03695699799298049,-0.2617111798146824,-0.18679605060672339,-1.9771382501000767,-0.5790548244689406,0.02710345472103423,-0.1233730855569799,1.3230411973508418,-0.4063934403188477,-0.2608003230207501,-0.2257860547561579,-0.4104545179509187,0.12063478421168028,-0.008034278037917977,0.008459645427955858,0.13468023415007035,0.31948837766960486,0.2454001135413472,0.14885766406454615,-0.14087714104156168,0.5415627744995631,0.450994102364369,0.4819334301589906,-0.39732503959873267,-0.3059517228550495,0.08752002398940757,0.045396091005334996
2025-08-22,4.256644700223008,-7.298236928089796,1.3503218578253442,-0.39949089379169267,-0.3469712414984364,-0.27734620422074463,0.634427253587968,-0.5654792415306371,-0.4999603000665003,-0.43413860901603374,1.3074494121253766,-0.5344801180480026,-0.20319790072939709,-0.2039514565578731,-0.18456814767497676,-0.21879303730331537,-0.2823694339741224,-0.2874671526450017,-1.2465725369024634,0.12201068200201722,-0.04630303566151286,-0.1273501378149712,-1.1878938536642245,0.5731098730153767,0.5453613074772429,0.5030657198019864,-1.3687420455192636,0.3230243162837894,0.44544691108441675,0.4050537203915151,3.6887995520345602,-0.18112348491180338,-0.3031631101455691,-0.2251834681611639,-0.16450464599760029,-0.5362771844915,0.04599960066221674,-0.1401615876004735,1.7312284438996794,-0.4894755890385636,-0.3281932265064326,-0.24591444655136266,-0.380852568894527,0.14539616217183904,0.04594058258557273,0.016422815682911446,-3.069747257862592,0.41421343197500926,0.309031346841913,0.22057103085424185,-1.600485720657728,0.5771593095631364,0.4761422149983749,0.49823187953623194,-1.6308880584879875,-0.19534276996821992,0.11211696921096652,0.0642173113095645
2025-08-25,4.274108376077587,1.7463675854578753,0.0006850788210783776,-0.4224317776539591,-0.3642646968047523,-0.26418027194587385,0.3048698773232257,-0.5627629322675473,-0.4966992752601959,-0.4282309718706995,0.10943059989067838,-0.5178776555921936,-0.2115908712057404,-0.20085862725986436,-0.5968191128434688,-0.26716243245672466,-0.28124797100868865,-0.2862025364380431,-0.44325634731980157,0.144693544646421,-0.036671396140075606,-0.14112049088468695,-0.32079582996356354,0.5599247886275616,0.5542569272467377,0.4905846134226997,-0.5556235222618908,0.2855209989179015,0.425683620953571,0.39506632532145164,0.015687108216556833,-0.17128105233513505,-0.322939624570929,-0.21878565413812887,0.6751778269531137,-0.5473627715149425,0.06203291146975101,-0.13347642959387238,0.5354269193957406,-0.46341357904290736,-0.33310015179514413,-0.26389862757436844,-1.8972276180122174,0.060787061482634845,0.038713831974579,-0.0127113533205395,0.28897125529576323,0.4327593600706733,0.3187120378251176,0.26532599135425367,-0.5048250780575174,0.5674219395538684,0.4994092412304769,0.47826050545793186,0.22615577911116225,-0.1746718447496381,0.09830372225120625,0.0771649735653297
2025-08-26,4.254680749322724,-1.9427626754862537,0.5218701383404403,-0.4447704435849338,-0.35886246517524883,-0.26733503561210054,0.6638758869860865,-0.5611113576936088,-0.5013339591205663,-0.43015662435514274,-0.057129076302963266,-0.5059782315849547,-0.22068008808362927,-0.19935773474734905,0.6707317588241792,-0.20706188196029263,-0.2678504713847396,-0.29902193534877586,0.40626095270231377,0.34692957848684636,-0.024990393308672698,-0.14764460101705543,0.09042525066938856,0.5506610407773386,0.5570198855453574,0.4903160946158441,0.04336340136007033,0.35425912547560917,0.38808110772021703,0.3947807799547095,-1.5503171702881728,-0.22882419689351982,-0.256264824844142,-0.2134865479862521,0.01307053256751367,-0.5423538435772992,-0.02792640654973755,-0.13346729091338091,-0.9338044389761344,-0.34360593499292974,-0.3515705405849185,-0.25667903298625394,2.893558433369046,0.11083452539069448,0.013906582418792428,-0.031454172679822236,0.44078256813774086,0.7159327796311045,0.3451883567604568,0.2614814220071332,-0.10633992781380464,0.5235026331873063,0.4929015289610654,0.47847358709222454,-0.20659409977493448,-0.12107404834008027,0.07764675303990894,0.07770009423952262
2025-08-27,4.237218120363308,-1.7462628959416193,0.8540953047336953,-0.5239765981331924,-0.3561045565864013,-0.2658244580737084,-0.2543243986271916,-0.5564312096977578,-0.5021814667581985,-0.4215815322652115,-0.04253295372652394,-0.4888075687999928,-0.2144886235264533,-0.18803277964529252,0.4080991075416778,-0.14480903581303325,-0.2607174039287056,-0.30677996841357236,0.06299564729622398,0.35739852909220554,-0.01907640213603771,-0.14248223763582799,-0.18622610781631965,0.5669734552433003,0.5624011822293294,0.48264369298250565,0.20206373909477088,0.32658589662898685,0.3813955443050673,0.3748002520102751,-0.17892204419489377,-0.3203672397482771,-0.28019541428563105,-0.21643992972653509,0.3008130429027376,-0.5279277365889864,-0.003990424112662991,-0.12138430213766527,-0.439536165386032,-0.47375140193275933,-0.342795862390452,-0.24451517823456387,-0.6222520314622784,0.23831181974484728,0.04500647476275345,-0.032861041982925936,0.9423595481266899,0.6979742376611313,0.3320072445660016,0.24847188940251627,-0.3710092175496883,0.5162511374828538,0.49302131132400157,0.4772110605416477,-0.49714231235079365,-0.15393906502200919,0.09422826391725626,0.06655186162969734
2025-08-28,4.206244275305489,-3.097384505781875,0.709872661477462,-0.5319353363608906,-0.37449310692949345,-0.2734832664095724,0.4311377616559011,-0.6032321828704919,-0.49647730150296954,-0.430516752620144,-0.256135908373901,-0.4545949581291948,-0.19401636368204356,-0.18250348912725733,0.29306829580479055,-0.14357868597136192,-0.26167913197715503,-0.30943779371666513,0.00728178147596803,0.34942443874038503,-0.018801274916106076,-0.14225268875283956,-0.9417961884246786,0.6044251502841056,0.5565371363403862,0.4873153546978602,-0.05936708502167676,0.338636707455741,0.3881681185160744,0.3735720915655253,1.3688651074400127,-0.33002359231055167,-0.2543433286886069,-0.2195799924996399,-1.0309175807557855,-0.500170209696518,-0.10038058627625154,-0.11745757506065989,0.4726947884405437,-0.5179890550160395,-0.315323459436886,-0.2461919307966125,-0.03254787928848302,0.23968176500554875,0.0597289901553451,-0.032065937761113154,-0.017414648738607763,0.6874998556699597,0.3449769946313034,0.24963200547478,-1.42612919855208,0.5668506554075385,0.4863449270615189,0.48686847635248914,0.017982377454559995,-0.15980141613315146,0.09689867100173856,0.06555981860084772
2025-08-29,4.224543015772964,1.8298740467474595,-0.26990644696812494,-0.49325603477582297,-0.39243381349472983,-0.3069696290215303,-0.07972531821442574,-0.3764914368440721,-0.5143794939648817,-0.43863441107485024,-0.15642219977156802,-0.2788353810424607,-0.17825806156177199,-0.18855475623786727,-0.17542681392358395,-0.033641342609497665,-0.2822507262019163,-0.3377027834146319,-0.48485303936999036,0.25969916590896447,-0.026147634151800516,-0.10508131787557883,-0.10975888368680642,0.4526353986386146,0.5449890559835945,0.5159632903327391,0.16078131109070393,0.5228228607566988,0.3950083544537577,0.38112846860241667,0.5982771687520958,-0.16863339527916743,-0.25174509040282245,-0.2127319457266055,-1.1176553714971613,-0.26947027354055914,-0.1264046188135944,-0.1276780059981784,-0.22872519772151678,-0.2911773516443909,-0.29459896923632656,-0.23915079188436802,1.1223041121525952,0.19106124432772859,0.06770209360268976,-0.03119234442741742,-1.450858135259485,0.47093164726717646,0.3235904441617053,0.2325542408122286,0.8013782269411618,0.4757154209573918,0.4978989915481476,0.501346331251337,0.2750893990664349,0.2007651158354868,0.11320415441070018,0.0491509414595118
2025-09-02,4.275022553199898,5.047953742693423,0.1970987388403871,-0.44923767176018464,-0.3945429908130471,-0.3185413125688417,0.0138061761469217,-0.3320695362141069,-0.502511608789489,-0.44179999147482807,0.3216457370899808,-0.22086223539307237,-0.1715332879121428,-0.18179199297400386,0.22556633823730876,-0.028049733945129024,-0.2638466327047407,-0.3346204823285935,0.3906434311646625,0.2998972048141749,0.0077712659369366666,-0.09002225838779716,0.37790483599722546,0.48596790017203617,0.5362867832049556,0.5197882333593467,1.0295049037026907,0.5706926076390186,0.39015553273727777,0.4188051070900727,2.35161238233207,-0.07005654509064455,-0.2113477575305321,-0.21251090961682106,-3.0842482065578585,-0.3338829046124516,-0.20022249988346924,-0.13917311308853803,1.037755854261843,-0.1575877361839925,-0.22900230965804097,-0.2231887141911209,1.1582638075559872,0.22877504489079398,0.11743927355147794,-0.019124512019994728,-0.2071214426764415,0.42698368057188574,0.2913565783899536,0.22059772804853245,0.6732632260342348,0.5233047824846592,0.5247372321521825,0.5102343082639296,0.31334473063593715,0.2154976967739194,0.09885897801433027,0.05665345099543188
2025-09-03,4.209983667349888,-6.503888585001061,-0.1866501314790594,-0.3849982630280485,-0.36186127611398194,-0.2799659795315603,0.33069807854000954,-0.3636219705709036,-0.49537434814791487,-0.4266574468867577,0.3044237588596226,-0.21740980605245974,-0.15411550458498338,-0.1636408406617844,-0.6945511434075873,0.08029818313610737,-0.20769844999611353,-0.2474407829603686,-1.7471489288841748,0.458378620040019,0.099172990992028,0.025694683444296894,-0.2598910181607866,0.5302955907963435,0.535085489189216,0.5101745395612212,-0.3722055311466739,0.5794499629746541,0.39416813077123786,0.38733264076408347,1.0227292605310079,-0.12276879296976854,-0.20482713410947523,-0.201906780851053,0.02351568406907223,-0.33358769066127536,-0.20129935687416461,-0.07895541526637721,1.167253110182208,-0.2451988386398612,-0.2243906626673692,-0.24458076871176618,-2.5586984668365025,0.3731499496584991,0.17944173797208057,0.04791444255014703,-2.4026625415705247,0.5379258698574043,0.34457211919911135,0.3044795963423164,-0.7165408629569568,0.6131975644186997,0.534054056926804,0.5177462970233061,-0.34366578342850884,0.19377413312954544,0.05494373216739928,0.05202528194714206
2025-09-04,4.175179160320421,-3.480450702946669,0.699326928297888,-0.40400535811519384,-0.34909949172374266,-0.28198707852389465,0.8017787664086433,-0.39181155731127576,-0.45697535069324774,-0.43661795960207966,0.002444689991711879,-0.25040131071617083,-0.21827705953772814,-0.1626313679321221,-0.8266414919137661,0.1889696947109657,-0.2040712588972881,-0.2202819336248668,-0.11359236689429153,0.573666775557029,0.0770141183751063,0.019649824198463256,-0.8679079189810399,0.6731203046545593,0.5539867908296635,0.5143386342465505,-1.6058363906181705,0.6064489279634642,0.4682145054147126,0.39333773278645157,0.191745203224851,-0.11973138280871397,-0.24691571844880345,-0.20190594505936973,2.8731415257249697,-0.42897747648921836,-0.2269327758047676,-0.09245608299060538,-1.0749759339812797,-0.14151199710425733,-0.1312878729949383,-0.2321396831487378,-0.5604871157414371,0.46103665898115,0.16200485798942899,0.060478687340851614,-1.2792734878311391,0.6164798075751007,0.33950501613011086,0.3097531059264814,-0.45572799932376307,0.6509114382497059,0.599487039295777,0.5176736916246225,-1.5299263152079527,0.19592700335014174,0.03610399696809002,0.08113552160396949
2025-09-05,4.084753805792428,-9.04253545279925,0.9485673451447201,-0.45788714052853824,-0.3997010449511253,-0.3103889479110495,1.7469803689609278,-0.5777033641510129,-0.5656533555498777,-0.4768161836626723,0.5058983929036804,-0.25949766950443054,-0.2315284961455949,-0.17339228370227655,-1.3420105394605129,0.3522022120036317,-0.09329768638033194,-0.1487039350441362,-2.6943613538789277,0.6955340621558341,0.22054423526450692,0.1376526358376828,-1.5233389853577664,0.7682229341839975,0.5958507105322283,0.5513770142739148,-0.8278137476886817,0.6282309342582513,0.49269561386439104,0.4126504173502721,0.33737916163228787,-0.11360735466616333,-0.2649838676263718,-0.19954933943775868,4.497837511840544,-0.5802239288068074,-0.30071467632697463,-0.1419268743784108,0.6392150387894411,-0.1534416631038364,-0.13406568935360763,-0.23598259742494518,-3.07946290160464,0.5782332967467069,0.25688967664335355,0.13992853990129522,-4.910574881387398,0.7157372629830662,0.43181404937475815,0.3796447780988795,-3.029925576390448,0.7379035327723711,0.6414486132378211,0.5550303768685043,0.4264922768575168,0.016149701793422226,0.005946342700053296,0.06341135156025289
2025-09-08,4.044583044439481,-4.0170761352947615,-1.59626272121488,-0.32449034602552335,-0.2976148654933801,-0.26400221871245766,-0.9655149095111044,-0.44872175177964974,-0.47693966064961396,-0.457296710713128,-0.5172844249025923,-0.17576255638903082,-0.23782362008217936,-0.16520689362414648,-1.5605590816463035,0.32760359404687844,0.02619955498976271,-0.12608744784870496,-2.6199880033534497,0.6687214778240865,0.25317192360989116,0.14336769721005824,-2.149045112735471,0.689474375539852,0.568273981637914,0.5400202951056963,-1.9539588277819848,0.6327146165357481,0.4558528988941123,0.4232615398256042,-1.158607867489919,-0.04749008215853464,-0.19922148806887746,-0.19111959386514737,0.48656080118422285,-0.5619097425433257,-0.3025055424345946,-0.14184679616575271,-1.7268704429328636,-0.04080153262918531,-0.19451721373808242,-0.22126970911202265,-2.1491243636077755,0.5666664565113027,0.2860984236024141,0.15099552353122406,-3.3507717768988803,0.696031399267646,0.4482572571380477,0.3729485064502127,-1.1968323037441866,0.725861866087732,0.6318829332608484,0.547986819555681,-0.3839841117431543,0.15096043870722245,-0.024957680660574858,0.05325944693149361
2025-09-09,4.073177932836616,2.859488839713542,-1.7293571854648446,-0.39462376354115336,-0.339870647739042,-0.26914951015517474,-1.785385746597923,-0.4856903191646785,-0.49423820615231384,-0.46298685183122623,0.11294706085978534,-0.19394394500774523,-0.23811712892552436,-0.17188775752793323,0.38759708679730576,0.3796544831725803,0.0354700439650425,-0.11454074056275897,0.8643405498198176,0.6980355094499536,0.2667781600709558,0.15443610867293206,-0.9124052799694207,0.6362838610490282,0.5411297772591949,0.5177089082708098,0.21768172282828457,0.6516195351831818,0.46235882502729725,0.45592992135200283,-1.0800908901370592,-0.08126180553127522,-0.21293806315600994,-0.19995402633428513,-2.0692132512015293,-0.5969476467449906,-0.31543673136589806,-0.1447073216897086,-0.5072692945436481,-0.07862894896114839,-0.20109384966189198,-0.24474741233886746,1.9633091953112478,0.6055480614277158,0.30778932040465834,0.1951472258184386,1.0707975677441344,0.7152852926256468,0.4576969966919308,0.3758325074880231,-0.6781002953575712,0.6946589051366471,0.6185138168165802,0.525781403889699,0.14142935754296637,0.185061120215264,-0.03836609642631014,0.06473176995709957
2025-09-10,4.031125835749283,-4.205209708733282,1.4967513435409472,-0.42856444705717067,-0.3910821471023506,-0.3020296147791893,-0.02790113529384003,-0.4537269896527657,-0.4580100984118245,-0.4825311635788508,0.43455021151545603,-0.28813909763715795,-0.20115269853323953,-0.20555544224065417,-0.4588508592128224,0.36273654230884894,0.05853511683379472,-0.11432180253278293,-0.38102879651368315,0.681003514087576,0.29770534581711977,0.15416292988087085,0.1830146326650144,0.6022433820343871,0.4915694251718688,0.5010589685358214,-0.9390916766626912,0.6734261100049566,0.44552375077678197,0.4421869026761812,0.5071566346978593,-0.03467864993431067,-0.24576453654098998,-0.2180231977498583,3.0460492445761242,-0.6381379616159393,-0.28798219192938335,-0.14022660978656046,0.6082430369655972,-0.1530446013899839,-0.18785102422020056,-0.2508951447257379,-3.0123462303936033,0.6051907749237645,0.32768378684811844,0.20595377699333423,0.18902873433791045,0.6832587442003394,0.4570042919652186,0.3541678116146074,-0.399089631401206,0.7097998849732569,0.5902567979385017,0.525987328451041,1.5617345488394685,0.09485725326494215,-0.1408071261729277,0.04790167424634545
2025-09-11,4.0101246652573685,-2.1001170491914856,-0.28015119180499193,-0.4565451105267988,-0.38066495913551,-0.2857309585429785,-0.9990554712666975,-0.42371836803985297,-0.46212173784435834,-0.47143309690522467,-0.03454659591280018,-0.2018970991054715,-0.20605133842868806,-0.2025374697458109,-0.771076148742176,0.3987828325360957,0.06135311167846115,-0.10756253904931058,-0.2693092883913568,0.6907460945756739,0.3106631456407317,0.16148519527550084,0.477894875548768,0.5574216857462715,0.4872568837088505,0.48643181214467524,-0.6665879991526047,0.6546324602510974,0.4452061881705752,0.45363350677337994,-2.420062552531242,-0.12882146718523288,-0.22209849411103805,-0.20841151732411978,1.4110676603918497,-0.6131930619758715,-0.3384794756557396,-0.1425330978407358,-1.0295361352951553,-0.07803907505924254,-0.19952715060819803,-0.248219340572416,-0.4297859174317249,0.6194277636311275,0.3353737142947501,0.21825161795645862,-1.5737714766466393,0.6940940438562497,0.46277867287538016,0.3597647621794622,0.31904914059993855,0.7021544514823068,0.5891883598870268,0.5150849267961649,0.9150365263241343,0.011109844303614932,-0.15890099660375545,0.05025482076483725
2025-09-12,4.059538885504796,4.941422024742703,-0.43595499576380803,-0.5153819099159573,-0.3871665869957703,-0.33281082722557065,-1.2135640125496003,-0.48680231263075147,-0.5074413471054311,-0.5034847804947997,-1.576393634118464,-0.318974352056016,-0.25861870467972087,-0.22452934911337244,-2.2221998636335965,0.12154092420155829,-0.04187970298896043,-0.12876408199642778,-1.8256698154417332,0.5237108295183248,0.2254662174391845,0.14904874805750687,-0.6076262476946797,0.4854417261830621,0.4566825763579156,0.4944470416397801,-0.2694654468406369,0.6139513784950126,0.43077026734981505,0.4635217285594562,-1.6072429990857273,-0.18180839142637858,-0.23449204767299306,-0.2434824201267714,-0.7055386619789763,-0.6339803721566479,-0.3559859386285841,-0.1342338420528764,-1.5670400429075007,-0.170911616032239,-0.24210769749122962,-0.25616617583662604,0.5571799773062653,0.616469705817822,0.34312596121723216,0.23050106399876463,-1.8643314485476832,0.6188938341505718,0.4129622519663047,0.36235012850955994,-0.8064414572465078,0.6020952962600714,0.5579719161469148,0.5187307730179708,-0.13148210635277377,0.008011962847841276,-0.1409140454881232,0.05825307806762216
2025-09-16,4.025056486170505,-3.4482399334290648,1.0378231617584834,-0.47430640660221346,-0.4018194611484375,-0.3425675920186799,1.0196388230028415,-0.5332347073111722,-0.5092583451684198,-0.5083766817275481,0.8190503167607106,-0.3089333366256353,-0.2741168249446903,-0.23145104042946743,-0.1095736568302561,0.006907925158183122,-0.05603579191858663,-0.12723130376664002,-0.40890523035077764,0.47489795388795863,0.23807053634079983,0.15052260105416257,-0.6467197781440479,0.4465938145614698,0.482526011681489,0.4976641959285478,-0.47641670018602555,0.5871978075731848,0.440118979396013,0.4652257432225819,-1.4701178209989436,-0.2066083678015086,-0.2240178595755946,-0.2331385341789363,3.245353455769427,-0.638259779268121,-0.418246948392265,-0.14801380587388702,0.7406345171065729,-0.18381249252819074,-0.24201084648141377,-0.2605215137696505,0.23116334001993288,0.5723441932757887,0.331987836646792,0.22849539653455694,-1.4067618446278272,0.5904119000268663,0.43321560401556747,0.3685300367436604,-0.9320672743129057,0.5670838563716848,0.573002712069652,0.5265357141044472,1.1376815273467775,0.07528061990463572,-0.14576765686949184,0.044389886364279485
2025-09-17,4.0747043810511485,4.964789488064358,-0.5569686563525535,-0.4829863634176727,-0.3970920677353865,-0.35841305501053144,-0.11560990246152003,-0.49903376631633417,-0.538735900325003,-0.5036077542212541,-0.03922089313418886,-0.34298402850929544,-0.3029690040954751,-0.2302257084245886,0.13648173558042886,0.029231930361811775,-0.022665199293375564,-0.11379177704691236,0.7046318153912225,0.50780808005556,0.2943007316876058,0.174672087258963,1.2395506801569605,0.5209694959258526,0.5317109459044156,0.5182580044258542,0.7617141944882297,0.6298407343427047,0.4575064059973752,0.4831363701952696,-1.2048305501534085,-0.22339654584887575,-0.20999346035136052,-0.24217397512268754,2.3573109781434978,-0.48679915202636465,-0.4074015525463753,-0.12605276424017048,0.3391936365554655,-0.15918122587405795,-0.2654068619554142,-0.2510170318539023,0.4843719449702881,0.5687329904667454,0.3699208462869232,0.23750069716156233,0.4432960618972672,0.5997027608411528,0.4582005786674233,0.3784008505123086,2.251071015211136,0.6655515497515319,0.6120189984854126,0.543714369246025,0.13851423746828484,0.08430734300237679,-0.14608834007580834,0.06380341573726445
2025-09-18,4.103447349361487,2.8742968310338846,-1.0530142949493122,-0.5083165110125244,-0.40247822351666745,-0.3595912352151261,0.09735920815788823,-0.5069096608202512,-0.5280701963751097,-0.5001897766243008,-0.6526750317145282,-0.4473174339947123,-0.3145229537780332,-0.2251827510294929,1.2707511708512644,0.14838462279571393,0.010303069341323403,-0.0759098285910671,3.4471141970445918,0.5327580573342903,0.31790992832785786,0.21007196732789893,0.11949534530483841,0.566500048503136,0.535121136043522,0.5227878641776723,1.237659354760265,0.6518825224206751,0.4671844262181643,0.5108815105023747,-5.689306172666444,-0.27838376680397803,-0.2222406425179199,-0.25912972844342885,2.7056406532179835,-0.4675999764784437,-0.40453726655426436,-0.10140336024373157,-1.2288453964625283,-0.21882363701542298,-0.28437491082932453,-0.2569111425169989,1.3493082810545278,0.5851915387251518,0.40771347389281154,0.26069841181526504,3.57011875828185,0.619710627008445,0.4701154203681979,0.40033542444105963,0.642472865070576,0.688834646394142,0.6153506505036738,0.545073303951997,0.9207753874146015,0.16085486853638312,-0.12481575766773016,0.08959259122856483
2025-09-19,4.137999999186235,3.4552649824747483,-0.3383370510439683,-0.5196162052934976,-0.41685782883791833,-0.3620563451630373,-0.5395028521626912,-0.5330954727521796,-0.5261591564822279,-0.5023152654388796,-1.185487296243507,-0.49527943819915754,-0.4079644728516773,-0.2390539040764125,0.15667312727998373,0.17678868656857447,0.014592341850670095,-0.07964806349941647,0.600675622429824,0.547731833272141,0.3413510959127069,0.21793024415481393,-0.16598965270015675,0.5638746972247694,0.5414274052551064,0.5158109021055133,-1.0928328123058175,0.5805598765998566,0.4349527057109651,0.47937070508691704,1.6785809625213766,-0.2171067727570253,-0.1753921970109747,-0.24892995480420427,-3.208390723296154,-0.5127207547953546,-0.4563440500586412,-0.11123812072486639,-1.0922551222969856,-0.26051743391266446,-0.34936078011203775,-0.26519966117962784,1.5084451602996256,0.6183860284325784,0.420146337363763,0.27010668118815523,0.12717771483178875,0.6255471162378047,0.48142303248738355,0.4015627377359433,-0.7432861351414655,0.6787736363294956,0.6065335935360573,0.5288110983324958,-0.5054306217255297,0.1334957106744669,-0.1322268115832326,0.08188924015983962
2025-09-22,4.142792945988877,0.4792946802641751,-0.7526863603259839,-0.5424542437036233,-0.41304915233009387,-0.36265039861697246,0.3398179201401277,-0.5524777755242866,-0.5184918402144165,-0.5015715431130408,0.2852241229285122,-0.5734828305357142,-0.47041525793016586,-0.23894558113150197,0.12190228224553623,0.27088851363173727,0.016878611760749552,-0.07863875702056132,1.3613026562517052,0.5612021740989389,0.3389525390355872,0.21812571010028736,0.6967581800861153,0.5378225321108056,0.5335275993336729,0.5305882258217094,0.17272465108798074,0.6062098898263184,0.4283614092377709,0.48729144455899437,-3.05552268307616,-0.28941749199140243,-0.15956748960967568,-0.25118926800812574,2.4964613928690556,-0.4559160646243323,-0.5071037297109519,-0.1080163200032863,-0.9924999925279359,-0.36452543363487555,-0.33980169457782344,-0.2659039821986268,2.5492566254120512,0.6280412023880189,0.4058354068854677,0.2674798460297897,1.45308379957128,0.6183947377668112,0.47477060785634395,0.4033484949284775,0.3903564849208545,0.6851396182553489,0.6073670595505944,0.5341561347381568,0.7408484902420831,0.17876518162736363,-0.11509921284062591,0.0932131158745587
2025-09-23,4.115756423688255,-2.7036522300621257,-1.5212072037033153,-0.4046017685549512,-0.3883207554238878,-0.3464274564191571,-0.45892706755317125,-0.5110526626653346,-0.5178750861894452,-0.5002321473234757,0.48475984065659194,-0.503045969464219,-0.4781652019231386,-0.24696692640497844,-1.2614524896771753,0.31589741024745144,0.037210981114463665,-0.04657244667926832,-0.9850568730259447,0.5498836423137283,0.3460355491948113,0.22836944833353084,-0.540714278569392,0.4997634655902183,0.5357101288393656,0.5258334454725283,-1.2546160613099422,0.5694019133716507,0.43340002852659554,0.48246538053534044,-2.0207993194102754,-0.130210386214007,-0.15375660447566916,-0.24738235150354426,0.1663654263893568,-0.5107898076259714,-0.5070411959257297,-0.09742244930122838,2.1229899871891136,-0.2723913710056487,-0.3533544260405702,-0.3000824953941569,-3.280555490232877,0.645856735451469,0.4067305559659043,0.29671728084691623,0.6784406468305697,0.5491125558127421,0.465691972266906,0.3902272617149775,1.1638102296063138,0.5869341424106296,0.5797512875843674,0.5109393014391874,-1.0121576381141506,0.04439450560902042,-0.10592077239539086,0.08816526686160533
2025-09-24,4.145626955067818,2.9870531379562415,-0.7861202883080028,-0.43210181624362537,-0.41455132521856475,-0.3671397569791187,0.5358984105384701,-0.481331921284456,-0.5048570728742751,-0.49015895444754654,-0.7794343712394975,-0.5453046923465268,-0.47787876017764347,-0.26435243136562003,0.29678426137340386,0.3527416048776457,0.028202107974726606,-0.03638497754203936,0.26781114378509635,0.563293761435645,0.36474868111633213,0.2403137525874407,0.5587543492044534,0.5304315997602597,0.5415372571869098,0.5397812236073475,1.8356452992963426,0.6016968677753529,0.43769209046875057,0.47786580804016193,-2.743558523986019,-0.1872048233480256,-0.17449033573881725,-0.27365735851326645,3.4970536748310144,-0.42534218358199843,-0.46443538034584947,-0.07015924221496993,-0.041859805520160054,-0.2875370559112645,-0.3429968730266493,-0.3074884126598113,0.9367402671971137,0.7031480672401775,0.4075821808340602,0.3116330698977031,0.14401864840696005,0.5461613322366906,0.47304893261664394,0.39498702216022935,-0.45022356722417856,0.5789333011874476,0.5710343241787785,0.5239479908509032,2.5849658469656664,0.1565353242732843,-0.03143092482000982,0.09785110149061613
2025-09-25,4.172689079603967,2.7062124536149312,-0.9379540173476253,-0.4448895413125129,-0.4298349447715309,-0.36680070290024813,-2.0211416714329506,-0.4974440940256106,-0.49950806901107014,-0.491565917960436,-1.0371896446277278,-0.565352180636083,-0.4750132163852123,-0.28055657064354267,-0.05127862543663686,0.39220787725932177,0.09076558263000323,-0.016894064308463384,-0.0006089221258624988,0.57118968384253,0.45263077622626285,0.25314932810811164,0.6313829294681026,0.5612388167213725,0.5531340019240307,0.5503594407853822,1.1051428216345016,0.6247475564510732,0.4904195418034603,0.46550158213053133,-0.5388416026680863,-0.18753256901042967,-0.2030314798322997,-0.22807557207067275,-0.8388799025726941,-0.4506203051801887,-0.4781945270750259,-0.15212562322318718,-0.7618742310990116,-0.3214062036494134,-0.30697719389752726,-0.3312179127466811,0.5474863534485248,0.7878732005324728,0.4754795041391633,0.3231436583983731,-0.7761698298427329,0.5453997424979353,0.5984042875560318,0.4100429090492848,1.576372635885185,0.5997525483618044,0.5583206022084832,0.5258250976228742,0.29807635494229345,0.1492258953094596,-0.0026705901139236986,0.08331565501211909
2025-09-26,4.185225293091045,1.2536213487077674,1.1283376136082497,-0.3875941233963316,-0.44707335905747,-0.35038311485151213,0.43134417977454076,-0.4821353784000705,-0.5036817307336934,-0.48771087689812376,1.3621923374004896,-0.45418886686720705,-0.4584478712079203,-0.2661519078356955,0.5077210653549984,0.4246486300285329,0.12754715974517375,-0.000644957923112554,-0.5900136956538656,0.5681044902085872,0.45362736662870584,0.25231933573211063,-0.4963704413361808,0.5542128940557068,0.5547813383024334,0.5468468650532595,-0.45185094791726554,0.6253572980800294,0.48744865705444407,0.4608709442459758,1.0781299562828224,-0.15974413633180307,-0.24644860513794048,-0.24434508000205693,0.6281559931169951,-0.45550602486232605,-0.46791624876399207,-0.13772397576074286,1.0058351082788832,-0.29517802661913234,-0.37718328392874384,-0.3247953278420945,3.036682424995667,0.7595827204791136,0.529326856764493,0.3394907148120731,-1.7356422591638494,0.5520356882505459,0.5863076756900919,0.3992930274225719,-0.3501213917610817,0.5931865315636002,0.5521513208223122,0.5220491252410397,-1.0687768650317513,0.102290352604186,-0.016764637816924225,0.09086494131061347
2025-09-29,4.139670694175727,-4.5554598915317435,-0.4250422822128448,-0.3453021015524943,-0.42926717688632515,-0.34848390225315795,-0.8154594041752609,-0.4137538128475156,-0.47483136733087994,-0.4593625630652467,-0.2852990468034178,-0.4402973714898458,-0.4366810659675565,-0.24989284946335258,0.12948678879194908,0.4181018241129433,0.12641775704878694,-0.0041994799218859485,-0.5091823635196415,0.5757525699883317,0.45529617817388923,0.2582967334476399,0.5780923958814814,0.46176529770783364,0.5328021960678295,0.5147803897819333,0.07654414318949132,0.6057339424133675,0.48275446573807795,0.4583326862254834,-0.7167267581038327,-0.12386972058605424,-0.23571730012226863,-0.21355705304588674,-0.032687043944006344,-0.46353996407694253,-0.4539140052451998,-0.21956535219479129,-1.3437351570731297,-0.20576090655122148,-0.33980485776035585,-0.27953536416388214,-1.562308692479267,0.7774716321528464,0.5418352593026473,0.3609993316133868,0.8832884009038238,0.5037301801995296,0.5551574218731573,0.3871300387615203,0.3091969686623268,0.5414521598668579,0.5559343354097278,0.5018891488013784,0.296085302600694,0.08933914470645324,-0.025077904258822177,0.09145516064036431
2025-09-30,4.149312394504443,0.9641700328715253,0.37468629674720644,-0.33133502578914587,-0.378413437123946,-0.3584500756208634,0.4974659002746109,-0.40120950203902817,-0.3767539517552548,-0.4682444277122074,0.8548196523580194,-0.4008390249520783,-0.3162449468818963,-0.23244524553106774,1.5727873423019232,0.4044026537934631,0.24802859552822765,-0.0038166800665516585,1.0073333601885055,0.5870970281456038,0.4880605579288001,0.2632482497434893,0.40846276248141766,0.4679022860675734,0.4605257834062311,0.5092694212486596,-0.6371562817623295,0.5902657305846324,0.5619941035514809,0.4554213653985153,0.6035624661424963,-0.13243337604121103,-0.13432515624397792,-0.2140682574613146,0.7061033809403905,-0.4518803246649308,-0.3882581798827871,-0.2300904738341364,1.7184576293713312,-0.16420742506808328,-0.18638787986931568,-0.25405834276543626,2.246464919817005,0.7637743253566547,0.5774500226892091,0.36250377524741545,0.7199838036900992,0.5269830030359113,0.5070933424107191,0.3889060836976638,-0.4858046313914304,0.5240142151221577,0.4990975568600594,0.5040431483364916,0.5134211406769089,0.0933610335531149,0.11021736224108213,0.10508451202849686
2025-10-01,4.1048486625159875,-4.44637319884551,0.02144769379036482,-0.38921134674511876,-0.37342237162913683,-0.3665515469556002,0.32218606473798717,-0.4466358010144606,-0.37771867825001193,-0.46862412286693983,0.3609570304723424,-0.4714470498668986,-0.3107101477375582,-0.23800787629094272,-0.996957909188272,0.4130569691015202,0.2743756779630783,0.020009414701715352,-1.3494429324114656,0.603950902014398,0.5088669889680592,0.28647992206716155,-0.3586290889459679,0.4490622318169443,0.46284337518659063,0.4996799947429186,-0.13435280900408642,0.5319605506067816,0.5461070833104575,0.4329697876437155,0.054042834145551805,-0.3066602106347789,-0.14073689760242464,-0.21331060192125365,1.1758945440290345,-0.3665343027840322,-0.3855867793960189,-0.2562868129640843,0.7675828705697472,-0.27966933787888987,-0.1866206986378369,-0.22541417343419906,-3.1058066481087585,0.7753106515105062,0.5954490636872221,0.39433443888293945,-1.6582307489815902,0.5526675417156106,0.5170374713504895,0.38655188215710906,0.9789353156244831,0.4316810036782501,0.4638192504962286,0.49309479477862195,-0.08367867661717443,0.10686868279096523,0.09347109023154468,0.09009456518028082
2025-10-02,4.089394611551756,-1.5454050964231136,-0.5015283404205437,-0.4019166617464261,-0.36788491735879236,-0.3569320018543957,-0.2179062385185926,-0.4337843985390078,-0.3752387165510364,-0.461759759545882,0.3225313927479361,-0.467763616145065,-0.31568685173600325,-0.2276569906270421,-1.5284381332970431,0.402442247933943,0.27900544157572776,0.028488883823769975,-1.4709152275462014,0.5711106308092578,0.5133661948901922,0.286698768730409,-0.9401231330924575,0.46866437794533683,0.49215224918467865,0.49807769980876787,-0.7075656004450611,0.5558603593605914,0.5581531878052465,0.4303988420924579,-5.186425784721619,-0.1841920897522685,-0.11055071069200148,-0.18690922338308458,1.4376622938766914,-0.437291959742063,-0.38853752491945115,-0.2570323061708227,0.18165218614854384,-0.21681979648593108,-0.18697646760973055,-0.2112176514449038,-2.009553382035043,0.7499921864573008,0.5945135066869708,0.3902477331496562,-0.7239548461648448,0.5207184653505549,0.5222649670402368,0.39089384599383453,-1.2757799327597719,0.41962542141401227,0.5041963905843462,0.49229654731442163,-0.5780784175687625,0.074646959451994,0.09926156410813726,0.05617322796024534
2025-10-03,4.11820852414867,2.8813912596914015,-0.14503392085677747,-0.3614316786234286,-0.3684260824842564,-0.3412947833760268,-0.2803272697552224,-0.40489424197390045,-0.37855127486352896,-0.42784385889641036,-1.019381068054301,-0.5000957747806892,-0.3754664603531152,-0.29047085136746126,0.2921636735424896,0.40543800504972266,0.304652124200346,0.02780732512203547,-0.04518455749148165,0.5793240626523438,0.5443916509911183,0.28208906672746137,-0.3851454466605664,0.4314670900009545,0.5215903987293856,0.49990184951188466,0.08677967586839996,0.5383260331315811,0.5640666716246883,0.4761241869363878,0.175714965370243,-0.1205481969670244,-0.1114161254947336,-0.20749101480545915,-1.2616504045906463,-0.44543565614098085,-0.4084883986832845,-0.27644644169293986,-0.1054450085271712,-0.2538930542630501,-0.19999839940861558,-0.16445903483941282,-0.686636632301264,0.7288262283376346,0.6111646216863132,0.37567748996202377,-0.29870503459574715,0.5078267370344592,0.5380133435750436,0.38406459667049775,0.02619369918772807,0.414554447585819,0.5153895925841663,0.5336396348775488,0.9178051171959072,0.02926087014512736,0.10285715516603919,0.03691334787345763
2025-10-06,4.160772886850079,4.256436270140895,-1.041388474688819,-0.27132911867110665,-0.38939817645645414,-0.37052669487303697,0.35660405720099186,-0.1258952078912366,-0.36479309464277054,-0.4446655637446029,0.47196636479335696,-0.41794830557831814,-0.35675856218999646,-0.29378950452972447,0.671490086907043,0.3643424048820139,0.3240656079163456,0.04272400339530469,1.0748875193746528,0.4975367822971397,0.5579916994038262,0.2967757575473112,0.8215022955856951,0.34395597046172083,0.5421750941198421,0.5112556740206414,1.2111185707015784,0.5798362667027508,0.5857973882479974,0.4905635436310041,-2.452972337506278,-0.057952864779569055,-0.1409142172979715,-0.23920065431692258,0.07937021752550377,-0.3043076099285189,-0.4041780849025991,-0.27611733919599696,1.1556956878105153,-0.11793662505478232,-0.15955310571983689,-0.14908350132363962,1.279780604988371,0.6996503469915594,0.6181590660447458,0.38464254230615685,0.9551639239919263,0.3244565508223956,0.5466432563933813,0.39483575845130264,0.17815276396159685,0.15480871623869774,0.5114328701222173,0.53251624433304,0.5983175068644025,0.06469174144960253,0.10675801106784412,0.05260289043883949
2025-10-07,4.1258718331815265,-3.4901053668552784,0.07677998662452801,-0.4201937662360694,-0.39586585456440665,-0.3511865001013665,-0.9490099240076119,-0.13538725083278083,-0.32681952582154933,-0.39027145298146565,0.22468883144073593,-0.48746283664816303,-0.356437914907563,-0.3208582913380678,-0.1305935363400832,0.28281380496364267,0.29463931619580863,0.09307454124002484,-0.012603626911148802,0.41227746948598937,0.5525281527594145,0.3040705740141026,0.175622842313088,0.18757267149354032,0.508236279052402,0.49151271162317794,-0.3441383417206175,0.523386636675307,0.5934734237663308,0.4715047360840619,-0.8044344120849878,-0.06882360350133306,-0.13436524281537407,-0.2068219154322397,0.6378756099177183,-0.3138268166531872,-0.3860693749146836,-0.27276819828796395,0.6961598616455518,-0.2756765350627631,-0.173226064101112,-0.2280901006364667,-2.0178081624746365,0.6961702197807598,0.6177597623653682,0.4049693729626741,0.1261600330003454,0.19791836947006808,0.5218001666486755,0.3956895635656284,0.4009142063923905,0.04484052771246805,0.47115808518295377,0.5091815752186856,-1.8236914459169664,0.13963671761383958,0.20828936289352923,0.05907659744678214
2025-10-08,4.129708386595414,0.38365534138877777,-0.3138265539206143,-0.3895553037185527,-0.4019312026697415,-0.3646671877297458,0.3145448887309311,-0.06646331737979357,-0.32331845862618674,-0.3909959291663603,-0.2538427235747327,-0.5031870055537695,-0.36167278239016304,-0.32423653211020054,-0.3698112558611936,0.26633466151353336,0.31329624913038706,0.09038202384008112,-0.06865453545239364,0.39588414965778707,0.5579453379132814,0.302692000185948,-0.32066728104388414,0.2658232408917809,0.5108124185259868,0.4925633351833283,-0.804631799464487,0.509262588402425,0.5883376808989432,0.4654377268826099,-3.1874616583000512,-0.07538401400624327,-0.1394473200464474,-0.21151418582180775,1.2956808136912992,-0.2731878016704378,-0.3814464441106395,-0.2693606587962202,1.2811108162466978,-0.25103790941692883,-0.16378375162420808,-0.2213125610583797,-0.5486933537483201,0.6834768461637581,0.6243835370795974,0.4036176537170377,-0.22172687255120005,0.17124420840029606,0.5242111116201796,0.39472581573544957,-0.09099732743515832,0.08221887578043284,0.4705544729362531,0.5101943943403685,-0.6506070192704128,0.14279413064208385,0.2020320947094892,0.05027377914466207
2025-10-09,4.147112954233954,1.7404567638539703,0.06514273946479987,-0.25908264459911085,-0.4006972939319103,-0.3924719350033941,0.27516840090703054,-0.04022616207876953,-0.30428061577365756,-0.36416298768078936,0.15507160750242255,-0.47647574991722025,-0.39745797840567376,-0.3067767783884934,1.0185749476203487,0.26672846162849145,0.31423611863806117,0.10809045627276509,1.4325541534696191,0.39904119630444684,0.5581047130890042,0.3299081644152529,1.1293113291794208,0.3054085524553975,0.5240888977306024,0.4721498025240674,-0.13272263132475526,0.46664906991314886,0.5950461710191658,0.45063132154575164,-1.3431500261951674,0.0017396622635278832,-0.13325912928179812,-0.242692716232613,1.4946385562192637,-0.1896708451613254,-0.3753199223174244,-0.22759896121908224,-0.4693309423335039,-0.23867795033744882,-0.19577607577218265,-0.2175811665924226,1.4798368108711517,0.6460763017834038,0.6247681000734943,0.4126620308945737,2.2846705181327867,0.21255442366055186,0.5278884892339295,0.40694133897694185,0.6683357465732905,0.05004184508313006,0.49080137782446104,0.49170566886477873,0.033719271607638435,0.26215272482596763,0.21896299055407759,0.01823230573289143
2025-10-10,4.049441845368957,-9.767110886499708,-0.007927592920716986,-0.2711106275155118,-0.3988903481715061,-0.37164718906142336,0.23371484943716503,-0.1452491371740444,-0.30371154628476354,-0.37825262684864885,0.3852535360059166,-0.4630018105364697,-0.36155417249549465,-0.30771766314583454,-0.6640936572466973,0.2813533734766601,0.34351319148377557,0.13148660516423916,-0.7920189666643904,0.41143772645502796,0.5532418579571745,0.34995820411719986,0.20670713971878385,0.249395925447602,0.444122493823797,0.4405616141670305,0.17847168886739206,0.3286995008321632,0.5059893548161821,0.4138811560693711,-2.319759005111008,0.04234291338193746,-0.11616233206468145,-0.18445997325538457,4.41702751464142,-0.3937881237835347,-0.43047727831391525,-0.32175832121367953,0.4031923177478336,-0.27358670250149625,-0.1707035588483371,-0.23079174776458758,-1.5660717271883904,0.6300548217727947,0.6310994443724374,0.4344139329352757,-1.5627833288871997,0.29191605047407276,0.5341697078545603,0.4250355333938462,0.34968510043891143,0.020675965638629796,0.4241699504451178,0.4574615449347439,2.496562719228096,-0.07770919670627399,-0.0013987460063429448,-0.09002203785818032
2025-10-14,4.0215402467022265,-2.7901598666730365,0.2675572458375104,-0.29163047248479307,-0.43465482570379615,-0.37283383218347943,-0.3366638981247807,-0.03039514766211005,-0.29228441817841405,-0.3822736488732469,0.11379339039904002,-0.38801863348267535,-0.35143590196084035,-0.3029640126437908,-0.41932530687403835,0.556661636433101,0.33886950494463314,0.13337384504941377,-0.8632459203193441,0.5947073144740638,0.5664247580078766,0.3530809791538387,-0.6358799459027622,0.37861919008710004,0.45188179909652504,0.4432631725596095,-0.031057205613055056,0.36660834237667206,0.49812314775422395,0.4096303222389523,2.7204963870244576,-0.031496871509760827,-0.14134744410189548,-0.18894307380711492,-0.2446297746108832,-0.3161359458846931,-0.4219522643916413,-0.3216032085420017,-1.772334568711632,-0.10096815902685592,-0.12522325785915148,-0.20977727939248567,-0.1447605366072544,0.635538610433461,0.629353853984844,0.4346301767158084,0.16632797565819524,0.41740357377867704,0.5425572513028448,0.421732630516521,1.6559837035358655,0.04070793514086645,0.3670149631505932,0.42992240570641294,-0.7359252652262751,-0.02272114360343159,0.015221886664217187,-0.07719835760084955
2025-10-15,4.044534266774414,2.2994020072187205,-0.7790305883141762,-0.24550114505798826,-0.41776839211952765,-0.3833233177091588,0.7442663160404832,0.08973064407099708,-0.2795052920509174,-0.36163459509663565,-0.9742804727873664,-0.37567193728272336,-0.3585141767073133,-0.31968685290122245,-0.8839984915324096,0.5012863535685913,0.28928524312734677,0.10908505129066791,-0.9434544719611764,0.5398476265279146,0.5331174020221033,0.3463687136119399,-0.15697728289673085,0.3220229377331945,0.43194152544891123,0.45497129374233314,1.6459116908907103,0.37172784673067266,0.4996455360574484,0.419252378904133,2.1535577978672062,0.014601421895058812,-0.14309130055908925,-0.17094077598375745,-0.9888088646358626,-0.29734754819586956,-0.42405773933264257,-0.3699544336502482,-0.7882445428048126,-0.0995012864177906,-0.13613247601881995,-0.20614596011770675,-1.191090497379248,0.6208009736597198,0.6025211294947166,0.41739581130821735,-0.7358715785218621,0.3515604295532778,0.518956671881427,0.42556333728003354,0.4188334067694813,-0.02514803741069308,0.34985696302201574,0.43875876891481796,5.704543850495696,0.11616500729516147,0.12945281206978446,0.0006725528217972794
2025-10-16,3.9754696781314727,-6.906458864294107,-0.689621256431443,-0.16543950932073065,-0.3679951374093417,-0.339948079761814,-1.322969312663402,0.23666935474497103,-0.1862658066123189,-0.32157907504702266,-0.6163993104986558,-0.2909099937272399,-0.3229297790908221,-0.29508290927004577,-1.711252045497469,0.5940606786013545,0.3307755439611705,0.1732461135515978,-1.1669307198088672,0.5677943115251889,0.54112711354054,0.3819685745978973,0.48957704464433593,0.13669137223385106,0.37753853967057394,0.4326261342768253,1.026693062684256,0.21765967170464276,0.4159095838918765,0.3594749199506136,0.6726512047120736,-0.053132229667255566,-0.15047574848710427,-0.15793248559180947,-1.1952471721842208,-0.2497920072492153,-0.3677679637368524,-0.3631539313493283,-1.2439790098969088,-0.011685956560299872,-0.08579924255683127,-0.18638650476896831,-3.2060789143234847,0.6829638832872077,0.6249696737305755,0.46775220019266317,-0.480767129538173,0.36877304777226116,0.5016595811541431,0.4302484988359297,1.0201150711162659,-0.28569711441469187,0.3117776131827525,0.40677071660916553,3.4810003514325376,-0.032800250220278,0.028623412138947806,-0.07498261429092132
2025-10-17,4.006869497664372,3.1399819532899276,1.8593698061680803,0.05245180005538583,-0.27134421865764907,-0.27992790793141525,-0.5493731532389123,0.1913742906138258,-0.20734899701335782,-0.3222142665281998,-2.4171527059361795,-0.3371976727656357,-0.3790734369274534,-0.30896507783418703,-1.157852137701683,0.4809301430729106,0.3115862047390879,0.15142649518018378,0.6857051511647713,0.6102121795750967,0.5594497602454835,0.3941664527758749,-0.11058584923339843,0.116006448484536,0.3855606135700521,0.4283438571478178,0.40337487336488964,0.1828550846870394,0.4220380891093566,0.362575303936225,1.5418041490769279,0.1046796606211934,-0.09730385679967234,-0.12173161562844655,-0.07537006504664312,-0.3329910742158033,-0.40843019527810126,-0.385377427150353,-1.1791179719586176,-0.013358628821318197,-0.11555633495649299,-0.19996933296534286,-1.4698533539702534,0.618924940219287,0.5955041357916632,0.46688270648707153,0.9939016265953735,0.34674267695901156,0.5136709979271321,0.4393832130326187,-0.8353459009078881,-0.3613271694905087,0.283691795058792,0.38750296468664136,-1.6266623871887007,-0.09886581797021149,-0.001313935301231856,-0.09736425740497101
2025-10-20,3.986688878991234,-2.018061867313792,1.2757030303858359,0.025996205776793065,-0.27553481444798644,-0.2899456519968703,0.4152831374687489,0.2105064415946984,-0.21401856136347303,-0.31458577600885096,-0.9400818550978818,-0.2667681824459879,-0.36477578365219127,-0.34890644812449845,-0.1756474269313939,0.46967957763127566,0.31134129142919087,0.15155055181197052,-0.1818649605172835,0.5917386090125133,0.5583768355955179,0.40489941975897403,0.6026962111562935,0.12640564072880717,0.37171502668794265,0.42756223861174325,0.42538505870563514,0.2764103052096983,0.41873684492052826,0.36594702375435306,1.6516378803817855,0.021025150677460906,-0.10434777259426585,-0.11359774633717513,-1.6473044569872193,-0.21119887725765651,-0.39538412655351796,-0.39772702114695896,0.7239920562403015,0.03085375363931632,-0.12028538857537831,-0.23342819076084814,-0.6428105941407366,0.5971316419622001,0.5995310076015646,0.46674863711696957,-0.8347877501692929,0.3585185720224833,0.5152904468064873,0.44925529027109173,2.2843502518555105,-0.30973905195175977,0.25115982788801633,0.36631071429097406,1.1281609326400865,-0.07676174929156415,-0.0051889083087814595,-0.09769207969783503
2025-10-21,3.9617603079688224,-2.492857102241164,0.15360317362585696,0.03264450812413549,-0.287819659562716,-0.28021920369078296,0.7145540612676471,0.16785066662369838,-0.235145801159978,-0.3151642962983895,-0.779272164621888,-0.25944291956855786,-0.3913035646945506,-0.3792426269773183,-0.8724295903606976,0.4732896356277641,0.36698382927753076,0.15705648131005276,0.5216332271192703,0.5778012385214054,0.5574428162269319,0.39633903921679214,0.8296547083928678,0.07828358182812589,0.3386015394937018,0.40776473043796,0.4756925924197274,0.2674961175260727,0.42824237907579527,0.35171063732477825,1.2524302380614305,0.022732343841179996,-0.14381909555735697,-0.10203105398336643,0.8095239583950988,-0.2472611128232342,-0.3738292352442939,-0.44427729743806466,0.281069796945904,0.04612733200640195,-0.1619994719063016,-0.2232071141808547,-0.9148825540512877,0.6140469228437055,0.6107061489672613,0.46323415753219616,0.3381511825235456,0.34049003514614967,0.50722429201086,0.4405457565581968,0.2728327391078912,-0.3057377661705613,0.25475224254269324,0.3649080154389191,-1.1359710715442946,-0.05689831120913937,0.01822655748941375,-0.08403956938168537
2025-10-22,3.9521418289872647,-0.9618478981557654,-0.8223897366575107,-0.01175939822794469,-0.23282703965800833,-0.28555422127252733,-0.3848502589495808,0.15736184372386916,-0.20655604513266265,-0.31997439747347395,-0.657605897476288,-0.24161316233728156,-0.33627878382793785,-0.37770249229634006,0.8434472855354911,0.44229235028628233,0.37462495639953286,0.15772431349280916,1.3817233776368898,0.5227334446540112,0.5292622232619087,0.38902499893256465,0.3907427656557535,0.04928877525094915,0.2919233624830122,0.4046094980317573,0.1628159677987553,0.24455576016301947,0.3889149545839554,0.3505148258983731,-0.7025631437733667,0.00311451153663857,-0.06405897068770518,-0.10584566312745909,-0.9178850070993629,-0.24761272563073364,-0.4008767105531987,-0.4435178685267419,0.9421601638391002,0.1015618079720257,-0.0984762200314092,-0.22758928161506747,0.05062892940247905,0.6149444951367542,0.6307865649259684,0.46501688495297455,0.9134534484113072,0.3567918010572098,0.4635283917390599,0.43820587309190734,0.10801445440081281,-0.28948580655849093,0.20402268243690908,0.3633090752096824,-0.6169508022520608,-0.0775464687308192,-0.038744434614006645,-0.08592176234310152
2025-10-23,3.9884172450777537,3.627541609048901,-0.12267429358820836,0.03331929786174668,-0.23319404014938833,-0.29525207918180557,-0.2236017082516768,0.10239199514787932,-0.2184811351095839,-0.3274192401614654,-0.8968195576423166,-0.2518143719057894,-0.36379843048036814,-0.38196353148345136,0.9194743621781694,0.47123614001822217,0.4079333271478075,0.1640146504194976,1.6041782256769057,0.5658057741426868,0.5558429887654959,0.41680999657149015,0.8811073212269199,0.08748809879505383,0.3261974690558653,0.4164456560287269,0.6680856710946704,0.18764674142920915,0.41725283817311215,0.35825541727730303,0.24119462451486395,0.08672797789879445,-0.0563691577371166,-0.0990346803777362,-0.13918196459249277,-0.4189994939752521,-0.40753350417667994,-0.45096227797945077,-0.7289455804475871,0.05642559483814969,-0.12570143823306165,-0.2290200420000442,0.32244676657282234,0.60179596935519,0.6542279293315376,0.4612203368325208,1.7561282695187135,0.41930506752638136,0.4808874276608785,0.456101614169444,0.5978871257263024,-0.2252621466843622,0.22600398357220206,0.3702776958933497,-0.8908589207928592,-0.18571626112870449,-0.06107740166759135,-0.09071086883503132
2025-10-24,3.9949452802343384,0.6528035156584622,-0.092806368495296,0.09726201153026158,-0.22858595447403404,-0.2946225532456785,-2.469313187798816,0.15282838311972755,-0.21508292132386567,-0.30296459917035096,-0.7217898904317757,-0.22605449370208244,-0.3661923540729645,-0.36641874869255725,-0.07470700543347197,0.4767258785660599,0.42346286820746665,0.2131236820640959,-1.8017091297797345,0.4949571471391972,0.5347843400197732,0.4626623489535396,-2.158033723631693,-0.02864355601998945,0.2745813340627982,0.37009922489043884,-0.5348345840364382,0.10146741642202615,0.409887414116416,0.37425945293748264,-2.4462398632894393,0.06906824646864873,-0.06881626092799134,-0.12058338738694964,-0.24725737104460865,-0.39980033784634794,-0.4129231403574669,-0.45433062428311627,-2.488794082090323,0.038156463498494844,-0.14447724224546835,-0.19009394390349202,-0.5174017209998176,0.5875815836641843,0.6982356634530494,0.5094386454469314,-1.5244508280258142,0.41832618173405756,0.47444350291635334,0.5432986342509536,-3.32229568276193,-0.2940329735162433,0.17382292156594825,0.301551887860869,1.3426408605321634,-0.17515213427219833,-0.057148919300244926,-0.07967083447532738
2025-10-27,3.994885236672375,-0.006004356196331884,0.7916179887759998,0.06630485479427883,-0.21636180745811118,-0.3179927690092935,-1.246639542296864,0.10850734180498783,-0.2167564950750727,-0.3091315030136105,0.32004667671660814,-0.3074355825868312,-0.35983198820721046,-0.3775609138582114,-0.3473000715830401,0.4608248727872782,0.4319099397804619,0.23497066940343683,-1.282318123571875,0.485064010340421,0.5273519354307766,0.46123816086287206,-1.3418789141373217,-0.028993964505983384,0.2598455309061468,0.364147412484238,-0.5742018001101821,0.11453897389797449,0.40744866794602563,0.3740365745691421,-0.3926879470709759,0.047521946406883925,-0.06711413416045202,-0.15592362878818894,0.20986288687017574,-0.4120380460833032,-0.4147248370458232,-0.44772945613736376,0.4129006063848961,0.015281269185971984,-0.1446880474435825,-0.24229629388556412,-1.2825191788892,0.6017899877600594,0.6930695410632288,0.5450190545937511,-1.4256038247546046,0.4606649019168798,0.4786692501577672,0.5415539355712536,-0.9443666091737012,-0.2900900626838725,0.1672600769999236,0.29342078515867986,0.3054214429386387,-0.15489391618310092,-0.06169831924341862,-0.08003979374463653
2025-10-28,3.982355432029606,-1.2529804642769093,-0.48471839078867834,0.03946476918737335,-0.20101228837268495,-0.3138358062915455,0.6553781619624448,0.06397971442124446,-0.20916085713311225,-0.3096836778067099,1.4219489343274592,-0.29318197862347983,-0.35255965656923777,-0.37235611316578354,0.46337645532582394,0.48322367935726734,0.4392921995896295,0.23690921634387496,-0.5184394354590429,0.48147102956226295,0.5335202633748753,0.46109446257318604,-0.39889874896928657,0.012073698419402049,0.24876450834880795,0.37179772792368426,-0.5622843816079519,0.11772380559635161,0.40967892788960897,0.37924446003818424,-0.26817302456875847,0.040103573806862,-0.052074272126385455,-0.1532028730494745,1.9222854154458529,-0.4293791340303196,-0.43538194369423205,-0.446340638269588,1.9882666260229662,-0.056388775455247106,-0.13958203882779655,-0.24638522289158832,-0.2603762946839647,0.5880486605801115,0.6999871902777907,0.5468354262663069,-0.6675004454784865,0.5267068293472782,0.4855965833743807,0.5415091595033311,-0.8622032203147774,-0.27842122443789125,0.15303191594277313,0.3034568354674167,-0.34433516713569934,-0.1596264974733535,-0.06336952320093853,-0.07955147995749502
2025-10-29,4.056384475833493,7.4029043803887085,-0.5368606902860158,-0.052267350227131006,-0.21294941441388995,-0.27799649697045836,-0.5372415739917118,-0.003907553231221558,-0.22126653554224102,-0.23726084509653966,0.58787242739424,-0.19068082450428342,-0.2862808742172829,-0.2529911756779707,1.576002914730752,0.5965759589419423,0.49620025704897974,0.37560941013993965,1.9642525080901727,0.5733443076293021,0.5782021360343745,0.517786363955618,1.6996100139762336,0.19962024900118622,0.3279465861889324,0.35340058229180815,-0.07725766083213986,0.10278094530281287,0.3857063763839352,0.4051982175919522,-0.7072948382574715,0.010417202576490002,-0.061724527726076464,-0.08249416275634933,0.6019491552246397,-0.37150252531363165,-0.40686633302122627,-0.3773459905146847,1.5449393125428479,0.051740114474630824,-0.059534281816117446,-0.09498964756697825,2.583188603821658,0.708992004934091,0.7215023142390439,0.6087670228157732,1.790811580271773,0.5962614097352225,0.5335819191788194,0.5203657697889672,0.6494417876450973,-0.18850941956452835,0.16481931666202002,0.24532290986167732,1.8108248696129632,-0.06254577933306521,-0.008258173904007364,0.01671631522468203
2025-10-30,4.091165179052463,3.4780703218969755,0.40235965086134073,-0.016538385454362158,-0.2126229984133394,-0.2628100560084043,-0.46816781610810243,0.021158574278170292,-0.24005710343355446,-0.23664144683535357,0.39356123910312335,-0.11461494962026483,-0.29275998463041475,-0.23454655234993457,0.24530893768896633,0.5802012994703372,0.49768694295905813,0.38066523145032816,-0.16852026313817925,0.5278591787702878,0.5710727507304021,0.5154026123191475,-0.22449972325666234,0.164205502642643,0.30996267353594886,0.3485133744023433,1.103582482859024,0.14388815996351545,0.37872483674176327,0.4150180330229528,-0.6993982282293181,0.020320943043445137,-0.12261812389862213,-0.08431974616946285,-1.0925971189056929,-0.3828494222375649,-0.38010578631398784,-0.3810963141938208,1.9531601982563263,0.15264569455086247,-0.04814479819011343,-0.05243519702537778,1.5728940867185153,0.7060902488679948,0.7230015560004918,0.6163762184037154,-0.7419285438671839,0.5143816808628536,0.5302342165745079,0.508037481014899,-0.06860010261614091,-0.1568625346073997,0.14512929316999015,0.24719771119063508,0.4766535043877792,-0.08012759315158234,-0.00519597888975453,0.011831009525882492
2025-10-31,4.0997821105619865,0.8616931509523695,-0.13864434347699528,-0.032374244089367656,-0.2214343944251366,-0.26316296572770076,0.4994167014954849,0.0319006409006841,-0.21536572784577807,-0.2314196875402347,0.432604244033264,-0.09171422315903739,-0.2726896857816354,-0.23253839824198513,-0.20608180536868476,0.589999694342955,0.4921241819089962,0.37987815305439815,0.14524057556215036,0.5287870729575807,0.5496741673907328,0.5187228964982301,-0.023511184115539208,0.1460423628357553,0.31121281054981564,0.3609580482703723,0.7372874045477824,0.13002606756177998,0.37807608602357484,0.4223651384152537,0.5032317738975456,-0.029582692236956348,-0.0832575037242607,-0.08275512407090707,0.9520084959087519,-0.36547157983282635,-0.4066817898191551,-0.3788472506782894,-0.5242031714162944,0.14695218791506603,-0.013200866444069148,-0.054996071217031685,1.4884838520031711,0.6923426934118485,0.7066397493749055,0.6152601942738255,-0.14492722906508604,0.5062357796389164,0.5037584745738107,0.5114456044685677,-0.4135728199681059,-0.19194460319053488,0.12291294588725413,0.25832291569285676,-1.14593244329452,-0.10107423105283209,-0.03286361628789742,0.007388458130950217
2025-11-03,4.1055720911669455,0.5789980604959055,-0.21216102817891835,-0.02789180274751402,-0.2043968909029039,-0.26381345808486134,-0.135012389596608,0.035821759503767536,-0.19504264324876971,-0.23193748646277262,0.26601689716378885,-0.05238323715248631,-0.26800221937243496,-0.25616014557801153,0.2995933443998464,0.585026651160449,0.48498257444547965,0.3947838068586068,0.5197391271069376,0.5407461999256716,0.5549162705525932,0.5428319810713708,0.32946739679480674,0.17234435419857708,0.2984474611097227,0.3869632462098262,1.1570556561942844,0.14699937394185023,0.355968682000283,0.4239940819242555,-0.8501096313777183,-0.04283625979836651,-0.07359112677547268,-0.08880151333386216,-1.111450560864285,-0.33862384740377693,-0.3911271677025388,-0.38534449496856166,0.3879612558927712,0.1575089986757676,-0.0313973935966642,-0.05889616837949566,1.706782183563376,0.6937210142980056,0.7037380802274442,0.6324619200309021,0.306190933304528,0.5275028390639689,0.49716474438804903,0.5274211817891833,-0.14730814855949442,-0.19349230663235312,0.1153564845476221,0.265110337109131,-0.28336757917572475,-0.11526845094497612,-0.06467143221720227,0.00027633356705990936
2025-11-04,4.090006676720635,-1.5565414446310655,0.15092975274165088,0.0630984483322334,-0.13966828813318274,-0.2650113661279782,-0.5678216941787229,-0.0008958723250014974,-0.06101437226180561,-0.23524261950350808,-0.21963468461985292,-0.10427196071428343,-0.23743197264659724,-0.25750086656787813,-1.3407495796424065,0.553598913715814,0.4507983862346708,0.397312762423107,-0.7547932269150023,0.5169998539683175,0.49433619009675145,0.54331989147222,0.18539191896180066,0.12633722340454512,0.21352903427342604,0.38179093575356526,-0.32363580204346404,0.08674206769930512,0.3237851306092616,0.42305322537178264,-0.5254482217145888,0.0459362185511476,-0.042175355941586404,-0.09076405345256336,0.6485356563200289,-0.3466221903519963,-0.2963443318062806,-0.38520640247977855,-0.11080319688668494,0.11517372089470894,0.002523752926933974,-0.05589303226042076,-1.9159170486839296,0.669873710191561,0.6766770566349843,0.6312106959218609,0.22953153811000931,0.499768828455882,0.38240008979544154,0.5234743133446621,-0.002568118974512007,-0.20293130139877832,-0.05260214282061162,0.26066825418020956,-1.5120101893966558,-0.10570018749493233,-0.05130842852530791,-0.001554932999131213
2025-11-05,4.156149379112704,6.61427023920691,-0.27539634468833907,0.02174233863834882,-0.20292567391691207,-0.2660679769443771,0.17296752950296956,0.005000631246490276,-0.060648592040165816,-0.21355857544019707,-0.4363365319481216,-0.09732772892795155,-0.26252932451392574,-0.2685744744596263,1.0894772367578496,0.6150461666216269,0.45921821313982525,0.405896345323913,1.1073904720566432,0.5626233038259069,0.48608022836377607,0.5576423349672337,0.18077282266479677,0.13502456765305873,0.15385616550056663,0.3673670184533828,0.23915007230269436,0.04362356137131568,0.27454882378873635,0.4295932966100925,-2.4210395814989094,-0.09367825940179664,-0.08698887482199975,-0.1154645987164684,1.7465546353253503,-0.2193994706290495,-0.2545856640472817,-0.33567121048305865,0.19028322635305928,0.14303281004965843,-0.03523774578637327,-0.05392787566236134,1.3798559052582624,0.6792699426992093,0.6708712704671815,0.6310247882326654,0.45420507955825606,0.506897640880485,0.34494388857772657,0.5137151082960264,-1.3829042147422892,-0.27748042065989664,-0.1489999069962511,0.19003734022983995,0.35170878268331873,-0.15596718142528623,-0.06401830543389667,0.03384251086947454
2025-11-06,4.090902286362289,-6.524709275041474,1.0193200075849855,-0.08715074260825953,-0.23091959575208584,-0.2933259638520232,0.14450793698312003,-0.03459627803698637,-0.04617407049558292,-0.21850827304370354,-0.01173081657490882,-0.11285521740714201,-0.26741656234590955,-0.26303580312432584,-0.7164021759225433,0.6275120425559491,0.46353551165339385,0.43146398685959664,-0.8249470416180839,0.5815515848990812,0.49063314188764107,0.5651707759014959,-0.32350806438859203,0.16659147010169056,0.20055097860440127,0.3698613770267047,-0.31880307608718406,0.12602031672657493,0.28729804523664887,0.42998703994361764,1.3446191359681536,-0.16348972112212773,-0.13081199815078806,-0.1391944766396592,0.979155601813296,-0.24782416011510955,-0.2351839988803031,-0.3367702057311403,-0.9893818994405887,0.19559527775983623,0.01537985017809207,-0.02388636088603065,-0.15058629271852486,0.6402325985365496,0.6398913047655133,0.6242576554083893,-2.0194162316457662,0.574207042421362,0.38254395685986675,0.5312229527679785,0.5154883760738881,-0.29265178467749164,-0.15107539321444263,0.16895130253356042,-0.30292836213697927,-0.11276781575473506,-0.039522143448918017,0.038971234792221116
2025-11-07,4.091762888832954,0.0860602470664773,-0.59060396148928,-0.08896114863027654,-0.18148378710881044,-0.29486902134466203,0.7409329631784598,-0.04363982456715269,-0.03985270808247137,-0.2071213818996198,-0.30460296529952513,-0.12634143952163165,-0.2515542248230503,-0.2862773065075789,-1.3584920317620643,0.5932148051250397,0.45055522320881536,0.41658497554679425,0.13496913433729607,0.5804056905988922,0.48901891718202634,0.5632409657166686,-0.524402338868992,0.13809852473249906,0.20709693579373864,0.37480610166295086,-0.31811661109823364,0.13714566112463794,0.2569225517871314,0.4359041961375124,-1.3977133762836864,-0.14652158420857686,-0.11337996556469156,-0.13182499288329158,-1.6528682164027426,-0.2693766818791984,-0.193941751881205,-0.33867261949117267,0.19642125525987847,0.2063288977208479,0.031036364403926518,-0.03682095114001685,-0.8234494561043615,0.6330809189185097,0.6224049479113093,0.6202808587586245,-0.740251165840992,0.5881236796216971,0.3936091297338966,0.5309454164329985,0.4344502606658207,-0.30765268177111715,-0.1679838406263872,0.17691264380066474,-1.9668794562673821,-0.10936222075047448,-0.014107060957447208,0.04268869155112114
2025-11-10,4.109195262620807,1.7432373787852562,0.35029865236572166,-0.10838339568448652,-0.17748752066276102,-0.30135566593276286,-0.938220468770256,0.006230342345402453,-0.06727784174372714,-0.2106449003445399,-0.8020219213965213,-0.04823002849094661,-0.25592447489650655,-0.2602460183590763,0.13228989027444907,0.6321866211710849,0.44608871934361133,0.4313815324636502,-0.5972023249344782,0.5690916946850496,0.47880061695764026,0.5581404147648925,-0.5076280843588512,0.18453537298016778,0.20842723323186774,0.35450505409492167,-1.0045782368872478,0.08837939575124609,0.22210083048890478,0.39931985549949495,1.4582992263728736,-0.3871180214413592,-0.1145902550344164,-0.1590216197841686,-1.407230361413987,0.1148500692991153,-0.1950327428703885,-0.3246296671581887,-0.7547658803705248,0.28104965114976926,0.009271484269387174,-0.019719280904993683,-0.16591285478618018,0.6221376441504163,0.6201059518646329,0.624437013777701,-0.6031669610973687,0.5152262098065902,0.3770263833661137,0.5263829296648841,0.6187161688323053,-0.30595805276454324,-0.15944427467070546,0.17403084391623616,-0.2953864108888173,0.03132523388132101,-0.010625767783853247,0.017595498188593794
2025-11-12,4.078999999976763,-3.0195262644043375,0.3660841457296673,-0.11516108091098227,-0.17818941192673948,-0.3220735961546419,-0.10220008772885425,-0.006904886994420577,-0.025199279145339752,-0.20768929695941898,0.30000013236991663,-0.06030656085359463,-0.22035533084042835,-0.26097835867378144,0.2480256755480641,0.5938352580721186,0.5623886782548773,0.41977968385501196,0.04112619583881272,0.5378630171320832,0.5606567554175181,0.5604102628549779,0.9210560200235265,0.09555408474146161,0.21315873920697778,0.3326897005583791,-0.12150620600408635,0.09514148928514736,0.24910184390423012,0.397803079058528,-0.5860029227322401,-0.31013546303160183,-0.10079812616491769,-0.15921648953005363,0.6328223136561375,0.07608326720089617,-0.1767952948398294,-0.3245441605326241,0.5119431986160641,0.20468816344672416,0.04934318175648021,-0.016468130176499826,-0.5652830774222304,0.633336507091483,0.6219775924837196,0.6239070144916888,0.9292610971544033,0.46563630208385676,0.4246489622088251,0.5216276520520472,0.8140872592044927,-0.2872338299797359,-0.1464147326161018,0.14809949734830308,0.8712033361933887,-0.008550089096206246,-0.012249337029424753,0.014386897745371961
2025-11-13,4.109533799449093,3.053379947232937,0.7598298053440289,-0.04524040296194797,-0.11601662264497993,-0.280366411994982,-1.2268079712287168,-0.087302902413345,-0.013792411375283361,-0.23320511973896843,-0.6371531324048063,-0.05338671378114913,-0.20546820904704308,-0.26548042632854485,1.1868323309897981,0.6487781167038089,0.5770154187352292,0.4184381934916566,1.4630891167502305,0.6010608284387435,0.5672428367723855,0.561137842671997,0.5476767985443456,0.12402329284778091,0.20355419017049625,0.33082495487560115,1.1006931235958657,0.0928727353856628,0.25263582797881257,0.40567132797466426,-1.122660758907629,-0.4128179577096919,-0.11732064599841732,-0.18460603110216336,-1.2076528393523231,0.05878816360974072,-0.15811286850234843,-0.3287617303392627,-0.4319889759644484,0.20981634741463978,0.0560832626790374,-0.02044563940765006,1.9096753592827684,0.6805522043788211,0.6420667730265772,0.6247304330013714,2.184625755385828,0.5122164149625533,0.4230246199438082,0.5219786614835947,0.10878236956241216,-0.29287265197749474,-0.1774254793223251,0.13105610396957723,-0.23944790942728833,-0.14333627859176784,-0.0033002522312140905,0.03115248120029528
2025-11-14,4.147282118756804,3.7748319307711498,1.163669167354176,-0.1301397862257921,-0.047899032207794456,-0.24073450163301366,0.05853389398539521,-0.22789826912347316,-0.009046818592983074,-0.22145858404105437,0.45785167645799363,-0.0656127834458346,-0.19048668798116566,-0.2569126322560291,0.5120598291861536,0.5742094333646592,0.5893677853675816,0.424058986200363,-0.10240414176775037,0.5251022410972286,0.551429148526267,0.5541216226166944,-0.04769458006080973,0.1914709195540624,0.15270788478151057,0.32666000332333606,0.2241731730369536,0.2759696247105047,0.23273679348133136,0.40478351831241133,0.18476080418678387,-0.3621367280707593,-0.09691180836482728,-0.17239999001059125,1.1056693393090635,-0.0035030958052511907,-0.19490633238325827,-0.3126497803832036,0.45373435290692476,0.1136660326183112,0.05696083116201563,-0.01494869823952837,1.6639917816599223,0.6051232832343306,0.6557349110366275,0.631039173042507,0.39592418731056944,0.5264368154055249,0.4239390640381277,0.5225288434946558,-0.9548650054764607,-0.2494652477690643,-0.28899394434540415,0.12143230527259878,-0.7076263385965792,0.18491752864663785,-0.01728076719517697,0.019642324490957486
2025-11-17,4.1317951228255465,-1.5486995931257574,1.1231350441216317,-0.2911757204270845,-0.0393050817435378,-0.23794065770089595,-0.5274247017374081,-0.20341978119549994,-0.012228054150534781,-0.2233226749062928,0.2908714540788164,0.023564835951354658,-0.18553980803531023,-0.27737829793178703,0.19740581372521593,0.6653686456933676,0.5760850977924284,0.4315308147682226,0.9410844885647585,0.47479608930686623,0.5512190516063564,0.5505125155094152,1.0416398284060862,0.15357574401096222,0.13307999608781218,0.32024664191345004,0.9935462016694464,0.20426290171559103,0.19490376916192664,0.38888061139884034,1.335966583254816,-0.46735174965126025,-0.06079778971138855,-0.15403308983380357,-0.80712034502272,0.023726413106088286,-0.2245291040884537,-0.3381638524059427,-0.3957402717420804,0.18329605706914714,0.0863284561331271,-0.01635205779892575,-0.6272146209845113,0.702135462832109,0.6515415445649924,0.628508812247589,1.3251008846079353,0.4526220812953882,0.3961983422562817,0.5111863953914271,1.2554753561618148,-0.26047100904579207,-0.31092670171261444,0.1108728647609627,4.278299082989767,0.06496021742798704,-0.05385693827086066,0.006816875935704027
2025-11-18,4.120194120376892,-1.1601002448654363,-0.22652369064898237,-0.21836109860047617,-0.025854510612174465,-0.2383896344862732,0.9064053545352639,-0.20384110173546707,-0.013417093282964686,-0.22550047528452763,0.16655409158483842,-0.04671751657038095,-0.15967125591195042,-0.2782999944041976,0.3791238926485856,0.6474042741144789,0.5706450744274432,0.4282181055581263,0.45958050375946247,0.4567133802992969,0.5396155716958061,0.5472376818436702,-0.572501026319376,0.2009593087360522,0.1493388680773481,0.3214917906503789,-0.28932331280039364,0.24153992167932933,0.24976202328899802,0.391332590219733,-0.9464457645988128,-0.4132849495820221,-0.09229166368371068,-0.15241494980078701,1.9836112561043808,-0.08644792515876594,-0.18847164926502166,-0.3428868190190923,0.3925443958578304,0.20276536826767502,0.11339176486886901,-0.01757758865465144,0.3883636445021056,0.6845014633278206,0.6393102502549682,0.6288396689970415,0.6664682412895488,0.41400793765608007,0.39281025600692426,0.5077747603470721,-0.7867301560161697,-0.177322875569424,-0.28472695061065895,0.11573489180643728,-0.659012495368448,0.1145555418300549,-0.037912351147348027,0.00797627474854626
2025-11-19,4.129890286147624,0.9696165770732179,-0.27634682919897546,-0.22149071163850226,-0.025067580637164036,-0.24525511906672381,1.4879560619296543,-0.13100344831002528,-0.00020902596494751862,-0.2158809448489248,0.6392694110635135,-0.1129076288007297,-0.15281938226158384,-0.29372419729249505,0.7625508244277344,0.6174254778529736,0.5701397376524978,0.4683432587504855,1.279889161901471,0.47513946199947765,0.5450762716553507,0.5548393646631875,0.9277988385163498,0.25558639783566345,0.153218018988921,0.31835010052302287,0.13082210972992325,0.2780428896358106,0.24922304154132463,0.40533842844353674,-1.4063533672201602,-0.36312035402486437,-0.09298507077177316,-0.17819274950103692,1.6046223898871044,-0.05343694009685675,-0.19147405520024993,-0.32189451401907465,0.35370322685319655,0.21559205088675162,0.12039184882495796,-0.03658998337532109,1.4128259862627681,0.6566787790837161,0.6544726260560269,0.6371817666902685,2.2847454686160225,0.40392045338174387,0.39031983628758976,0.5054711721084308,1.9563195181721729,-0.13945834753775435,-0.2609967352152308,0.12512766603213238,-0.6032773887713441,0.0741064472336449,-0.04267347278815381,0.01165411062824331
2025-11-20,4.102812758173684,-2.7077527973940363,0.23895941625759032,-0.2905912896013693,-0.07637636279744867,-0.2053136061867663,0.26653610442253767,-0.162157708162673,-0.01743226406147105,-0.19859115388291768,0.9160050681712992,-0.21999096962053613,-0.16142336267230814,-0.25855371116780773,-0.3765443141732864,0.6707680434024743,0.5646969687183315,0.48072828237529874,-0.6147724839197856,0.5504219187364455,0.5423668563652919,0.5449434004593394,0.03247767765891196,0.2626270426993322,0.13966691690116578,0.28383208930709436,0.23353415271434497,0.26379859203829464,0.22157521374511893,0.3668999649245639,0.9883185770246694,-0.41693798446523644,-0.12886783783990335,-0.12192486168977125,-1.0169278738767495,-0.021795161378618255,-0.17257974486712832,-0.3304584955976186,0.11833680368349442,0.23689474518379156,0.16485567639201623,0.01429115364639988,0.7186954753271859,0.6207546141644389,0.6384890743648493,0.6416245477300672,0.3822706493437101,0.4068558228344125,0.3962976333808177,0.46686755350810843,-0.8231783455157249,-0.09466527610053459,-0.22436264923791568,0.09087475317249685,0.6391975654339537,0.03401049779932801,-0.06244776179798483,-0.03350927785211092
2025-11-21,4.062308884132495,-4.050387404118894,-0.1583939410843872,-0.21563662561376817,-0.03987034398944889,-0.20060325487893263,1.816505331802048,-0.27562499856954276,-0.09654401451989418,-0.23183505120161332,-0.01574828453545596,-0.12640929712046467,-0.14359387785596237,-0.2610941652616857,-0.991331394870973,0.688666809823468,0.5768625654075262,0.49777498017929633,-0.5571852629333631,0.5367728622293911,0.5485305352411547,0.5523933013111638,-0.581438953265088,0.25843273598246425,0.14936991700560395,0.29682377521034436,-0.4013630368626749,0.2708940233410452,0.20394102115109763,0.3818488384101863,-1.2999787627184831,-0.3758862447538951,-0.08166545190991098,-0.1158260676523338,2.3132065311856733,-0.12021265683651906,-0.27602593892859656,-0.3452358516593981,0.040663756123743955,0.280629350634402,0.16820754042724195,0.00870150476709634,-0.22461509212848618,0.6412181481668614,0.6274547122549126,0.6566841084535954,-1.597722894177869,0.4317267892849824,0.42190077676137566,0.4750621719143229,0.45653714731824957,-0.16139701462250886,-0.22090186779579463,0.08718856035341208,-1.432871126995834,0.1407193694060428,-0.06672864709154533,-0.013262846261339004
2025-11-24,4.035368749611542,-2.694013452095323,0.20362075958322048,-0.21230380767579968,-0.010654265069783642,-0.1988796374995889,0.33129396407863043,-0.32908306308000723,-0.060752097048721344,-0.23132765144410222,0.8000611180689855,-0.17073155149286479,-0.13598403594029224,-0.27015708687208195,-0.3025788961305311,0.6946935093464186,0.5836891233323505,0.509401827855384,-0.6160200033196545,0.6254192962858289,0.5585598948507347,0.5593131485131898,-0.0434845778810784,0.33111205165268504,0.13691432846423154,0.29764198691270766,-0.8374977242769024,0.32469912704259124,0.19793944973534253,0.3890316445523844,1.4383649469998734,-0.43933978893751263,-0.09701975536318129,-0.13113607705490998,-0.5480507115093792,-0.08512146328844039,-0.24854512885412663,-0.33939122988509113,0.5532565413382656,0.3478670435265943,0.18080782121767672,-0.003663129860066376,-0.4766514419189313,0.6665656455975576,0.6262789767652961,0.6903266130981318,-0.447818869941504,0.46932498281102764,0.44720746850555904,0.4798225040307418,0.12981922152697922,-0.20010796404886125,-0.2597577380651553,0.08500747533524773,-2.330967425950954,0.1980755602291895,-0.04117303182298529,0.0035816435483491723
2025-11-25,4.000819755382278,-3.4548994229263386,0.2600118162725442,-0.22031265271406733,-0.03653773839126078,-0.1979126248815691,0.5048333900201918,-0.374148151994423,-0.08214460274763978,-0.24030461383935028,-0.5226905077194877,-0.0902831217784783,-0.14952050130530456,-0.2588271201670265,-0.4398990091152961,0.7065254334170282,0.5837934487353931,0.5173079291731861,-1.3724148340778402,0.6880593745680222,0.5806087536393963,0.5672501234032773,-0.7745530295698335,0.4118216819850902,0.16789645723026714,0.3060941514362808,-0.6293577106013312,0.36700490414836234,0.2287453637992097,0.39800139456407574,0.35934197882582364,-0.4531840819022068,-0.11666702129368357,-0.13591760093878616,2.1815772831361917,-0.15022119290300417,-0.273828333998124,-0.3495164094765115,-1.6433069983771835,0.40787632081987685,0.2010426163041919,0.015998490184803787,-1.8670215412327873,0.7152237144378503,0.648548584520321,0.6939659786732897,-1.8912835294908417,0.5269406584839074,0.49565544498832176,0.4954322748810795,-0.40059753694664,-0.1743286755677275,-0.24214685806628958,0.08770424891166592,-0.1671104960229568,0.19395046570361893,-0.028908937329279863,0.0038942495678039903
2025-11-26,3.9969639357137066,-0.3855819668571847,0.9973541972852256,-0.25081779646578745,-0.06080970617514417,-0.1856620754447075,-0.8170915738336864,-0.3448715158253474,-0.1123975762285011,-0.23303117663031567,0.41398847321645427,-0.05816529420083456,-0.1609182056332262,-0.2625068041891381,0.02194063090976006,0.7238115467144564,0.6011311110443621,0.5270808435444233,0.764859977918816,0.671803918202559,0.5727930241618214,0.5680362505949308,0.2177779746432358,0.40317383863429646,0.19374026769965652,0.29619016363924605,0.12695214279818273,0.35777846132119173,0.23218137356436302,0.39874479118567646,0.08672475955852788,-0.45628968811221543,-0.12615323539777992,-0.12445404525629135,-0.9665892455084799,-0.12344062224559842,-0.2835585103469644,-0.3621761399964643,1.0590084981910433,0.4822481327302312,0.16494151182956407,0.021423009097129877,-0.8864150251547234,0.7011229306328053,0.6367661673762112,0.6965637282484056,0.7110643355152642,0.5158856405710869,0.5271410103891516,0.49749062799061217,1.4353271881049854,-0.20206743746947656,-0.2345333973778965,0.07113550944355192,0.03431879029852866,0.19125785616995392,-0.026285518789569584,0.002696595155183418
2025-11-28,4.017080398285209,2.011646257150268,1.3819806238710495,-0.026191323870139685,-0.029336390830940695,-0.1585259933884283,-0.281647390238144,-0.3094653281100909,-0.12383191533663143,-0.23535441490995412,0.4332668333668413,-0.16294631480199914,-0.16314543988015903,-0.2526523950246875,0.7369710447969635,0.6581133645999394,0.6202652973031199,0.53346681723664,0.33964530678373445,0.5758379533738499,0.5736333255190003,0.5752366977512822,0.3675288113578976,0.1912893941036043,0.1959798232338846,0.301976183088611,-0.19375194925039363,0.4183131374635377,0.23754321612557738,0.39386167870178884,0.5044650327635745,-0.4340208278167248,-0.12250604082055098,-0.1245345567436103,-0.05826851326215676,-0.18133946247388244,-0.2898357593978027,-0.3585340070364946,0.131805589480064,0.3587086325375177,0.15497838262921249,0.02493609133983717,1.137319827093504,0.6422690298277209,0.6510586897045483,0.6968742073364955,0.5300891887904673,0.4460946079609848,0.5278585532516314,0.5134351382903153,0.19975849050003514,-0.3014759172822282,-0.22772985579207142,0.06588658454337355,-0.3727837153888127,0.03821735860412676,-0.03348364884296325,-0.0020412180797265925
2025-12-01,4.095188349007166,7.810795072195642,-1.4053640365108127,-0.3150379102568045,-0.14892477563783643,-0.21989485911097378,-0.5569798229227862,-0.3336345818272765,-0.1367049337690079,-0.25230721175588694,-0.3891403357081642,-0.2922928868872094,-0.16363755905947747,-0.27676250086346155,0.16169105860292166,0.594612335945474,0.5851655216425515,0.5245841021330668,0.8775931346321632,0.6329112398035982,0.5648073412072991,0.5804515895677725,0.46189416877288003,0.28423607732383177,0.20221250615583308,0.3054234336262918,0.47495441704585917,0.38389376444919754,0.24697967131279636,0.3804449973787122,-3.6167282898300352,-0.5914223560975376,-0.21149397722840396,-0.22704427816652778,-0.0012104841652096354,-0.13325783109123698,-0.2705174324245713,-0.3236601344915071,-0.3562893575305057,0.15472956974962523,0.1465064834775007,-0.011921402635451462,1.6460961213190497,0.6446485897089164,0.6554957043783858,0.6990209813400645,1.0073632184808736,0.5234965670242503,0.5162855298278216,0.529026763936671,0.6951157262387424,-0.17762390947575363,-0.1631030460382287,0.07256605070732479,-0.6634549369663745,-0.027978757174887122,-0.060384537204093224,-0.0248952182014015
2025-12-02,4.087455795082281,-0.7732553924884478,0.432765024751232,-0.3127801886945972,-0.1618524531507572,-0.232075931228483,-0.48046542685657645,-0.3317447232842872,-0.1356898153855444,-0.24250057661738622,-0.07021072340486345,-0.3021272304127413,-0.15858507031906413,-0.26909114688166086,-0.5168852730545925,0.5997506957875305,0.5937604051652473,0.5200543398819222,-1.9703163439373692,0.5694805466139192,0.546693848244332,0.5529078873937189,-1.1489202628124129,0.27675314140341034,0.19463926417165234,0.3021802232921001,-0.9951570470280893,0.3746643683692038,0.23899553132128812,0.3750233574737735,-0.5393502993122556,-0.6032711975995865,-0.2729083581628957,-0.2071791363493288,0.034731315074208347,-0.13958275958834396,-0.2633810175230735,-0.33958095177928366,-0.5567302205271041,0.17378660175959232,0.1508237637914083,0.021853735517166042,-1.525930695607709,0.631714062705612,0.6546547779890732,0.6834384561923494,-1.4783804520718433,0.5176521680716402,0.5078526531256179,0.5060078651367258,-0.18208079353656625,-0.1647289442923869,-0.1809408873505026,0.054522371493143006,-1.9835005998921376,-0.006476168413170875,-0.05707868022564783,-0.03059950476720682
2025-12-03,4.056543431539201,-3.0912363543079913,0.39382657639524804,-0.3110292280396569,-0.1615170774999848,-0.22689782569282085,0.16634915920874227,-0.330550825918632,-0.1372872227685138,-0.23322928366675705,1.0117146175039107,-0.3521942310770722,-0.1614758656846164,-0.28257201165851425,-0.10293299135610567,0.5924896475062954,0.5879292903796433,0.5111226649346339,-0.40116008005468484,0.5746388477486947,0.5559975244844532,0.5565141439322936,-0.545624194258816,0.3017917963205726,0.22257897340657898,0.29711470644138216,-0.36934958355159686,0.407820151532084,0.2525751036339451,0.3636377977666821,0.7313569428360289,-0.6150343368135557,-0.2918573060470365,-0.21013843388279616,-0.5058097301266913,-0.10360628938864662,-0.23170136366171354,-0.3148219249464817,0.8401329281563712,0.10007437279897251,0.13573237423750825,-0.0045593988885104355,0.215907683052464,0.6315447543414299,0.6611873761115785,0.6777845852177011,-1.9645841409066656,0.540926849818874,0.5305586802383759,0.5072872866893344,-0.34539357206972066,-0.12920624468294606,-0.167488733940779,0.05241140930836112,-0.3111330759665424,-0.0087783948904915,-0.06375670140975793,-0.04394464030503081
2025-12-04,4.105880644003466,4.933721246426437,0.3945257842471297,-0.2926444098911812,-0.10105176420764259,-0.17419191512596396,-1.0386717654254367,-0.4152160984867138,-0.19175836590910358,-0.1771651952257447,-0.1586189368675841,-0.38541786023777075,-0.18957675670858715,-0.2644596276751779,1.1174364754978883,0.6553815218221798,0.5982567829134773,0.5013144498553725,1.4456770079181662,0.6137337993722366,0.5639943103957374,0.525522497527251,1.187230955476461,0.3932444752973856,0.23937701394446828,0.26483308785248244,0.7196407288957437,0.45909123242389016,0.2392343596925396,0.35306211550434274,1.163180336702717,-0.508602515428283,-0.2163519715238064,-0.16932327167436265,-1.8358686917577565,-0.19163243760307605,-0.2730465483227369,-0.2627321592524982,0.30116577077331197,0.12536356262080597,0.11161255649370287,0.02904846394747442,1.7307560338133725,0.6842447988108614,0.6669802188655015,0.6615745268437195,1.4216086676383615,0.5774215606292774,0.5393518190608931,0.44921385766667654,0.8416316326202964,-0.07494657228109988,-0.14201076332944762,-0.057964105665676835,0.0721582252582257,-0.005780973856899802,-0.07284985381353236,-0.03755889953954425
2025-12-05,4.137989899577883,3.2109255574417794,0.2792081699264637,-0.23336462422733137,-0.1012948370678504,-0.21610274236366142,-1.035431002411456,-0.5055111940931225,-0.24052520378901251,-0.21217872907663837,-1.7731131573589725,-0.3836656356022688,-0.2184847979163633,-0.2994671467759336,-1.0526967345425953,0.47618872757029124,0.555327200834874,0.45917607290976686,-0.06905800996051203,0.5591351410368842,0.5609731924521664,0.5054653085369727,0.02984637209738894,0.39885587541490697,0.24258733716115416,0.22694459008910783,1.035539752597312,0.4929199412178254,0.2504527595602993,0.33812904960991413,1.1226601810822396,-0.3578689119213735,-0.20591472025155147,-0.16135148310741607,-1.5219227581675518,-0.38751598943057797,-0.2878753428936918,-0.27704842605576685,-2.0237033979534336,-0.03955867858119942,0.07802438848176235,-0.032524195964975494,-0.07676700537457615,0.6351055974386196,0.6503222830482002,0.6477881287728754,-1.4861718734811744,0.516434544481256,0.5038164139493326,0.4037604122843719,-0.07841634024979838,0.10153054707091554,-0.1414680313197002,-0.08907166456846287,1.2909772163742688,0.0037672877777381176,-0.08337000710900665,-0.03281735572879541
2025-12-08,4.171162463655898,3.3172564078014943,-0.5342607054264064,-0.1970139271643084,-0.12108711896437224,-0.20586157469011235,0.11327601116533792,-0.5164124312245845,-0.23363546858526613,-0.18762624823394627,-0.12115756103581132,-0.43429482369106803,-0.216698625114764,-0.30318224390520715,0.6448060451561919,0.4527425502268763,0.5658856133556452,0.46246080623240565,0.906077487171757,0.5486414053179907,0.5696579296740304,0.5065671562663501,0.39903915972779835,0.3981291884205441,0.25140607774656815,0.25468016927679954,0.6100142520689946,0.5195335856076893,0.27230842447149106,0.34451531117380346,-1.4240880784060446,-0.3247617515549171,-0.22994672561879498,-0.16449507250295228,-0.5560922507295007,-0.35782602527976204,-0.29964807727168286,-0.2703422716627342,1.166420143120419,-0.08890407278763637,0.10111005172580667,-0.009150213550653317,0.18275783302440307,0.6573508343302663,0.6493309790536689,0.6410386255103436,1.3427566389327583,0.4615503150339814,0.5157648119104248,0.4066567093153233,-0.22129479945719355,0.10955424325018545,-0.14762491248964307,-0.08406267675512122,-0.47350501086260166,-0.008490003616889072,-0.08920533725281636,-0.03896947927697609
2025-12-09,4.184875322589545,1.371285893364682,0.8716794857728927,-0.1962412947540485,-0.10916241483095541,-0.1637407099147145,-1.151488486290339,-0.5200680778527531,-0.24632672087548868,-0.1909590740947298,0.4780285424831421,-0.4253723992933465,-0.21271601688673958,-0.2878708076548509,-0.16418091744224306,0.4910258685250045,0.5630293253288157,0.4581441957825007,0.6880738812488256,0.5515161367858593,0.5713817269276587,0.5064219216576379,0.4943862791501823,0.4067250806667649,0.24614527989176607,0.26355360244282855,0.8285813299366849,0.5187546720979018,0.2835475530056142,0.3272084058318134,1.155440756660192,-0.316455307848164,-0.21271886855986513,-0.14749231240652586,-1.7305548111151554,-0.3807579734086308,-0.3204211585525694,-0.2466236510927601,-0.9945007443259195,-0.10161477578178939,0.09687796666109916,-0.00224994445712078,1.6579603696817822,0.6584105839802488,0.6456777882880577,0.6279883897594125,1.1358875683350624,0.46733992801849017,0.5203756539102175,0.4164657936093924,-2.028923192260589,0.05656006937509008,-0.1638527967426692,-0.10504078394487062,3.526057007563777,0.0207806934507142,-0.06723466249394455,-0.006182426627469358
2025-12-10,4.163406162841758,-2.146915974778718,0.4648959455454076,-0.20255136033650023,-0.14871667695588706,-0.17522445344740936,-0.2152844198847994,-0.5004101583293143,-0.23392857135752446,-0.20393893206115676,-0.6912244507472325,-0.3497422522189905,-0.17096296420061088,-0.27635748454803855,-1.5862757190842527,0.5039620097525129,0.5719982618102272,0.45934371404869967,-0.8376344168283265,0.5973737602786391,0.578804021155446,0.5098670604693829,-0.7643284903990335,0.46611712335786437,0.3009536208115361,0.28112572056798024,0.047744649544329665,0.5975614982099934,0.3145124906641075,0.31927096015501144,0.2894749340285445,-0.3601085445310363,-0.3732738463677423,-0.16661428943748016,-0.1704517866540165,-0.3617037730486104,-0.1292457036026797,-0.23572058028466544,-1.2327575249764795,-0.026473745589370358,0.1586234343304173,0.00020954057775354965,-1.8699752009609827,0.6772945821031747,0.6379626605270396,0.630697869083763,-1.2407381781870592,0.5090937472434856,0.49588847052801,0.4157903935883304,-0.365539778884576,0.06456835068306757,-0.15219801307496883,-0.09699425094701208,0.9244322735702433,0.0032506732063796546,0.019157474026965538,-0.006361705415841318
2025-12-11,4.140022899315151,-2.338326352660669,1.7967365978804128,-0.2660378805574273,-0.180826709036965,-0.18290626664456197,-1.3931463720640866,-0.41509090805839527,-0.20454481685733925,-0.1552034711674728,0.8040804650570945,-0.37171604161501537,-0.18519665593901607,-0.2538519521149091,0.91903034282056,0.4567575395866592,0.5311496285563536,0.5336801463242798,-0.4720473024909855,0.6191027445874713,0.573752538734429,0.5770388876710862,0.07884498338807044,0.5609717655229485,0.28292404580918623,0.3079454336497065,-0.4211715911554209,0.6097074105345507,0.3230959832476281,0.3436473401905925,1.491038801789372,-0.42377370051074054,-0.36299053653408136,-0.16584683605578984,-1.5666994127722464,-0.28018041224328244,-0.10606747773492256,-0.2068986055413401,0.5616554149786822,-0.021566020418553874,0.11244308760744096,0.02862776382406216,0.8354028476757658,0.6325090659067649,0.6219031979189222,0.6224376144329898,-0.8934907765555824,0.5724740492289643,0.5113311924596816,0.4708128549077695,-0.773705441574952,0.14664603637977255,-0.10418559282608751,-0.06632046691715145,2.06883878808312,-0.022654794851571528,-0.01488827871194274,-0.016519011729704932
2025-12-12,4.19385191309005,5.38290137748989,-0.019318333880806282,-0.3190101578770693,-0.17441324426672047,-0.16372351668285773,-0.08131374556682891,-0.3570549235443973,-0.21394446292703714,-0.12758120601943723,0.39472247539058225,-0.28740992468335574,-0.14307616425959555,-0.21745444958481563,1.21289746988456,0.4930974321552058,0.5807180278763882,0.5535039284409259,1.1339497578764801,0.632413040018966,0.6149236218145868,0.5843665133960074,0.8709184994604288,0.588005174365913,0.3165952704537376,0.3143353107134888,0.9364776380943489,0.6326994174490144,0.34356809307037744,0.35182965073564826,-2.7790647561315005,-0.4883995591518153,-0.4476815394262586,-0.20555599346209052,1.5140712345273468,-0.13673798000017978,-0.04315584500754148,-0.15424042698798024,0.18308928427613447,0.019182426765356517,0.12937030778929798,0.044911435945754134,0.38464376662203836,0.5866370206430738,0.6371697811573853,0.6243519161576642,2.5982724150672034,0.6100300848576233,0.558463711071375,0.48468692045493994,1.7744904953670562,0.25957085134313507,-0.04238804831749533,-0.04259152100333574,0.4382088769050685,0.0015180968159620278,-0.06386660561550912,-0.0019235693596686757
2025-12-15,4.181151102155849,-1.2700810934201279,0.6537660093358211,-0.40853873375584643,-0.2737057371050921,-0.1525965413340241,0.040607508775263756,-0.37930572323195827,-0.3136815243352472,-0.13288312818697237,-1.4280086921362143,-0.23569683913331158,-0.16272026503445697,-0.20242121686742792,-0.04772267447647982,0.47776085110937994,0.5275716013748009,0.5578597556256553,-0.721918762402832,0.6663124868758513,0.5952192667881564,0.5833489528464075,-0.7756750674876416,0.6167857604043467,0.37774273384884594,0.2927649639052321,-0.239500824221113,0.645156185060301,0.4621513679211667,0.34197830887931674,-0.5825306271741248,-0.4996132087946285,-0.43606828856294044,-0.19827428481542098,0.9985281192896704,-0.20551727036530282,-0.11051769288517028,-0.19635729832536203,-1.447141408056877,0.021827582321202264,0.08482639655982799,0.04736063669698236,-1.239802211602723,0.5619888878907353,0.5854229119562595,0.6288900577015374,0.12484317362847686,0.614337593129065,0.5662839910483415,0.4858136879678741,-0.470906982960592,0.3441652611675468,0.015527308810461398,-0.09068561203651535,-0.01721862694598081,0.03530747540020785,0.07145633493606285,-0.00010321317494913965
2025-12-16,4.147940837121556,-3.3210265034292696,0.12732218974381837,-0.36822295272870903,-0.3345748186968704,-0.13544352798142262,-0.8257052473263998,-0.334795168443453,-0.27800660517485287,-0.12270225133480646,1.4118838580296864,-0.295578622346031,-0.16446129746706206,-0.21830850718235034,0.6695928684699456,0.42109314103479867,0.5467708315055123,0.5298069610048026,0.19313540206275515,0.684152915852721,0.5782041349344175,0.5919648008324924,0.044076842230988955,0.6815320691531979,0.3794461302905116,0.29115087472217893,0.04630913453023355,0.7146424094865006,0.45297183721600964,0.3287531493484535,-2.94867704006904,-0.33922487540670015,-0.3877141927778315,-0.14231877385843947,-0.3977338140147712,-0.20285903382450085,-0.0996255490971152,-0.2174596864901107,2.1303023902897475,-0.10244919228103959,0.04683826808268792,0.028387231467965346,0.22458383355310385,0.5335453201316377,0.6214900450719598,0.6169106513727611,-0.3617481140382304,0.6528129586357325,0.5599669152331225,0.4852155582187687,0.06561948495732173,0.3831349898439532,0.030629058939627165,-0.09761082153962646,0.9025961203541215,0.0919046792486485,0.07832951324120051,-0.014121963704233033
2025-12-17,4.149918348059475,0.19775109379187583,0.5571220053712125,-0.3897519289146033,-0.31764112253884363,-0.1259738542697927,-1.1760228382911104,-0.3142344932657606,-0.2613317765624677,-0.11583304871278367,-0.07065699380746876,-0.29519023678319384,-0.19439513854553736,-0.19934217340930332,0.6828177440636509,0.42650852924649185,0.5396543328565541,0.5282679596549207,0.15842682761960353,0.7001110099929705,0.5770634600326124,0.5884819836896148,-0.043465592329021474,0.6806829344162175,0.39858981494800816,0.2989817489580979,-0.45763456573990974,0.6979024567097788,0.46408410586985244,0.3663138198900822,-2.4139272125202527,-0.3356430617077343,-0.36008684052973927,-0.16604759940684258,0.47772208879060607,-0.18373806142734744,-0.12854647299006375,-0.18877741679654178,-0.08271915285689505,-0.0952119039472057,0.059538240760760586,0.0467866204625696,0.8738582674437225,0.5356297313972527,0.6130989753874612,0.609069965370984,0.29766209967539836,0.6675637029500984,0.553553689287999,0.48808112059412406,-0.20679656034837113,0.37356583810500765,0.0770387506905493,-0.08466648954599472,2.2313050303178814,0.07840029762944364,0.08901137139765603,-0.005384057642295253
2025-12-18,4.114838505340873,-3.5079842718602094,-0.5831669633468288,-0.28783437869505946,-0.2740864427167242,-0.10642505331687094,0.4799531455931936,-0.41911892105313653,-0.26162631454004037,-0.1305934247042522,0.6771572912181631,-0.33477076021980884,-0.24727090817494493,-0.21316518866961745,-0.47118530045153584,0.4428569657775629,0.5371488822847352,0.5317624428441214,-1.186434086168336,0.7386931283698291,0.6100729371360011,0.6040083483344593,-0.5442636672934189,0.7164161429213767,0.44512412816272323,0.3090801326079481,0.8324238042100525,0.5814633631958883,0.43246591429161085,0.3427646791571606,-2.227247217098355,-0.2513514105048651,-0.28962472738193246,-0.1443640040621863,3.143759664645037,-0.29853858896433744,-0.17695730870831225,-0.2241860886200439,0.8033079324466785,-0.13946514191792375,0.04195637269014717,0.037198151404557504,-0.9291172939667489,0.5607212913393376,0.6158466440800074,0.6242391289923557,-1.6236620644032003,0.7185876874693925,0.5810713247143692,0.5024583991734692,-1.4787158564000797,0.44198566867014033,0.12444817694754924,-0.056030384549594525,2.1034955919063423,0.014096706000231196,0.024693884370693753,-0.02596745646395287
2025-12-19,4.150020114498223,3.5181609157350024,0.10926233166774324,-0.3044632580990036,-0.30349991757220013,-0.1426019158277507,-1.1365973075409022,-0.43332208056155014,-0.28242179024792635,-0.15276492418050142,-0.05446612624633573,-0.3056359326278413,-0.26421269438906003,-0.20490302611013858,-0.9320772051970692,0.3451639788565599,0.5056712988916701,0.49553866871520186,-0.9390258529483198,0.6548774107622141,0.6030536547679762,0.5725442614064332,-0.9736717479186867,0.6077550670606937,0.41028651790982185,0.26939305876799197,-0.8016354993508077,0.4967579208509542,0.3875145712239781,0.29857259796914304,0.03904609567539197,-0.20085424159731205,-0.2807965321264151,-0.15278278659947392,-1.1233836656377822,-0.3653375697441645,-0.20492235512434537,-0.23847030140834488,-0.09122075806607999,-0.1356191657876852,0.048064249514347415,0.062223348454528885,-0.5460406621724481,0.5606581894115541,0.5913566579203117,0.6129815641015317,-1.2852886552679392,0.6811615222580268,0.5558756857647394,0.4870698204317666,-1.4842676598812798,0.30964023740870655,0.09131892330549593,-0.06677172837695085,-0.36806235458127035,0.00013687080511113413,0.009732905715189978,-0.04353898448015838
2025-12-22,4.169617381514055,1.9597267015831754,-1.1728556107981247,-0.37441682569896617,-0.30062204486740013,-0.1394932543863787,0.46471261500517125,-0.2871740763702599,-0.2733210604582703,-0.15891046348330107,-0.40354889657061443,-0.33437599111631555,-0.24504301963212177,-0.1974055350152783,-0.0879066905064192,0.28050956112283815,0.48865448943814477,0.49153426665629146,-0.6671386815915265,0.6325635389484339,0.5780465171651284,0.5620034886735507,-0.5473732082909264,0.5634977547707203,0.38215383581412243,0.2518625624959659,0.15915453735234464,0.48011357547101474,0.37403692064593586,0.2799106850859264,0.5100463844746721,-0.23157633202945097,-0.2864020026883654,-0.12935283223259272,3.3079609355876864,-0.19554453870983055,-0.16187720075134215,-0.2537017864845922,-0.6191544161099296,-0.14717308882778363,0.05934186510842886,0.0573784407766394,0.2134653141423808,0.5754270000698215,0.5943024923918807,0.6091911088168531,-1.2749696891463391,0.62592087387677,0.5233491170600522,0.47304866671557505,-2.8685328772560577,0.2531169569047125,0.040562556607525176,-0.08172232866797949,2.5048806945091124,-0.04867448351414931,0.04632100404540766,-0.051575249362720746
2025-12-23,4.167688600207533,-0.1928781306522076,0.6848976880611913,-0.39220489998886104,-0.3021241359471438,-0.12266035699457638,-0.4017884658936138,-0.24138884287055026,-0.2963603548294391,-0.1356722138166385,-0.128400060695744,-0.2953507704605328,-0.2456610138358337,-0.18354398284426418,-0.24882721429437116,0.2695181923652417,0.48983440861483446,0.4944938932446833,0.5925155316157804,0.605344790525164,0.602874794428074,0.5615995270607907,0.5396907976151203,0.5545593624044179,0.42547189471494873,0.24134927008966942,-0.048448486680056635,0.4434490898554688,0.38045207223577043,0.26664781986500713,1.547221245363023,-0.19233922627867778,-0.2918323319266195,-0.1280974249760107,0.2504295037923059,-0.22372881489385746,-0.16176315781992295,-0.24625075238643188,-0.6996346466936937,-0.11140955550051722,0.07235966065114668,0.0687535478862527,-0.21260953135119676,0.5722043680530148,0.5986052706390126,0.6076641280966569,0.4381962391339136,0.6222066222854268,0.5310899258171449,0.4836991189597077,1.7292148630068096,0.2359645582857671,0.03969396824203485,-0.10301961402900939,-1.18012205236182,-0.1450321381164032,0.049571012530400714,-0.05086169914676783
2025-12-24,4.1325296982580735,-3.5158901949459143,-0.32192838364505283,-0.33639710476265317,-0.270868019358919,-0.12091038472504081,-0.219365616820832,-0.17491984542843966,-0.301622439882218,-0.1397765954369929,0.07982579485842223,-0.35095680454608447,-0.2397140807719147,-0.20234555293961393,-0.13495881886759342,0.24502466666867415,0.4885790811738673,0.49091158175760424,-0.4178117171615008,0.566048464630481,0.6177877629240445,0.5692108627743873,-0.5446447640321217,0.5406816261897746,0.45637763128975883,0.2572107820955188,-1.5023873154139127,0.4769236214247015,0.41733811988819824,0.2980408709447836,0.0789336558093281,-0.18164570776803587,-0.29523608236811877,-0.137985749247107,1.419130368385523,-0.19731123608321455,-0.1830186035162802,-0.2593922347564715,-0.9785862540713504,-0.15779966954214147,0.10317208079261561,0.07866219770346863,0.5458589857797922,0.4656515000422671,0.5887697464406636,0.6072652170408682,-0.2773853365098913,0.5677656395004443,0.5331864971286228,0.5009938711070615,0.537618746649299,0.18149435606552264,0.019060145706469637,-0.10863503212391969,-2.361085961446746,-0.035779436313095644,0.09669069564482155,-0.017376577123421062
2025-12-26,4.132597971452548,0.00682731944747772,0.35770290911964797,-0.3302837640038202,-0.2889661984187753,-0.14161355895650538,0.15061483350609284,-0.1934498904906913,-0.2940470137177243,-0.16069710308416466,0.7838831860418688,-0.34688341689465535,-0.22748685432674606,-0.2107069308731311,0.755661561891008,0.22949500548957566,0.4904763620218714,0.49850250576443805,0.4869131000942625,0.5831739269839643,0.6115855199860695,0.565839566570354,0.2819629364417472,0.5418363252847621,0.45013871964707447,0.2799256135024267,-0.5094911611519264,0.4811567907899071,0.4103335928747801,0.3004219327789306,0.3813778316872831,-0.18138201837720178,-0.2961340523885758,-0.14485553959658543,0.014621893101411265,-0.21191862359648253,-0.1715137575202946,-0.26740045580595756,0.7781605291921441,-0.15018358748021984,0.13228921866245388,0.050848211201217464,0.45167199631550814,0.45766249848207907,0.58580440797358,0.5969382343787313,0.5409393215228918,0.5766267526749809,0.5276382242200313,0.5262195083132007,0.9862678368724704,0.19879771209858946,0.0064604010684228205,-0.10302378940937244,-1.0471356480188065,-0.02919042125732778,0.09469568410933696,-0.016614531272970152
2025-12-29,4.115039772259669,-1.7558199192879265,0.24339732290598404,-0.3904829397775176,-0.24274298030915578,-0.1443343288423713,1.4668586077096992,-0.2535878431207876,-0.2988206338869334,-0.17711119763780878,0.7819962222524128,-0.383995886972582,-0.2999888673894384,-0.22592364544834329,0.7593035876908576,0.174665425610098,0.4066688533754782,0.49257339028041447,0.32581197557423996,0.5530494814472213,0.5501020461348943,0.5617720240711681,-0.5226200122334432,0.5473230510142486,0.36962308375374286,0.28244359380235323,0.4799894055155517,0.4561327048640066,0.4324488422830223,0.3019667490702591,-2.2011529116734723,-0.14968593243291892,-0.26860258742012555,-0.13668926648494503,3.136938821291239,-0.2560759980314894,-0.22003179519233915,-0.27633519306450294,2.0679375259162787,-0.20878908327035456,0.009190895568373499,0.025435276614414398,0.18604857270472194,0.44212867540740763,0.5334029399129191,0.60172418625582,-0.8585449963893879,0.5799916161001119,0.4963529629117719,0.5278774986077869,-1.261133575617325,0.21828573495087594,-0.011594111488081128,-0.08976226013431986,2.1203279276280673,-0.05625225593726119,0.013879685126352001,-0.027139903099925266
2025-12-30,4.126779300328056,1.173952806838674,-1.1197811476374175,-0.18642402253911902,-0.25725821115128256,-0.1563711110109698,0.7141043522624415,-0.21549607690086567,-0.2776765940499625,-0.1583667992541433,-0.3312350093018528,-0.3773862180777369,-0.3216720097431153,-0.21986956441671246,-0.6620122322630784,0.16623793336719098,0.391939569784687,0.4710008688046105,0.17198928189178242,0.5153567288823263,0.565189029393695,0.5482496828330898,0.1035177733792928,0.5298949614356995,0.3860686977241875,0.27649076067433476,-0.9519182391751799,0.4033690309032291,0.38397293993860243,0.2844678535534215,-2.165430020066067,0.07707071037122322,-0.27084830408099336,-0.13745805820626095,-0.11596993257687993,-0.28072977234370766,-0.20208465882314014,-0.26826984708017754,-0.01010883684921926,-0.2002051625734472,-0.049709701418859685,0.04136135274266746,-0.8681683608556308,0.2956619257376463,0.5022331323468006,0.5803959000693613,-0.49233782830776124,0.550559150437925,0.5166283935491336,0.5100758780972721,0.06626631385778237,0.1485621627976806,-0.010350086951749594,-0.07105267660849152,1.7793581174455522,0.05146651267422097,0.01685086160601993,-0.026204850453651483
2025-12-31,4.152274045076331,2.549474474827562,-0.8255211087808607,-0.22535311949698614,-0.27498115492787495,-0.1782474060299465,1.4746836537872863,-0.11051103882354335,-0.23132235449324556,-0.1292170121019557,-0.7709267880444703,-0.40734422291694716,-0.34241009857616195,-0.2261425520989614,-0.10639238019020159,0.14412225418251598,0.38810313416393705,0.46795565735758315,0.034472884055609665,0.5507995219906413,0.5608508467131631,0.5465142972677554,-0.5646410016982977,0.4908114593765981,0.36140172160945233,0.25771046248963986,-0.14305867077992607,0.38370978123087124,0.3762805431273431,0.27355875044197414,-1.8300480896050924,0.037364720645001764,-0.29001489284110576,-0.18464800493780892,1.8534060703120876,-0.23268094349080848,-0.1797184242092882,-0.2460894453400589,-1.3104779624296063,-0.24835811844628575,-0.07260565894899303,0.02601321180399131,0.6062098023301214,0.30498935320896003,0.5086461484639733,0.5841225488147651,0.5708036886560257,0.560573081276378,0.5218159831326473,0.5105302847089127,-1.0819464846564384,0.11951335450810868,-0.02725839803911409,-0.09275284255755259,-0.7663902497792228,-0.017503994563719615,0.010214643928077208,-0.0378233981600524
2026-01-02,4.187724320360476,3.5450275284144794,-0.6628558258131939,-0.25313503587410224,-0.29748039721868946,-0.18963023662768816,-1.076433843774515,-0.1367310660980973,-0.2557167280884946,-0.14434627145386106,0.4111715438730688,-0.312623647634229,-0.32308358510589436,-0.19929016078537887,0.5119239118052797,0.1614963403037535,0.3975993105625059,0.4714825100749634,1.317878261570189,0.574196354140723,0.5776597606905364,0.5607336716621846,-0.05007859507833601,0.454407720022381,0.35532749369206357,0.26396937285993566,0.39663466978652817,0.380045459760712,0.3969090744585034,0.280085557001555,-0.6294114278945888,0.08922272670328417,-0.28907766941156604,-0.1921281890880499,-2.186513141948762,-0.3348959146760062,-0.2138397243455844,-0.25587966002576207,0.048408402693606356,-0.1977817169259132,-0.07067867101588719,0.028105079466716865,1.384137191221328,0.3730583839685592,0.5337971660656831,0.6045953674523202,1.434217301596528,0.5470188017491053,0.5363157336359515,0.5268800850490808,0.2136658021287008,0.143989281935429,-0.019521823172953815,-0.08938179626224772,-0.11102675879753932,-0.09031084736790537,0.006368562033713802,-0.047030114064585
2026-01-05,4.162201853557488,-2.5522466802987864,0.044503535097161595,-0.302465614042047,-0.29217826019118637,-0.159195401950208,0.4598761548384768,-0.10499697471412867,-0.2762071882975482,-0.16700798392668215,-0.11827540860755847,-0.2988912994340196,-0.3218822337058124,-0.21459593093234192,-0.34269610570939835,0.0833871374226439,0.3974854263722019,0.46472721416220714,-0.31234948303986754,0.512440160828277,0.5760493657913394,0.5519318035260743,-0.5130535878196621,0.3679838292782784,0.3736215239383813,0.2527927738423827,-0.25789803168829434,0.33990463460096443,0.3965773618172433,0.25906578689759213,-0.6559371694211936,-0.004374035024811598,-0.28493928116382006,-0.16474592568295712,0.9909391283057983,-0.27349033915645715,-0.21922085504014743,-0.2614088284268191,0.09715418693160327,-0.24331366823041103,-0.07465118683892714,0.003787439273390505,-1.0214837272220456,0.3220188946581166,0.5459518307500103,0.6003754877771389,-0.33522585811479777,0.4957034168071982,0.5415808097205275,0.5207983159241938,-0.65466257577227,0.08147727782624606,-0.0064148507763126476,-0.08583542351305302,-0.07079106850580485,-0.030701655649606713,-0.005479657417127643,-0.04961587591921343
2026-01-06,4.17795793699418,1.5756083436691881,-1.9352686911325856,-0.34488368860784835,-0.2815476157922645,-0.17163324867946325,2.059865360474368,0.019084906983603257,-0.25421045956551214,-0.15836407809768804,-0.23986965517364167,-0.21231389580880225,-0.30541730601279904,-0.21193049648436346,-0.08519895847022396,0.17706895295736896,0.3465777923596648,0.46484247315946264,-0.2595003850519648,0.5203203767230483,0.5435496067873336,0.5522887852121172,-0.16687219679522236,0.3569347884748433,0.36986009788798724,0.25787115741938765,-0.33334131437792064,0.26145190262868895,0.3879531596134067,0.24565928571222007,1.2777655931395455,-0.03974865896908666,-0.2122100528197385,-0.16195326433997104,-2.361934685937795,-0.24806629644500303,-0.29961581792128544,-0.26517842843377737,0.5270585937984991,-0.14453912688855422,-0.08416337274930193,0.020115225993285215,0.7360181227016,0.353656951966573,0.5237796523709389,0.5923124271972807,-1.3720234655397343,0.554107807558069,0.5287610487650286,0.5120431169477028,2.2696895145326526,0.11558040040009239,0.08558171457706812,-0.06134373766219049,1.3130853228219617,-0.04411193365003609,-0.0021134726841073553,-0.06814308337083885
2026-01-07,4.13675550401814,-4.120243297604009,-2.5123944531346556,-0.06988826783332998,-0.09292010147316854,-0.08834997449815156,3.489658590558496,-0.20482622039721665,-0.3361904209049703,-0.2131187513297855,0.9297756185665276,-0.2756964629936483,-0.36313346442531413,-0.2329564907244741,0.9568956362150369,0.020543140911214373,0.24808001697905907,0.42898224225380177,0.6317897818602689,0.3668054730585581,0.48108311463953146,0.5301203332598039,1.0039248484342496,0.09434027890058953,0.28266429414487426,0.2215703333334846,0.15592538041364468,0.16261285420860158,0.3663781831728731,0.2456226743831502,0.979930624868032,-0.08519229979634704,-0.18801238638715648,-0.17875974868313754,-0.18431639005955214,-0.1851057437703263,-0.27278856433078874,-0.2588794053195103,0.9611197752748448,-0.2843069459220374,-0.18686189762868,-0.001999318393766456,-0.41617094651609277,0.3769891471538605,0.545440176357692,0.5940815420487622,1.5581277420284576,0.3435348956137913,0.4171323117441796,0.4725409305091195,0.0803110022715583,0.09085522059608146,0.11295425208498674,-0.06170929293224066,-0.38783268549931194,0.060879585203925,-0.007231062464896227,-0.057914428581628416
2026-01-08,4.181964564081197,4.520906006305658,-0.8023165919884319,-0.14598966857467163,-0.12569789174318483,-0.10935281771334053,0.5418269035580607,-0.1452229907464594,-0.3111591401294473,-0.1999813079041251,-0.7340790451095616,-0.3633477433896758,-0.39230076251696566,-0.25144223612491207,-0.6453112978759424,-0.0536714954969117,0.21148111909227488,0.3983086867638565,-0.35878223343745275,0.2845081453810228,0.44884065116339317,0.5114251924959656,-0.13274959310633921,0.0626035214190697,0.2705361473097084,0.2060161061657635,0.43663749052667516,0.1929433155833682,0.3814498602964113,0.2570927034632243,2.58668181423152,0.054702982795226535,-0.10581268746807186,-0.12488988465886122,-4.266336159837562,-0.3195297739866658,-0.3415624701617084,-0.3078945896945241,-0.4715835765241154,-0.28839978347817025,-0.2003862804598253,-0.008159463819185564,-1.1816391553911614,0.2107371889660438,0.4791468206241052,0.5570143639575595,1.0032934664949087,0.37511427043832757,0.432640953635524,0.4810872543290391,-2.8204755466070783,-0.03956585422998533,0.016049005736629197,-0.11544179009245635,3.194889318559072,0.14916440899191408,0.0607502517894045,-0.0164192935766802
2026-01-09,4.170259729984331,-1.170483409686529,7.410552822987391,-0.14426861325143148,-0.13437845317014652,-0.12111766355309016,-1.7809259353675522,-0.11736654426403904,-0.27202760585920316,-0.18352404559253183,1.9735805501505617,-0.4132053082420884,-0.3792654232482059,-0.2454344775272121,-7.927473748950945,0.03668626681352563,0.16049369355295004,0.27435993545476295,-13.626534823435744,0.14829720625933854,0.22760769178445747,0.27639109038956,-8.413946746723711,0.09924724898195827,0.1812021838282733,0.1738449255646393,-1.6475007920317437,0.2274124023553014,0.40972759905855155,0.2866328997216771,9.415310614722369,-0.03470299330673257,-0.13550270020707256,-0.19888353823700838,-0.5030386438624959,-0.3219129505580676,-0.32912872419712164,-0.19878381657334127,-0.6000895813919378,-0.3396378043161378,-0.18287142301218992,0.017022170170274634,-11.25536277520064,0.13679346339406087,0.299595033158817,0.37801218820186494,-10.22502338684706,0.2390550260338792,0.3219290443677485,0.3423630030594043,-4.361762681227216,0.01901174594315897,0.0422688717197044,-0.07210427263698584,3.459324428603219,0.10710639522173149,0.0419943087075576,0.036115740612800186
2026-01-12,4.1860519012987725,1.5792171314441106,0.8681039493036002,-0.09748727104905179,-0.12792198849798844,-0.11651164232899966,3.4165996102667258,-0.10242988410921464,-0.21881906815738922,-0.1510519011422787,-1.664389212595264,-0.3972135486102915,-0.3774783772565456,-0.2497090238145587,-5.017442068747302,0.003981200330619195,0.11588861537296088,0.22066622456940502,-2.020461862915043,0.14241770876945106,0.22432490408922803,0.2647154735762322,-0.22524382526325137,0.12016220954158888,0.20666960246650048,0.1687263711712685,-1.3214424025089628,0.16309593425195243,0.3721744398141422,0.2638102377635539,0.9139220604330398,-0.0011627765218537132,-0.13901112556709408,-0.17686537618913462,0.3006137467132515,-0.3771313237237672,-0.3226476853135405,-0.20135560190416732,-0.23374695211482566,-0.3307578275835329,-0.1729693158215219,-0.012494746327336426,-4.815681038833834,0.11718553019770996,0.25712134452036967,0.34583187276649535,-1.1973371462833053,0.22827758548060556,0.33507627081570857,0.3423732650727263,3.2619556447109983,0.060297939657284416,0.0858815224964652,-0.031037325885716758,0.43674955504683194,0.14307686166334688,0.05000194797480306,0.026336031561745004
2026-01-13,4.170327858203003,-1.5724043095769247,1.3752875486055678,-0.12100631546423547,-0.1483499654823888,-0.11683813482155295,-0.5132516912589309,-0.05516453577880237,-0.18716668717056134,-0.15452907680056746,-0.9990339052425088,-0.4259305640623322,-0.33206393288834934,-0.22592431971662968,-0.2006118387817284,-0.09299973057120343,0.09534892788615758,0.22630840253915138,0.9529332311500003,0.07224374707290024,0.19939938492957215,0.26288614789969883,0.3465921662588545,0.03554252024813977,0.18884180041370466,0.16503250759408858,0.4015731306686816,-0.02767486261643623,0.33411536983256507,0.24454407415809645,3.3339057403883103,0.07314300428132443,-0.14621502494914185,-0.20312068161511848,-1.5999374171592993,-0.44765130332489356,-0.2889164642169379,-0.18263763040020028,-1.886716155884851,-0.2901485031417207,-0.1261979285185382,0.013948354541672004,1.4388869515655967,0.05436825175265175,0.22391935696302584,0.3419019403127048,1.151538428627549,0.0963594255105866,0.30228527837730357,0.3378036684370066,0.6114343313843422,-0.07401251088308528,0.07439049138255874,-0.04018333119796037,1.3970188556951912,0.16223851936679026,0.05160698200913609,-0.015663533259524
2026-01-14,4.138902045371099,-3.1425812831904487,3.2051799962614944,-0.19068834330108403,-0.2135030642445733,-0.18523980828579772,-1.6763173633533694,0.02263413965256471,-0.14080679101723573,-0.17682894720822495,-0.18272394054442254,-0.4663586049999773,-0.34101086080608195,-0.25921047844728995,1.4377967343451103,-0.13755359211996718,0.05049426027774523,0.1707710560031382,0.06096804850915838,0.05499493251230587,0.19223338746327712,0.2507988972743747,0.01228768542531522,0.014422974480557923,0.18027615196095398,0.1880611087975645,-0.4121865569282944,-0.01389918851751281,0.33443187485321213,0.3289172871772551,-3.1246706768314567,0.13063110542626816,-0.10563471494870787,-0.1626436651374085,3.8740873409916166,-0.49402697788693634,-0.3513864381944473,-0.2561754418840048,-0.3299896536992004,-0.30872688443917035,-0.13663607790670365,-0.027701128937819355,1.5311244371111714,0.0020025444924838703,0.17397983239327727,0.28134632515538754,1.0513666297003423,0.06056489854929124,0.27550949337256886,0.3282243438891219,0.4261089414483392,-0.09758490825285554,0.08331770438208257,-0.016463243216913524,-2.045760455736179,0.23246993329091592,0.11429171299430278,0.09513129512149056
2026-01-15,4.158585438143167,1.9683392772067876,-2.3828918987857124,-0.23848857707525936,-0.22654873307967952,-0.21945814058262655,1.38245261790973,0.0005232513324412489,-0.1292778889620963,-0.15647129930940243,1.0035900368116109,-0.3405030299483426,-0.3118021120921572,-0.2155607963182016,0.36676542578870075,-0.08666829905483041,0.060537847265877485,0.18679511109616198,-0.052721077678323125,0.08513175023229529,0.20231225614546808,0.24611146325036207,-1.3279925689109313,0.01990219461631467,0.18088128200833065,0.17855534586250074,-0.43012296681953377,0.00846060399004413,0.359355595868191,0.3147204818225407,-2.0527056219765742,0.0315521069918507,-0.11175703532384598,-0.18537305961887723,-2.484298375234376,-0.5563718530712193,-0.37339480484057114,-0.26522311378839036,1.4646894373518209,-0.1251630854271494,-0.11142629176264532,0.004676086485781764,1.1432284140596036,0.04667414550637132,0.18127812714107724,0.29999122076437174,1.5463608975593723,0.09828589242120546,0.29899113574701647,0.3273395044574046,-1.7795462695280801,-0.11603383953291638,0.07671475234778463,-0.019447431222755704,-0.618961600308336,0.21621147828548798,0.14586261554445823,0.11082286251264588
2026-01-16,4.229846342499954,7.126090435678734,-0.9585867114260163,-0.26016406085699856,-0.25503777824251833,-0.23262808720997552,0.7848459717511682,0.026751624460433058,-0.08606104701761402,-0.12146550486507948,-1.261204520771488,-0.4481251521271005,-0.37112093181224326,-0.28218052162430174,-1.6122997582471619,-0.12847703327491874,0.015565470934168591,0.14149557132829219,-0.11789530323615027,0.09760250899654332,0.20042067613035452,0.2389488150043906,-1.0317898251727522,-0.007184148219608529,0.13984519321245872,0.15640403697197672,-0.008229675513603207,0.054873769641490544,0.34504158903100235,0.3151182776065198,1.4510570682692485,0.07717908413773372,-0.07232319074303038,-0.13947566800122937,-3.7240973282083525,-0.6347882359984798,-0.43847353781293497,-0.34120718603252465,-2.5279913797952545,-0.3564469252467578,-0.22363348280034875,-0.07416553690592402,-0.17229932545655346,0.05960542670923591,0.17563268625188264,0.2846407589080303,-0.4689999734138275,0.08536187622912582,0.2795851548645352,0.30421134399568517,-1.0596501053632414,-0.14082482089584095,0.03341812361918976,-0.021212571330770206,-0.593667103455728,0.111477785555777,0.09754826172409044,0.09531617681521805
2026-01-20,4.293543245979025,6.369690347907131,-0.31094576748293434,-0.28613618823700854,-0.257361311649757,-0.23869242708896757,-0.9361719406517344,-0.06324961393154721,-0.12812509395363506,-0.1342638957120935,-0.6546219812715584,-0.4412597452134172,-0.39645138716069933,-0.32032208726731737,1.5362471171446623,-0.02240811836427302,0.06299331662416277,0.16471138351235667,0.5354620905043712,0.12119423141139009,0.20801711658447566,0.25053538922542745,0.5148854455211136,0.05286472098168737,0.1575618547784634,0.18296667010560236,0.07304443521259552,0.22938255186633383,0.34265850684263643,0.32738208865416374,1.3686243933863027,0.038625715603648865,-0.03881648355947224,-0.10272676596980311,-4.443479096287754,-0.6605471473054041,-0.5035747397287266,-0.38585704689402783,0.047047528538598726,-0.2676841969595396,-0.21014776794824153,-0.06631884522707757,2.8322776924464,0.15499292461090364,0.22563041016327182,0.31190545950102466,0.9184911177695965,0.1004720796519379,0.2932899610496205,0.3183523352787758,-0.476533698361874,-0.18011385685571404,0.01671426427874388,-0.02230324800601001,0.6169277416495795,0.1929241134421927,0.1054571776226216,0.08826576776839778
2026-01-21,4.251785174787245,-4.175807119178021,0.6958357488458113,-0.29702362267587634,-0.26396879699485803,-0.2507532930530142,-0.8080281373342273,0.05170680803884183,-0.09725284888736017,-0.11746316419481216,1.1803272932388449,-0.5070911188490491,-0.4103631621202927,-0.35422557307128805,0.4157400755384959,-0.047411281936755714,0.04616607543826697,0.1588108939284591,0.6039434693497293,0.0895798424888773,0.18764229057428958,0.24409212006195355,1.0133645058477971,-0.002709055801055888,0.1278444573429282,0.16011257318723382,-0.3741016720686976,0.2677716492364891,0.36513397379050005,0.3363076373483413,1.0621901405350047,0.032591868752198015,-0.04397840159488906,-0.1174276765759126,1.4482364372859393,-0.6695330872805756,-0.5324825595654921,-0.40257592173678763,0.494281640069408,-0.30592750097702753,-0.22142198904332913,-0.07055469044534249,-0.26506667046273613,0.14505555047593868,0.23384841890194902,0.3103902405662393,0.6764487174252225,0.08270910361075734,0.28035431895919044,0.3077615035505011,2.0247845152888226,-0.2352428070995336,-0.04686730123449628,-0.058846699758681176,-1.5011038401942096,0.28282517802517715,0.14758393068849157,0.10955730683374801
2026-01-22,4.249851670916388,-0.19335038708572228,-1.6348206309948352,-0.2743178441082995,-0.2677591410611418,-0.24074150693250682,-0.7040348805306399,0.05819992319016767,-0.04724966976902164,-0.1131156333700319,-0.8791678991981187,-0.48118547850776794,-0.4098730134678561,-0.33288625689472107,0.8679121880417187,-0.0577953637149924,0.02834925066220208,0.14598155776560076,1.217365905757902,0.08427180149101124,0.1844300145873847,0.2292677513645683,-0.4886594771983053,-0.0023723826540567017,0.12479471873327865,0.149236084049658,0.6003889080245568,0.2295153908914278,0.34875800037966775,0.3182643946923561,-1.4230552714574656,0.04024839374696381,-0.06281147512418161,-0.11835483232456052,-0.27910124529263036,-0.7541209348343122,-0.5111819147674358,-0.40402923819136577,-1.0566028548209185,-0.2851644968294815,-0.21507979338742703,-0.05664209764245804,2.0437198428789385,0.12990610753911416,0.2311895299033831,0.30374801726674777,-0.663697461428081,0.09457960040514235,0.2657921168865747,0.29661299584623624,1.699193143616096,-0.21817678037404517,-0.038854742412988454,-0.07190381853839517,-3.94909750276336,0.25105785257832947,0.11735255822206019,0.12414987708954017
2026-01-23,4.237093748882878,-1.2757922033509672,-2.3870088889423906,-0.23501910422177,-0.2402089323063502,-0.21756218924402945,0.21891359141924127,0.056711531648906945,-0.043251259144207556,-0.11675351519569616,-1.2610943515841657,-0.4275541656587366,-0.3637531372205626,-0.3111874063960103,0.16838792682000003,-0.06381577643579814,0.024097995346691003,0.14384551632361556,1.0908177314599032,0.0735327064269665,0.1735138399390536,0.22466114748077562,0.1715509958613574,-0.006732571257340467,0.12564822644367937,0.15115122911799772,-0.6760311812430192,0.24546102009666568,0.33816293307018197,0.3256812099841213,-1.9014809062710594,0.06498782058758368,-0.035853897298537295,-0.1092968943951064,1.164968966443085,-0.7574417956347304,-0.5267236486635721,-0.407343130160128,-1.0258252812907904,-0.2652429782796402,-0.18851124047893394,-0.047281003265718484,0.0897554770900032,0.12564826384074518,0.22820869066444585,0.3032682501524941,-0.21554360099672643,0.09621418064814398,0.26528108673358697,0.29891435110268577,2.9577066722413283,-0.23989002293679054,-0.06055876682247846,-0.08871508861914175,-4.537903011871258,0.2708577691147793,0.11185323569928074,0.13928134105234008
2026-01-26,4.210354293126903,-2.673945575597525,-0.5015524866146048,-0.23572179921111175,-0.22943491351833875,-0.20827800124242954,1.8497534911961888,-0.016458154124743416,-0.0672411195327694,-0.14249923605890866,-2.230233031583248,-0.2823277381189016,-0.2978065434451203,-0.2467655290801093,-0.15858405577380474,-0.062320878890339354,0.019165988248953665,0.1430210105544316,-0.9808424127695905,0.08351292058629713,0.16782486817965864,0.22880696574732093,-1.6712719147663295,0.021276761245137468,0.13867771164762097,0.16588012119263695,0.25032390413893113,0.10286555632523091,0.3032463656945477,0.3159623742481736,0.4175457252699297,0.05863545042352427,-0.0357187145996084,-0.1128432481297142,0.40519341031496614,-0.7460970333604747,-0.5089950604586252,-0.40775182597623544,-2.1817737859293214,-0.21082156994098164,-0.1818151140065123,-0.012370725432470886,0.6357495605176768,0.1299157370421724,0.19827969099027803,0.29602634898025876,-1.3627513236511604,0.11824528194575522,0.25646994703039805,0.3064737736944238,-0.890673728300446,-0.201983938419571,-0.054236097047561965,-0.07965217084834497,0.19360093762147512,0.20725649163477908,0.10643485768493449,0.13739487460838581
2026-01-27,4.222301563206234,1.1947270079331496,0.9450795335566724,-0.2275662116309374,-0.22299808599689552,-0.20944094496000654,-0.5447836129841281,-0.026374099868328085,-0.07490443030584586,-0.14046250581362188,-1.4192699029606395,-0.28744220162510276,-0.29484131652892437,-0.24007809076583517,-1.1692056556087365,-0.06266062851937469,0.01723966330495363,0.14320909783652053,-1.104716157362848,0.08360709098662812,0.16966320022179907,0.22521741995985267,-0.20813573795159046,0.026764303354725724,0.1421282665799199,0.16466320995240585,-1.0995243393769822,0.0782559861463449,0.2900607726175964,0.2982961179688181,-0.16240262411263995,0.05632419737249269,-0.035723834775516786,-0.11395563246977057,-1.0702842431658723,-0.7466979304035705,-0.5141849776370225,-0.4046463074791614,0.07442014516831064,-0.2048863984721196,-0.17511515233122546,0.004778706098135818,-0.8323563610659328,0.12990309245738862,0.19424197325258644,0.292896063152225,-0.8765481881433025,0.11830932142976733,0.2589522584987599,0.30233083084057516,0.3035506311738848,-0.19757840127545914,-0.04637987554271038,-0.08414333234858956,-0.8894516810697428,0.1990882709335212,0.10246223412556943,0.13299662690411096
2026-01-28,4.250179054042361,2.787749083612656,0.08844162881683193,-0.22036724211652567,-0.23272981230903544,-0.19979453686525026,0.6794534800938883,0.0027203937421487793,-0.06252090682768532,-0.11802221509310544,-2.555899974969501,-0.29712508486501216,-0.3214765345159506,-0.29623396314398154,-0.6890148261067073,-0.04248424678819991,0.005969227431368641,0.09995716901536014,0.24585239412754234,0.1039919080560041,0.17016138545019865,0.19739700198831117,-0.24516235819847343,0.03472978954815076,0.13770757656330843,0.11658255368079241,-0.7064226637561825,0.10041119059843777,0.27257136135535864,0.29514138440963966,-1.1232410732240323,0.0030363723086329984,-0.04651186782352119,-0.11282223873440113,-0.4702068144552318,-0.7382428836094617,-0.5155971505786723,-0.4363181298874202,-0.2182898362572545,-0.14058253350510092,-0.1785057183252136,-0.05859010809456244,-0.563027871333027,0.13618514812071664,0.18448759476859164,0.2547938330676187,0.4258471769760668,0.12245139675768407,0.259741574826022,0.27914586436467875,-3.122029302689853,-0.2639793522431408,-0.07857960860536439,-0.1298007817812401,0.04389241686255431,0.2501926680771799,0.10443213825935228,0.09963971274208983
2026-01-29,4.2263710574112245,-2.380799663113642,-0.12249653251194559,-0.21122488448487456,-0.19185511861697918,-0.2009394943831526,-0.3621280326894687,0.025029231634048126,-0.02782970401033576,-0.10463157087963974,-1.0554625357468899,-0.26915519028082874,-0.3091928618533593,-0.2898388763360226,1.377615781225629,-0.08068922889564097,-0.03175215014110308,0.07933403350788584,1.1468856106703775,0.07399445103483762,0.13362738457117626,0.18756861627372903,0.5400849339698719,0.004032327306875955,0.09765651172924532,0.10836495618724584,0.48655141284267533,0.051790205790502655,0.21274614389741425,0.26020850210935353,-0.6947393158540414,0.0314109217046005,0.05614629818036988,-0.10357473459672185,-2.440856465317376,-0.6792178551109591,-0.5192535163386408,-0.4037712416300506,1.8459332326792,-0.217262071754527,-0.2145685017792674,-0.12285206800891903,2.3250991388681728,0.09134255440950177,0.11924077432861582,0.2236175923417795,0.18043365065795824,0.11113140452070402,0.23111163829806103,0.2834633993057186,1.9063246384081953,-0.2979742608585513,-0.14395459410993738,-0.1471553650359199,-0.9672842403389003,0.2595700177006556,0.1534510445705906,0.10316417039370447
2026-01-30,4.240444781364365,1.407372395314077,-0.08258159705038404,-0.20213726823574246,-0.19077418296618254,-0.20111069433697282,1.1436967504010882,0.009146673834204592,-0.02438164975681726,-0.09911307455653756,-3.154984855935197,-0.2668670543705596,-0.30290784183185043,-0.2873158818641023,0.8653700341969697,-0.07735434314587768,-0.027613545315745343,0.0834398128995461,0.4450055219435952,0.07313840153947415,0.1302934331496929,0.18871023186089855,0.8028914490440687,0.01446184055895079,0.09875434726661078,0.11220657688079365,0.5611061705504672,0.06438912543381024,0.21116902522759035,0.2631863435788112,-2.6254373315302626,0.041941547880500196,0.042801049132849385,-0.11105549249961753,-1.7168911151724129,-0.7620591131671423,-0.5208069184487476,-0.4095189070061123,1.9650733850861344,-0.14818041664945114,-0.19378655941307665,-0.10451027221202587,0.812431447814389,0.08774174654802012,0.11727441501662686,0.22425234692045098,0.09178688843044078,0.10310448421612299,0.22798851135106757,0.28400581354027316,0.09921150658534227,-0.2843196884541074,-0.14276998604158034,-0.1456412671616585,1.5747093512442438,0.2789602656438865,0.1504656821690378,0.11082112987320604
2026-02-02,4.276393807369083,3.5949026004717943,-0.7681834866280224,-0.2044040095567108,-0.19790212994594192,-0.20948085072047667,-0.17372106879525767,0.03905750921040842,-0.028475585215187015,-0.10189751086989708,-0.24634485125500794,-0.2956679429436708,-0.2717045231331598,-0.28707875178722353,-0.23756550336322246,-0.09386841354878149,-0.026394088170086965,0.08113547761634227,0.5922205587940896,0.06257696546214653,0.13799062234493847,0.19311770975840037,0.676593711474966,0.03257901320671592,0.11033489780858978,0.12219967889154028,1.37689129963361,0.12502993370683996,0.24172872310022345,0.2928876708482074,-1.0468173092164845,0.03382759354524665,0.04200094895938597,-0.11730304205854208,-0.7946029432589151,-0.7354080859809482,-0.531467110520437,-0.411959892984445,0.45907517659674224,-0.13034289589048706,-0.1589929095878515,-0.09509596284787555,0.6998476567782945,0.07737334649894288,0.13046161577823157,0.22840500962120594,1.239650349216877,0.10000281850920466,0.22227891103564018,0.2932529648565085,-2.63235717201528,-0.3398050085886498,-0.18030406598648405,-0.1709817871772275,2.616726708011872,0.33165581089286145,0.17180895883377756,0.13411236025171802
2026-02-03,4.2724607057201744,-0.393310164890881,-0.5188601130196799,-0.20405438048438376,-0.20914387572797372,-0.20775353163545188,0.8802474166278724,0.036234262227896885,0.0016918682330429346,-0.1103659317622428,0.4462493863079997,-0.2890703335611986,-0.28875627464407494,-0.2893871288054425,1.0953591124054398,-0.10177687765309802,-0.06286370932843433,0.07010724851864888,1.3660228483921475,0.05807850475402729,0.10882648913525449,0.18696597606898713,0.7568587714370271,0.022596764259991083,0.07061828949208415,0.12211869589245138,1.232399141899053,0.08404858297120929,0.18872989907576165,0.274360594331029,0.48923603178300823,0.014706681728404513,0.019802804104388977,-0.12054517421374272,3.442340097078771,-0.6764574206198369,-0.5106296540102054,-0.4030985060931644,0.5337562126609535,-0.13116819183288733,-0.1801823210128514,-0.09757823925231006,-0.2782398776376033,0.06726076486995469,0.10437182626078396,0.22172131260772726,0.5489835000098561,0.0965401595787643,0.1953490710044379,0.29420136390109625,-0.23365622271278408,-0.35958570603739576,-0.21015156736263696,-0.17050227186774536,0.788563329922291,0.3303342378453828,0.1799409630999644,0.12458602114724754
2026-02-04,4.276518401088516,0.4057695368341996,-0.5629282710267773,-0.19281658534351273,-0.2155156740239643,-0.20555959423133474,0.7119377553115998,0.017528635374932093,0.025921705194753022,-0.11544625676606933,-0.11277521626527998,-0.2954164291346691,-0.2654570258468197,-0.29038364311832865,1.1488051236025696,-0.10449193707053127,-0.050539478176728964,0.04453858792555069,0.8663282512421728,0.05618745389402498,0.1083012229260736,0.17234514792019687,1.1460692955181697,0.019252142231725666,0.0659845942794356,0.11678040733437718,0.5222676615946943,0.08810934225854303,0.15793666384312108,0.2691551793986036,0.0995655447222239,0.009658656842852123,0.0064581111361858385,-0.08549378782127726,-1.6325532514287837,-0.6717719759726243,-0.5003122516250013,-0.45419573512658756,0.44841457258076733,-0.1414475740907681,-0.1457350361042095,-0.10888130539491797,2.1653361369714723,0.059686122874869435,0.10430479709018689,0.2045223929730009,1.8461134076627037,0.10183550999576044,0.21328849896786603,0.2918032104949471,0.10954046016476032,-0.39388883834458194,-0.21471792553205382,-0.1464138440349838,0.1668484117142797,0.32354967571839754,0.16960650057204854,0.12440262342862268
2026-02-05,4.208833777283382,-6.768462380513451,-2.0280021712321608,-0.15854439897337952,-0.12415838252350243,-0.12229837564858406,3.2701155985847046,-0.05480240471278576,-0.10827819314382932,-0.20772360052411434,0.4550992990049405,-0.2896656274229661,-0.2922806026150775,-0.3068522520046367,0.80888321912264,-0.11345971850320562,-0.09213704160679462,0.0051412790424696245,0.6637376431127584,0.03811623003452152,0.06854837125037377,0.1436741719161206,1.3456710438797648,-0.025869364908279385,-0.009915604706889092,0.06634310326641199,0.24643170316271246,0.06047331354948412,0.10259631534792703,0.2378778304628855,-1.6810104336057918,0.10447019616540146,0.06081779564467937,-0.028228592716617058,3.135925172510368,-0.7415645734057529,-0.5440061284833972,-0.4866672117569825,1.3473905872176286,-0.19694470311632523,-0.2347874140793959,-0.19217956922565763,0.5316004035943425,0.02527751225586001,0.08090648765345647,0.19072344979487205,-0.5332725783405792,0.15813124786632232,0.19582409399707926,0.26338318286878853,3.0348914980031614,-0.4973668418565767,-0.29900893565004333,-0.20414379257474075,-0.6317200710008812,0.31995037397380244,0.2012356206886615,0.13151349044068975
2026-02-06,4.205001413656243,-0.38323636271391237,2.262634712956615,-0.14229436130195333,-0.1326024295412639,-0.12507080852821295,-1.1990767865655685,-0.05519319659539607,-0.09271784683251806,-0.20203365932820425,0.6801927896389119,-0.29817073420769397,-0.3023510145607629,-0.3076559456031278,-1.6511103762839068,-0.10506454660852645,-0.0882164072475897,0.00797688093864301,-1.0048498047455299,0.0396730912507686,0.06569594911862814,0.1448894084456598,-0.6434212240146655,-0.03199680223594853,-0.014202483072781885,0.0673589311123436,0.23297192058817595,0.0207579028498216,0.08930913561210674,0.2364763565369994,1.9859194035689982,0.04585573101534801,0.05087553619157467,-0.031725473032594854,0.21206411510249623,-0.7156370927571226,-0.5413418873517476,-0.49031434916111305,0.16744257696707177,-0.18601758565726179,-0.2286844742276249,-0.19259227016102798,-1.7103587899463997,0.052996893776740765,0.07550937769566557,0.19220975748458285,-1.1137307002263137,0.13374756122015263,0.19128405412975913,0.2644885929726412,-3.3368678084098846,-0.41011715834302415,-0.27417671654577364,-0.189822575733487,3.2968631131694273,0.20973058416357404,0.1774404129274609,0.12314735392415858
2026-02-09,4.197102001470006,-0.7899412186237242,0.7775306709315046,-0.12168738426036461,-0.1313357000646884,-0.12884690915070246,-2.5902070211535007,-0.05313536274915544,-0.0797923259868994,-0.17651957461759407,0.7707133321307744,-0.29629045881492777,-0.3152885298945966,-0.3060768063538553,0.25123380470535683,-0.2691266670028535,-0.10647849579304941,0.005483924725790062,-0.48279487077710725,-0.15465750025074804,0.0621587386389827,0.14813766325823116,0.1734654689581152,-0.291180244782046,-0.02268951605552343,0.06882448084345252,2.100797299053456,-0.05689873937482494,0.06297730119907433,0.22048325898933366,2.135898330844848,0.16391752449550057,0.04665755911256951,-0.043939123807539705,-1.3868712233603808,-0.7079249645763983,-0.5380231343074151,-0.4812905811794586,0.07495239824231037,-0.19782875714973294,-0.254995624530545,-0.18796409448198853,0.7370393678078999,-0.044856572134454764,0.0592230699184037,0.19117692894207283,-0.2879764354792227,0.13865505136492048,0.18343905707698266,0.26835851136608746,-0.7332079056790355,-0.5000329644559609,-0.27510119975529623,-0.1918239374396438,2.6407886869803106,0.23364992335837798,0.17207050609886815,0.11689378189455828
2026-02-10,4.143652955240477,-5.3449046229528285,0.8218522857987488,-0.18119817294903776,-0.1297133963423892,-0.13768671613470115,0.5978637554006839,-0.14144284478940133,-0.11319771933416639,-0.18771087758221308,-0.7012361293440247,-0.260070714939486,-0.2723085939165123,-0.27645029481349936,-0.8038289535014592,-0.19547522189814734,-0.07504817291886447,0.02354312256830745,0.2743532155854145,-0.10673701567629407,0.048695008810798524,0.1411316222363553,1.1039744689808075,-0.34841634319643716,-0.05604575972356367,0.05340733362573563,-0.5430733564603757,0.06070146837842538,0.080219356199208,0.23507384034830817,1.1898040691344673,0.08085712144065592,0.0344618044881954,-0.06571214738403597,3.3537787646710013,-0.7548882663250145,-0.5905670053123133,-0.5067165213774576,0.46516727680059855,-0.2120973637343724,-0.2554595471321793,-0.18981449816184054,-6.034628560083555,0.29519747456188533,0.1662541203501442,0.25342200692912653,1.8270454989043103,0.034369854589997195,0.12438243668765678,0.24037606187053995,-0.39342085428359996,-0.5349130981257512,-0.26839911215984413,-0.17393602635435967,1.6419009597394538,0.14458053332475332,0.15502554117951667,0.09744606626845474
2026-02-11,4.180146389211559,3.64934339710814,0.5697861907825452,-0.13176280177945646,-0.12172938979493528,-0.1384144695968306,-1.3645710574106529,-0.20139415269837527,-0.1381175421909109,-0.19221672435790854,-0.2579810910741088,-0.24649188393187432,-0.3060340477741198,-0.2704860523371591,-0.047738490983551984,-0.21331560527428006,-0.11168324593789325,0.010427667152504273,0.1634545251054944,-0.09674553062745886,0.02870336436380834,0.1315312754135849,-0.23820065007865276,-0.3573149208697767,-0.09019434449094738,0.04351983102316477,-0.20428097260672962,0.038920491106326345,0.02014144720107805,0.20928983835142237,1.3655713124159297,0.1857223607804428,0.1088690279116835,-0.04378747600087569,-0.6519165426584546,-0.7651539984684325,-0.6462567668775504,-0.502754038963867,-0.6722430264868908,-0.28749146536352344,-0.28487863118504175,-0.19451185980572866,-0.09756167533895554,0.2914439188714953,0.16006978767515043,0.23953436975253553,-1.2683335882495967,-0.028714397929062465,0.047912488899350666,0.20907057656571393,1.2266900849158338,-0.47157175733327716,-0.3005736550397122,-0.15861763003349522,-1.2384647770539297,0.12767996854551192,0.12856877708785547,0.08512832883936484
2026-02-12,4.102874610617692,-7.727177859386636,-0.12480439407148491,-0.03533653999538544,-0.10665671686709106,-0.14169955493227282,0.29446722213883536,-0.26341166301648994,-0.13303196844692305,-0.19005321474046488,-4.0550111040031105,0.06745544020010336,-0.0833219703046706,-0.10412758710214208,-0.4843859722555872,-0.07908499860551359,-0.09413323179676454,0.011142718704274635,0.5034395129548064,-0.13077200197519495,0.006123001788628793,0.11346582361236432,1.0275441936475485,-0.4265377515094977,-0.13472149526168642,0.005479022239650753,0.12749183110051193,0.01131673721434888,0.0031413236860848713,0.18892039143608888,-1.7904368032483104,0.2105277004053737,0.1451225035136319,-0.008920503431534561,0.18866532049529927,-0.7076897428890675,-0.60637281304343,-0.5021478631651339,-3.535118278489056,0.02540186529697936,-0.0826494653365154,-0.0565717545614216,-1.0066584482531584,0.3615583832379197,0.16403181255926755,0.23242941866100789,1.1820281464438336,-0.09098158257940452,0.00372752301328568,0.1667616651547012,1.6423026907928227,-0.5029056445098148,-0.3363560768097769,-0.18405810881423199,8.060858545129097,-0.24706128268625255,-0.10311651412920758,-0.06942655582061698
2026-02-13,4.054998780021819,-4.78758305958733,0.7735372852122016,-0.031014355789605062,-0.11912894024346059,-0.14584197474484278,1.5227875725793605,-0.34380905300875564,-0.1806247399507459,-0.2157690548433282,-4.966196631985695,0.16421513843796026,0.07098929466264346,0.0016576004322798408,-1.62006629532923,0.012844253780330371,-0.05179959293664271,0.03644104046246966,0.40556923735121275,-0.12114593144822201,0.0008638177973868097,0.10948360547449842,0.5419031504450689,-0.4192263664457395,-0.14570173413586887,-6.147043250468793e-05,-0.03687267199662081,0.05382188414342862,0.005573879732678365,0.2006099903450991,-0.3895912257013888,0.2676237907405542,0.12137069068390327,0.00024157944418641607,1.972653910604627,-0.7196487366385779,-0.6284599225626104,-0.5183646214866929,-2.597762003241806,0.08371287360942906,0.03211660779675252,-0.0046967017135032115,-2.677850468361852,0.4011467083729371,0.19878681510699361,0.25287862561060076,1.3325844687068547,-0.1968728321774976,-0.02563574981606152,0.15107750978148174,-1.4031262586138402,-0.42233379372440855,-0.303808936176645,-0.15551223136954456,3.621485552749453,-0.28835810158335917,-0.14261149535660841,-0.09280644303264544
2026-02-17,4.053058673595049,-0.19401064267698942,1.1508814181965055,0.060413303254872375,-0.1194819281698974,-0.1468248436328264,-0.5623770882941983,-0.44319188607787136,-0.1790866706054025,-0.2126258606149054,1.0363705464556703,0.2017231686551563,0.06938496400067042,0.0031531614817154547,0.3573138568691041,0.215018061112732,-0.05369747857241857,0.03832531501535815,0.379651494698499,-0.0654877471811025,0.0004157354194789694,0.11110016274677008,0.6397397774287616,-0.29708806314919955,-0.1453099089012222,-0.002167195819702636,0.43048015931657313,0.09581920298800203,0.007604805579767038,0.19806440745566423,0.08040181629574406,0.18229921910778749,0.1272600421195357,-0.0021229527159454006,0.3600867195591677,-0.6606233021819558,-0.6294104363514348,-0.5180152972484368,2.1403146557441315,0.28473139253437635,0.03125300668121481,-0.0031088671936714382,-0.4025175277442754,0.4526969140402032,0.19781015673967914,0.25467768735146173,0.3628391598181504,-0.1451434720728765,-0.026306429741382354,0.1535034844715047,0.6127958814626497,-0.4023818957965266,-0.30296098876455424,-0.1581037363792813,0.06096483327042557,-0.27639750027376464,-0.1461263224878243,-0.09576782148241207
2026-02-18,4.0798192667321125,2.676059313706336,0.41436533755638716,0.11735709157951973,-0.12382335167131299,-0.1418527113766769,-0.721206119958592,-0.43090540914315173,-0.19060066437145043,-0.22826059046952005,0.7044023146480864,0.25151201853960387,0.10836958137564477,0.010078434715937137,0.529514823622208,0.08997477313285483,-0.046326084380245436,0.04148661282455626,-0.048763477572310476,-0.13353468653125222,-0.009109950128204768,0.10784336452296596,-0.7459329522764768,-0.41611025548791364,-0.16038484692020344,-0.01336498715377308,-0.7391108945834431,0.05154102586474237,0.017166354045380784,0.1801048715051661,-0.6141285863500112,0.05306510561175541,0.09369083720991092,-0.0024642816099688927,2.5736813145056208,-0.4328239730856836,-0.5741366069617185,-0.49632165464211186,-1.404499887235456,0.24366154758157824,0.028364370774422148,-0.020084200048267168,1.5155665668987746,0.3852649937767417,0.20712971146529846,0.2604597089927999,-0.23243271329005788,-0.27046264356531524,-0.04762520184314211,0.1468104616308277,1.0360663332752256,-0.37092938341683945,-0.30965176926540455,-0.15592814059600177,-4.482008427467757,-0.38086025365074333,-0.16602947142609897,-0.12070604341328421
2026-02-19,4.074047958716294,-0.5771308015818377,0.23071100733854388,0.15611283243219576,-0.12742333231825725,-0.1416971697102381,-2.154483584138445,-0.4586727643359755,-0.15543805743192501,-0.2168867488077195,1.242279627314573,0.32597875683831967,0.09613436369624588,0.019504939853687876,0.6827481365569599,0.11626779154146051,-0.03740459058376263,0.038155299662493536,0.9121080659355584,-0.11037994378357022,-0.0012700133638178378,0.10356307257820156,0.1020145121612992,-0.38726024213581545,-0.14859625721863182,-0.012250956321021227,0.7475115997079705,0.01855415155871126,0.04215736004209845,0.1813208575469887,3.2534021835509535,0.10406481372425545,0.09017544648783725,-1.245728347944249e-05,-2.8140341548922847,-0.39484453352626847,-0.5537542469640593,-0.49424911200868527,-0.55173833833488,0.2712595837646827,0.02811960947344041,-0.016622753434028026,-0.12496716501055039,0.3905879326177046,0.21302857670925263,0.2678831719260204,0.6652009202831903,-0.24667847603924012,-0.032107371227351904,0.15014288906850767,1.42734518901975,-0.3288709561534895,-0.29495092327622774,-0.16456683756051618,-0.5781960605821923,-0.4275712156291305,-0.1586922168024724,-0.1180634469542968
2026-02-20,4.083562321719609,0.9514363003314763,-0.6745702591475071,0.16095001204095966,-0.12030098747949539,-0.14964781386661616,1.1655663528130686,-0.42358374382450903,-0.15205900542390194,-0.1883239397392683,-1.0224722736293441,0.3212947869448111,0.0922141459686357,0.021271015281526175,-0.4784252620716125,0.09054734155543957,-0.04025494403845544,0.025697454717694693,-1.4416259370779487,-0.17439328215578584,-0.0025054398080391464,0.09679428678379456,-0.08340887175430084,-0.3946419944725918,-0.1444293759144042,-0.01967581125938061,-0.4880555046254749,-0.012622638873212182,0.03259530330522966,0.16877182781617542,5.715964971223181,0.17109579173486844,0.10327677409052495,-0.00026200949663852247,-1.8886587075209276,-0.409178694960063,-0.6035487669996151,-0.48191740588535587,-1.567505017499808,0.2457672626893028,0.023982834015430877,-0.019290380063557263,-1.6736625047592577,0.360192585651428,0.2046450863378922,0.26644046320273806,-0.18343076012936632,-0.2502198751445913,-0.022222358471517253,0.13486654077168578,-0.7258627789657409,-0.3544347434307334,-0.28185817220357035,-0.1616611466295226,-0.5630205501951324,-0.44393732147020665,-0.17974829795360667,-0.13934603764147416
2026-02-23,4.02613301526315,-5.742930645645927,-0.13824614391241585,0.18272290915629222,-0.11269990305875191,-0.1409399801409722,-1.0022056203358738,-0.3379184647192707,-0.1101039724499718,-0.15712182075482004,-0.7870435893157104,0.3003125286044056,0.09793726695629908,0.04355600419739491,-1.4603675001314307,0.19085063960126475,-0.009762240040796781,0.049342957950161685,0.0642617141224866,-0.15498276430579025,-0.00666633954999964,0.0886281117243042,0.7063243015123135,-0.4136150836036835,-0.16208980617733165,-0.036780477315534736,-0.18115277855992318,0.018052403223348952,0.039041095360059334,0.158615065789399,1.1873401096863518,0.1278920044345015,0.0855176118019217,-0.006231973132644142,-2.140634382455386,-0.29767672146620383,-0.5410481808249036,-0.44164522021748415,1.2771546878007716,0.15919297153435036,-0.021463784246136135,-0.04427949407669738,-4.689802962564294,0.45289743926269943,0.25926892176697275,0.30903311853844306,0.22411253846563195,-0.24291807456739364,-0.027292493180637402,0.12414671701635112,1.123283705164464,-0.3987150998174805,-0.300478886619024,-0.17767731219193292,-0.08081587957842551,-0.4537165111171728,-0.1679577464414199,-0.15009419873318725
2026-02-24,4.031826191463607,0.5693176200457728,-0.0007680011628223848,0.16304734258248954,-0.1190325556142516,-0.14054801384249696,-0.5772658702788125,-0.3277705280755127,-0.12245350010285809,-0.15285105956476883,-0.7416478323150882,0.285799280014062,0.10758228436103955,0.04027258405860697,-0.8379157397719201,0.168636337656646,-0.01003745290462128,0.045228637050565394,-0.1506198527569791,-0.2146284597716321,-0.009347077759510575,0.07847111232188858,0.25842973794141444,-0.6104046017015458,-0.16922410611921054,-0.04566424787619264,-0.16321923581841613,0.008389333692081445,-0.009401075011941217,0.14466129961204272,-0.008630962331366288,0.12368471011333423,0.08241021157078375,-0.0044654787120011336,0.4157794524157663,-0.28616329566316595,-0.529362586854229,-0.42871475663184844,-1.4653196544134375,0.10597365183249437,-0.04301857364930319,-0.06920109138378393,0.01115175923131903,0.47757891329791774,0.27307314084090684,0.30070225873235173,-0.979501713458256,-0.32434145020890065,-0.03365447980388614,0.10610956837765231,0.3417654430677408,-0.4100450826741114,-0.295460033522069,-0.18237501929925465,-0.4388257204315712,-0.46881480672793197,-0.20271927768067372,-0.15691307642835042
2026-02-25,4.047085821954598,1.525963049099044,-0.2850011174700129,0.118769817376976,-0.1213927364582943,-0.14122366517860138,-1.9742502762018785,-0.3504948088232617,-0.13801086683413588,-0.16273793431155123,0.4161366934795008,0.31956268213155103,0.11464513076867443,0.045824824409354245,1.6354192789406978,0.25738349880051464,0.0036519770635584973,0.053801989918625094,1.6667584631340575,-0.08521232136770744,0.000608145176917008,0.0856450828050681,1.901643475882624,-0.4339106992977446,-0.14862975327369482,-0.03315258332344919,0.7345160645133122,0.09175187344452579,0.005241634539903026,0.15104347935296503,1.2691048499846342,0.1485721979928219,0.0869989297811093,-0.0005835796560466088,-2.943600008500503,-0.3078736446644185,-0.533992973475545,-0.4326932157173371,0.5570024937372513,0.11732162712996291,-0.03711127424370672,-0.06303871091017224,2.919870616128227,0.5072066302913076,0.28315697889525965,0.3050774266986134,1.5700066611015422,-0.2317576838125641,-0.02266789472144303,0.11337469600849447,0.5692804693672708,-0.40120783227513385,-0.2920175659416911,-0.17819722467136492,0.37846815417615964,-0.4571417354576992,-0.20176606965191102,-0.15705161915536722
2026-02-26,4.016486212879452,-3.0599609075145473,0.5584782381651998,0.1051298710766904,-0.1257361628034055,-0.15560921211477066,-1.0346522014420896,-0.3741843339459663,-0.11035525532703262,-0.14719623819743877,-2.065443800640224,0.42261333757582437,0.14645652412005786,0.05983130615814414,-0.2716424299003424,0.31898278362254895,0.010470178526229312,0.048961153268955705,0.597629975602336,-0.09078749957624364,-0.003787598861715672,0.07744080939513669,0.9562378820054855,-0.40692092793078005,-0.1642587444123151,-0.04798390021462859,1.8285917042300217,0.10983138325661403,-0.03738454253151824,0.10872376221190286,5.009606859901942,0.11906014289171657,0.031787587838719586,-0.03551799972978523,-8.312287644271974,-0.14403172888453974,-0.38736097235303724,-0.3243575450551933,-0.7130036408835869,0.14000926600671115,-0.009615239377604223,-0.05788142204109116,0.6205842217155231,0.5086001055508681,0.27534464120712815,0.2925499452522241,0.6852588495207359,-0.2522664146064594,-0.03530693123146541,0.10266928211735696,0.6217757913132993,-0.3399883909529508,-0.30737795179438415,-0.1854666107695991,1.043587159950368,-0.4534359506678169,-0.19933367250787437,-0.15778763761349626
2026-02-27,3.9611609221178803,-5.5325290761572,-0.2546970470735297,0.1228937162389959,-0.10921529913394082,-0.11214222880899104,0.7223645518360127,-0.3991033338150061,-0.12714487042437567,-0.1499460201623652,-1.6212376696434334,0.4356384057976843,0.1666132708438499,0.08791427432390228,0.10296860569001609,0.3418661865982752,0.0042544294283285225,0.0361080035638161,0.7049809830775615,-0.10341810550861111,-0.018497428042704153,0.04760129754503515,2.0813925572721246,-0.47776459773999425,-0.2068144406004166,-0.10730597314118091,0.9954353224072235,0.058687886771339966,-0.06680979258159202,0.053068181089428325,0.8889034499253345,0.10114029418438422,0.03969002202579058,0.02625175651179064,-0.7029594782034974,-0.14793076555882315,-0.3785424339539265,-0.3342457846149419,-1.8788207305829956,0.23299699166148066,0.03569839545981042,-0.014232975508326865,-0.35652702222163146,0.5308369973032936,0.27006452194044445,0.2688249159882071,1.2668074239693756,-0.29985312486181565,-0.05566772257520076,0.05844253478201045,0.8712387158908834,-0.3473049173179449,-0.31613023800568035,-0.22550858535604132,3.094941381631654,-0.5025571796213959,-0.24310918911849186,-0.17434631282491792
2026-03-02,4.050769778490225,8.960885637234473,-1.2151307060743264,-0.07268238288431218,-0.13747869729642836,-0.14366240682820694,-0.3355150258654207,-0.3880654728864596,-0.1559608015200806,-0.15340689005621294,-0.8318741232097504,0.4249519654405578,0.14717145612650673,0.06865444444300368,2.3230410298824573,0.5060055058135035,0.09337415041509739,0.10445762479343888,1.000137575508728,0.023923585564280835,0.011415786137629372,0.06649713246223946,-0.9141088902198512,-0.6087197980878987,-0.2211256814415302,-0.13323521569636604,-0.10317846081170556,-0.041865924049847736,-0.07264364902755052,0.036340744670791646,-0.5513852555276513,0.05588264878450822,0.025556105537875653,0.006799424006733016,2.628155467012519,0.02941536522345798,-0.28445654198877596,-0.25187773918004913,-1.4452001644283619,0.055170506599894746,-0.007367454945985233,-0.05815434381330882,2.722438637105088,0.5884790731924822,0.3124068191527273,0.30633172257733665,0.4424848035470623,-0.2398536110908442,-0.04409833782016151,0.06512933799968224,-2.4020893615957277,-0.47568832484412904,-0.3615036939322438,-0.27245738512400686,1.9174163039683167,-0.386122774785434,-0.17430453456399664,-0.13871039126914395
2026-03-03,4.056491969510752,0.5722191020526957,-0.6300488303240961,-0.037448030903117414,-0.13077274580176088,-0.14222196507559523,1.1487766175184646,-0.3718002800946489,-0.13288647032228035,-0.14888458003051802,1.5360158739463228,0.4351923304189852,0.13649571090104057,0.08884272479726986,1.3137211839199363,0.546026485782775,0.08843563954666933,0.10711964123408421,0.8781585514759999,0.020052961084753573,-0.0018784619962710193,0.06544009280099414,0.0620759346699008,-0.6448939122508939,-0.2226352117913739,-0.14002629131469427,-0.26257139251824313,-0.14069806139665011,-0.08640828531776751,0.026357072536256795,2.8097071825330686,0.13985326585448013,0.04582469614314911,0.013001879459475014,-3.1149706866556293,0.019465547119309784,-0.2752151750739833,-0.2550414376795005,2.1130857172081923,0.05410993397059285,-0.002808273169414369,-0.03998995090014493,3.479246105621742,0.5755952258230386,0.3019495638370456,0.30865789347291966,-0.2349849986740557,-0.3160198803237008,-0.06512493848790821,0.04863527938566051,-0.84393442394143,-0.42924019569789573,-0.37070821443077046,-0.27743945296089784,1.4975066531403776,-0.43550789683033253,-0.16704808483226835,-0.1442607801878185
2026-03-04,4.081425551843665,2.4933582332913318,0.7469514596892128,0.0004431960313684333,-0.12236999356033823,-0.14372493454213056,-1.961770162026406,-0.41587550953058045,-0.1516271011313864,-0.14798257821739594,2.5671036129017533,0.46835531151987003,0.17124446713334202,0.10932663713685681,0.4633836696683904,0.5531049184635288,0.09342764367032583,0.09393264058355194,-1.1108596456040032,-0.07372072723388008,-0.011315118932158936,0.04082969375634587,-1.3127169679777382,-0.6585270238378922,-0.24118158285653457,-0.1758515095090308,-0.7298989082082714,-0.20627502875919232,-0.11158639572775951,-0.00810649923198512,-0.1121007870894096,0.11117417341584132,0.029468625377935667,0.0013744562983972163,0.987852189452624,0.03163740522522582,-0.2520350509721835,-0.23522361624909657,1.3431713341131104,0.09532363747760787,0.02198394040469962,-0.03449836773766633,-0.288068377325152,0.5637161724409038,0.2969395862287608,0.29342537495637044,-0.7371161796820895,-0.3511197172838358,-0.07490898660081852,0.02334120670593306,-3.218635547353795,-0.46299694597536645,-0.3939078107824989,-0.31091161348447993,2.6034728148976543,-0.3948254737916419,-0.15231153491450128,-0.12713468772340838
2026-03-05,4.145048829854145,6.362327801047929,0.07154887060829118,0.005451635192879769,-0.1068324333560593,-0.14272724983220111,-1.326111058637248,-0.4548453897602804,-0.20312380650531336,-0.16291001554974438,1.445685089410771,0.5058459126291377,0.21293102229306068,0.16272108098582755,1.4163677615991586,0.5959155100509136,0.1262519447024481,0.1318223645467567,1.041197800362031,0.006731162143883522,0.010861418547689263,0.05739263825738767,-0.012526950305570245,-0.6706590126780057,-0.2322056094105033,-0.17221981303235037,0.6303136544517952,-0.15249937544731718,-0.07184671099996452,-0.004569758692587223,1.3963956992998847,0.12336328636448372,0.03728892282011385,0.010817617952519476,-2.0293637287129505,-0.011877672572045153,-0.2602735040330467,-0.24469553312549233,3.91311194571784,0.2640554795414467,0.12856440098773178,0.0799283526922088,0.8919207009462624,0.5628212911708973,0.30060261517146347,0.30037462137231113,-1.6427503754820263,-0.5006539808284439,-0.100690477970857,0.00682486665750684,-0.3020343908060329,-0.44600716447274363,-0.4081542497015723,-0.30770801878204507,-0.24160222026040157,-0.405638613431989,-0.1651144312243324,-0.14182216548998264
2026-03-06,4.131487067212698,-1.3561762641446151,0.8632962415899681,-0.23077138801116956,-0.16025852243981117,-0.14041618291774216,-0.10258681672335657,-0.3481340552277739,-0.15195321665559378,-0.16511367016732353,1.2828598448241821,0.5485170771882052,0.2287516079699034,0.15284969061133408,-0.36583022207336,0.6902688606811932,0.1462897467028897,0.1264495971207748,-0.46943987049781755,0.05948212071995868,0.020925292383151207,0.051071891872501746,-0.34159479827564176,-0.6236911549751654,-0.21714803331574983,-0.17761031608410216,0.10800040942819211,-0.15735154787311112,-0.07094111404135874,-0.017812738185433538,2.3844842896759966,0.008051685528292083,0.03383649702051966,0.017757918785817315,-2.0630284656880447,0.10412467044231528,-0.2525743977682823,-0.23849653383309743,5.613537744249372,0.2510454495112746,0.10010523181860313,0.03536671754545363,-2.2103860222733633,0.6239497027452362,0.3072372418382632,0.30372787946093416,-2.233956524019722,-0.49181233464237195,-0.06862002477817562,0.0016274597356692587,1.1738825425890016,-0.35968309216509575,-0.41424648963257005,-0.3125619642456002,-0.8893376184011519,-0.47096476800402753,-0.17198503408558194,-0.12992079380371716
2026-03-09,4.133411606687519,0.1924539474820186,0.9041583099646084,-0.2719586433788969,-0.14336818284185526,-0.14374044772290934,1.8492969420913372,-0.30679520468817106,-0.16294463302190648,-0.15584612894318045,-0.23642632767356808,0.5524231146566899,0.2386642630555158,0.14964385226452948,0.36342309628383695,0.7430957786137998,0.15816669910058942,0.12732253279465813,-0.023414355046310398,0.06084524531956808,0.024706586762313472,0.04844985054997033,0.7327073115501854,-0.6351935281098113,-0.21756039301236055,-0.1797371556172558,0.5187479356178273,-0.1540797836547283,-0.08458607815071104,-0.024753386697482192,-2.7092697042189444,-0.006168911057089374,0.007642940314418539,0.013184167957022203,6.610689679341786,0.10479675845748031,-0.19116391188077905,-0.21534629880764455,-3.098998822335069,0.22930190648532342,0.10286832764531043,0.03622177390741898,0.03090000589255082,0.629606450112252,0.3240961827871778,0.30022179328114296,1.04293752872792,-0.4910851559217286,-0.08676148219215762,-0.0025921439322121333,0.02911185348416634,-0.4155965105866933,-0.38627517167359,-0.30823652570161203,-0.2276588038878593,-0.4817237620048301,-0.21567459054764634,-0.14298510601369122
2026-03-10,4.135337516511122,0.1925909823603078,-2.934874797447904,-0.20197825665610922,-0.15221146104491284,-0.13898574652395537,-1.6181218026117756,-0.34085209321274784,-0.17482723637162373,-0.15771609902284148,1.0822755683380798,0.5573399189002927,0.2565660436337789,0.1471438658871649,-0.8231533211075517,0.721248219431294,0.17555584501465643,0.1176688483135847,-1.1380311058652164,0.040835096295270344,-0.05209747769575749,0.04395698827711669,-2.2457882929647295,-0.5440911963874772,-0.44849202917678976,-0.1839368961019129,-1.5687302723108831,-0.16052382538100485,-0.10574105998308812,-0.02614012136667247,-1.4830876480504003,-0.010798729532886436,0.03951021239730976,0.012190028547923037,0.585422082915616,0.10505501585333864,-0.19059444131667697,-0.21536229105769278,0.07878420255574436,0.23006567325003216,0.10107430548929376,0.028787967151545385,-1.1466914768661445,0.6320901757337126,0.38793670329644486,0.2940022605591328,-1.0900193780635519,-0.4870611734284122,-0.23458531979620423,-0.010218330479783112,-1.4723696720249375,-0.4157969049426738,-0.4371343714070778,-0.3100158748507142,-4.31548871191408,-0.451169405100604,-0.20444104132123003,-0.13796427185362622
2026-03-11,4.205232856507525,6.989533999640329,-0.5439785251797442,-0.19186583208316674,-0.1737768666728653,-0.1348359895830784,2.2007240846743485,-0.09742723723713351,-0.1250610360735336,-0.11114712547715717,-0.6637124979996929,0.5107906302959984,0.2503796172668049,0.14267945224403988,1.4853372858986176,0.7341496122466326,0.32979498576663147,0.15438552960094057,1.1271381514757537,0.13462075044249414,0.028257302523213956,0.06078124197656044,0.09063901045120004,-0.4886774813064499,-0.4302661384046514,-0.1730973729685074,0.005645510331638404,-0.22046707427097023,-0.093088097148814,-0.031955428986861246,0.10084427372819249,-0.034559021966591476,0.028435281445621997,0.015702454791668673,2.0203953685371325,0.25110671827289205,-0.14349627887167168,-0.18583033346854194,-1.173416808503661,0.19992999666627811,0.06987417766544073,0.008003470880359173,3.8091228018026917,0.6570004206005405,0.49621399209311307,0.34034055830576243,0.4066191147266237,-0.37049089500815213,-0.20442222552655998,-0.0058430823447335615,-0.5831615389439825,-0.4579483158077806,-0.4801922137316264,-0.314756797971038,-0.43898710290620313,-0.44042288078396724,-0.20969836001176745,-0.13848998745599583
2026-03-12,4.270726269751425,6.549341324390046,-1.29498597348352,-0.2970753545686138,-0.19675802090502464,-0.15870073921876876,-0.12456750104012926,-0.0560236193300005,-0.12592773260650542,-0.11170488613776922,0.7236780115077437,0.5264154136285742,0.2674874753952589,0.15085677011781318,1.8022789058624644,0.7831041297277539,0.36808641315933727,0.16815818906932428,3.5513899954117765,0.3133908525698047,0.1721595862171429,0.09855862654510905,1.2611319273557693,-0.3699741213389453,-0.3606055148234783,-0.15845677009277867,1.2203912092233347,-0.08211629837360714,-0.027544434269945548,-0.013514300726409726,-2.4655382973605118,-0.14507562269160887,-0.012515926553917141,0.01244356104462902,1.8860774902339834,0.29477529743411984,-0.11111454863053419,-0.17566231555888076,-0.8052854971876471,0.18086807110677888,0.04087961394443578,-0.010012176499847153,4.196611730493344,0.7109687525313981,0.5439640765129337,0.3775200841848199,2.622637242664032,-0.12734714919986131,-0.08558844320860255,0.003269436780409218,3.3921312589657533,-0.2587073449068027,-0.3536854413033707,-0.2690881597712566,-1.393773108653635,-0.4486342149650912,-0.22386869958557465,-0.1619645249164019
2026-03-13,4.2835557140756375,1.282944432421207,-3.347878846136861,-0.27617501561872226,-0.1543664037239963,-0.16105933576860565,-1.496696724213392,-0.021832771242404212,-0.16074862980503027,-0.11661583913509305,-0.7275490333861745,0.40250155537819426,0.2718183728017273,0.14429526933083975,-0.20009980744715428,0.7908730919694962,0.400442127103337,0.16765018292835818,-0.24036262267157377,0.34897711363252404,0.16229424724264555,0.09578470390082149,-0.5993912834385536,-0.3285400925252453,-0.36955901864875323,-0.16414039719875764,0.6950598235831632,-0.09011394707851912,-0.040397150314746125,-0.011083067368731363,-2.2290934880188127,-0.2862733887291807,-0.05895997433050081,0.004137176083669488,-1.3566738708496768,0.3410304192818784,-0.08283059671060766,-0.1752838186770099,-1.878358819761952,0.035858697404631865,0.03141515644195039,-0.021842024990120126,-1.1582413323890242,0.7198878230567235,0.5575929241509338,0.3721105829524533,0.5058052713077505,-0.049206107836481806,-0.06750052365169411,0.00581463603477447,-0.2943064516523166,-0.17835559426286715,-0.35261745629086927,-0.2713883189923628,0.4600751236378815,-0.2427528185358175,-0.24821959552128328,-0.1629049106691328
2026-03-16,4.218933927175947,-6.4621786899690115,-2.0390217981843515,-0.06938209106995491,-0.06957147048233785,-0.11604309986030796,1.5255761358852151,-0.05014015300631021,-0.21703351212424,-0.1556880402956788,-1.1590265616040316,0.3247000582776259,0.2743697928775701,0.1819791263175337,-2.300887250211347,0.8059910627058786,0.4538256415721931,0.21306528040711967,-1.3784407253326785,0.45581318388745223,0.22846579449907828,0.1157645479069125,-0.7762684399010815,-0.206439551496484,-0.30522356796634165,-0.14363322459312958,-0.09477321863496646,-0.07436363650778184,-0.015126043734406203,-0.005548825058955757,-0.10437476297059245,-0.27916960387814843,-0.036623410149188976,-0.01392879873545917,-0.4996238194740803,0.3931148220687881,-0.06982967523110803,-0.16906067939686997,-2.2423769266005436,0.044252550189725605,0.06839629313677689,0.041524355875767444,-2.3700247259309855,0.716853091695505,0.576192251078301,0.392951612555103,-0.8689906682790378,0.10659136008558771,-0.03967409294931142,0.017280600151777282,-0.4485734646049363,-0.2164535698586403,-0.32247269923245564,-0.2580757398460619,-0.33335900578778593,-0.10397881456815505,-0.22737478580384599,-0.14594316714291908
2026-03-17,4.2013793058971345,-1.755462127881291,-1.0128712142992233,-0.04078686722622211,-0.03865273315918304,-0.11126611190168566,1.4128430989401535,-0.08846793578605394,-0.2644875453315953,-0.1629065193609969,1.663059910368637,0.28477064007999336,0.28734768381802,0.16655134898645013,-0.29080514531847346,0.8107087487107605,0.5673423958836806,0.21386211642869302,-1.2156771199025123,0.47384250906454534,0.2668322372323831,0.12007856857527557,0.747567025403408,-0.21744893967176226,-0.26791427917823774,-0.14803419786460573,-0.4467488414838785,-0.044536011434872014,0.005687193533416392,4.925114608953736e-05,-1.2780060858915072,-0.24906327694193964,-0.05621955824318726,-0.0074664753905889685,2.7763557533368672,0.35041100622937355,-0.025287156197126598,-0.1768853191535443,0.47360120909016956,0.04924902900341968,0.128248136317835,0.03820359845554733,0.3066359445967777,0.7090974190241097,0.6033398177309739,0.3908568076783813,-1.258000742509379,0.14050186817311977,-0.001125034303025109,0.02295840745402039,-0.5483157064785855,-0.1974204701981176,-0.3007800197769618,-0.2551360232843511,-2.093608961399088,-0.0676303282187901,-0.20748129998618853,-0.13610195591877436
2026-03-18,4.256145867812386,5.476656191525109,1.023051100768205,0.015579486333629666,0.002499503920385937,-0.09599104491813285,-0.703824287863533,-0.09770861329651864,-0.2574370484775589,-0.17091363839393536,0.7438665946147682,0.2938635100364448,0.320706493777663,0.194009088640853,0.02013445211280951,0.7741465308875864,0.5245916430725809,0.21001512542387019,0.8125799610871487,0.49124511735543736,0.27697949343236933,0.12010838762278091,0.5426423122782369,-0.17331257059105273,-0.27096274296781453,-0.14172676217553826,-0.21848861856195212,-0.04552919383675621,-0.007161821420626889,0.010241078276242835,5.335839845920741,-0.10877306888034918,0.013229727271955736,0.02677494506892038,-2.6931482055849454,0.2831148854870712,0.008552218679347292,-0.17878228653956935,0.1839543678524289,0.06980436399643945,0.13158496544994683,0.05226732347113472,0.895436184386976,0.6972572795641367,0.5795262665934805,0.39159808386863465,2.982277297132816,0.24576989062440893,0.05877323526649285,0.04961857799172125,-1.1600862101906428,-0.25257828932067616,-0.3148849567692517,-0.2819137687135727,0.6075512693741725,0.008426058014490442,-0.21055330810928782,-0.11709659804165393
2026-03-19,4.281692902338443,2.554703452605711,-0.5193758066370235,0.02728206382973515,0.021447362063460446,-0.10128620437267548,-2.5063716477485123,-0.15198408484712075,-0.2939908905427596,-0.17410959631816206,-0.6578194052406081,0.3027795586914423,0.35198073647954314,0.189267302439513,1.9587989521547202,0.769946700957893,0.5449580352600799,0.2302429950383807,1.1851927566429437,0.5115166181776434,0.3001678637023212,0.13362468623820634,1.4794913025390692,-0.1453235534339786,-0.2235977742142326,-0.11950927220585744,1.7913418687615326,0.00768450599185269,0.006700275158470492,0.049680826459541264,6.044790512293958,-0.04955724101543352,0.06188555996380912,0.053068904039824394,-7.480554215817766,0.20632361922226,-0.01939121337014634,-0.19200380761181005,-1.5289400739043204,0.052131585055524086,0.12829099766165644,0.04248804583420818,2.2323298938754563,0.6975252201439697,0.5892400495548243,0.40309357387724004,1.6950448524913853,0.266132055783545,0.09123632375693934,0.07103789979247865,1.5143727283661856,-0.2098389144858009,-0.2717169075816349,-0.2600043410206221,3.704085622727117,0.038549738252541536,-0.2035936454349552,-0.09409163019227547
2026-03-20,4.390535362387186,10.88424600487432,-0.10054206209580752,0.06003908794890172,0.026320276554607787,-0.08930351545466236,0.26700482623065547,-0.09576168925741668,-0.2547183595203072,-0.15954845327503914,-0.6373576749141439,0.21255855793147907,0.31303229549272055,0.16668724705247143,0.77862183389328,0.7281443976041431,0.5375191208347421,0.23964830926486871,2.7042129283819647,0.6234926977639924,0.40456271787224607,0.18584353454620833,0.6463942717513378,-0.09219609244650628,-0.18030951881017346,-0.08797998678920822,0.6760231581406209,0.057870110357012505,0.042679673274886934,0.08090758744771383,5.221909474738086,0.12205914257425182,0.17868290480545618,0.13422025961655443,-6.129720583710727,0.025302982048136555,-0.14177744466433498,-0.2819621750334763,1.6194341100478402,0.12312736155087053,0.17551969661861352,0.0906261344468219,-0.24047501600844834,0.6001973474566853,0.5368443443670727,0.3740957777134038,4.10821493076646,0.44073437373206775,0.25851569699676447,0.1705161917751767,1.4108314620983153,-0.08119824674040776,-0.19268623817365127,-0.19747051977571436,-0.7221281640052832,-0.01997046476030087,-0.22745349650645644,-0.11698351612633137
2026-03-23,4.33407312145291,-5.646224093427588,1.1489359945734723,-0.021576440272424825,-0.03362377195597192,-0.10679229356754255,0.1807155925347841,-0.1635646117095149,-0.2535355982833514,-0.1591283422506504,-1.4429556509242243,0.2466751916609922,0.32334535132844056,0.18345146246752658,-0.878238063796752,0.7135473069961207,0.5527407196720273,0.24767733573519737,-2.2483786166442177,0.6908136940959239,0.4564318861763351,0.2090326544299983,-0.993180461616736,0.029199165007818433,-0.12713578734821607,-0.06743170021810885,0.020474323331216016,0.038724319331824464,0.041392128441924886,0.08050911131483458,5.0424900335027845,0.010453056185824873,0.09818843711362948,0.08540537618145098,-6.129433085214407,0.10595278595540557,-0.06437952134068056,-0.21666770496827464,-1.232365767839693,0.21446551214842874,0.18824807520894615,0.10504805217403866,-0.15600884366930878,0.5224661775718283,0.5289082297525021,0.36798828235638137,-3.0831097076247165,0.5394658213554573,0.3131206262718696,0.2064844874031818,1.4141523680979167,-0.09499716862249728,-0.2090063393951247,-0.21322750971785331,0.6284857542396896,-0.05022724527211689,-0.2604928671757336,-0.12091067882514019
2026-03-24,4.389642611811211,5.556949035830083,1.7013980481750528,0.04836100475335369,0.010122447498228196,-0.08211106872681402,-0.49428786493854404,-0.17244287910830894,-0.24028822786161927,-0.17032400651279272,-0.7812460360072833,0.20936223589056807,0.29670305738900526,0.17958761998240075,-1.1877622007640287,0.6250754523163191,0.495733208222817,0.22871599971387344,0.7394709217850304,0.6876912605116895,0.45004620662538847,0.21177968317354198,-0.20757818525101746,0.015737589694456235,-0.18566989829112313,-0.07618486659745938,1.0683070554471934,0.06846362488141643,0.07061303981883595,0.07611892567953842,1.6328203624199262,0.010406686296076,0.10403826908237644,0.08934716019740864,-0.09506006776908804,0.12305653333282306,-0.051648428253371126,-0.2006619001258577,-1.0595203138886784,0.18562267267839838,0.15196851687153315,0.08339993282985096,-2.3701602729158813,0.42050093215136647,0.4845095045301451,0.34680155445154015,1.842337970784064,0.5548762545994579,0.3229296614639592,0.22114074506932924,0.4266754826400989,-0.07912433827410931,-0.20871867355518287,-0.20141805117038936,2.1621020312203085,-0.011986471056937557,-0.23595331496156322,-0.12234184030288899
2026-03-25,4.327227487657188,-6.241512415402273,-0.3862283827537283,0.046983184547432395,0.014192136648431967,-0.07512728047382802,-1.4989743395386015,-0.09128614137438086,-0.19299072090786873,-0.1353795076038189,0.4254076378896128,0.17288749130075176,0.2740060033159543,0.16282884411188667,-1.3135800715159967,0.6827879297968994,0.5339633676637965,0.24491548318922132,-1.1504780178402663,0.7249936293329737,0.49133354251559214,0.22232548280105424,-0.06417215612705857,0.029934150733781965,-0.16447512090347807,-0.0733225723039318,-0.4717624835062976,0.136074325860199,0.1146003781405364,0.09363117175186698,-3.5056966222563646,0.1310494912259133,0.16285674625060267,0.12871250136359053,-0.47043852371507544,0.0997143985710399,-0.052189131131430234,-0.19737447946897607,-0.41298946583411844,0.18704511636860405,0.1545285261818798,0.08724374412163109,-0.548625033801488,0.44999556215607645,0.48386372167537,0.34448343942546195,-1.1284195334245912,0.5819579878815695,0.3539870745028055,0.23347188470953184,-1.5590451890001735,0.005495200262120607,-0.1652402756433485,-0.17020366480469556,3.0514931990836445,-0.11490645902811639,-0.265043955277849,-0.15277384839355626
2026-03-26,4.414641421181582,8.741393352439353,0.5438594604466274,0.12407074054662953,0.03787377524963313,-0.05725167678553814,-1.2943204321098594,-0.17205320222326384,-0.23030419017377562,-0.15332771047424823,-0.4768190172933755,0.06662537489212737,0.2857593218071632,0.1623714024388646,-0.24649373537350439,0.6213361471167657,0.510991456916241,0.23988831627760754,2.376551329198493,0.7750380940271033,0.5346762859058863,0.2518773309754056,1.246108901711171,0.14528873974959017,-0.10033683604208983,-0.04424362658343153,0.8454220557036768,0.28916449506148867,0.16152594783384272,0.12550644371628367,-2.2902487481375196,0.12116870277405867,0.11044838761550353,0.07837314451922127,0.4992930197304952,0.036760997539619075,-0.03361484424419089,-0.16869937931068335,-0.11157848199974385,0.168665256393753,0.1487336255636659,0.09900384656617138,1.7467962065345954,0.4827973324186493,0.5024826682300808,0.358566870052309,1.876614820478064,0.6253232571887871,0.3831977831796869,0.25203113312451436,0.41856911967344,0.051226003086817816,-0.12725913856714738,-0.16345155202728565,-0.00730581419773757,-0.11582729919879028,-0.2647866212778238,-0.14823722841327505
2026-03-27,4.438785181020796,2.414375983921424,0.5945266438736962,0.136482970339955,0.044220768393715526,-0.052302345819128494,-1.4543497464059136,-0.12566003728565295,-0.23954145638248786,-0.16096133488200964,-0.6314662183889763,-0.05090897760972967,0.276661299881322,0.1605230536086627,-0.2447816026607328,0.6476447963317084,0.5349574519067803,0.24005263455193787,-0.4070732991529791,0.8355121553486797,0.5407427115465872,0.2496611229001223,-0.4088332288288097,0.34550388312492375,-0.10399485584791036,-0.046563893184444,-0.9415444657977606,0.37568717212601754,0.14377241033211732,0.1187130448490381,2.960659968865312,0.13164565368846853,0.11030272081473007,0.08811650965490549,-2.1677969869193983,0.03949441400595587,-0.04821168105912786,-0.17270203511589485,-0.6339675278002208,0.11141470962124458,0.16476303860778255,0.09640724443403345,1.7748633119165056,0.4750107650192641,0.5319721299787532,0.36317446356456135,-0.13061021132830097,0.7074456576129341,0.3786549950119485,0.2517049061595903,-1.0629307071911935,0.10720128369056027,-0.11725031022041937,-0.16753193621030482,1.0332758189247648,-0.01321108665136244,-0.2769998768269375,-0.1478442025000453
2026-03-30,4.341279700439916,-9.750548058087993,-0.9715999972242659,0.22503301106874793,0.0796872944477342,-0.02454338438083035,-0.26992689771628775,-0.11852862151255215,-0.23422143777683818,-0.15775126979836493,-0.5098644251963296,0.07945554330722165,0.29601497586180364,0.1605293078186045,-0.4025448114772481,0.5732252557556117,0.5274038046887018,0.2367064160546584,-0.19631092477216305,0.7753834783295431,0.5321047716467561,0.2429454062831435,1.0705776173535102,0.25436111688068397,-0.1455489384982997,-0.07012682164811966,0.183341419895856,0.362605304505621,0.14092966668593696,0.11319377295725166,-3.4694962356751873,0.29255084294512,0.19590221213069714,0.15205740749519817,-1.3247466503831167,-0.02072636568043176,-0.0319293607500504,-0.16551674530344204,1.5452928334395006,0.07223106313867227,0.10172299005507114,0.05651687327231539,-0.5970432900269473,0.4350298508546055,0.517451362797843,0.35386970098737236,-0.6593717114530846,0.6939224917826201,0.39198135907356907,0.2543963993784718,2.2926478463300324,0.02639475585225272,-0.1862691567260843,-0.20534083694349292,0.38207836272931395,-0.07536945254154553,-0.2574650588266947,-0.13758885404396992
2026-03-31,4.309649658261509,-3.163004217840726,0.5479190853296965,0.19192644950980703,0.0798908770453797,-0.024942448762341272,-0.26080155507987257,-0.11485877486683364,-0.23569253679637336,-0.1474454081979969,-0.29411253438723195,0.10746628081609375,0.2977257234031501,0.15340919171154863,-0.33231795896991967,0.6048247302317838,0.538202133595976,0.2336155037740409,-1.3871100208913698,0.7920192821069602,0.5385758930236366,0.24350812484786324,-1.5078523342396513,0.2986704294865814,-0.11501529955073785,-0.054895588274683646,-0.36994236944359676,0.3786799356015654,0.1319476821748605,0.11645736535803011,0.4320271235912001,0.29904654883188087,0.2124937586872736,0.15977544511395453,-0.0888886832064002,-0.036528345309340675,-0.03391649512551276,-0.16216499707573187,-0.29829125493807984,0.08785648776305695,0.09729869129880056,0.05620131890277984,-1.2722445054461375,0.5005276113530033,0.5204672285383581,0.3528409443885416,-0.28865086020584974,0.6914465218462349,0.3888766169877591,0.24895791821656732,-0.5596350093134561,0.038477138354965704,-0.15416757237723375,-0.20194827842988844,-1.5214854517710918,-0.02891977818530334,-0.25652348640246314,-0.12253179175804253
2026-04-01,4.319573155386812,0.9923497125303271,0.46346033684582366,0.18354300572702276,0.08099795075195107,-0.023371403364274144,0.5515425356645443,-0.10484758998557378,-0.2317413919758875,-0.1429655647104243,0.07285388310816021,0.09450151782699166,0.3003776478092306,0.15654090989694808,-0.31153697218963217,0.6030345481544026,0.5449429954259576,0.23257913976540384,-0.7636743089557436,0.8107472364470363,0.5387313317751865,0.24157296495264247,-1.8557070054804834,0.3050763840865842,-0.11709268076151426,-0.06178506654739936,-0.7559738957708577,0.3938424547151337,0.12985994819892174,0.10778949821692917,-1.0670097198753599,0.30124930837873404,0.2074013823258562,0.15265904397824512,2.1702671790114882,-0.044614602488246856,-0.026606238023007326,-0.15216878463641736,-0.06998410039731251,0.08106744911428297,0.09870927753026074,0.0581639713421601,0.07729705145532861,0.5051490420861092,0.5202958939394454,0.3505841860217234,-0.8824424937949127,0.6980063161629193,0.38291915147142985,0.24557771068546286,0.6209132025412805,0.07428720300514066,-0.15289867107010077,-0.20592656338338824,-3.9852193802904994,-0.038735209020774465,-0.25252551305217347,-0.12648791700141435
2026-04-02,4.311695918177596,-0.7877237209216403,-0.273134227062912,0.17482782404948144,0.08259387439875437,-0.016955043996491233,0.30230395163187507,-0.07101624517445115,-0.23582721464219164,-0.1542309277690797,1.0792592366052483,-0.00920084071025642,0.2930588924882364,0.15082986066277806,-0.4000396139438145,0.578687684324769,0.5519130222978645,0.23310971389379942,-0.5471899581698723,0.8085731697485641,0.5401806032105273,0.24305808439614116,0.46627195990135384,0.29982349031323857,-0.12130751201530193,-0.06252205510254183,-1.5133996159728,0.3697177194818002,0.1316998655891482,0.11484621992387149,-2.4491800218919844,0.30150743094652405,0.20949764613843838,0.15438483915030396,2.7661004408883523,-0.04162126525914526,-0.030731538169161538,-0.15244181133334445,0.6688341077074687,-0.029898728476738932,0.09584853427111349,0.054012785913475345,-0.4777223297484703,0.5024287137147464,0.5265280894729796,0.3498150291506684,0.01234963324759697,0.7875858333513752,0.3876887603701772,0.25090961177369764,-0.5948935199160672,0.1069375092673965,-0.15026481281773815,-0.21430576551560385,-1.164790292476835,-0.030922829265861946,-0.2476785145081298,-0.1261220571473414
2026-04-03,4.344507054030772,3.281113585317641,0.6336119636462815,0.21026288453910894,0.03159042114989452,-0.04017963774657462,0.43994927437812814,-0.058965115931834,-0.14783832046309572,-0.11405255943806795,0.5733063458525314,0.04335618150678353,0.32360352858065056,0.17481351752283275,0.08051273459893116,0.5783973924166307,0.5986888031410057,0.24845479205609755,-0.42761607546333447,0.7937449035958801,0.5594023079430096,0.24764814103385885,0.06757139589651828,0.2958118229699963,-0.0820205204030592,-0.05039512568026243,-0.5315235458309953,0.3541464752330168,0.1260240386131094,0.10799889179746847,0.019220342846842244,0.3185209140861392,0.17745266377814023,0.15481061149186942,1.9221571171416258,-0.03608895960045595,0.02631295457794968,-0.1394194104178837,-0.004094222456198393,0.07264777420194933,0.13220419108408718,0.06730835008603946,0.39814418299191034,0.4985879686897664,0.5522090908897058,0.35160314336557896,-0.18966618010184932,0.7905378640756828,0.3738805472632848,0.2651786244411729,-1.2432499368762913,0.09870088617574828,-0.09698476090558521,-0.22169649518936235,-0.3130777737777344,-0.03911751741833313,-0.2746792185707581,-0.13448914830170533
2026-04-06,4.333634555242154,-1.08724987886184,0.37417958275438723,0.20962564289595018,0.03861299526895922,-0.03284118299158854,0.26671933876899523,-0.05693123264866521,-0.15445237315655413,-0.12464884748558641,0.11687974860886063,0.03688228693442965,0.3253600074329269,0.17889050420840197,-0.20890898383805112,0.5853082793138508,0.6127578946760436,0.2557623598740744,-0.22980692423517435,0.7938771098399353,0.5636326549919175,0.25222644998073257,-0.7215676427479937,0.31478317588071075,-0.07831510830481364,-0.04689805731384,-0.30925435980523197,0.36700813366629736,0.1298584592313246,0.10371519661528666,-1.0025593890491233,0.32411340262707944,0.1835344165391352,0.1470035543993993,1.320529970872851,-0.03383720788505408,0.022530333753051832,-0.12361399342437689,0.37035470002199355,0.046995908489649456,0.13037495961368778,0.0691265452626905,-1.0840089672124158,0.5040013158821295,0.5551389355210912,0.36343840474639777,-1.1217534160626592,0.7973113830041643,0.3769287283977607,0.2616614985206267,-0.7576112669368247,0.1096703324358701,-0.1095793409239183,-0.19806507553938266,1.2909832871187255,-0.05351549158182465,-0.27764892693150145,-0.16135878678191382
2026-04-07,4.341614522983113,0.7979967740959104,-0.22738068152249635,0.21878846991183734,0.04326173349164299,-0.008113473900704563,0.6493722077188799,-0.0698263922436255,-0.1703622459775263,-0.1320378426875811,-0.058152481749247364,0.05063419718571061,0.33177299509586683,0.19315143229420076,0.6721068097129916,0.576986642325367,0.613210681533894,0.3007989775259174,1.1983846940263008,0.7899688784267925,0.5595604139082075,0.41297840074685244,0.7095040092728897,0.33394719635588566,-0.07631467926126777,-0.12217931805481409,1.6431669800894175,0.34952352729402514,0.15349535390240002,0.09660881393864974,-1.784098004979712,0.32019814795715534,0.1835177134235764,0.1815622514869504,2.732767127892544,-0.032242619311323585,0.023016021310612256,-0.12013816227946278,0.739582307928381,0.04676841952571792,0.13216941976647564,0.06858793295211346,-0.09230203075055021,0.5060532519305949,0.5588594727539619,0.42239357048012033,-0.35345343251914274,0.8026000723850079,0.3740586889867431,0.33174665688455734,1.4334578360743553,0.09961688091873162,-0.10983177655946236,-0.22424766365773913,3.794611506768928,-0.07720731281370044,-0.26426545482880714,-0.1495375799163427
2026-04-08,4.290147310488818,-5.146721249429476,-1.83946592834464,0.3003429380072692,0.11459124299410108,0.017384571663774696,0.15558684077062424,-0.23546915131611668,-0.1598177427196957,-0.15831712929408426,-1.1450812106890562,0.1564996145322838,0.33951464606834014,0.20865774903447784,0.1431847644431361,0.5045390735431585,0.5911573885556324,0.3798739068885429,-1.7004569307448927,0.799767811173295,0.5901063327502802,0.45816633434458637,-0.8994543572920994,0.37814517984317203,-0.01608243573887117,-0.09560093766729238,-0.40427557638565115,0.38835058417906443,0.14831553462393898,0.12072249293967172,-2.6163995355543173,0.3665909180793051,0.22179963494266214,0.20091063520575994,1.8113416527972608,-0.12451677832436682,0.03940870328060409,-0.1356388191398352,1.2524558834288637,0.02047853744955815,0.11909569594508718,0.05043901743606952,-0.3295215342303033,0.45219027609115126,0.5382348078933648,0.46049220171506833,-3.0096475585096356,0.8318746507008042,0.4531526658861767,0.36841023671006723,-0.561685965505472,0.16836682830320682,-0.10649935767986944,-0.2320430950665917,-2.001357401563248,0.007211159449692014,-0.21681006559434493,-0.12686712527831587
2026-04-09,4.292155581589734,0.20082711009159482,-0.3578687184414656,0.37322695324366756,0.10423379786045402,0.026180148387155138,1.1938233815475712,-0.23760631962651566,-0.14358976696169481,-0.15921103988068694,0.48079328483846706,0.09542551752017013,0.34070696595165845,0.20548330828672107,0.08705757020065308,0.4458132836046191,0.5961892523556497,0.37870161828131005,-0.06533684678153939,0.8084096866508472,0.5932247081108539,0.46515814581697357,-0.6408437420932416,0.32035932885313756,-0.009931113667646329,-0.09353698904273455,-0.2732022937293439,0.33528270481956174,0.15587811862829473,0.1231210639501789,-1.2381261920598081,0.4378362039317859,0.2168949260922647,0.21187455587683376,2.80307001837481,-0.17561746782901833,0.03968117676982901,-0.1374779177021304,1.1430702784450557,0.058469738158428465,0.12391066074426198,0.04330777103457126,-0.8298091808047041,0.3788601617476279,0.5416322092581142,0.4666850173484417,-3.233287788046595,0.7566828349442478,0.4503759289238279,0.3574760033443152,0.19652065358347837,0.025223662697094307,-0.1236244801970712,-0.23002518021174403,1.0029279581091008,0.05913036484475765,-0.20750782659837155,-0.12357080927991507
2026-04-10,4.316020448168423,2.386486657868936,0.2520369414528,0.5177741710240795,0.11317433182959605,0.07106325185815442,-0.07351754638746888,-0.23152593929140255,-0.12949554249399622,-0.17852482995845229,0.3773590822634336,0.1180827752921314,0.26123141371111785,0.2112139434178541,0.11882308161477129,0.45098058546599185,0.5970618442778063,0.40407264474436605,0.8910236928597248,0.8114292228677866,0.6318806314046462,0.4686742410226585,0.04539388672391986,0.3312250830008345,0.03356016894843665,-0.09529564100002659,0.36470787273719374,0.3382728365269423,0.1667021068777617,0.11760860771774628,4.197327535537331,0.46310526607351515,0.19855779992477282,0.20628969861921023,-3.2633917783640483,-0.18808374346815646,0.03963454963706942,-0.12805703944912067,-1.1688825615339105,0.057172305048888795,0.03811941758678457,0.03553276821224147,1.8650607173699165,0.4033251332120304,0.5412919862140089,0.4844499398679576,-0.05648081054946541,0.753756007548974,0.5021947360371153,0.36825816101289527,1.2569572963303388,0.05153224680357219,-0.06491552091568452,-0.21955778517129465,-1.6428141753900412,0.03544764972422559,-0.08776819874301008,-0.14398291362206178
2026-04-13,4.296243104997667,-1.977734317075619,-0.4659544416324577,0.45658481835462306,0.14587757541912444,0.08902167463188841,0.10618554294534088,-0.14457706464349382,-0.09392653470056998,-0.18988316149811096,1.4970446594229023,-0.01713336750749676,0.16544525428585818,0.19197067554634137,1.1513751219462145,0.2928208879234759,0.5524210361502638,0.3888227642528731,0.07926039306994226,0.7930424775502983,0.6476789649572223,0.47086109748574156,-0.32656413429174713,0.3004784859691665,0.054752800408162015,-0.0828871039145436,0.40450800351307525,0.32973191566669363,0.15820389821266762,0.11964969418048213,-0.1076977656569984,0.47279532760669957,0.1942965900865691,0.216064623634101,-0.5442593879103232,-0.19413981535500124,0.06459093971990594,-0.12337250213774345,1.4744638525985727,-0.13310255357612982,-0.018635669006885,0.02115263903969738,1.4998489351658624,0.2797835696888086,0.5047279812481882,0.473077772136755,-0.3698838170662686,0.7635584802419305,0.5423040363669905,0.3667793604311078,-0.33281624501675844,0.027643130239072798,-0.09673161788148214,-0.21172031464971022,1.6689330520468482,0.0005735136775771509,-0.049354550727496935,-0.14665052012484628
2026-04-14,4.2547760479247225,-4.146705707294451,-0.3749930296521311,0.4638461645406266,0.15662119541875597,0.11391077259850607,-0.02420118393070414,-0.12411215645723782,-0.09855559500814476,-0.2145559507679662,1.4614400441439837,-0.05487059530772339,0.13147858630153939,0.19075758643510662,0.4976441074212931,0.24748540335771807,0.5360549264883665,0.44479637242893205,-1.1242403793171327,0.8027554871647503,0.658162577143442,0.499111300703742,0.6422427959763555,0.2815884044574371,0.040370302342336156,-0.06008888329707944,0.5243232185256349,0.28742849361981154,0.14435240620709913,0.11840084972620694,-6.030744412088291,0.4985573184995703,0.23616026830652984,0.23678895638411876,4.41792365449208,-0.23173067806769143,0.02315403784856085,-0.11909203736459972,-0.5371411736850371,-0.09187437176545822,-0.004964003091650229,0.06916184837076064,0.27921360618289315,0.2731598794229494,0.49685279688895806,0.48268032292778346,-0.09463734155410597,0.7451819485980339,0.5377406303146378,0.3833467895178555,1.5651687538916192,-0.041211092467953174,-0.12165348627903813,-0.20930508608844903,0.39311441196623687,-0.02669163019728299,-0.05293017378118881,-0.13983017365914333
2026-04-15,4.27850048397144,2.372443604671748,0.21846577377777282,0.42951608105933015,0.15417568576052376,0.12246721749968476,0.31563467821090463,-0.08237672220943056,-0.08862881417585806,-0.19804390287627305,1.0290167489106816,-0.07540866280159597,0.13296051465779857,0.20828096264558674,-0.23121634110335032,0.24415792395774935,0.5281882070087818,0.41904579637322104,-0.8927030728813921,0.7705509595336302,0.6468392846758679,0.48633697997835384,-1.0426061380462879,0.2223206504533419,0.03830379418311736,-0.08272685070269166,-0.049243686536070364,0.31150665557059387,0.15724437276562206,0.1202997878148696,-4.435268628332294,0.4049469838502847,0.21643006507149753,0.20644816422338358,5.104596603294737,-0.15184477153655643,0.029015419649245866,-0.06532455534005875,0.37406923524826563,-0.09217679433230178,0.0075399316142487445,0.07133941913600485,0.5216546671908127,0.25410113719663796,0.49345677556637246,0.4640035571248632,-0.29672707996022063,0.7248146357858675,0.5378195989789641,0.3723749562255368,-1.829209653618817,-0.016111082237581547,-0.1427752790198668,-0.21218810204391617,4.404845102037895,0.013716264808024872,-0.0019872795260166,-0.12511829061902155
2026-04-16,4.30823720489812,2.9736720926679894,-1.6287885252381118,0.3476811284139035,0.13627535016393666,0.1194853830482541,0.15740863078416023,-0.006240963123867334,-0.09894200305449323,-0.20704894727400688,-0.3394771063572164,-0.06844320313257188,0.13621497154260592,0.22751988033260218,-1.3257284813016255,0.14767402650579672,0.5009593269650623,0.40281732237503187,-0.9396462353394657,0.7383006518700398,0.6373151591601034,0.4806447959649686,-0.30542109844697274,0.1884714384588406,0.0343141998112439,-0.07212752575012393,-0.30340435178018565,0.2784934303195789,0.1553854774138222,0.10316375528181061,-3.7826575653526078,0.35327481627785223,0.20203097973348075,0.19248863450309434,0.22562538398543985,-0.11016110783316282,0.026743491136276363,-0.05514879068062796,-0.7272380923871999,-0.07966727846171401,-0.0006612405727404205,0.07217007520376986,-1.4000059258815039,0.1815157655849774,0.4747272746044235,0.45078256246092596,-0.6427475492708641,0.7135192048786934,0.5349644871354341,0.3765914755272039,-1.844207994768019,-0.09026669204407944,-0.1528223106942743,-0.20622138244230243,0.7881947984043565,-0.021183331597524183,-0.0016134622379707052,-0.13726954971459948
2026-04-17,4.243059029176942,-6.517817572117757,-0.16228988324080018,0.4095454885635636,0.13009524756913038,0.11736028042892886,1.688957409259261,-0.20125546440699876,-0.1577073932064839,-0.23695541078437996,0.5675921273709923,-0.008837594147242313,0.1184391414843124,0.20741926336596994,-0.45808658540948766,0.00012816869091844375,0.5077244004836522,0.41068031041332875,-1.3664682595681448,0.661846894393645,0.6653939850303019,0.5026942395193804,-0.20768681227461427,0.07550337495087907,0.041860740390464064,-0.06321441073490831,0.45460534102951033,0.14440647303045284,0.13760011983268347,0.09195514309992218,-1.050260542589907,0.16471059067202212,0.21502551053774338,0.19937800501977418,2.7805354038769727,0.1198172077061703,-0.007437076498871097,-0.0792070487201088,2.104082643599875,-0.4171595492545598,-0.04422715371198233,0.03573563168186469,-1.5106122032611524,0.29361045215709686,0.49997624975906774,0.4666233616432524,-1.94327633578687,0.6181738590030416,0.5545599537029575,0.39842411702417746,-0.8177895864258782,-0.20584370326774465,-0.12560681060534387,-0.18885785179263873,2.324873727595203,-0.006403982009417261,-0.038061510574251986,-0.16176890612848466
2026-04-20,4.249001743878108,0.5942714701165919,0.17438934297628794,0.5359064239001043,0.13668439946379288,0.11186496274991552,0.8443041568457921,-0.17919073135535155,-0.18752861473031224,-0.2334680094577259,0.4498555147864223,-0.13358386628787872,0.09327291055750567,0.205501393062354,0.6208113587531714,-0.04519639057154278,0.4803482953892,0.4117442271642192,0.9209876496231391,0.6233897238698147,0.6768153759761176,0.5101679132312468,0.679361656071056,0.03491333735991416,0.06734218768340312,-0.06117196292261678,0.17989357052785282,0.15544486661566234,0.1275420859873252,0.08766752696745515,-0.45284205774739217,0.3496027769856294,0.23402497708756678,0.19614645719984738,0.6919151180240961,-0.043941508902062346,-0.028283409817441915,-0.0765441948050954,0.7659251703485439,-0.539441763041511,-0.02103330895124924,0.03366006260545084,1.0664479985480542,0.30575226345154444,0.46428060035209934,0.4670797004417229,0.8256520854922658,0.5783088928400685,0.5723280757105228,0.3981861093224858,1.5532196740360857,-0.11996028320558916,-0.09737224505300797,-0.1810932874207505,-1.0475356857633753,-0.015680789148296414,-0.04747426249830673,-0.18183141210428974
2026-04-21,4.290569093141933,4.156734926382466,-0.8885674486006081,0.3749064846749293,0.12397664333148613,0.09547934413592149,0.5744877646309985,-0.09813217538771288,-0.17512730125614936,-0.2120889105399092,-0.46129936008897277,-0.09198000482154854,0.08211520726306147,0.18946102859066583,-0.21834166801248323,0.07088533639598366,0.47522231840115087,0.40348478466416465,1.030966151209024,0.6256505393955272,0.6817187587807815,0.5119695165348984,0.888084628439272,0.10706442798751281,0.08320903731871955,-0.0704414865845071,0.33325899356088157,0.08208053043607937,0.13141221329044658,0.09195371168297783,-1.394690122379289,0.2792987320751787,0.2229400741558299,0.18729069301736612,0.6874666299110976,-0.01507406457448397,-0.023372195131256348,-0.07011348670777516,-0.37008498364408005,-0.506430561473392,-0.026928508842155724,0.014911460492326644,0.04235392753205769,0.509717448478805,0.45764603188151803,0.46923917189280373,1.6812712862144927,0.5586543313002935,0.5826028648841391,0.4032980086178775,-1.2653504712108576,-0.20273124735294298,-0.112843304426623,-0.19922613840940026,3.2266149860394973,-0.0005729365084128132,-0.01914462872869672,-0.16092926218239126
2026-04-22,4.29258562935471,0.2016536212777531,0.4976133281390048,0.37003937445496426,0.12167441276954251,0.09192351569049267,1.113140247831024,-0.2731281759660096,-0.17366218270718264,-0.20885912229095743,-0.8846559082583056,-0.07684965521494481,0.0820375618755187,0.19412789263229457,0.20853045754913857,-0.08805146241198683,0.48301819644108146,0.4145285933187069,-0.459891801269393,0.601588301797211,0.6894967722721447,0.520772594038779,-0.17701341582200952,0.11613686700002719,0.07810289820289568,-0.06896813028912306,0.12647918943221753,0.04113077393711208,0.12877833295724772,0.10105887506622435,-0.5334305946998464,0.23331937966548866,0.22166692334106436,0.1876129815337643,1.4348306626629388,-0.07361866818754874,-0.02027351552911176,-0.06846777471842519,-0.6578519385316365,-0.5918365427373682,-0.027130559295440147,0.014712237015279617,0.31362168105375965,0.49785076853681276,0.4656750511723552,0.4723022476336849,-0.10764816528583326,0.5531067039924042,0.5857626030614643,0.4075782652370289,-0.8376678614282271,-0.3101270285557529,-0.11386584807229787,-0.2001084437790147,1.6265002865767393,0.09299671083369786,-0.020107796740351857,-0.1583730265577748
2026-04-23,4.322413109094135,2.9827479739424234,0.4310734328321184,0.33503918841935204,0.1459880023589884,0.09555489318019782,-0.07563389746107518,-0.06466634323533206,-0.1981184667363126,-0.21586231465189293,0.005955816589059193,0.01272307374047751,0.04089631657567338,0.21969463861299388,0.18809208299638724,-0.026331925629893525,0.4796107591717843,0.4261415778286385,0.8548022323477693,0.47254085298639575,0.7081859324265507,0.5248518177666889,0.07714183621234945,-0.0726601581740231,0.10302950036661475,-0.06536908865576714,0.09373612352651842,-0.11599610136578863,0.18612506288616743,0.11309203981327962,-1.520126512282339,0.3160491800547112,0.26363474315220453,0.18526683466148394,0.6830087820397248,-0.05110309683009379,-0.07861117628450447,-0.06409971131640009,0.7734887871054815,-0.5823153552148317,-0.032539438784982846,0.021476834739391524,0.21870638835153566,0.3922024117177791,0.47280502303946115,0.47699579309849915,1.204457151501213,0.4669327988079442,0.6053996903721804,0.4116192381983139,0.8819641401069216,-0.3634179760731134,-0.0942383263463329,-0.17756632566530997,-1.7015518968073495,0.08325422929269077,-0.027595262936306483,-0.1659208816045854
2026-04-24,4.30861441085275,-1.3798698241384244,-0.9968387154440004,0.30648010118201385,0.15681168800083242,0.10019815410079504,-1.0562871092824317,0.08297854379578869,-0.16640674849579634,-0.2127615364340393,-0.1911469601400736,0.06787667695976789,-0.01850773796762118,0.21440065625988813,0.9000908884282623,-0.02443056714684832,0.4748925845836404,0.439318511085102,-0.1620640885530431,0.4855630433356958,0.7464656306163868,0.5396730235573789,-0.014308812824656014,-0.06276810002879966,0.20059183928768362,-0.060210035004908895,-0.35702434055514876,-0.055615519732113226,0.24588914677120857,0.12099298885855765,-0.3889473631390916,0.25956057696247625,0.2850686360916443,0.18388568562255947,-0.9135360808871005,0.03294028993994859,-0.08667772573760235,-0.07093376946776804,-0.2640404267369505,-0.5470921932767318,-0.07535439475463457,0.03404386115275497,1.9019686822922304,0.29735860387133406,0.450966624073092,0.486191575302287,-0.5941345556144353,0.463374838489857,0.6574128810112417,0.4151324481782778,1.931136202426464,-0.3362391013938682,-0.08760120357097446,-0.17268575789274443,-3.0914253544456285,0.08416396986537818,0.03953346667440466,-0.16014764233007933
2026-04-27,4.334531361587996,2.591695073524569,-0.18801129490989765,0.20521345368332225,0.2075899001459997,0.09933469527433632,-0.1961873261396736,-0.11088832539950712,-0.16039629274053038,-0.22008319829514045,-0.2822015395339731,-0.11564549681227786,0.026778059214985803,0.23523268757158644,0.8304813743918451,-0.09636932931068787,0.41882475113894535,0.44219408526271314,0.1731088580897664,0.6215562448045733,0.7464740121115634,0.5380501367557544,-0.16601022967672963,0.20146403325358295,0.25565521511828054,-0.0671971967561108,0.5788356364369409,0.03405132640134933,0.27263177598014116,0.12325138735528449,-1.317912996115333,0.15649690655871684,0.29630160546336576,0.18473702546130205,2.299920197496736,-0.16767433989613084,-0.12169726936164271,-0.06023001633747035,1.175151317601248,-0.3993858328852087,-0.02374078566368399,0.035179816938287,-0.37269287631648007,0.23803031060524202,0.4041631672273077,0.48154717661233054,0.30290990282740493,0.5652744686797393,0.670346096063417,0.41574126984255627,0.34631822904390397,-0.10934179823949476,-0.008780090544407319,-0.17031746193923833,1.5074126578559328,0.13931535968814504,0.009805247032025247,-0.15803530624864168
2026-04-28,4.35253307872535,1.8001717137353879,0.28653866664772476,0.29845833816799094,0.20987535777676902,0.11077611202647301,-0.6475365838045568,-0.21162524138000463,-0.164619467158744,-0.22250769414186938,-0.21581757254563216,-0.17824184994574604,0.026170050284163787,0.23735872101023747,0.8916589915548481,-0.10222066048813337,0.4315599257890745,0.4516886428959477,1.4522416528702722,0.5890946121620858,0.7455446182331865,0.5365519578822963,0.020163149804460767,0.1188947625688826,0.25643081830017833,-0.07688252227071121,0.6365277279544863,0.02881405574939378,0.27550214418830593,0.10836590385796516,-1.4612148961445057,0.2146873498394251,0.2991355978886911,0.18722150406676968,-1.159051360038192,-0.25253976623667806,-0.12738098619574875,-0.05917076100386784,0.3931154161322241,-0.45903212399521354,-0.02238536695471259,0.03307914358479603,1.4159620881845023,0.20433442546798145,0.43244702878593705,0.48168679110248613,1.8913623263416288,0.58902854599606,0.6642966878541294,0.41127553415420515,0.09109418121272961,-0.13601191407031987,-0.00897588624798504,-0.15006472159489162,0.4717839135506797,0.09874306665260393,0.01101172760807942,-0.1727164597861159
2026-04-29,4.414681644407783,6.214856568243299,-1.2211651360732128,0.12172448676099314,0.16951426546738824,0.08322586690735734,-1.1832585520383043,-0.37297078697067876,-0.18233422273319064,-0.2377823734215977,-0.0447219509591994,-0.19328010803364692,-0.0064966690794756995,0.23540455323838436,0.5279126610666562,-0.02835866843102,0.4355905713136475,0.46130483502028147,1.5816153992959006,0.6714336181070056,0.7732392206675481,0.5582819380622722,1.0973902725580573,0.34179638152716313,0.30942440343003463,-0.04816500673171141,0.4687872105813664,0.1016154514192582,0.30164940897368037,0.12130726442681102,-0.8354656297129663,0.22068097837546122,0.28861055131860586,0.17654564501519227,0.02177925108297618,-0.2970035032201283,-0.13030536493755202,-0.05638499361814946,-0.6288372980344641,-0.5096766622302263,-0.04523998097687822,0.023868189988565696,-0.03132927351043202,0.16707700449029309,0.42430668118503323,0.4729119126643223,2.022170213644032,0.660938915324641,0.6840389315799985,0.4304437045084026,2.40207547863544,0.05940937705035837,0.0712629969774587,-0.1064973378862297,-1.262519667298976,0.04127998984878115,-0.022955819703028277,-0.1869765728595842
2026-04-30,4.388653240153642,-2.6028404254140547,-0.7187607038362112,0.14765742437913143,0.16853918114746075,0.0890720315060875,-2.535956005318141,-0.13220610316864612,-0.09464775350555263,-0.210097512871572,1.4490779150540223,-0.24097345585313684,-0.09272616422179782,0.2188806636871783,-0.7862523600251408,0.032293063500769624,0.4171892913624191,0.4706427582018712,-0.48758533823516004,0.6736479614005764,0.7707467944319705,0.5624221087130883,0.2111489717854528,0.33778411674349407,0.30760367596612304,-0.05065946852628306,0.16543358042640652,0.05840062554887799,0.28300469118862975,0.12063381522840341,-1.543203130219763,0.21145293057805767,0.27872793360952675,0.18185917784661992,-0.7644777889568336,-0.22488040311380333,-0.10015646255997619,-0.05297273985466928,-0.7980020535733392,-0.41424574860085456,-0.12450642060644199,0.028937126393804056,0.06551699771749431,0.15847560518126452,0.416725170126693,0.4758492685985797,-0.11669613304638071,0.6485723741076836,0.7367438577725232,0.4349210603368754,0.40364540557082235,0.0365049975886465,0.08058433774556373,-0.10842505225562647,0.4260313967830845,0.02756212616198355,-0.019283090085502025,-0.1860568907591251
2026-05-01,4.376798160137618,-1.1855080016024644,1.0931276025653598,0.03759013977336591,0.16636217355153132,0.03495927991447944,-1.500710350406114,-0.10949806977065385,-0.0799964418840107,-0.14079638539970188,-0.4438935817851053,-0.24674294451381004,-0.07118658402409955,0.23630879010197062,0.15064230959230754,0.04273967595617498,0.4116893179647728,0.5047722360843893,-0.4156379893263108,0.7187066471375261,0.7705507803733751,0.5904000389968245,0.4273339250546413,0.3172086825752129,0.29756778637828557,-0.015280873836781917,1.5564996396234292,0.06505975205557378,0.24938877640102708,0.11223885869083818,0.6289819932052224,0.15594571993854117,0.29002016166533695,0.1670544895608144,-1.0651535881239333,-0.2200748535939918,-0.10520721369310782,-0.021987967536347484,-0.5680286478193308,-0.3779786892786784,-0.09810711904796222,0.05594122157122495,1.3877292910873922,0.12029348780226388,0.40072908440789773,0.48716485475000826,-1.4211778639871233,0.6658946925031016,0.7415367825432208,0.43523943452818276,-0.5789349882856256,0.106527628873939,0.09590411289852199,-0.05252968907100224,0.514785516585328,0.05230825744492181,-0.027105345895866877,-0.20405744837778877
2026-05-04,4.445214964311712,6.841680417409446,0.09899023240401261,0.10530876322059259,0.1810583290531383,0.04819900340803646,-1.3478409152554334,-0.21001197174410707,-0.11332127750609566,-0.16362308217166457,-0.9681587708143686,-0.3492004384555713,-0.11155783749065108,0.2158984543238501,0.1922694491517447,0.02403306876799147,0.41032000660208207,0.5089275668127076,1.8896334220128828,0.7639178726044218,0.7816505821197879,0.6085065999121375,1.6117785357322754,0.45496222066921854,0.3456774501495026,0.025355189417015266,0.6850683345544416,0.10118317193900894,0.26878188687696275,0.1267359787985513,0.1263980265715361,0.21093262301489604,0.2915844107058708,0.1675079640858632,-0.4535102681135297,-0.2588733640688507,-0.11188875818920616,-0.024797972031179005,-0.36564272744470694,-0.39919670364891874,-0.12403748370716643,0.05042523852288364,0.8105092068146047,0.1349611082812125,0.40356464320248864,0.4893702345133084,2.2083440032223,0.7116635105148638,0.7584511120822999,0.45585586669953193,-0.4618947744641754,0.032534250818047845,0.07740408240977231,-0.07214400819492023,0.992602186296064,0.07278437440152313,-0.013817132199566378,-0.193650379588829
2026-05-05,4.415065960875066,-3.0149003436646282,0.054187936010181736,0.07816213023420908,0.18044793234776954,0.05000760360276475,0.6964737986637919,-0.2463273636471702,-0.13428997772420098,-0.18771352124123117,0.1363561520845249,-0.341147080560807,-0.11242772794323701,0.21645298117502088,-0.8499821892544555,0.0990603791528361,0.42499804137950187,0.5164242639870075,-0.46775352647703516,0.7842091424887512,0.788750162685976,0.6104273665597946,-0.2937941231956006,0.47553929382460014,0.3764168208210267,0.031535423764460245,1.2832639998435296,-0.001272870908745845,0.23939782309689395,0.12325043328809512,-0.18716617262235846,0.1803512752609844,0.2861670123050843,0.17236738610272836,0.014010354514918388,-0.24225788358909386,-0.10963697942369505,-0.02716436089901429,0.09922290413451207,-0.39097237657810374,-0.1258844987997894,0.04924723560540556,-0.2026347991182048,0.16112047733802337,0.40889179904052675,0.49133495317762466,-0.7621236973749901,0.7136783429058047,0.7632241213712253,0.4591943469597771,-0.047732543838911984,0.03529852453710804,0.07750190862263914,-0.07352888537767815,0.43328055689137535,0.07081885701161303,-0.023785198539501,-0.1899594773234137
2026-05-06,4.352931996757162,-6.213396411790395,0.2704818225962655,-0.17421751648833458,0.1723294573106517,0.06113236168307693,1.3362252930093121,-0.33380873753316453,-0.2699210315079645,-0.20304507871401767,0.8074270801025918,-0.5701239128914545,-0.11858278907094666,0.1867653233991573,-0.8640085419046111,0.22867828970662088,0.41017697364763295,0.5182629681875864,-1.5102700944223488,0.7854684187735402,0.7951367629736545,0.635274091712954,-2.1662990078395454,0.5449122102690537,0.43603749035111694,0.1147667502782659,1.0411895204178396,-0.24765057585983088,0.2052439421936329,0.07131927120956032,-0.10046723128733126,0.07401794917633518,0.2728141932761311,0.18274290456576478,2.1338627818121374,-0.2577540416388809,-0.16340878597338496,-0.02037700426728788,0.5352072982993983,-0.33811102773696466,-0.10775678507907079,0.04677004386289906,-1.7763592461237567,0.27525764030022504,0.39307359969101185,0.4873938571731036,-2.0163175865601506,0.7034766480136162,0.7858158352718295,0.5155785843286337,-1.0401771558859871,0.0783676202966772,0.1328081309920242,-0.05898305883975973,-1.6164191437921216,0.07082942745129729,0.03006586549744646,-0.15301507778254395
2026-05-07,4.393078474380509,4.014647762334711,0.5383917413108992,-0.11510380251957436,0.23232494059679906,0.06168046955178249,-0.12718949009940478,-0.33749392407428214,-0.27412724426846097,-0.1911040027381245,-0.3220001525843043,-0.5851049024966726,-0.16152713962178206,0.18563620313951568,-0.6282133059516188,0.1677735681644496,0.3446973370488174,0.506458326255052,0.23381725893558075,0.7747544859470062,0.795744323803813,0.6354503896911804,0.8748199192019968,0.5759343730036933,0.4189735269465615,0.1302023425257736,-0.38884989239101886,-0.3182784707129067,0.14499793971366196,0.06677575032628481,3.7395165413388485,0.1647103917771275,0.32831286246969965,0.1930063059821229,-2.578983331193072,-0.31637252087878814,-0.20914051010265283,-0.030020915782093167,-0.4160790975219425,-0.3657791502459852,-0.0903664440589156,0.04850500259708634,-1.6294565268502847,0.17108553420516562,0.295977476146348,0.4691176631354148,1.2361334021042016,0.8249880367996797,0.7776261777666101,0.5378922255896211,0.2463218506509312,0.0835492691360918,0.05058152993485646,-0.06874774104964237,0.8787271535401695,0.08136811823817763,0.06934451383957081,-0.14103505075925526
2026-05-08,4.363152945491331,-2.992552888917821,0.3240869278557117,-0.15991712966632382,0.28516309827382524,0.057332549771262835,0.54842006406352,-0.35756997116938577,-0.2811454938324457,-0.19091038264472576,-0.5418421462079039,-0.5318825813802349,-0.1432272941802341,0.10438454410752841,-0.5259742994242589,0.19561218102542666,0.35218752592163044,0.5083205361639145,0.17129715088281916,0.7496136211818932,0.7888684183976215,0.6611386870880698,-0.7463394695951169,0.6000421972500496,0.434835428626667,0.177882882224246,-0.679147581405888,-0.1987138193403373,0.16025742353308872,0.08048831490516684,1.9943565530213219,0.04962829783886733,0.3149283038523524,0.16586860926041386,-0.6932274804749765,-0.2556018115567871,-0.20068729969655394,-0.024706711304966017,-0.7865505614007358,-0.28414445121652926,-0.06675054672976005,-0.015652151477576558,-0.9152950362613468,0.17709116932415142,0.3155783093399972,0.4674093194537067,-1.4165685197172386,0.8421627962150208,0.7805506162571932,0.585720060248565,-0.48176551664285117,0.07615914831642547,0.06059175894025659,-0.025943624225833583,-3.0796390256437856,0.18898393060377466,0.09768238820073273,-0.01289114832220553
2026-05-11,4.411429536441717,4.8276590950385945,0.026794954572627844,-0.1603805697842542,0.2151097749055043,0.08119476023407593,0.03034243148160158,-0.33855675025651516,-0.22915560338789542,-0.16123433254650382,0.3257847845875136,-0.4877489314168457,-0.20014499912807285,0.02372090452413506,0.5477234347378177,0.30569175357039285,0.29768239879894803,0.49477006314929955,0.5800408050566912,0.7591755291756285,0.7804422539669825,0.6754698158771872,0.2032951843423838,0.5834129417625521,0.41650339373012824,0.19285259257408663,0.3761938184807936,-0.18609653570243362,0.15512829768908487,0.07918372878408661,0.22587988192580255,0.0926273711772517,0.3255105623699635,0.16375461855801726,0.6064181646450785,-0.27307474189818204,-0.20620826346225113,-0.005117253046258648,1.2495752568680702,-0.14470471536557425,-0.13835432404116593,-0.03898315051414724,-0.6818212406869566,0.18395833382084645,0.2382968330165484,0.436062757720254,0.3442209597756223,0.823940542905887,0.781659928461729,0.6139324433832152,-0.79370511916392,0.02741742832960045,0.025618789041233037,-0.06140706937998146,-1.0716098472502313,0.16376686911018434,0.0689049094752481,0.012789624353316808
2026-05-12,4.469471807177393,5.804227073567603,-1.3891645360981117,-0.28362995905939525,0.13946152428575365,0.059715379207420344,0.31480326803782344,-0.3115603747457482,-0.19853214441713074,-0.15179834816736157,-0.18361039686982394,-0.4209494864953267,-0.1886523335934398,0.02189532147797273,1.4423141697672004,0.4511187902960536,0.3318803044510951,0.5107363574166441,0.3463910685935998,0.7229321899591322,0.7747148263520216,0.6727058539266678,1.5333681435807585,0.6959741921034693,0.45930726165964697,0.22051875815436467,1.291847569558877,-0.05162571309713577,0.18187731721111972,0.10701201010289717,-1.7617232289967357,-0.1216507274999561,0.2989375255307849,0.14745940220607912,0.7621940956479678,-0.15037813383241108,-0.18411662815218677,0.0018235660425491025,-0.32712168096659244,-0.2282623916064574,-0.14486570350915054,-0.039452759949861346,1.1569343439673925,0.26645132696445023,0.2632624341396703,0.44148141471841673,1.9585523637733278,0.8609306200118766,0.7877193710300827,0.624925141153329,0.5765272272469888,0.15748118229089492,0.031372569521671285,-0.05087593324849698,0.8609414364124436,0.18806292513799927,0.061256448634042816,0.019895970621806834
2026-05-13,4.477662587163806,0.8190779986413155,-0.6335543526707514,-0.2917628225628839,0.10360375256557636,0.05463272213457648,-0.8168044306719042,-0.31435769919554535,-0.18577305183569454,-0.1484433044780621,-0.20324947086680334,-0.49092307456993833,-0.22384851449755244,0.016402652601012917,-0.131102913988848,0.4604910631899545,0.3361536338686312,0.5085262605795944,-1.2452512713852417,0.7308317545586498,0.7579159442946322,0.6666748441663073,-1.452144615211588,0.7006616049544294,0.4344795708960839,0.22310620155974925,-0.7123381042552246,-0.032219820731086986,0.19663125851975258,0.1162420123515406,-2.1947107716858754,-0.09063007185683393,0.2585769066925351,0.1483561298771793,1.0117310552762109,-0.2605900504879898,-0.15959153433367232,-0.005444970980721451,-1.6465601308913853,-0.2093819178884206,-0.1462697774715515,-0.03243514271778669,-2.892565447486173,0.22918488106265414,0.22624915984243046,0.42461190026660806,1.6628712659097888,0.8486159369791441,0.7733708707833787,0.6221465865845186,-1.5957902130811328,0.19181122994385924,0.059081354942134116,-0.05738812517718725,3.1769549215689534,0.15559783725991796,0.0590439194519565,0.04072317267582433
2026-05-14,4.4580298994399215,-1.96326877238846,-0.9416890762287956,-0.21243772498047536,0.12470407650569305,0.06418580534426353,-0.5154738917639488,-0.3056089594368772,-0.16381320528430296,-0.15748628518874735,0.5786811105859679,-0.5025474838667019,-0.22485378079081123,0.01676961319504648,0.1753559874229601,0.5618642607793346,0.33239797781098696,0.5112996590359833,0.6044643728888064,0.7598050670875492,0.7450775152264615,0.6657361923620401,0.12912861637207612,0.7126867334201467,0.42733633299480556,0.22200430842071445,-1.4751784287284249,0.08573198293494622,0.20150546294708144,0.1367944600634188,-0.8305622455833345,-0.027623273957804527,0.25165897551354544,0.1588155609577046,-0.9801918307862878,-0.21776083680193464,-0.13419407134876152,-0.006979618406767496,0.6665620296747901,-0.21343098511526618,-0.13959353679232955,-0.03877450932512822,2.5275337159964515,0.1675702020483949,0.17330012277441362,0.4008963063176518,-0.6649384334660813,0.8885368331059886,0.775457583730701,0.62705198749229,-0.5121000832957331,0.2679468695379514,0.051811930535780586,-0.04834025169070777,-0.8745213825428959,0.16612381421051944,0.04943757702883906,0.04457978675684029
2026-05-15,4.594344077544065,13.631417810414348,-1.356318936910816,-0.3971380475646238,0.0015055514535746428,0.006006238299995473,-1.2201314960277445,-0.2571237202679543,-0.2664718025109215,-0.1940724475871808,0.44262309510166453,-0.23505640567655453,-0.12101579937761711,0.03737555864294392,0.7180555654101122,0.5353281506452952,0.33217696253865236,0.51045151102136,1.6254343740470398,0.7309820558302945,0.7188711462307088,0.684082193472726,-0.12232930822454424,0.5500017784980183,0.36263121977626356,0.19932167565213446,0.2052172372215999,0.08267188736501237,0.16049526317589127,0.1315423420120206,-1.3513940467852477,-0.15632857045501433,0.08976519726863401,0.12993207314907845,-1.232193183674208,-0.1705575652939721,-0.020141689909739875,-0.024848774440942228,1.556414509368576,0.28753798212866283,-0.11414518012988017,0.013163016527346794,-1.523542318483936,-0.12255162548228586,0.08771594197440073,0.33032015860304537,5.116989718985744,0.919294738943734,0.7936598949398069,0.6793005471075185,0.20940683546911676,0.19038585188296725,-0.00733027293873945,-0.03634560239409003,-1.0917177503339008,0.17312921277975393,0.02551058847446918,0.008431856858718594
2026-05-18,4.622255859056915,2.7911781512850453,0.05109559988028778,-0.3867829978985541,0.06324396613681967,0.010962462861862182,-0.2958889709447359,-0.249647913686834,-0.2623450327796232,-0.21755860213559705,0.5708806085947105,-0.20979345962249782,-0.2003856014477578,0.019398555885150062,-0.5498223591256544,0.5263352142229513,0.28911434669829306,0.4818764926334124,0.1779563667033921,0.7465406624934071,0.7030234902799605,0.6936784822092247,0.7854352668354685,0.564770611619199,0.34461519083525555,0.22426389274139186,0.3258857594416127,0.08175530597212952,0.16186345143172093,0.12381142992261686,-0.08987757870153601,-0.15325775277721207,0.20603033312011967,0.14552554037652665,-0.0935552845410883,-0.1650489170009463,-0.15578783534617746,-0.04354910380877427,0.19297176243420822,0.3096783616044643,-0.1728737961523643,0.034687143349940906,-2.1259468581625605,-0.12325869941997102,0.06494559676438223,0.27124787070727313,2.0008508712429123,0.9153903126481394,0.780523360943504,0.6914575737546567,0.5235155059129282,0.22810910854168442,0.04398082949298209,-0.011705578507238539,2.2540422121554498,0.17341011067519269,0.043653107219498395,0.010942778870522012
2026-05-19,4.668268420200909,4.601256114399366,0.7137204207453087,-0.3156012839035134,0.023647760922152452,0.02402061610107894,-0.06781686865009923,-0.2709295341965193,-0.25177624047397257,-0.2162428284845045,-1.461669478431939,-0.23568345422122067,-0.20726168177259469,-0.0038604229136362917,-1.0328302449720832,0.45398597641656013,0.30822174273848424,0.4590294445198245,-0.04155874092404499,0.7228448536482364,0.6904144165492292,0.6880960173579204,0.19187042182463054,0.5538004995521473,0.35766542545930924,0.22551422768191012,-0.6973084721838751,0.03698207509865131,0.10460306634065772,0.10675287211173656,-0.6379820382705761,-0.1409899020755861,0.17948124870536128,0.14251298098176754,1.0280503957851104,-0.15134660387148496,-0.14109606491928217,-0.03779593413706954,-1.6268081630116928,0.23652801780667276,-0.1758365554262214,0.017306436461503667,-2.43410643399025,-0.1665183578330391,0.07343578724905168,0.24287773463110607,2.3183878628877443,0.914152997658064,0.7780357199127671,0.6967837953616168,0.9363685128136352,0.2980523709949758,0.051694077912892884,-0.0011479802076537415,-0.7603660129273153,0.12251404652434321,0.0058175180162251825,0.0029919214635094307
2026-05-20,4.5686043988229255,-9.966402137798358,0.7951798342821439,-0.39954965693523925,-0.06401688104662724,-0.016767683046968344,-0.9031357563487354,-0.16325190848126034,-0.254549196598631,-0.1807873909142513,-1.6344586948030275,0.045577812722633025,-0.03793686236125508,0.06262831592921936,-0.9533650253626624,0.5319329320503711,0.3124102114173905,0.48708533143342136,-0.933346111243389,0.7415919861345355,0.6790367689641383,0.6957557903348832,-1.5956837863169886,0.6365354108358415,0.42860668418153564,0.27868208086944374,-0.3747392699132768,0.1166161903803943,0.10863982503630754,0.127080330228609,1.1616931702363837,-0.24480579238834146,0.06523644237731926,0.115014322138361,-2.6218975252655037,0.11602237516670427,-0.053849512539247885,0.001329765561701653,-2.147368116579373,0.4120220852667371,-0.0435198834009896,0.07266951608459024,-0.5342317644886401,-0.11780583201946512,0.07708239354480893,0.25037964380418537,-3.0420634622739327,0.9315255977473511,0.7996472432535875,0.7197923232963269,0.1957328734937056,0.24259534291329768,-0.012879590120992726,-0.008491960828097691,-2.1677825080459296,0.25843265209588484,0.13249453370947453,0.05091251637894515
2026-05-21,4.581542384297732,1.2937985474806624,0.1741022275064319,-0.4178473100819668,-0.10930421461585826,-0.005311525509817989,1.384309403729536,-0.15553978399046445,-0.19220609021255897,-0.1897781010828192,-1.73656160354528,0.03857340864812044,-0.01875372505489666,0.03030187790118556,-1.0048776063610623,0.507594092733209,0.3252810638462331,0.4775987770188786,-0.05271153373291515,0.7402251728467609,0.6448527884581803,0.7065990929215271,-0.40436977291196485,0.6342729250542655,0.38716319932692606,0.29626758199580694,-0.5450810819728928,0.11668027691735837,0.06128379408845136,0.16236003581680813,-0.5045717080737373,-0.23561294658840282,0.10457651122771275,0.149954450435495,0.10455254324103658,0.10612674260279352,-0.057044219489273844,-0.04438893138976312,0.2290783391588449,0.4052486920981837,-0.035503345657898186,0.06639587736514231,-2.1329168538579553,-0.11975417252827499,0.006570241356884116,0.25102015547120676,0.25436141873019524,0.9304851128859822,0.7944297290876874,0.7288723970484078,0.2619468088819199,0.23397797707161155,-0.02947696671163642,-0.0010395184363014612,-2.476977626461843,0.26676625033766604,0.13139802325554828,0.05437503684448799
2026-05-22,4.570724968228557,-1.0817416069174968,0.5021369398224,-0.4793849397222134,-0.12906345187537577,-0.011652246075015098,-0.38904306521180154,-0.17638323132857073,-0.17641052917809233,-0.17333451081671233,-0.6704433985953953,0.0523848154900063,-0.00297489896628921,-0.004648241620690109,-0.48600195743705277,0.5749481568246108,0.33339373183433574,0.4886230068919888,0.1862379926778528,0.733903546406759,0.6489599191129996,0.7300366023764571,-0.00961327490729924,0.6350168782593377,0.39200636405669914,0.36900917695212593,0.016007025562374433,0.10487023914361404,0.0796740853339613,0.19510916610638004,0.3968866709266561,-0.2485048878993648,0.08113290144634383,0.16134368689416254,-0.2807479762941536,0.0937634915637558,-0.037958140108113415,-0.051206934321355764,-0.48158280142648957,0.40996305296353486,-0.022218936824936333,0.03995243608537749,0.6993847176261665,-0.1016062007304037,-0.016797291639294554,0.2455218658207753,0.6375433759800351,0.923968834817686,0.7926253612263453,0.754359477857519,-0.5355864756746271,0.33737950576650866,-0.013881391004106045,0.018873008994507178,-3.0531821995168418,0.262268498800952,0.1346963084171441,0.1015986428780491
2026-05-26,4.489572774469613,-8.115219375894434,0.13879792377228034,-0.4669203644388537,-0.22036008695376091,0.007235772416272839,-0.7678456070257267,-0.13256284100015933,-0.15334850426098834,-0.1470499250440712,0.24928192527250226,0.002414551007314679,-0.05589930412244606,0.016226274431019393,1.5756007226763455,0.3005231854445872,0.17665926037997526,0.36949066477565734,-0.25897997901579844,0.7190085391407414,0.6629360497255335,0.7153026105938732,0.10196178172038722,0.5857334176226752,0.4757559913649323,0.39142952898248756,-0.5967721186576705,0.16826901944566075,0.13412950535563534,0.2295753907630544,-1.8982361547253312,-0.11579438801552079,0.029153183006816307,0.18376572661621843,-0.9398148225227585,0.11374785335260108,-0.058988277502391384,-0.068025506430674,0.7574270917605889,0.28542539989965926,0.032424881180114065,0.05515230067555044,3.1801349851869283,-0.262417836410537,-0.1512448221829568,0.13319600733266698,-3.3304261173307617,0.938250044460239,0.8410057111212877,0.7816994615980806,1.4853032915655646,0.1494034159257679,0.04377204324335631,0.036058382088214797,-1.6293638165546303,0.2955059136189728,0.18678747924955294,0.10151707778105697
2026-05-27,4.479724146779306,-0.9848627690306699,-0.64158166667952,-0.45548620573082943,-0.1974910252719512,0.009807078074187191,1.31709005400096,-0.14581034892335246,-0.16764073374689448,-0.15386527681531928,1.6956305230409057,-0.028397850249920784,-0.07749188331522071,0.006262134314251779,1.886634478605248,0.2265362458765761,0.13509693397083383,0.34988896521061097,0.18457634256951427,0.7424097407951583,0.65359761575048,0.7173385207191451,0.6663402661129818,0.5686525172345314,0.4498933276338069,0.3842560376250123,-0.4411748368553485,0.17181519333962963,0.12818334919883695,0.23278930083688168,-1.08234031738432,-0.09866597643812662,0.044778605208949565,0.18864083508623006,1.8008767439840958,0.0871067454786178,-0.0720794017225396,-0.07350136313667187,2.2881793481717567,0.20702581277983195,0.00491611870785337,0.04639226498761936,0.7899567112163969,-0.2872026644145432,-0.1756179195045083,0.13651745753738365,0.37530618771016,0.9426054656996741,0.8415352688919249,0.7797456085200718,0.6911932294775002,0.1366587614923808,0.027283946867682336,0.032431160946952683,-1.2151902210415002,0.29710483442488217,0.17836159555914777,0.10572045055451183
2026-05-28,4.454136643367834,-2.558750341147231,0.37625158243490886,-0.4193672864653718,-0.21276362811296323,-0.003050507395692303,-0.02694285992824952,-0.10923570194210953,-0.169233257077421,-0.1469974424408407,-0.48366847389841294,-0.021259530896280725,-0.0660238884668728,-0.005380872243568705,0.17848070794125448,0.19164882869948294,0.1341901430934391,0.3446767698844819,-0.0017368749250112892,0.7237089622186678,0.6597950872127235,0.7291129044489965,0.09614282689065612,0.5354533409291679,0.4835476609517676,0.3979283157993023,-0.14077759433561932,0.15538985869633926,0.13845600124344115,0.24510526201952587,-0.3992645957134593,-0.0737339549851498,0.041080853052558056,0.18760148779709043,0.8218226585521282,0.05543226262011217,-0.0778350033970866,-0.07890366171579129,-0.09045271568620827,0.23942867389358455,0.009331421229050445,0.042202714518481454,-0.051322986035734264,-0.30715448668909295,-0.17531777894067696,0.13795260230882558,0.057991271148297496,0.9370270299968938,0.8414242188594141,0.7822619180708604,-0.7753264635092543,0.023211339764090195,0.03801393569976303,0.06139019979614065,0.7750179477888639,0.30479749475190016,0.18677395146833914,0.09347370564779238
2026-05-29,4.452179813487916,-0.1956829879917521,0.4610312482415999,-0.4614445252600457,-0.2147793621706679,-0.010459245549192421,0.9835092049523362,-0.2028732972687763,-0.16822030830733328,-0.12720863771820237,0.461907014823872,0.0243884925837196,-0.06052136560821377,-0.04245499121771762,-0.3123540015610562,0.17414808389245737,0.1319917810889942,0.3238081765221218,-0.7621538577472862,0.7058602749366825,0.6557000935983893,0.7234137278716432,-0.9352489210020032,0.5383237527230635,0.48520588636792183,0.40164860313111383,1.192358349861776,0.1464295195238779,0.12365852897854664,0.22628647452183928,-1.9545355384404193,-0.09311378271775887,0.037387921816752476,0.17638314249232104,2.0568861780614016,0.03180792288269243,-0.0732224864599979,-0.06393717045702399,0.9613915909007615,0.21602522487146075,0.010202190135446439,-0.01646726926012538,-1.5436366777410369,-0.2958057438674477,-0.17173187771096288,0.1296850014351477,0.0019883326423777437,0.9393054960267363,0.841937259866116,0.8189409667516155,-0.8774671370882753,0.04550371772330025,0.03674204711346674,0.07096553426299239,1.1689951563996868,0.31141111298957685,0.18111622704770078,0.09486567444867672
2026-06-01,4.474838073951093,2.2658260463177093,-0.0917114371189024,-0.4715366990237782,-0.23687761886212302,-0.0024600899608414007,1.0771108442158719,-0.21422721523522803,-0.1613478651471866,-0.11983279018380807,-1.258754655659264,-0.002023940846279337,-0.08755786395599952,-0.04106724449036602,-0.8187750950826751,0.1588943475145128,0.11709356734386535,0.3132336695010854,-0.36710544080722873,0.6900500774039238,0.6620215999569536,0.7188418889108894,-0.06191385470273625,0.5494592461678454,0.48430998200069586,0.3995569397881585,1.4819719942449634,0.20354111997812102,0.1573517041269182,0.23097350213100698,-0.7403789047108575,-0.09000124610038167,0.030236464680643255,0.1859378435361028,2.5493550193270718,0.04867444285761517,-0.07342642073946527,-0.06435362637672701,-1.2770804662994495,0.18269685809110958,-0.003075479537719079,0.007838082713091787,0.17194233745715526,-0.28055255834046494,-0.17638172346347142,0.12295270357577803,-0.278092046584432,0.9364533527660828,0.844649176934722,0.821016786784463,-0.029108883571612787,0.03855194487073842,0.057895008219208045,0.07768479070604584,-0.38606070633554235,0.32225278915547995,0.18248434792862867,0.09079343713911836
2026-06-02,4.454155525496903,-2.0682548454190375,-0.16531093443264622,-0.49661646947756294,-0.23184450948790028,-0.0014248854405301708,-0.14455262512449307,-0.11555209707842479,-0.15644259399141378,-0.11976723889352946,-0.1958169826314431,0.05551169559847402,-0.08317832700407334,-0.039581046105007255,0.4233098889999456,0.13230605723023767,0.10746426909778914,0.30826856520082013,-0.06011377794219519,0.6658293228785882,0.6599961357803792,0.7177375773095107,-0.998538548901728,0.5051993024337941,0.48829546279833036,0.4083174237575849,-2.2453520885755394,0.1905628771186014,0.17484297112436056,0.24154853710687224,-1.4769857794808703,-0.09497571513650001,0.034271634431722535,0.18936521616870167,0.034139111403443057,0.08073544809855203,-0.06593742249704776,-0.06405590375380607,0.3614262939364865,0.20160536262288012,-0.004406275560937259,0.0008012091201638721,2.0660771223233,-0.35864091852622254,-0.19826510470506364,0.10866340321423346,-0.595681300363335,0.9342518583677994,0.8456427189246281,0.824261427485995,-1.587451074445005,0.10421292370335697,0.07141717255275999,0.08929626106354033,-0.3097822948440414,0.28077803528669215,0.19081501558081154,0.09184951871543744
2026-06-03,4.48966293906376,3.550741356685716,-0.9385218784537321,-0.5115082368189705,-0.2465018432057225,-0.014376667513422255,-0.2574314309191712,-0.10724626207307923,-0.16333841526621518,-0.12598794101195296,-0.11607216487823346,0.06937285646163809,-0.08443968709459884,-0.03907859978960594,0.28582343626319995,0.1171083538720622,0.1106228061771362,0.3115801725227082,0.1299007309762752,0.6605768979299983,0.6701237994472542,0.7216142731851176,1.5583656981333567,0.5164098810393548,0.4998013098106462,0.4340626923027714,-0.33366280184345765,0.2400171944460017,0.16544820693967077,0.24051385781157839,-0.8321238137940985,-0.09993066968928306,0.03545683883528289,0.18676393579280218,0.5943039325114605,0.08596702494076958,-0.06923714504612706,-0.06153968916723054,-0.5962260413722317,0.18629132710752597,-0.018300443500862372,-0.0046369644837453905,0.8276570631573598,-0.3280804395782707,-0.18517331320537014,0.112827450111008,-0.23460039636681834,0.9148519685216772,0.8380818144756387,0.8216466446798967,1.0200585196436025,0.14648202546680436,0.086143654736576,0.09706727807651365,-0.30276070533146243,0.3057136770042194,0.1912499049932543,0.09081517722289034
2026-06-04,4.474864338976354,-1.47986000874063,-0.5279501736642899,-0.47942366091976923,-0.346251291651313,-0.002411599039995427,-0.27581778778693633,0.010380222655667407,-0.15703739015809293,-0.18717876035461675,1.7534467692274114,0.09558447746508907,-0.14871869570753865,-0.03653109490943702,0.5775233719497919,0.04021184742950705,0.10781227523924655,0.2775014228721953,-0.01631893105107185,0.619552030125167,0.6520305950775359,0.7154975456555961,-0.22719671895622406,0.45034826581054893,0.4837424443974131,0.4396125383886989,-2.1534171319263393,0.36292547451220275,0.16428582636678418,0.25019756176011243,-1.6057060800981056,-0.06963509018231535,0.008385681327835072,0.18700193863536438,0.9602137709835572,0.18029865545841198,-0.04896542287875189,-0.0842299433680932,0.2291832708158637,0.22504036210822997,0.017447390613075812,0.01887081291466568,-0.015701555276566415,-0.4115144579266145,-0.1959659123239362,0.061592209159008725,0.5657309865448703,0.9004568505116667,0.8259584540948657,0.8275517946932289,-0.15669394796710723,0.07993529275295161,0.07200437349125421,0.11347268707410954,-0.19086896133134712,0.27136418807197665,0.16275825094354265,0.0993273301364489
2026-06-05,4.535291969076209,6.0427630099854746,-2.1592595527936,-0.5672134393959631,-0.39194049607348874,-0.019300439978664978,0.19540834112044791,0.030397961219465742,-0.14694322921633673,-0.1806484895783472,1.2396548049000646,0.16984909726970224,-0.09968424843498368,-0.02570214255853709,-0.44420619208700884,0.034763222644775243,0.08438922589174574,0.22933305466302517,2.4176299579511684,0.606726500700091,0.663076246629346,0.7253449512790869,3.589863996017494,0.46725959895344793,0.5037958071326434,0.4393427430941703,-1.9807307492713466,0.2494702438345729,0.08020459550025542,0.16773491005935112,-3.521313589863808,-0.3273305651389917,-0.03896928862866037,0.17846998734983383,1.2887083206989765,0.32058044265871194,-0.03055882993038161,-0.09127531962954846,0.7781987191603195,0.2687219695115516,0.04247240915088307,0.05111113965515733,0.629903745836704,-0.3535613166798612,-0.18039181960614767,0.008228731555909656,2.5684492966929344,0.9057780831578935,0.8769815296724377,0.8267793515813648,1.384770497343066,0.1493812176208489,0.10988886969466642,0.07786099369608636,-0.29882396245469434,0.24948072401803753,0.15634467507900132,0.11349010117559148
2026-06-08,4.549228911645183,1.3936942568974153,0.037640254626333025,-0.5494097408591063,-0.3989087036413243,-0.008910537832963352,-0.06982219596903372,0.060597701989227176,-0.1469794839454401,-0.1795795232738177,0.13507886343892794,0.15463901222290558,-0.10331014289921671,-0.022739240887139557,-0.8739635946570239,0.0018655603237184655,0.07679936865506477,0.22445122683454022,-0.9454955670763264,0.5851637988475482,0.6459551910165507,0.718238547577746,-0.21544576695895357,0.44839516850393757,0.5031031884997118,0.44179006092608736,-1.286393542242557,0.23327566550276257,0.0680608083142939,0.15833609386114922,-0.42525742573146896,-0.2803024152858278,-0.07398876863207522,0.18160704889187892,0.2085253620605183,0.29658343608485377,-0.009481380463940705,-0.08951635134898049,-0.5093362693636894,0.2439670716510483,0.053228139279077276,0.05641302766225757,-1.645438548399773,-0.37577906279608825,-0.20030449581435444,0.00664142794873165,1.2432068513619874,0.9018703861531246,0.880007074327039,0.8256991678460753,-1.445561764403008,0.11547506603742759,0.0911215011004376,0.0729085670463082,-0.29396249434427074,0.2048849773545195,0.16703989026723232,0.11216752749455791
2026-06-09,4.527393012503553,-2.1835899141629866,-0.6202607720099489,-0.558462582517143,-0.3938650014945741,-0.06599680503123502,-0.45100862812796483,0.07410214856949285,-0.13698070103549412,-0.13857909731944998,-0.20082590432910075,0.14589969465268374,-0.07750226364513223,-0.05609263797156753,-0.166455978106536,-0.01521058584086499,0.10413020237372253,0.17083243222044076,-0.2774499380994091,0.5792360029034047,0.6505940767543403,0.7091330186506162,-0.1564925123629522,0.4563707139478075,0.5013095528248019,0.4317493169497356,0.17086546567187916,0.1889159532944811,0.07160734350556877,0.1565353164549303,-2.07492598465827,-0.3067133755131101,-0.0555307996053277,0.1944230058922341,0.5166018283344525,0.28795352756844594,-0.019312114156588966,-0.09971594633071112,-0.14436203832012706,0.20975536642956574,0.07955878329874763,0.001704549281830666,-0.22582793406407126,-0.36580966283494154,-0.18517407641402436,-0.03595891473808912,-0.3594309580129537,0.9226235207074667,0.8798510517756104,0.8286053272711399,-1.2515437682562496,0.1827777085407151,0.10341534679323984,0.07383398236121523,0.29195541575768,0.2134774704885305,0.180273224036802,0.10725251567069465
2026-06-10,4.539335879446747,1.194286694319402,-0.41747145735630387,-0.5237490520140388,-0.40672326924335,-0.07762260480474688,-0.09512929497651856,0.047466650272038786,-0.13805888713713635,-0.12795852692504894,-0.4512204268526623,0.15382917519692507,-0.03344271654980447,-0.04223284829315672,-0.7039454539301152,-0.12503447975325632,0.12060020301745462,0.16497289616207975,0.13688139267127364,0.5778820041403859,0.638264228730848,0.7093118813180083,2.0554343876154304,0.40050658117692,0.5070954125677557,0.4298380304422752,-2.8515110685923175,0.07681505018434737,0.0736385357335766,0.1346273091787305,-1.4942911404111174,-0.28374226330955876,-0.16444470877682626,0.19093005969145238,-0.9007947291567806,0.2624076008881208,0.050728238019597444,-0.09217918134995538,-0.550790093511232,0.22611366939003386,0.06292286254184908,0.0039063812608948105,-1.4646161356510976,-0.4299384313843892,-0.18126326236660228,-0.03617086664362241,1.2059647304227297,0.920034799718892,0.8846779943111214,0.8269915080725962,1.8275231866183037,0.15392564349424168,0.15045826081236807,0.07201143393799969,-1.9291927136482236,0.1629494967073273,0.18428059015154022,0.0950901480716273
2026-06-11,4.464067853850072,-7.526802559667445,0.27115245328705473,-0.5404103985521885,-0.4262110432992748,-0.12020667535315764,-0.29233114398159554,0.07904825972794854,-0.12582445445664436,-0.10858109175291317,-0.09371974559146878,0.14846531519100384,-0.04370787759112547,-0.056758212219314236,0.8838654584745824,-0.19876557644488027,0.06524080540779134,0.12677432271947664,-0.031219439363971535,0.6030970117883356,0.6402724719459253,0.690542090491438,-0.7114611456483324,0.4595219616866608,0.5404887058595466,0.4360455735278429,-0.45441563227889603,0.06181150177134249,0.08436459178541814,0.14741342477093072,-1.6312561656917122,-0.22267029701286492,-0.11811265404396519,0.1646795597439221,0.5318047154250622,0.2297238251138296,0.01225384918904556,-0.0745000828028517,0.7812410871124065,0.1776842462263576,0.020694155123699758,-0.020607844394941486,0.727414112712568,-0.46436083088041363,-0.20582256026787774,-0.06473531656979807,-1.4742181934694096,0.9265509962765661,0.8923717706614386,0.8251300762344129,1.1258049241851642,0.0802914283972641,0.11682246926993911,0.06375354308235569,-0.29266767087257217,0.14933191867596152,0.1703248451191543,0.09410114273008872
2026-06-12,4.483867021510664,1.9799167660591976,0.40412566248295656,-0.5515575122071203,-0.4100361287522646,-0.11173528266904015,-0.105692446639011,0.0641034536645978,-0.13020575129316211,-0.09316887768081868,-0.3345069729523682,0.1583500407861005,-0.041851338534225714,-0.05305673453618307,0.0038225497593695756,-0.19318043747960134,0.09293405468583686,0.11315856908658717,-0.7832620292867776,0.5865473405103673,0.6532016591632304,0.6814832825105717,-0.6428194366623967,0.4394517037703492,0.5387097265418127,0.4267409077773699,0.3072037596382464,0.06086631891757975,0.09047437299399298,0.13874278179039842,0.5946936561818048,-0.17627692087159846,-0.08187872072272344,0.1562194203103386,0.1879112246468222,0.21319630777073356,0.012262088548652008,-0.05283449326176636,-0.21526707953745605,0.186040029402368,0.029830869750003836,-0.009411476216459692,0.36265311009505297,-0.4584804898478916,-0.19243954753651465,-0.07839498386005267,-1.9462183813257312,0.8675957896389538,0.8737804522626784,0.8073470089713772,0.4247389827558785,0.0732442679383451,0.15120700293739517,0.05609856446533332,0.18031405387267507,0.15609712427141148,0.16470609757578658,0.08150094367004058
2026-06-15,4.468054068177777,-1.581295333288768,0.3017310325309759,-0.4350344094945424,-0.4277716599306867,-0.12036981780915261,1.023992203312685,0.3827679050824608,-0.07100739359652809,-0.12051282470836663,0.5871359465829533,0.09044071330960912,-0.021062186470546848,-0.029815254299812265,0.43635452586051215,-0.41631743046940756,0.06260012202076917,0.06937877150945737,-0.8612918933737377,0.4231538892087683,0.6302562435667318,0.647164809435271,-1.0247954261601087,0.5922798743541356,0.5464247081454455,0.42455523577297616,0.6717780871326369,-0.052614412086069644,0.10596788589936819,0.10693663769841626,0.33944824471833923,-0.16800068287499265,-0.104856716485241,0.04734968837410324,1.89088359340912,0.49246361543711104,0.08028098095217341,0.07597968463619073,0.11568225762424644,-0.03375908822186043,0.12527559901861848,-0.07822580776160795,-0.2625890134960991,-0.4248077536971442,-0.24089950904961,-0.07594302563281675,-0.6599617517050111,0.794491322242097,0.8679675128439324,0.7885399994922293,-0.3666529925419617,0.09105972323980671,0.12602866185051267,0.011735671326708379,-0.3427317137479713,0.2667230724814111,0.24388071285611296,0.10315947500604791
2026-06-16,4.4266246766567825,-4.142939152099423,0.8588106698115431,-0.47755646188155715,-0.44924362708971477,-0.10642566586592642,0.4536429737036314,0.3907792822976612,-0.08835599420608664,-0.12466153441460921,0.6048096843891807,0.03011957606319524,-0.04275663587864009,-0.08337875683809522,0.11246761079475531,-0.40082124216334736,0.0596421579934639,0.041458993935367935,-0.8525555247516192,0.43765083894651197,0.6479350623023548,0.6398420473863193,-0.288084876825039,0.583724604348825,0.5497136107345184,0.413194838834447,0.5897450971426647,-0.12449313420435112,0.08603835129429968,0.0979145834067084,0.9529448816979392,-0.2558635200493271,-0.13451313977960305,0.10754130431259597,1.127913127198704,0.4955170860730938,0.05998100531858898,-0.009868025811322565,0.22345105219580158,-0.05661133739471927,0.11700480451803219,-0.11419331075313167,0.8821447810172736,-0.4064346772435278,-0.25648421718021636,-0.08923084571438486,-2.3578472776607393,0.7915412343807873,0.8711379691526192,0.78557532981173,1.8587863167457312,0.004466984370823325,0.07709905224955838,0.012232821249874253,-0.4508214184181184,0.1853975256919132,0.2443898829742072,0.11582740659327237
2026-06-17,4.462142479950983,3.551780329420051,-0.3607454254171616,-0.6042213447572183,-0.4395525978634601,-0.17085540614938527,-0.8148446818678241,0.32147720607009483,-0.11999948191577878,-0.1259710726377543,-1.0175650120513149,0.07775449616700235,-0.05262327194219065,-0.07962187342934167,-0.24391813716982425,-0.34850520196623497,0.060380196088121674,0.07305684101097241,0.24619912148239997,0.4627358951941579,0.6397326506338645,0.6346104870462577,0.18297223623958425,0.5914490448293631,0.5406056784250879,0.4232930751921529,0.8623498643140701,-0.04238783531827628,0.09309746025054844,0.08683644495125617,1.1844269157746783,-0.15870809148149165,-0.09525385505812022,0.09485801678339235,-2.4968551760815423,0.28149264375728655,0.012061789711743017,-0.02576317991183387,0.13943585383871993,0.07627799242873164,0.1289826458755022,-0.0894232290499776,0.8430162165121726,-0.2714127735342235,-0.24583443851465764,-0.04570966136706726,-0.0638917504734815,0.7499061345423279,0.8601702853692758,0.7760533715519179,-0.9491386333697633,-0.10672945806680526,0.08815605606973005,-0.006761637120911226,0.6237132753238241,0.2559707599667477,0.22156433391188785,0.09702669405119146
2026-06-18,4.450316141129315,-1.1826338821667726,2.0467293531724158,-0.4683556437918117,-0.4217698607492827,-0.18511700223306127,-1.7466617200429024,0.17957672812438824,-0.10016638668980932,-0.15854925956481528,-0.35860635462628165,-0.14459341109380722,-0.05106988745199819,-0.06569662844151611,-0.8127299132681278,-0.5748670459347072,0.06969798146267685,0.03454265329940785,1.0437841674523742,0.3638865636597139,0.6201120718182836,0.6098581063239025,-1.0858804340343902,0.5167200323471998,0.5414167887682574,0.43012445691911133,-0.13696258513385606,-0.04771834734007579,0.09363694151856755,0.0782096311202358,1.067511437413744,0.017496849318258487,-0.10427223146627104,0.05385312082184164,-2.7797154063432257,0.03801946785318006,0.031946268896294254,-0.02925135838778816,0.05394333128444817,-0.30467343601608726,0.12817619131891592,-0.10513602182870196,-1.2721589183794557,-0.374998272482557,-0.23514276733089687,-0.051397581177894294,2.507428790149206,0.602450553322892,0.8272078698974894,0.7504337122087801,1.0859168139084832,-0.11961140183425613,0.07849926263998422,-0.04858457599537516,-2.5925912048569213,0.11523483762761604,0.2356926712810731,0.15241867295343334
2026-06-22,4.505808072170461,5.549193104114547,-0.30902344372711044,-0.4724365506153174,-0.43631965585559124,-0.22484329009846182,-1.4727235574191744,-0.031643058657965864,-0.13888098680124195,-0.1471763088086821,-0.5875121139220448,-0.15834086679699486,-0.06986520786631871,-0.06216491317962659,-0.5524897935472552,-0.586502910635557,0.04396098218401475,0.030113311948567197,-0.6850860318696567,0.265489562138203,0.574599075531207,0.548905077925938,-0.16002968619885755,0.4777912465602729,0.5284799784787816,0.39793368638499965,-0.9616152038519873,-0.0811088760068742,0.06561684244186276,0.026017921740259454,0.4828631457594237,0.0923950426651618,-0.07078660229254498,0.09975735905478703,-3.1346852547380863,-0.14926119905080984,-0.039494424113101584,-0.07308945790184164,-0.09348736506893751,-0.3140615602898025,0.11227712889465881,-0.10385331417649767,-1.5657190071285472,-0.4343341332401868,-0.2620849722475226,-0.12473799165292537,0.40049443278374086,0.5853025734576746,0.8148769960461508,0.7395459414474103,0.8895820326234413,-0.05866648423644765,0.08793367126365523,-0.04422484167574654,-1.1883007581862381,0.11268757095115119,0.23195804174323095,0.1395643316965516
2026-06-23,4.491925598030436,-1.3882474140024748,-0.12988684072430462,-0.4697346798911096,-0.4558746076103682,-0.23548151766061937,1.0248319769733385,-0.05253994138735532,-0.16072306428525038,-0.1412591513118416,-0.4378918388730912,-0.16017810118399808,-0.06656490144566002,-0.05169211679092077,0.4365944851609504,-0.6045794699663598,0.05088478475650746,0.029519131459348476,-0.39884772110451844,0.2741702248405955,0.5759069870038946,0.5556741965869957,0.3887470535743616,0.4721483433483996,0.5238486864153192,0.3995501520845426,-0.011002158497708803,-0.08230223893033188,0.062240254757715094,0.03404640354788752,0.39467848524640325,0.08860733804968647,-0.07645716207291404,0.07935264160971117,0.32109926048052545,-0.15348937325970244,-0.048492623127002595,-0.06068613370636655,0.2207815608931872,-0.3294910653658941,0.10656599827517471,-0.09776631940229323,-0.03723113979560416,-0.42960205979299243,-0.25487606147318365,-0.14077311609606324,0.08939500301719201,0.5915767008341257,0.8131864028599377,0.7410019815390136,4.097614736391035,-0.09057066758344157,0.057694155341091444,-0.051213649931692716,-3.5350793923167583,0.12174215631275052,0.2315809234562153,0.14108029829424296
2026-06-24,4.399053440844795,-9.287215718564124,0.013327652121622346,-0.4398221689460075,-0.43730871391868686,-0.2907557131198151,0.06844766054238383,-0.160650660015036,-0.16737295969544214,-0.15733142598136182,0.5774634757688224,-0.20532038968091706,-0.09998404080903635,-0.10441616090359586,0.8799487314699233,-0.5463847199652732,-0.025606298814078204,-0.04028234037674987,0.4178134337005376,0.16095580335664042,0.5223783622842766,0.530068005237593,0.5667936391431978,0.4058792136398182,0.47527813335816466,0.42579363420539,0.5028764772768054,-0.18504318336512687,0.020958965038990262,0.021765630245823543,0.2205218581606303,-0.10021974562050946,-0.09045957314651037,-0.005047696714357715,0.49353779422402244,-0.24875782463574483,-0.08588574529869507,-0.10291063470144568,0.56657955857472,-0.30246265878931256,0.05174832240430147,-0.055102112548938625,1.3267003794340033,-0.3231584285862864,-0.29077065306529465,-0.19691124627556034,-1.6714823144305697,0.525126772995191,0.8167688588663718,0.7611503234051006,1.1533721453234145,-0.07174985661467546,0.012646016332691514,-0.012949763380230104,0.033448410017375974,-0.04332233161618622,0.19034670132613987,0.14974345329613997
2026-06-25,4.39118029837747,-0.7873142467325067,0.1873415606258111,-0.4516294651989278,-0.444203361723866,-0.28341030678219997,-0.14791865086291844,-0.15960812468517133,-0.1637412803896667,-0.16137282554823915,0.3892783465374179,-0.21626814226908334,-0.1006074274633718,-0.11193605165849674,-0.06274021836425003,-0.6667488413732653,-0.03685954442825466,-0.0468743284024964,-1.0637169517429694,0.16356272785214346,0.5223351812251618,0.5210415198392188,-1.8594806468325773,0.392403691564698,0.46577579040860906,0.4101911689257632,0.08650296088730208,-0.1867161521925415,0.013616095360048791,0.017091751662925207,0.4567152361237792,-0.10566575052014089,-0.08689353725450014,0.0015317144210089087,1.7886421571590527,-0.2463169633299967,-0.08376772299914344,-0.1100540643421886,-1.0014869966633597,-0.3437413607389759,0.05212828924046541,-0.05604860425772242,-0.804659743360816,-0.3144074465110033,-0.3028745464673177,-0.20907672259616764,-1.4477420123515714,0.51924542054031,0.8146418019803423,0.7608036894979919,-1.3148985671900688,-0.062292752210732626,0.01959080062842334,-0.016156174213266348,0.22467609739390837,-0.05106422113956172,0.18256714520951703,0.14047238696437547
2026-06-26,4.371504336540136,-1.9675961837333666,0.9380177867722876,-0.45019035819705927,-0.41848323893081546,-0.2939772634569302,0.12815563128374396,-0.1640551947237496,-0.13421529407319438,-0.1654678154814812,0.8825779000277505,-0.2571642066928348,-0.1121851666623957,-0.11950528629722776,1.2496007543211745,-0.6282444214978693,-0.07883839652367304,-0.0580198902387921,1.6288447063110905,0.11021290541457979,0.44689808289777616,0.49511341016554217,1.4933746193508006,0.3575478411664913,0.42366893646174364,0.40795225505098254,-1.0295249670826048,-0.1693979007662227,0.002826343403147148,0.028071020301383726,2.31596392193368,-0.13462134437833365,-0.0928823711178577,-0.012467560804741972,-0.23620569779294387,-0.23027173157146516,-0.08278859949981014,-0.11064224981229466,-0.0027665356255357487,-0.3496974119989995,0.07560940574397555,-0.05449337183640363,1.8933264902758462,-0.32791243368616996,-0.3190238486064008,-0.2174902310279596,1.772313126151693,0.4715888386003263,0.7863359312923455,0.7462778933427651,-0.5132317664275229,-0.07285363422333804,-0.03888153609424095,-0.013166665992129423,-0.21787259792784894,-0.0245606559666759,0.20376721468859463,0.15429165183560373
2026-06-29,4.3734602653321994,0.19559287920634105,0.02701669171404797,-0.45514435544236737,-0.43790150596363187,-0.294850699330478,0.3066463798360224,-0.17166140907348146,-0.19011504884273617,-0.16402201258041807,-0.2712271826437793,-0.2628623043285539,-0.09210744735717583,-0.11665940806729838,0.6957118034347488,-0.6053079222828114,-0.09235517048994003,-0.0598111904494268,0.13429188552211202,0.11588869579377511,0.44259985342130154,0.49469253929080204,-0.08677572917304632,0.36459157894179006,0.4273419816715451,0.4103530344635062,-0.0236975149721953,-0.178192378880911,0.007480603200743099,0.023095407471393412,0.07652809307995212,-0.13326525391988006,-0.10634361346200098,-0.0161600318308284,1.35936108577813,-0.2328120689230351,-0.08930008799065442,-0.10711302286071965,-1.094557631528866,-0.3670955545402185,0.06150716857790813,-0.05208362782704249,0.7219617591296738,-0.3352384049117276,-0.316089692726385,-0.21818778791422327,0.8876741365590239,0.4714100996223022,0.7861414507526301,0.7449249240876552,-0.6376041123966374,-0.07641727819543756,-0.03632902571904186,-0.015514960459840984,-1.8688639234933977,-0.04002623992955595,0.21065122201831468,0.1509573360039638
2026-06-30,4.420729188920352,4.726892358815249,-0.07375187182520637,-0.44169553955297913,-0.4374757029645457,-0.3075523740112146,0.1951216544900607,-0.2090538627478896,-0.20018959271671247,-0.16564712766087542,0.516753618839549,-0.16679682104743865,-0.07607062344167202,-0.11349820568651439,0.17689508752666872,-0.558647947944564,-0.08495666330980901,-0.056985378852575645,0.07448602215315847,0.13261469146182692,0.4374393043838921,0.5007120004845655,0.2841371196963993,0.3667023444086102,0.43093817607723645,0.4123423341379069,-0.3207929123083769,-0.23925753184124116,0.016004326733064622,0.024216944740295933,0.13930316886932825,-0.09775538627252146,-0.09380488030294616,-0.0125615186994193,1.768589204671771,-0.21716785574148015,-0.0641050094613547,-0.10328669005195329,0.725917068573864,-0.20984293637591717,0.07835841604504667,-0.03702755444864513,-1.8785085664496863,-0.4136037936810938,-0.3345418935173671,-0.24329757749594894,1.579920017512672,0.5216954551269154,0.7934461705071147,0.7545635234193359,0.11781455185303358,-0.07548112494573764,-0.03984669663365071,-0.0010410528617382227,-3.6918201019713406,-0.19991124276754602,0.14973381902074437,0.10955964150336246
2026-07-01,4.474183912118589,5.345472319823674,0.3976520505783565,-0.3916736206622389,-0.4299099299946072,-0.28659752538537964,0.015381113096584298,-0.18761484071313872,-0.14308594038953037,-0.16116731401586637,-0.25638849123127727,-0.21090907680218987,-0.04272899112419246,-0.11880338017021345,-0.9912127696021672,-0.6011680138469324,-0.12964848205103363,-0.08687647551860805,0.5662126429971039,0.16531166077303236,0.4030517316206923,0.5048076832489717,-0.5079189084244289,0.29775792032115406,0.37817846061918836,0.393570782560844,0.9444239930562219,-0.18813883492806707,0.016144057856980802,0.04394734905724642,0.3886807325093411,-0.08971914679245958,-0.09150153567355136,-0.0014921130484459979,0.05278802159495999,-0.21678833503960152,-0.05124307508741826,-0.10407374949116897,-0.49366155969735104,-0.2419850284832218,0.07808812036564672,-0.047424383251555284,-1.1628853468607534,-0.4455963573816838,-0.38381364891846625,-0.26123243260139856,1.1032098649372641,0.5312062538950915,0.7847337781923805,0.755956434791829,0.8742747625763584,-0.0889841633037231,-0.0026510266461635366,0.007726673026774611,-2.357939754606976,-0.2550704601328321,0.07799269377952979,0.08773286738815485
2026-07-02,4.4782146291633556,0.4030717044766874,0.12142737096839706,-0.3584577425611534,-0.4301399779182351,-0.285893117612936,-0.061716485203389126,-0.18115216816085347,-0.12920803993761024,-0.16392991772795795,-0.13418260962064954,-0.20042512893986367,-0.03970388361109748,-0.11869519974100884,-0.21992473731178563,-0.6327174142358541,-0.15178729421454296,-0.08946355886204749,-0.25509616659628476,0.16159396959838235,0.3962299101288082,0.5090860976957947,-0.48923429625123505,0.25538648764975425,0.3748748839747855,0.3924744611187476,0.5910096061222976,-0.1841042882726272,0.04391689254409259,0.0413666509803321,-0.7824784927121442,-0.07074386761664749,-0.09136991385992799,-1.6323195139127726e-06,0.6892979224876319,-0.23189135829034788,-0.05294749957045448,-0.10883245571624493,-0.8849267891640382,-0.20161930406792578,0.07862974713133512,-0.04967076648268609,0.12171112412939822,-0.5012606584631221,-0.38475939905648426,-0.26107347470636977,-0.8550345283424095,0.5446984395423778,0.7779479550043287,0.7546018960729443,-0.31502293135143367,-0.11298359552002779,-0.006222250367752232,0.005058911567591955,0.04664554350834571,-0.2751461003621087,0.09279746640185613,0.08671722372216965
2026-07-06,4.47823022952663,0.0015600363274081985,-0.41675570710392984,-0.37547057130835937,-0.42483414659379204,-0.3566497127195226,-0.09844245147073583,-0.1870004481276798,-0.06759039237973384,-0.16105232186990426,0.18413397095374417,-0.18694746317616256,-0.0024634172471703158,-0.15566125508234815,-0.35503420399485774,-0.6265541907514722,-0.19934343365233811,-0.08694870938985323,-0.34336894700480647,0.16064396622933372,0.3534116982267146,0.4896067341426241,-0.3063368224439136,0.2515006994120699,0.32939380756434194,0.3802692188941578,-0.33251040400550713,-0.23798349465312454,0.09431680779574579,0.03363197282007324,-0.2712263792417473,-0.0949983616536776,-0.08891488072322433,-0.026755834568811844,0.2612145739960705,-0.22412935382286944,-0.004833907270190392,-0.091986507241182,0.5888070381713022,-0.18762903834001282,0.10317740953834878,-0.02178027276063119,-0.10861636770964767,-0.5009008128931985,-0.4406562148508584,-0.26926538624051655,-1.3705495561674275,0.5394407926708547,0.7598501659416217,0.7427398580747218,-1.2072965014384447,-0.1173648198094196,-0.041920380889867305,-0.0063581143651147394,0.9412056980107617,-0.25508468823477903,0.070374286112447,0.06578440451123442
2026-07-07,4.527066434779162,4.883620525253196,-0.3678747987836033,-0.25141400312112905,-0.45338660109140894,-0.3606427289981322,-0.06810254279534722,-0.2243652969841088,-0.06567012984180154,-0.16198459017360967,1.231446615608637,-0.22464804406308883,0.0450915880788892,-0.12448900610073121,0.6946412747856737,-0.5037093219509532,-0.1580808669556613,-0.06965935754673022,0.7946275236813662,0.005446022979894643,0.3677008463916807,0.49768275982516486,0.5290853750087361,0.06169335818572448,0.3253416375727668,0.38637501511174405,-0.00017526982883531161,-0.09229675230665649,0.10341318405519039,0.03400883558981504,-1.191938474164173,0.0730171925871883,-0.18626872149385126,-0.033682632506252995,2.8860773994741558,-0.15802201958858902,0.08551754671948425,-0.06262942100410969,-0.4180432074328947,-0.3652036869776468,0.10062255873825274,-0.029679978392478313,1.4780479959284478,-0.4520108334857988,-0.3862574749786815,-0.2448603193853303,0.28811641639590724,0.4629813979848534,0.7488170145436407,0.7656624146419742,1.631575968644589,-0.11884470587264268,-0.010574033603305855,0.016398135768337232,-2.9837571530479057,-0.3745273797354812,0.00954396784874342,0.0367921936003475
2026-07-08,4.566120100333984,3.9053665554822814,-0.1829964891976834,-0.2679868505755301,-0.44765242442359326,-0.3655381539930427,-0.16307525561727676,-0.22452687501155644,-0.05239535989454803,-0.16289491216614266,1.6791917917293313,-0.0660214259932201,0.06859552619245084,-0.09569693424243719,-1.7082312762940095,-0.5338208552688923,-0.2051919406485554,-0.09845549838003556,1.0709245289591134,0.10261624794721855,0.38834607146754035,0.5026864249508332,1.28528331022616,0.13311989433480434,0.3307098268850203,0.39713770621811534,0.5799466701080271,-0.029631297943003426,0.11044019177967257,0.039777606600695195,-1.6483374737368768,0.0005282254226158384,-0.1739604872881839,-0.06953595667732566,-0.48369751161523844,-0.1760266569063581,0.06146041433198037,-0.05454121470594281,2.2187128033194976,-0.10107344410127617,0.12412452031814386,0.014957721368914004,-1.0853511678622114,-0.47617545113353965,-0.4092841135012955,-0.2691005599215074,2.31790638962569,0.49616698321309133,0.7484732462390254,0.7707487188255631,1.1078667441453758,-0.07120365188281863,-0.006438752493660139,0.020247824100714757,-0.21005621903958716,-0.3478132916505997,-0.013966673977575292,0.043801913638513885
2026-07-09,4.538115440266395,-2.800466006758917,-0.32211023629747515,-0.2820775584039555,-0.4470403399702676,-0.3661751496880551,0.3326084551576991,-0.26172022505246684,-0.06623749197681562,-0.16641909661598023,-0.35554012349381436,-0.05294176847396901,0.06904387432099914,-0.07434121320347833,0.1868634793993056,-0.5470048420214729,-0.22769201187692514,-0.08883712059169956,-1.3186346049703679,0.14616809237356185,0.391921396004672,0.5113017067435764,-0.2801169422454848,0.1382791027015087,0.33437809644561,0.39710507839273035,0.3674657604917984,-0.03968449548229684,0.08490069538372408,0.03864265555188436,-0.5842228915119733,-0.036854044884129133,-0.19028319281741085,-0.06671052375644355,0.17463024144818123,-0.16899050002095645,0.05746132417124164,-0.05838013852432896,-0.3149632224118746,-0.08987432647410418,0.1007743195718278,0.03531020765877117,0.030461099150188492,-0.48140349463077586,-0.40435306422356004,-0.26149459059491614,-0.2306186759902851,0.49285092315177886,0.7560549595911776,0.7695975347362886,1.1794388145582209,-0.13205550319503395,0.0008778814659933606,0.005435471030330571,-2.365102428929174,-0.28495700544909336,0.012402305416835664,0.06963094477863853
2026-07-10,4.56826996554102,3.0154525274625144,0.04213741774201285,-0.2794500328905224,-0.41149963178790305,-0.3746862355770472,0.0675795222047233,-0.25025651521803005,-0.0817167154871277,-0.16505091250683102,0.21401813532879332,-0.036564267177075394,0.08162064278142678,-0.04108971032430627,0.40517980399197784,-0.518268546739276,-0.2916492390146558,-0.0721759167084658,0.33932413462227506,0.15790589502259325,0.3907623935501802,0.5011214058275247,0.38414794703390087,0.14350516795361362,0.3067582133674068,0.41516173908384685,0.32918869189966393,0.03076636411510818,0.047135781724417465,0.0545430957757734,-0.06140095746678087,-0.02172373417426583,-0.15529528406793336,-0.14321912830696318,-0.15733665285946197,-0.1675909658522006,0.04229479906138532,-0.016433980616148546,0.37993440825378544,-0.06215854318125513,0.11967609286583042,0.028110448429563027,0.02076586178762252,-0.4780725442391491,-0.4417371953515889,-0.2575512650383316,2.7083119018470656,0.5090237714339026,0.7475943029521233,0.7708931692948455,3.8448043579492186,-0.046038411945221916,0.03644446059885326,0.05392988411872764,-5.384785236737334,-0.31972752715436903,-0.06336627136697684,0.04663535092726035
2026-07-13,4.607528165086606,3.9258199545585626,0.12454537115289543,-0.288889583515264,-0.4043818626769578,-0.3727624712960123,1.019283428033824,-0.22535090851784847,-0.04537183284311779,-0.14844439188308498,0.724631803804384,-0.0429417799892652,0.09757961233279235,-0.038533322305309675,-0.3118053792557758,-0.47130087673298177,-0.2963674329412378,-0.0751908627064911,0.8088573194602207,0.2101141288245503,0.4210125177738362,0.5210716522802664,1.2281916446140673,0.1388974685478672,0.33649752912290104,0.43758490643752346,0.6111257370066625,-0.04875114819338491,0.06610997234064037,0.06379296685810625,0.10822035116716844,-0.2572154816992659,-0.14334922106805523,-0.12476647338328034,-0.03601017323852851,-0.16626586455547043,0.036284199126484444,-0.047002453430693925,1.9172982035737602,0.1346998517545894,0.16407148880925806,0.0515643855406333,-0.390903238957248,-0.4646817445720066,-0.4600308573119452,-0.2634496806178044,1.9600407015097439,0.4915570414323235,0.7563240653144357,0.7782262978587592,0.7832556888773953,-0.014940845606216082,0.04846388980225896,0.07279070206368514,0.4316302287594112,-0.23528316251592402,-0.05784497242845066,0.036124472035126164
2026-07-14,4.583414879908709,-2.4113285177897126,0.40409721501692797,-0.30985202666840284,-0.43907166968793826,-0.3729875194971621,-0.44349034364799955,-0.1929084321405114,-0.045182853146906815,-0.14525905833186353,-0.24074901053340803,-0.0007431477977658719,0.1111495643690388,-0.0299936576761182,-0.4924687757795523,-0.43147470796110504,-0.28204214261665206,-0.05142767881600332,-0.522529402088832,0.25822372978852554,0.44070315140646893,0.544458743322302,-0.7595172598943201,0.1863894579989467,0.34656644002510123,0.448799453314312,-0.5093200922389598,-0.002260764829113163,0.054980846058968906,0.07264822301733073,0.2001316032368643,-0.2638897377191128,-0.1560331176515613,-0.11147341577895738,0.3179693213549113,-0.16757475718405201,0.024233752132343626,-0.0473785135284583,-0.8914167632477437,0.18396918268926848,0.18626304412317282,0.07138740896253325,-0.7371037858962848,-0.43743375027840353,-0.44849757098251075,-0.24937189776870353,-0.32103572489368304,0.5563374421179299,0.7553499571079494,0.7887827569731339,-0.9706881371587555,0.032983205113423154,0.055316794380826005,0.10203939748608533,-0.4936936081529759,-0.2689584208947611,-0.061626985662353716,0.02810272020694889
2026-07-15,4.5443055376267445,-3.9109342281964388,1.3367689850123838,-0.375002627024654,-0.36677615722432644,-0.404935992559945,-1.0472048975957757,-0.0685093922048161,0.1356102616829693,-0.07000184073256556,-0.4729760298546881,0.07112773074651725,0.09857046822117908,0.0008462810885297073,-0.026290985429913594,-0.40799583782312643,-0.4077002618618472,-0.0694334652365515,-0.6538179570442559,0.2755681340806051,0.355437511475367,0.5293004961834021,-1.7929171656056448,0.2519840771532541,0.43201652631014636,0.4664957798539403,0.5163675296238431,-0.015852620271406912,0.00666301766142545,0.07800145200103908,1.6720565930264097,-0.3275458753492593,-0.14093242879483284,-0.15473254067020553,-1.6388534432396034,-0.0671962880883729,0.1544637271399727,0.02932612950442572,-1.6434890339199393,0.2692400799602349,0.11395859350383213,0.16935883243055624,0.6133026488441822,-0.46440431673467175,-0.4289783645397352,-0.2955953410093592,-1.0213961485039327,0.571110963847468,0.6928851711281989,0.7835972371751596,-0.4090810546586495,0.05397046778014923,0.08943444532404325,0.08876221024682901,-1.000647067954128,-0.25882126198803473,-0.05881104303744889,0.0826132047884789
2026-07-16,4.568417893323962,2.4112355697217147,0.010695552939343766,-0.3365433130436486,-0.3682344029249959,-0.40421870780417385,-0.15653598412975667,-0.017720159401715844,0.14028746722889135,-0.07147977646061691,0.2679644799481151,0.12486063442572488,0.09177413367847641,0.003262669795704455,0.0315558699138081,-0.40379972237207074,-0.39658192618797944,-0.06983297704180888,0.2538565091739966,0.22222447292202718,0.35669649344863563,0.5340314628567701,0.8683923938781282,0.2616008362300801,0.4315694748676353,0.47055036267096756,-0.02403645370191354,0.03228138412242599,-0.0006713658253460384,0.07790978724424392,-4.001146631785411,-0.27955693834591555,-0.17554292911968541,-0.1649047486650734,2.605901270544144,0.01700171460297244,0.18071858190612908,0.04171783530522618,0.13061397286293408,0.2964316819609741,0.11258256302171649,0.17102140035896723,0.3277556434192257,-0.419421263542806,-0.40775346435974924,-0.2948080910402283,0.8085050824243745,0.5261788939594022,0.6900675372278215,0.7845804610980822,0.367423373111184,0.10895085452828447,0.08736245871078525,0.08981235550555113,-1.6889404102051744,-0.24084549739340994,-0.11170031901360591,0.07753740096228386
2026-07-17,4.540424048161655,-2.799384516230674,0.4981408308711357,-0.3255509664015817,-0.4165333619076139,-0.3995239784871865,-0.7167530977316163,0.059681179784290626,0.1589861050138932,-0.07519490334441031,2.2043902644623077,0.05493505599755532,0.10296595854490428,-0.023101533650546166,-1.2160270504492194,-0.296405861281709,-0.3320518801255256,-0.04255915294535578,0.896784312999408,0.16387051260368998,0.336161579008347,0.506408611451056,0.28286653691263064,0.2377063816373826,0.4280732598606867,0.4585118633857382,0.9433051037112254,-0.09394315473561995,-0.002841819739849408,0.05754712423896001,-0.8807749805746559,-0.2912559060266784,-0.16657623586887524,-0.15029848623635217,-1.2919306010734717,0.12861493472121666,0.18317089659646443,0.05014281494277963,0.3402973955934403,0.2728537829772767,0.16777114583833838,0.1720261765303254,2.0691159761801274,-0.5035731916402748,-0.3843315645125874,-0.31072507734159255,1.479418162780496,0.5045569340089113,0.6494025309361363,0.7647089873306858,0.34740713711644156,0.16228720785483314,0.07524777614611661,0.10909257232017602,1.8295378875659278,-0.3532612088232333,-0.1436873537376589,0.024695877511238893
2026-07-20,4.595748861620649,5.532481345899409,0.4119812235847667,-0.3032395313180643,-0.35036381568820824,-0.3825721696296264,-0.396031971987015,-0.028286072639386622,0.06423852916993907,-0.08030258198272823,-0.3076035043869859,-0.018413321884442745,-0.04690638000417469,-0.03317432886961688,0.03499717711475553,-0.30616452818431533,-0.43765207376906046,-0.04071152157391232,-0.13713068608759743,0.1706039748160861,0.2706627079853458,0.4959874494656231,0.004774084810765744,0.20782138861261568,0.3577217112082069,0.45215274311835113,-0.3512773673814525,-0.15197627710979,-0.027141219979090955,0.04991192478851358,0.9141282172452325,-0.2095478043739273,-0.05473534361098949,-0.12757558317032425,-1.082714790944067,0.028515356895096895,0.023796653061048403,0.03262819421683705,-1.1321611339986528,0.18059363490160255,-0.034061773794262215,0.143209718491793,1.2935405123342232,-0.44053159872017617,-0.3991278229569549,-0.2843166052741107,1.3243692502111049,0.5848057833869353,0.6046464107308964,0.7659470780042017,-1.6776993728517664,0.060686883198362004,0.011370496491974606,0.07309071894164551,-1.3187657236756545,-0.364115986972607,-0.21680407085014394,0.01837409974220705
2026-07-21,4.6270923038763385,3.1343442255689524,-0.5282450260090563,-0.2872278147108774,-0.3641862067162817,-0.3959426640898483,-0.9916687072518108,0.08575021436019098,0.019222579193171954,-0.09142264307352699,1.1792843549424312,0.10014479264218605,-0.0032831172852007206,-0.01784737083205175,0.049630169314594894,-0.26761739758928865,-0.432245324071382,-0.04248968326262673,0.10759696080053505,0.2526278542171715,0.2719609577260843,0.4906994756489964,0.1865118246638659,0.2357962462133404,0.36230646284935686,0.45307645692121806,0.08331607185327045,-0.0342772194584071,-0.01863776743156177,0.04985994824472854,-0.09315167046339232,-0.2477670269499851,-0.04853548362273832,-0.11762211542382665,-0.9489373811809373,0.18567909993956327,0.006302517456441786,0.020544608732277196,1.3762522311847967,0.22781434273736684,-0.004159682506283005,0.14853564774039638,-0.03400089147529284,-0.38208161221735,-0.4028429416687767,-0.2861776003360917,0.44323716493006726,0.6062752375074725,0.603438242095352,0.7629888859129398,-1.5785171638908255,-0.0022866479828513218,-0.017166259982072843,0.05147099880571437,2.929168733126227,-0.2622061664159722,-0.1452533174143381,0.0462520849865439
2026-07-22,4.655499506680718,2.840720280437914,-1.7481302343324128,-0.30749818921301453,-0.37408319345370766,-0.4140830968145028,-0.1460926505336897,0.1624380689610771,0.013172203672483973,-0.10042772898596189,0.4358972214072704,0.07198971174143705,-0.008141879891523528,-0.016442131587631473,-0.11501997475099845,-0.2543229562086915,-0.44154480837825005,-0.03475261461529689,0.0192603575696928,0.2305712160204001,0.2726549353414004,0.4878682916454206,-0.17018032180435183,0.23947402833760734,0.35515342026958363,0.4500353884564692,0.1643340141276768,-0.042931113780828714,-0.011593337597565477,0.049039052705606344,-3.195582522080199,-0.2672288886957796,-0.07694389694516411,-0.13175483685943012,1.499071527611888,0.20656064738888374,0.018206930295635537,0.023739485624105047,1.205685299531538,0.25664933494714876,0.012457437334423824,0.15579553773095223,-1.3536216365403058,-0.4075155533730691,-0.41264979808296093,-0.2867148257295567,0.8391078229178143,0.6048547944319079,0.6103162635231061,0.7624574403340971,-0.17122514512986875,0.07201501547398627,-0.028041086667505,0.060267045957496296,0.4851629883679392,-0.2879034594384604,-0.1452421782098798,0.041457678091494955
2026-07-23,4.701298075643915,4.579856896319701,-0.5150115799229953,-0.4268875234121348,-0.3982761180427337,-0.41918296601133737,-1.0969466643853436,0.14846587185924015,-0.09323498178166613,-0.11660302513169511,-0.15320094519257665,0.08560613821644364,-0.022353084137852485,-0.01743629300215239,-0.22949232883347204,-0.08965289371243683,-0.36526809966499124,-0.04847378089992644,1.2070765144174085,0.40969939827198015,0.30114467737996886,0.4979662065129161,0.7626394728180381,0.44124892554735773,0.3924310443647581,0.45864648450235723,0.3711261528436163,0.09491681654297449,-0.02720151793159376,0.05049318275031526,-0.24068374649785618,-0.2616863804571775,-0.13980773811180677,-0.1244232952652786,-1.7042169420521276,0.17043879193949835,-0.07526286782887241,-0.009140029827414346,0.28928064455971203,0.41237918296119264,0.06149182292953437,0.151737498567822,-1.8679619611081284,-0.3820783554431706,-0.3420905734085101,-0.3001868702976235,4.1778698946746236,0.5338004616488575,0.5620890441423948,0.7597509531263967,-0.08603032757094375,0.22505834571804018,0.017668491873863247,0.05540578968966074,0.6542230574309822,-0.23245666090701958,-0.16266413526691484,0.043446179270905196
2026-07-24,4.677067812739042,-2.423026290487229,-0.03636587950126713,-0.4013175197244342,-0.4083888843520491,-0.42083446208423925,0.4976824687449888,0.06088231813540252,-0.09298829512396908,-0.12289798761293981,-0.6328226238422945,0.1631385335773256,0.020636131422744158,-0.005307849840296985,0.09958943029703371,-0.10432095576776404,-0.3786785098900402,-0.057743544239795566,-1.2806198660757544,0.44911756147744875,0.3248603015007747,0.5079904477132133,-0.6037834533329658,0.45022105202029683,0.40928330961692333,0.4633558543639788,0.08844179122347517,0.0956038803768682,-0.034958443161973496,0.0454610678307609,0.19758520846008643,-0.2593690795962443,-0.1538763316597739,-0.12568406346516767,0.3782497567353025,0.20978299292006483,-0.06599351538007378,-0.0072632521662511435,-1.1404975154956896,0.4337027364552061,0.12176833884949782,0.16171244221251288,1.599487654316499,-0.4691665751170059,-0.35528934725803313,-0.31877594875881904,-2.956377199760624,0.566902638512241,0.5686773376151382,0.7560331048751215,-0.1681689610335616,0.1980174348657827,0.027305394367411386,0.05886256245701553,2.43911876104344,-0.2938678028255385,-0.19672582415308512,0.01792030632281258
2026-07-27,4.639560870563013,-3.7506942176029234,-0.3308142683386399,-0.28211343373787195,-0.3809990609302749,-0.38832139233544827,-0.17892000107781758,0.09142157985651234,-0.08619285499688367,-0.09556836496814482,-1.4274335443869859,0.341424632231133,0.06156547139278731,0.027199100693287494,0.1939385371114467,-0.03442182999448437,-0.3795985105296399,-0.08297730239231016,-1.3944839972284928,0.6956752460138332,0.35993287871171603,0.4998339120421849,-0.7266353446729761,0.6503557178395685,0.42616129355441335,0.4574983131986685,0.3867801884264417,-0.08322983204791112,-0.050475078053702806,0.025383721864768657,-0.0165311151504417,-0.18990342755293418,-0.16102884043210966,-0.12295288593410612,-0.22864820086821758,0.2116090648061265,-0.046898511524234285,-0.002000140177153643,-0.9628554659695487,0.480849575859429,0.14967123651411676,0.1931894869576031,-0.051172193368761554,-0.3897949798250619,-0.3518737608039366,-0.3226692080208099,-2.0675043207878785,0.6796170734070622,0.5889073758907595,0.7555483172290044,-0.22000259784308174,0.18725897704644093,0.021161562296916396,0.02305987147182917,0.04602358645044169,-0.29917009523006405,-0.1901530504793998,0.02193507994692526
2026-07-28,4.603179900425113,-3.6380970137900093,0.5842064384747792,-0.33425149359711015,-0.3952012375470428,-0.4129811209961308,-0.487966973058528,0.14628798826291103,-0.0638780089926279,-0.13464589106903446,-0.586236720518822,0.3784308952931879,0.08713154683214168,0.05924207741626366,1.1762586495643421,-0.16101022134842008,-0.41208926430003073,-0.11983035391359001,-0.38462321824532486,0.6962759578879517,0.3661174488012053,0.4992099393257355,-0.5703085759851322,0.6619689061909667,0.4354520929218022,0.4662441676756456,0.5015856332201498,-0.135753531234709,-0.06247697503423437,0.018517277824269637,0.010408244572086334,-0.20097623710483034,-0.17488400327219267,-0.1377261925731236,-0.7142939726654047,0.26824441207786465,-0.022918567592353008,-1.1705120462901695e-05,-0.5762623987011328,0.49064232776628186,0.1723168823687313,0.1927569218878993,1.902630286168269,-0.45571725628939236,-0.39538489802815807,-0.33746205309115185,-1.9659346871935328,0.7178990671953309,0.6038083937728452,0.7604278091577473,0.21677701290814178,0.16643845951448583,0.018000330252109707,0.02454288236643767,2.0082658728342326,-0.37379197491440513,-0.22290610412490197,0.004480289945383893
2026-07-29,4.621434180080806,1.825427965569304,0.37601709538768,-0.3276280364364368,-0.3873669369297617,-0.40786533800969177,0.2962960066319038,0.11832983153473388,-0.0862446483068279,-0.14790968089285872,-0.35342554645654367,0.3581212636192889,0.1076502144501991,0.05323322733758499,0.38819890806684754,-0.1809670662307268,-0.3958626160586881,-0.1148213923934912,-0.005832657716736023,0.7103274577896067,0.37328989532935614,0.49720335060848264,-0.34149492742553544,0.6525357255048749,0.43289640708693916,0.4671470404744251,-1.23885030716025,-0.08541223557974434,-0.09903027189842821,0.02234973449164192,0.871607855321888,-0.21582333928995265,-0.1604305495609988,-0.1280779088419162,0.1428915768351997,0.21200725333320172,-0.04744532827193242,-0.005178829332524718,-0.4356368083923199,0.46544406585370746,0.19167333593184266,0.1869182307925051,-0.503081022707168,-0.4091949316347779,-0.40075036454282925,-0.33572553518772047,-0.44313277836119047,0.6995402759146013,0.6039550668669694,0.7573813123581532,-1.1442789200370047,0.1561954291006028,0.010059413445066343,0.01468340598484893,1.9515243829321474,-0.2943081470024425,-0.2037832476903224,0.016147728680929032
2026-07-30,4.66206594489837,4.063176481756425,0.09414870962223976,-0.3767578291176013,-0.38483961315286797,-0.41517473507503894,0.1389997111666883,0.12384762710108946,-0.07302979360360012,-0.10162204731077239,0.37817189898249604,0.4137749218143343,0.10661522600738078,0.09205375968061508,0.7992789923624031,-0.02126184882465043,-0.34523019632863455,-0.10624447527469588,1.6470576768296383,0.7105110170544209,0.398832716945045,0.47913416277526766,0.7080949150362881,0.7488334408593725,0.4317550274842613,0.4503635929472697,0.9216759508833152,-0.1187612857814037,-0.11615223351345164,0.01703213231164528,1.9920715694717628,-0.1614625280708433,-0.1287636656129051,-0.11059402747293011,-1.8334786939638597,0.13276372044650364,-0.0812629000442647,-0.015227760854110784,0.5984916293767686,0.5342209903554179,0.21527789441132805,0.20804605808207546,0.12950643005817586,-0.350726439892474,-0.38185689091141756,-0.35635926515739264,2.0521897305373216,0.7185141661321477,0.6114300540270515,0.7545959411675842,2.405540062738224,0.1932520841237253,0.02520718602270543,0.05429861575800213,-0.5534199590184321,-0.2440135958416618,-0.20121695225468936,-0.006504518947235398
2026-07-31,4.743929933292866,8.186398839449538,-0.4117445719263362,-0.39532437736069465,-0.3782597716467081,-0.4205374040837653,-0.1363368120953279,0.12370722559027844,-0.065394705071239,-0.08835363923559209,0.06899193101593593,0.35506958007944794,0.10328830851553034,0.09226857915429998,0.11157187466073637,-0.0014605542665819943,-0.33163923406038964,-0.11588088663326146,0.9956066240067551,0.7247743156220985,0.4284576193006794,0.49263477900648156,2.1422137237095806,0.8053310082483148,0.4742521535768026,0.48313005683903926,-0.7685178001807296,-0.2618142219585368,-0.14391227936938641,0.014910285946369208,0.8181877911905922,-0.06820008120353932,-0.07625919465318491,-0.0829276783549283,-0.39136570277417615,0.10284984931595924,-0.10169839179126527,-0.02619818675477159,-0.9673086071457275,0.37696714248795454,0.16106330990531853,0.17310679275900526,-1.6407119339663048,-0.4505154251510311,-0.4465313922271006,-0.3796708981103725,3.845106679873437,0.7690811906419781,0.6628300305546904,0.7672426410507474,1.9754622133152322,0.28570752850446773,0.07367671741601801,0.09307299845196278,-1.0059176541230368,-0.26083475175634396,-0.20917709244259125,-0.007348126314644122
2026-08-03,4.682677632431211,-6.125230086165434,-0.1984302410519968,-0.3491302023904975,-0.36585902124512365,-0.4034492629826673,0.3158360401923328,0.026184842056138406,-0.09799909247280433,-0.050203620371052256,-0.5605383329169024,0.39805003614535817,0.17422829552880206,0.13634048425048362,0.2661025274003328,-0.04900616658569384,-0.32963768467528515,-0.15863868655684557,-0.9259920922745997,0.7427919571468268,0.45396085141145376,0.4827942202764576,-0.3246232795197395,0.7768458784084799,0.4715856601432998,0.4538473523677238,1.5345511330823456,-0.4305773827692495,-0.25658255624018245,0.0008857190220627882,-0.5792081664969705,-0.042285677375912344,-0.07624453728777017,-0.07400550144493191,-1.155461976493679,0.1710578345267658,-0.05295313220149759,0.03628590373876494,-0.15609990250141426,0.3697711041536522,0.1666721915294136,0.19287213865610123,2.7609448847953058,-0.5596772871610535,-0.4999056096079719,-0.4563772228135045,-2.7839704129599747,0.8091730611882245,0.691839208905748,0.76979119541228,-0.6824701552008223,0.3174472789033573,0.09790345295339468,0.08566003851038685,1.3836238926598718,-0.2997514486320379,-0.2431703374392096,-0.053118085969177754
2026-08-04,4.625804193676211,-5.687343875500073,-0.7289959336028256,-0.21331850653559487,-0.23890949331238126,-0.38636216286031183,0.9800713217949473,-0.1345073320953086,-0.1798550642822331,-0.08541046313158024,0.48353920434248643,0.299967931765524,0.10021508013698996,0.1275550121023229,0.3133854799802238,-0.144612672236274,-0.3228503752447873,-0.15477512395201665,-1.3396401645595586,0.7622881433295706,0.44256296474093343,0.5021823772689796,-0.9505816530376863,0.7946056963394234,0.45089392109097376,0.4600048638209546,1.656467339435363,-0.5113244770766974,-0.24982840365680709,-0.039152069962559155,0.1694750105308227,-0.030856350272762536,0.005054204687184946,-0.13066443269539138,-0.7358768300153986,0.08140239517915822,-0.06883954460039907,0.07795178110664434,2.159021055048883,0.20064941551348986,0.03208580894285342,0.13648676690543152,0.12216815006048032,-0.6016810559945922,-0.5204463922128015,-0.4434733241915147,-2.890832072450784,0.8566336115822032,0.6974298833215945,0.7772415331090621,-1.6337845270566818,0.3561244072395872,0.12114662310101638,0.11690645385889464,1.6983320184258048,-0.2928574674589299,-0.2876471323301727,-0.09274576717888729
2026-08-05,4.615720053583209,-1.008414009300207,1.1321753661307044,-0.21909363325090953,-0.24267252501133696,-0.3816774398192536,-0.3801440209026211,-0.12534452583252426,-0.17682763807482832,-0.07133272264214466,2.061422390720047e-05,0.24622827518996288,0.1006009367032595,0.11951299211128212,-0.687284503626672,-0.0030934916934690806,-0.3065541668390968,-0.1596482375640562,0.5287151740299264,0.7308164708741811,0.4501110870189169,0.5018400790328567,0.2741617930059584,0.7793579886686062,0.4498861894408481,0.4524034274613062,0.6267239345405324,-0.5441290056198624,-0.24987778238899813,-0.052126912337343595,4.28978864511857,-0.029447128520279676,-0.016564528380939005,-0.117911637675066,-3.753402090820355,0.11285061847836664,-0.046272423221302594,0.08132300875608273,0.179241707464032,0.13152493104544816,0.035295839773201415,0.12613381323084996,1.1030239911863033,-0.5861481695463756,-0.5250315472395054,-0.457568682766995,0.5076418141757191,0.846510503642837,0.6942205848321659,0.7731617351210549,-1.5243895445665567,0.3430425872662161,0.13985341420446654,0.11644385441278875,-2.0035504773524417,-0.2659248858761912,-0.27909148729052957,-0.10961138376498378
2026-08-06,4.66860803332785,5.28879797446411,0.10455394291952302,-0.2293558052991317,-0.2586294487586424,-0.3786149852105873,-0.16544572261703028,-0.09541599448119703,-0.18539979218541167,-0.07644038897384571,0.6777221102932001,0.2646879302542996,0.11768144779473201,0.12746830241461474,-0.08165465556878715,-0.006197047330993149,-0.31192468439746024,-0.17532804865682106,0.8151346853586334,0.7376203773518036,0.4643807665743773,0.5054428332899471,1.2426268396166913,0.7960291901299076,0.4724978098488915,0.465966649345988,-0.2090794931279072,-0.5655977712743837,-0.2582206790659557,-0.0631523755123448,-0.3535980789265283,-0.06046315830947264,-0.04921502353532387,-0.12495762556674576,0.5908073848128961,0.18043316366851278,-0.022480711727231362,0.08171235377835823,1.0118943596128096,0.16689098872001815,0.06448083844083609,0.12415344359738664,-0.09814115527951994,-0.5996698614070355,-0.5271169485170101,-0.45058194399444496,1.2002250460652513,0.8428253456200631,0.6955147711657226,0.7788766208633583,0.6718530565442655,0.3997662642619458,0.13162649900029325,0.13692328234845075,-1.1590016910738752,-0.3547652393995938,-0.27997651960807546,-0.11097994036104007
2026-08-07,4.656576537789215,-1.2031495538634474,-0.42204571776934374,-0.21464340058755468,-0.24619965841917435,-0.34939368269643084,-0.0822894012169284,-0.11053148085093752,-0.18580940090690845,-0.09088851190169979,0.48648934031020863,0.2490223712399774,0.11751973175936264,0.1318835826407876,-0.6308407191223044,-0.002605756006275312,-0.2962431309568301,-0.22106947595075072,-0.37630810863979214,0.738486888940107,0.4662355487849173,0.5056073649406326,-1.022817521787731,0.7884779311549452,0.49567142567585926,0.4505577439394795,-1.6619895637460864,-0.43808278172605236,-0.24632352260749107,-0.0843000813616361,0.38291475800976027,-0.06135018799036309,-0.04567054548167561,-0.10798609584388333,-0.11961013083724836,0.16678314990097182,-0.020024222014898684,0.07213648435465328,0.25277529791843234,0.15572101884844566,0.06648169766847617,0.1320474394843788,-0.7342958949770497,-0.5706171625488259,-0.521032826481617,-0.47237698774282094,-0.17554268674134388,0.8443650393484798,0.6959809790521061,0.7754260817565211,-1.1663130202475105,0.41929891120162177,0.13557422531776808,0.13702248423628294,-3.2080287027467422,-0.2708055753784647,-0.2560110710178267,-0.1173900570403682
2026-08-10,4.69744967106635,4.08731332771346,0.2869033143512798,-0.20236467988081075,-0.23388934829733457,-0.34085884650555676,0.05203820954951999,-0.2034719445043686,-0.20237230875264656,-0.08600031911417844,0.6318611137168417,0.24591301511857017,0.12118027997388038,0.14120537570679037,0.5331513198024609,0.06873301442549225,-0.2199483584213127,-0.20700815920258425,0.23124411233625275,0.7241920011727957,0.48889785442828365,0.5192777577988187,0.7579180456413936,0.7889574293459964,0.4950488698193142,0.46834639626683583,0.24459627206274787,-0.4596399342308563,-0.3022575704053,-0.07743948789137103,-1.6543717585472546,-0.10553306817185311,-0.14423137935589628,-0.12019566856493062,0.3222525889464931,0.17818981104563358,0.01054053644234308,0.07401298882206746,0.9913284496500703,0.12742591870964542,0.13206832755558937,0.15121634675476478,-0.4590929517009248,-0.5722562448459372,-0.5259211236235497,-0.48931745515053304,0.7541275356977215,0.8329471217140347,0.6911797384155244,0.7768192799794778,-0.3616016631304608,0.3832004867261658,0.16562834147562835,0.13477871756887075,-0.8539010509228704,-0.3022884241948899,-0.26265889581417784,-0.12839060996162616
2026-08-11,4.683216193479052,-1.423347758729765,-1.7213961708947956,-0.10659185495658946,-0.18511942063234219,-0.3241237562377628,0.5213005418543507,-0.24516258235027105,-0.2118738828698077,-0.09824560449624785,0.4627813028562433,0.22029116918777716,0.12245219758124726,0.1437886657623369,-0.6301311851343713,0.06241480713636989,-0.20352644258063596,-0.1973569221217654,0.11677965126340795,0.7107075579716464,0.5015481193898943,0.5276894924390471,-1.0638407732743551,0.7789913206340674,0.510325198484776,0.472332526738121,-0.29644949236121604,-0.4838704926228776,-0.29371776520797954,-0.0912441370625542,-3.065548191487069,-0.05564265787422654,-0.11130011156580846,-0.1062689492032454,2.793742368120045,0.12560087872302375,-0.015767632963640595,0.05243306465814874,0.05895784566456319,0.09628980291074192,0.13548207999068748,0.15760702198349605,-2.1083345798082562,-0.522379137341294,-0.4825492988980892,-0.4658961579354003,-0.36585445177546483,0.8363214736339168,0.7180689978422554,0.7763002214907629,-1.150876728030081,0.3800129544465287,0.17399764903970097,0.13637410425337307,0.044320545640784026,-0.31760581880104977,-0.2704932511290796,-0.13261894295451743
2026-08-12,4.688742126161797,0.5525932682744816,-0.0012763642852577917,9.036274352115654e-05,-0.18083575172013172,-0.25380540874868635,1.525928144577008,-0.31335978420898747,-0.18054227995126576,-0.002493834538814068,-1.1857769911849503,0.17352462109093172,0.12610703850583807,0.12645570235824508,0.2088648838965277,0.05841563229955217,-0.19541314649160296,-0.2765965881962091,-0.1285492640244832,0.6981487728858198,0.4957818364342617,0.4781104955045129,0.019356793506553505,0.771223034708805,0.5051129719857029,0.5238185591513672,-0.7029966563537533,-0.4614904621632881,-0.28133237250760024,-0.11729658767699959,-1.6009377411245471,0.0023440407143168083,-0.10713382389127807,-0.07518692733911267,1.5633613355850269,0.07522610194877252,0.0019184291099044238,0.10920928397327026,-0.9822102488242686,-0.004164850247642292,0.13409773178298864,0.0818601109836506,0.9104647911548929,-0.51725103918904,-0.4847908897328552,-0.4446056951852219,-0.9076723856195552,0.8313673443564016,0.7121551400449395,0.7370390470341024,-0.6313328411257633,0.3862506753250209,0.16901097730018702,0.1449746327537429,-1.8497433241719232,-0.35718477937965376,-0.2682059138338651,-0.12745598292209182
2026-08-13,4.638763976634427,-4.997814952737034,0.7870987502266624,-0.09160191262169351,-0.18303554745034553,-0.27347999800867406,1.8644091874421278,-0.41262029580601883,-0.23700005200083168,-0.05364227066802806,-0.6346954691952509,0.21734329290875834,0.17991680341922375,0.1349830189636278,0.636240450997926,-0.01819378104509216,-0.22251318808251605,-0.2845058157696664,-0.13164104779565733,0.6774941336574681,0.4740296242632024,0.47435959036553016,-0.5379686625472067,0.7747599400779034,0.5119091313053719,0.5235202390830482,-0.2976171389559359,-0.40340655496503536,-0.2383084943618478,-0.11657700773562375,0.3219420575319488,0.03509569155682833,-0.09524197434007801,-0.08556923755176442,0.05718979771762567,0.016049721621132745,0.022558884958902955,0.11032391930985842,0.5334301854672543,-0.034558913133877066,0.11992872744993176,0.06751181578207441,1.2882965256317471,-0.5450911625845963,-0.49351461664655333,-0.4495517831939514,-1.5522436187647872,0.8333661422948135,0.7093151623004728,0.7400055344418944,0.14274124299434887,0.3298306569346963,0.20905303174461481,0.14039463309308642,-1.3545561582883745,-0.26293489370852624,-0.2487825345173379,-0.1396003995632377
2026-08-14,4.695136202484709,5.637222585028212,0.11247467634908803,-0.034963088079229966,-0.16663097512374186,-0.29038105954420423,0.7750435999256258,-0.39855930092690994,-0.17734051430526274,-0.025993724464158728,0.1738911993549408,0.41761978941869393,0.21542080649202508,0.17698805178048152,0.6911172303056448,-0.058148070238149364,-0.17436680878056307,-0.234181813983632,1.7788439007986496,0.7697080463065487,0.5043448278120232,0.5042279904621139,1.190044842682525,0.8191204649331917,0.5330492690423332,0.5389014193582272,-0.4599137872249185,-0.39829745340371486,-0.2836834986891474,-0.11301441606442016,2.1164716164587327,0.08970229261596688,-0.06134731178590363,-0.04006143801694377,-1.4232097003643647,-0.059905749288448,0.02478577139390668,0.07271479964107193,-1.4023305091833285,-0.11441433725242788,0.06410935124575218,0.06555238794738229,2.4068341851663333,-0.3738313822408106,-0.4198541330683756,-0.36838932353511433,2.2263671422672093,0.8956291823876941,0.7285082869657458,0.7413479038947794,0.9957520001023807,0.40842987359153354,0.2424276676219241,0.14334132243794667,2.3793186196009026,-0.1323463347646678,-0.2003442352346883,-0.09158798566409007
2026-08-17,4.722941845416152,2.7805642931443053,-1.253737706633728,-0.11958914549042217,-0.16960697813886738,-0.2696682119334392,-1.3161227987530881,-0.38609463897322616,-0.2377922684862974,-0.10474701426119301,1.093953757176736,0.46928656361296306,0.22166983129251394,0.10996262202980896,0.1659187491646913,-0.04394919511343339,-0.19152071368215967,-0.3134349687709054,0.16941432405966395,0.8089256304903427,0.5267814890110833,0.48578341911404055,0.08347622035645441,0.8463019977971038,0.5296110772891791,0.5059362550204443,0.11493077079326847,-0.38047516435173645,-0.2862912332158142,-0.13050834512883397,-2.0583390525321184,0.02704795912820996,-0.06983808883158069,-0.011989707714988408,-1.1280411619830624,-0.04418789079197787,-0.006088541260602652,-0.015296162223151721,0.25005994874707516,-0.04084331955877783,0.06735075158232044,-0.03426597913591312,-0.8452207982646178,-0.45253314512809045,-0.4459323718814997,-0.4185133579648903,1.6868058685805218,0.8989009829881264,0.7622887538246408,0.7244951258634716,0.25897376902795194,0.5266988904681336,0.2527389843517615,0.15365372457230184,1.5426091567433153,-0.06346364652815861,-0.19768136148983856,-0.12368356135328201
2026-08-18,4.7050558564406355,-1.7885988975516298,0.023109039983567947,-0.11491484181510421,-0.16037752420841006,-0.271554424031442,-1.0942490836995007,-0.2968167091948758,-0.1531309879697648,-0.10124929526097937,-0.19415481104578558,0.4570078658995537,0.26789860043121894,0.13009307887173485,-0.69172393698416,0.01151624418385121,-0.1436999975619334,-0.29917658960008636,-0.8085508703599391,0.8174330591131168,0.5786676070938018,0.4902042414034779,-0.19847182219061432,0.8497905396011552,0.5498291492649086,0.5104303333528604,0.5535645097885022,-0.3957005516615891,-0.25849664832258196,-0.1337283004333984,-0.7780369672025423,0.03799571836087708,-0.07658208848549307,-0.00857336765942928,-0.2684366659041498,-0.03095241370256768,0.07042125971954148,-0.01315585782961234,-0.3739830935932374,-0.07596617092608662,0.07886285281594861,-0.030601446257403457,-1.2523340632367745,-0.4127916127230753,-0.3960608518774124,-0.4068895801278906,-1.069320107869568,0.9042803780588673,0.7774418709562803,0.7261759133809768,1.0805960377901185,0.5474776714706104,0.22773216494069826,0.14590541510887675,0.8087228507545856,-0.13299342490879776,-0.19781514373769085,-0.1257563162659832
2026-08-19,4.651558782051186,-5.3497074389449395,0.43353251646407376,-0.10491833113800281,-0.18390852723855525,-0.27948305388685724,-1.4159885227122786,-0.14435123447975587,-0.05530431384805084,-0.05490680569645726,-0.7470045229745856,0.4801594548960815,0.2943609641094725,0.14953153192716434,-0.7284794020344864,0.12581002564968685,-0.08664495414446399,-0.2695256590312443,-1.7200397168943007,0.8409556376320064,0.6044721232548125,0.5148936804376132,-1.2614115348483808,0.8789274663736392,0.5809675404299308,0.5261517896711004,0.9010126226662207,-0.43986616069700774,-0.29185036336688247,-0.15470093929817927,0.4227317124441279,0.08511303425260078,-0.08396509408192966,-0.017843028822693372,-1.7395055336227871,-0.008673812170741951,0.11625178832126129,0.015681056948789903,-0.6441881635044384,-0.07333501292112106,0.10398869446554311,-0.014593875060142862,-0.24971392942336967,-0.35947178021999066,-0.3769238715443759,-0.39115401814092327,-2.1223562137320098,0.9073836212874798,0.7891383637239942,0.7376524920221508,-1.1351447111355362,0.5826172471087466,0.32418009516704765,0.16360981938289673,0.6205852005053281,-0.15286375585568898,-0.23922152640071156,-0.14996540196565597
2026-08-20,4.697110926425277,4.555214437409116,-0.024299676379573754,-0.06440574396508898,-0.19328457676479355,-0.2778602941771581,-0.10111133829084896,-0.08487072443547747,-0.05060755567344493,-0.09599937348868515,-0.35161249275263456,0.4621012094449123,0.3346505462403981,0.14768477636459085,-0.5510507227316672,0.09125998052663875,-0.023954097022746895,-0.21711004870911557,0.9212106871970576,0.8390750675873389,0.6937568508837448,0.5341239902919295,0.47840737334561756,0.8718581315143954,0.6781167648667371,0.551066514068969,-1.292383186949459,-0.5167566807489626,-0.31409666251289,-0.20419083382547457,1.961187378028149,0.15646779212033088,-0.03833374824572927,-0.029504994242019383,-0.37819704340421023,0.046321222355971074,0.14398891005715714,-0.015367317854306261,-0.10229232479930592,-0.09871071619633032,0.14811444923635858,0.010710829340599658,-0.6544746353152089,-0.3262884399661289,-0.35637725396607695,-0.3389933737495471,0.41641955035802236,0.9147373429301822,0.7881644876639219,0.7123950426978172,-0.4841335720818495,0.5613293355146767,0.4038954917436573,0.19959332009240977,0.5021938713923807,-0.1583821708468438,-0.2305945340998926,-0.17194630547182344
2026-08-21,4.736912975023348,3.980204859807035,0.7687619808111046,-0.006421048880398973,-0.15960883069552903,-0.26210122735536295,-0.28810987086158907,-0.0873004335888609,-0.059022132123515446,-0.09227000406281056,-0.35607441915436966,0.4203754895829059,0.3210134149046435,0.15540771259100597,-0.11304008357603199,0.0762003082105422,-0.027915410375212824,-0.21717295886619983,0.2789255974883373,0.8385731791372439,0.6948222400614529,0.5366361435410887,0.42576010597662944,0.8686509946391424,0.7006998387357954,0.5587233712093765,-0.2792123126626084,-0.522546522898109,-0.3216906574118721,-0.20932974386316508,-0.7406831662241533,0.12981540727590937,-0.04308852431540341,-0.038031639780755015,0.15461742579609697,0.08345498571096682,0.16499260371094784,-0.006865806517629902,0.2245075880749747,-0.12630031502915562,0.14276321244793477,0.031109023678567955,0.3840866039890656,-0.28993796100283686,-0.3586419656483963,-0.32948837237711176,-0.3084759114549248,0.9087713037698909,0.7741178642896397,0.703979740355743,-0.34839718313701407,0.5445442040788905,0.3893456758828844,0.19560416154152377,0.4811270498683645,-0.10840283912199399,-0.21656455166738234,-0.16580993185327653
2026-08-24,4.70306802878554,-3.3844946237807427,-0.3962877845144742,-0.004164785661069296,-0.11719394714033725,-0.24497722306762984,-0.34259807781884416,-0.07977930831113385,-0.04202938007513269,-0.08461119761436245,-0.3243716734640448,0.3820818708879594,0.3576356283841075,0.1544752949953522,-0.6579536951172064,0.1391192522943415,0.04098824474970465,-0.1926986704145209,-1.0497980373295648,0.8402670136583636,0.7753054639863305,0.548383549746476,-0.3691187678344767,0.8622367613334649,0.7687177662592559,0.5638635537131645,0.6847367007184029,-0.5322305134137071,-0.3795545676241731,-0.22197202856242554,-1.9906266991245247,0.17585786936363604,0.020365429877906335,-0.01931765475629328,0.6376691221192574,0.054624529403903783,0.1457869178636039,-0.006691444547335537,-0.5853731803665214,-0.15520015287477512,0.15810424115320149,0.041076278271897235,0.1515956930321376,-0.29883247220893483,-0.33929323623036645,-0.33102322596152833,-1.5071976945155263,0.9071459047455136,0.8095203322553853,0.7118659345143005,-0.622788065284944,0.5598367202788205,0.3921807549674242,0.1957219911614501,0.5169711126744541,-0.12231387968901596,-0.22572131535028625,-0.1654253538657438
2026-08-25,4.637650514625964,-6.541751415957631,0.3479543258217025,-0.007074730887200648,-0.13937612250472786,-0.2534513745860073,0.1707021622872864,-0.11787974112311525,-0.054009043013725555,-0.09019229079656056,-0.5009435123130432,0.38938264091946445,0.37584660352333743,0.17456378635575867,0.3515174563909248,0.1961731540730152,0.011069188818267735,-0.20739071442611615,-0.27628826832596476,0.814331937801918,0.7580487894712484,0.544935384477088,-0.5374795186017908,0.8487819101455696,0.7629307942302681,0.5675588686787639,-0.015197476996390707,-0.48794391221597044,-0.3551062433392538,-0.21763934584889794,-1.5335647373966974,0.23364064598207013,0.05887405041096025,0.0034900546869626554,0.02655153955374079,0.018540546178605385,0.14144954428798442,-0.003345414462793915,-0.4251551231369539,-0.14044805478853442,0.17115868836315756,0.05786330742932949,1.213747781786717,-0.301137581545908,-0.36472539831954337,-0.35744463109665847,0.21481978475321606,0.832567748805376,0.7773686068230903,0.6916852907482797,-0.5523791899197441,0.5795111564573852,0.39536835006868326,0.20461027699948342,0.2627862536529568,-0.0742597967356797,-0.23434925375151344,-0.17133586146355567
2026-08-26,4.662374260163142,2.4723745537178488,0.28908015612851834,-0.005902419426133508,-0.13264159419795718,-0.24795187625670145,0.004939834486611172,-0.12485767793440024,-0.06335622867130879,-0.1052536381901748,-0.13667467890643192,0.3967663094967718,0.36201399176791554,0.19237797242404361,0.6725861229815615,0.20932574361964765,0.014906458151928372,-0.18635085774465826,0.391070470956064,0.8196486771645315,0.7677433259712088,0.5524885964237668,-0.07988670005366078,0.8544733537295283,0.7618363659183622,0.5670135263893101,-0.6634981545613121,-0.4980906077445346,-0.35184473417187684,-0.24276355763388394,-1.1470151937843134,0.20664975479378547,0.0456340492280785,0.0006769532795775214,-0.037446924926028746,0.01765075377846275,0.10897069576857636,-0.019443558133414106,0.5952719567713214,-0.11065260872617634,0.1608897326975199,0.07833603699973835,1.2039019759251872,-0.264717051795146,-0.3223994731372221,-0.3464156956669013,0.6043010153521072,0.8422901194333673,0.7732794318310054,0.6959760098378192,0.1453475858760061,0.6125995401801354,0.3983316847947669,0.20570765929745355,-1.7157880430082157,-0.13151241879254685,-0.20452589748154013,-0.1777980171569263
2026-08-27,4.670296243202308,0.7921983039165248,-0.6904271853848387,-0.023446713799664953,-0.15703686732278235,-0.2507119492536579,-0.9924688896994942,-0.1381511303371193,-0.0695724542919021,-0.107317349040841,-0.020256514888585597,0.3764568248386363,0.3835046799834033,0.18875121991645558,-0.2382686188111489,0.14887802321134994,0.06644823775589209,-0.18081950201042182,-0.30279733438138234,0.8185429450159187,0.7640698531441704,0.5518642968587502,-0.3540580728183392,0.8411305238466856,0.797405399609961,0.561563231765334,-1.0441422089985888,-0.5639690830464524,-0.39310672081127684,-0.28148942137909677,-1.2441803031909535,0.1530864177167542,0.03128500281454768,-0.008962143569244529,-0.3512015485513279,0.07256080308650036,0.10567622751622639,-0.01932324813384135,0.40985756002999685,-0.14102023658172808,0.18247182635713177,0.0838221484890946,-0.15564736069246088,-0.2698459745298114,-0.2982410433782023,-0.3386821403786746,-0.5681020867940352,0.8314699573572498,0.7712515352774685,0.6927289313205248,0.7565199144680639,0.6039393179934676,0.38422923331420716,0.1960401207161214,-1.82483066458552,-0.12781398064008834,-0.17265880563476002,-0.17827669215194172
2026-08-28,4.721004091735324,5.070784853301635,-1.2256204322678657,-0.07767005670549705,-0.19877045163400806,-0.2628621978583714,0.2609222227484609,-0.1104723079823831,-0.05382568241055937,-0.09304370654523617,-0.40709856493114893,0.3336320063660206,0.3564041480462962,0.17691493726780388,-0.058279889353663794,0.12432834550744738,0.06419809659214207,-0.18832379345561637,-0.1801068177435523,0.763006279201348,0.7452959979488364,0.5418441070616555,0.5230420991614402,0.8131773677455518,0.8018219292339995,0.5572768337562821,-0.304074387750624,-0.5406245790373404,-0.4018477104100333,-0.28095710099956384,-1.3617779191468067,0.05436269042752917,0.01127031843034325,-0.01841220429137506,0.5411133264350401,0.12552154410011118,0.12069963126328209,-0.01690904834993222,-0.547835037715712,-0.06950239094866172,0.16128074188514765,0.07973445446298184,0.09357536357327989,-0.15038659495740433,-0.29523063884628903,-0.34638430756671823,1.2506657084631074,0.8049103461425667,0.7757232033015314,0.702521161943362,0.7281783191973759,0.5314705277499084,0.3938891713644567,0.19509620699430064,1.436099631235552,-0.009687603525379902,-0.14174623715402213,-0.153960628722401
2026-08-31,4.756970328795557,3.596623706023294,-0.5170335189932704,-0.11222478614458709,-0.21125076062587084,-0.2766296501449778,0.17845089023741112,-0.0779139240410514,-0.04657172670579966,-0.08966072433053314,0.7344427144378112,0.325997516489004,0.3679129613573695,0.21639644910944889,0.43992310805604773,0.2213744920325589,0.0763997371853902,-0.16978628606508456,1.6204084287475746,0.7437280935983371,0.7427097541633982,0.548673735131533,0.13299429862819845,0.8332449450923725,0.798770988314612,0.5547559883383942,-0.8380709600018208,-0.485994988785733,-0.4177233880549657,-0.3257653560530613,-0.4373414385501344,0.04853474877322308,0.01032469143888375,-0.027313262943079775,-0.2671818517761344,0.07051692609913444,0.12009402241952341,-0.012855993751893917,1.1894424191873858,-0.03607146671474011,0.18281335527223175,0.0988952348435583,0.5819474773842477,0.037212334935894854,-0.2875150492492907,-0.33922397932238724,1.1760190258994707,0.7855412506165469,0.7824486899670711,0.7084548807413733,0.4305335241666911,0.5429095119137899,0.39826722555231436,0.19551022666940485,-0.27224178964794543,0.07021438828962413,-0.14017177042849782,-0.151513954854157
2026-09-01,4.794079178561005,3.710884976544815,-0.48833013806085446,-0.2114083394313535,-0.21254226534601653,-0.23465614754507957,-1.757671281604496,-0.0580041121569833,-0.08744755772860925,-0.12826107230273479,-0.4621727722332798,0.3892016165040566,0.3225241066923792,0.17037110291905655,0.415098151378432,0.3282794085148183,0.05885125897155935,-0.14418035964209305,1.150562265675251,0.716526677772142,0.7413823959218321,0.5343114559126202,1.501797453080733,0.798053411713247,0.794338770599142,0.550620474141626,0.6847329469859903,-0.3000514423074157,-0.3980199779972876,-0.27207614968149285,1.5821451443662657,0.12372714847201387,0.04859519385067599,0.04435498066949595,-3.8787089063612004,-0.06407012343029098,-0.00033177924664565435,-0.07306490614613366,-1.0892167764111038,0.1391162262257628,0.17132561088698187,0.05927841738328532,0.9393726861776637,0.06618722550155763,-0.3103353871557093,-0.34304008043125844,1.0727681165759684,0.7600358751022745,0.7940255844534532,0.7000078411432864,1.6277095692391583,0.4918192971588327,0.3908215883549624,0.18988349023413978,1.9910223162710659,0.24189348688971563,-0.07495440911565657,-0.1321104205456858
2026-09-02,4.793095847311237,-0.09833312497677937,-0.29309726874435515,-0.17968259982584203,-0.20979568201266457,-0.23377844447303925,0.4846546458481309,-0.07386594762871589,-0.08976293047132604,-0.12964338447881152,-0.47338968504603507,0.3981402914168504,0.2984227935755454,0.17069493410753156,-1.085901822392147,0.30606339384835096,0.14130518783150986,-0.13279219831787575,-0.8196845520517346,0.7283011592361144,0.7313135033250807,0.5430342195721118,-0.7846481103269856,0.8022107590280523,0.7865684958950776,0.5502307085866883,-0.4636263554304205,-0.27602127977848534,-0.4144375838966882,-0.26942150393244363,-0.2423838282571138,0.2445969203247533,0.06829416583272381,0.04522421071356876,1.5188970885918271,-0.15615525350033885,-0.0041429011989480005,-0.07589251584032757,-1.3380188692555741,0.15947195138924214,0.13598620926234528,0.06412493379901489,-1.4774514018304514,0.10652613717194685,-0.279798237341148,-0.33502806011557246,-1.64861337254016,0.7535238754280839,0.7832158297351776,0.6956063281216023,-2.0437414712371584,0.45399516184291355,0.37190286625414315,0.19675593950428766,1.2282512557623806,0.2033267949405285,-0.07620307406649829,-0.13336007800772562
2026-09-03,4.761016174141788,-3.2079673169449485,-0.6405371641470401,-0.17672259297927456,-0.19545510997310345,-0.22837443470564323,-0.6706823925440952,-0.03622403514644531,-0.05912426737411518,-0.12216644549637423,-0.8223763919361922,0.38500913139719145,0.3112552204500777,0.18350458810743903,-0.042631824172480126,0.30891942891481416,0.1508177293487965,-0.13445214084224275,-0.8585444068782464,0.7301116734719453,0.73318375243296,0.5489256680676076,-0.5790797490616257,0.7907190957032542,0.7905851059406277,0.5547878288098254,-0.2976587065373535,-0.28266996004449646,-0.39301806451793847,-0.25997683419614204,0.043532740524415914,0.21317903779041195,0.05894664576659679,0.028584547296580734,-1.2757969804293436,-0.14358985415783715,0.021087302409083866,-0.058222841772048804,0.22139073150512,0.047107527514810774,0.12220011360669392,0.05800031379899318,0.3633845060798082,0.10282455151487097,-0.2857898053970299,-0.3407058093112801,-1.5120164431155074,0.7536040141910133,0.7913294424606147,0.7000592449945549,-0.9781902292771743,0.452440447042452,0.4144354058037529,0.19832370214132974,0.7427599024919358,0.23345389307882883,-0.11853730832768632,-0.13826674026738475
2026-09-04,4.782148984047465,2.113280990567734,0.8106833964917424,-0.14393961990812232,-0.1815923632622308,-0.21475363023524333,-0.020708809010970886,-0.03346135971505959,-0.062023371112173584,-0.1211671018277529,-0.38264945174685794,0.4179564123406031,0.300758286281295,0.18150040605285372,-0.17263649058476482,0.2873210400661518,0.13642087732307073,-0.13384813225861272,-0.5722677316433696,0.702280180393224,0.7196776781615892,0.5406693020242065,-0.07498527416024303,0.795752424058194,0.786674724088425,0.5751918570946801,-0.4924761105801634,-0.3886407188116959,-0.4069651081975011,-0.2859924102748595,-1.0307767296306523,0.2257208729338872,0.051987973288194086,0.027292439303760633,0.13167430873316383,-0.1384010297434162,0.02254223559092383,-0.055033575543393415,0.1465520019383043,0.0688554899809428,0.11759389379038968,0.061567309773545215,-0.7416482846052032,0.06848852390331321,-0.2904236944857559,-0.34498814889090035,0.4552973085076307,0.7588112557142733,0.7946764334383916,0.7010752352571318,-0.8878474032846547,0.41556871539811535,0.41757358791750754,0.18949958001148773,-0.2821209866005856,0.20112603672940074,-0.0811651664444397,-0.13580210370198675
2026-09-08,4.803288461075598,2.1139477028133236,0.2388750679460001,-0.1666339159805295,-0.1844343060842006,-0.20542121552152975,0.44142652333750054,-0.029272207150834895,-0.09019112645013247,-0.12847161101909632,0.05998099782003519,0.38278855760429026,0.2841326850009342,0.18217430824594077,0.3959831964269538,0.26059732759640286,0.15750228900357668,-0.08187442587291402,0.09481979631229742,0.7055838469490365,0.7133864241986072,0.5589508311886787,0.9258303383769217,0.7727755597353093,0.7807077065634689,0.5705320989535004,-0.24125457420049284,-0.4431306239512985,-0.4359762583252014,-0.32501654897687504,0.1990439959433341,0.283536171772482,0.05024043825154484,-0.008487944388961003,1.1473608706789569,-0.13454367481839452,0.029029609521302364,-0.03371654187107451,-0.8713939759180191,-0.031299158363517744,0.0640576562970285,0.08905282753646077,0.9039867875537151,0.11074519520435197,-0.27470219708366406,-0.3317747795991798,0.12204387339915534,0.7516608424262294,0.7889942481925025,0.6973967304169331,0.732023463968272,0.4472408710250285,0.4093478131592128,0.2293493766013208,1.2632154147357726,0.2685441457058291,-0.07714544797692943,-0.13325602094548958
2026-09-09,4.835583341685883,3.2294880610284515,-0.7581957288907488,-0.2981039919908392,-0.1865712450877728,-0.2202075976466154,-0.2578531252756191,-0.015570032717385492,-0.10079733314714832,-0.13049713208106814,-0.10052354675108166,0.4484959424767934,0.2784436180765279,0.1831312055793849,0.17219522268612497,0.24780553922205742,0.14692173243198342,-0.0781075748700101,0.968546518446179,0.7237975981153778,0.7141169164407556,0.5744822282223099,0.7552556005520386,0.7883548792580489,0.7799788638761325,0.5833415675130085,-0.5168197522958464,-0.458308199182751,-0.4604619739054527,-0.334600514274114,0.6665857038552159,0.2789661870172801,0.06578126418340527,-0.005117272475680779,0.0983748893523555,-0.07459949255241474,0.04297559758031295,-0.03310844873433657,-0.15212918023964805,-0.014038891167094442,0.04551609793513242,0.08844957376754338,-1.0711010003492225,0.009489700271461066,-0.30703404224981,-0.3414338031268093,1.0898796246615134,0.7593577607818585,0.793488283306979,0.7178763529826825,-0.2174963782103423,0.4206529637668116,0.39737787123990437,0.22414559632508765,2.010290293231632,0.2949379502887318,-0.06511563906705288,-0.11724227303032003
2026-09-10,4.94324094777158,10.765760608569686,-0.7059944845505468,-0.354693882738325,-0.17331360747099042,-0.24564956469668323,-0.5341765676815298,-0.05285414335084787,-0.16513429929900733,-0.13555950843301398,-1.1851211781180804,0.15929107846051568,0.13893454841043665,0.10554936278469125,-1.2688036840230401,-0.055374186716668904,-0.00975968063938989,-0.1518865956795836,1.1948562441298565,0.7379299890301906,0.7197129920692704,0.5888782055122613,1.9281719087115423,0.8442581101151201,0.8081327821297285,0.6199328930470394,0.16589109339070385,-0.3208311017734189,-0.396583488920218,-0.30170535236724766,-0.7436626975335683,0.19860018470991883,0.0809091853000463,-0.021101061923589334,0.05729919461232047,-0.024772409963332048,0.027157323028108808,-0.012028844265077084,-1.405745721990784,-0.20329572249408115,-0.10652942015962412,0.01802663301859668,-2.35424762450672,-0.24356842597253334,-0.38650165758396066,-0.4016269122766285,1.6368391380787841,0.7761059272848545,0.7806237535534895,0.7117232086684575,1.507598764643168,0.523377933041956,0.4523502714651857,0.2541006907443488,3.8198347432368864,0.5032735679978747,0.05271683407401112,-0.013454802318440606
2026-09-11,4.97408499141622,3.0844043644639996,0.3519569809261185,-0.24384012734112898,-0.1642635925854976,-0.21734479964485065,0.12572085168724145,0.1989991090919398,-0.15989962835936966,-0.11716690932869883,0.4761737505587713,0.1263766703040926,0.1438320433101685,0.13193726358405874,-0.7377773233029918,0.026545936210901476,-0.0263168030431996,-0.1573294719757642,-1.2547017804266116,0.7019486227968801,0.6795797381636253,0.5521467094647015,-0.17684157577510362,0.82617317915042,0.8021243536201743,0.6155964945298792,-0.8317938795049598,-0.36265459004486206,-0.40407089869727403,-0.2962596953253781,0.6384075524106143,0.2658130646668326,0.1178203796234628,2.1092157222213605e-05,1.7421010163324457,0.031036831034456893,0.028609505875341733,0.01955147026328336,-0.3269230457481258,-0.1268939164977996,-0.11218847438230321,0.021938296460507697,-1.9848858452529217,-0.18902311043182618,-0.3953192420590966,-0.39855988247173624,-3.990024755130384,0.5518635236285361,0.6964158079002823,0.6397093114880446,-0.39435001771683176,0.5508484270647134,0.44521379695961355,0.28684335638151004,1.750281089032736,0.4421531592828932,0.07604544568869023,-0.007138002442976191
2026-09-14,4.959815919318036,-1.4269072098183955,1.1930909809616563,-0.3178710877124625,-0.16656505368853353,-0.2238667521895189,-1.1706791386192297,0.16340515230740768,-0.1556806083727661,-0.09180360999299844,-0.5388918326650409,0.11245143781560256,0.27163566636779,0.1584025924015235,-1.18496055452435,0.00887549098980586,-0.044891924001972845,-0.1322618142836043,-1.0741966294269314,0.6953643080091494,0.7211218552020321,0.5549969011799135,-0.6564993794455516,0.8208104875250636,0.8191931343075651,0.6190154450571845,-0.6890429784783652,-0.3156206185955569,-0.3673073324819618,-0.30364501388428794,0.9547851806008509,0.13409673807303155,0.09436559079331025,-0.018219084009877227,-1.7783342124466879,0.1268156242771982,0.027692195483403494,0.04975629496215141,-0.5890029101921284,-0.029298598761179077,-0.09167657465657827,0.025082599190675615,-0.1434927095123261,-0.3587193426658214,-0.370271079198931,-0.40754004798718707,-1.9158686980479074,0.5354157223406963,0.7335538645429419,0.6454884971992144,-2.050248980137248,0.5361429816420658,0.46975069017683846,0.30726391607117454,0.5704666368101443,0.4064494535229267,0.09726787416479951,-0.015582652559569882
2026-09-15,4.994720030699652,3.4904111381615976,-0.6100543639400928,-0.3260758909614817,-0.2020651619903365,-0.22346174923005657,0.5075095161591807,0.22719606560676972,-0.133259181867591,-0.10532235788924289,-0.037969449761468876,0.09325137519445574,0.28543960419568265,0.1531899290167844,-0.5193399980532447,-0.017101303636136645,-0.06186674560817669,-0.15174781769093917,-1.0380109333366865,0.6457497578862345,0.7045070875281741,0.5507126079933696,-1.783375314813675,0.6626014801188309,0.747576053313503,0.5691209707991151,-1.7196690913735841,-0.3482507073440526,-0.37438241285354246,-0.31574250607509474,-0.750930034416144,0.16132059715073752,0.0683046546083544,-0.015612336226662084,-0.038100915993638296,0.1454933321667091,0.04807898462136003,0.03517357653337722,-0.09385122197771523,-0.03687937586850813,-0.0592726918160079,0.02600415609111112,-0.8068173529644096,-0.36189562551139515,-0.41831319140731793,-0.42587453847205375,-2.32573350366951,0.47287200309540206,0.6927208692207669,0.6414209033841526,-1.9562614892198882,0.44682943782743895,0.48349770702633593,0.2920785529152772,-3.6583451347228477,0.23619915991621943,0.08337420840996684,-0.04780064896685753
2026-09-16,5.0030040471972805,0.8284016497628777,0.2901238098516448,-0.3258775962035708,-0.1955813137679342,-0.2178477824065113,0.2720048587710336,0.1766429608989886,-0.11990894992468892,-0.06937443124905229,-1.1635381190348992,0.11126151653422388,0.2650713479969784,0.16951705926124203,-0.4068071545812031,-0.046597865107341756,-0.06400685811309673,-0.1378628246932537,-0.6753460446999393,0.634712681127018,0.7015250368747887,0.5730036244699482,-1.1017323864777537,0.6509098843173623,0.7336102626577242,0.5722875041692397,0.601778138370813,-0.3083402868817995,-0.3764167015586189,-0.2960575747908642,0.3349628833620256,0.13837179759157003,0.06734963718655171,-0.0251330180491896,0.27650221957418175,0.1416575110389039,0.05514576889980101,0.08377782041325436,-1.1517034427943387,-0.030299050990821273,-0.08474646366758204,0.026455431455395393,-0.5375048448873503,-0.4171654953673456,-0.41909665160111886,-0.40981824375234327,-0.7823725346572579,0.4661800594634191,0.6908917264881017,0.643630989227769,-0.7887711107919548,0.5278804481964866,0.5114517370036591,0.2819828687865986,-3.6103702536983038,0.2345376112902977,0.06173142038835298,-0.036093214620996884
2026-09-17,4.944651202394219,-5.8352844803061465,-0.742082092439392,-0.15189479948155185,-0.13287356833017827,-0.18250009438739526,-0.5286721831351073,0.06186024597318299,-0.09086134868105002,-0.03570309127177294,0.7004338985176672,-0.16289243445393975,0.17947748994502233,0.13194753185383237,-0.7751564230438817,-0.03314754260493082,-0.011917699682426052,-0.09542356791822834,0.04733845865747499,0.5000008000215498,0.6748334315609583,0.5567317570881861,-0.7847451442347295,0.621085092273293,0.7424076294190728,0.5864792618194768,-0.3665898652544799,-0.1558527354153333,-0.3580957578375068,-0.27637316392395317,-0.9219008887567681,0.2531858047543683,0.12030203906492201,-0.005719412448046791,-1.4753261487034466,0.12968115337143202,0.0749551231633863,0.11359482258615149,0.44577285576313597,-0.17564319808924508,-0.13717239406905024,0.012409184892037267,0.20044394289255374,-0.45296815778198474,-0.40783123597305504,-0.4062248696282073,0.6613555841815937,0.2993301109138316,0.6445776405108403,0.6197899535088237,0.2760178832555069,0.40519386664649243,0.4773651838296742,0.3292443964423502,-6.321086282415939,0.4601023734568821,0.18056443502944639,0.03564560814868372
2026-09-18,4.995056686268015,5.040548387379573,-1.263697304650432,-0.22242961590712168,-0.15907260138946105,-0.21318328290816796,-0.10168712903359989,0.06265521884714392,-0.06114591999088498,-0.0262192142485885,0.9690561231949122,-0.03922097620441455,0.21871500581892564,0.1963992138607587,0.218518109241312,0.02507826196516082,0.007410786848633165,-0.022924389349163556,1.8389766304860158,0.5088384293325513,0.6750561897064499,0.6200480639515495,3.0966100559309377,0.5964415467526673,0.7140628358023289,0.6439493612124366,0.6789310540655265,-0.018695283269832493,-0.34198518318806226,-0.2359980720286107,-2.667512776837152,0.06580465858780798,0.06972828254922929,-0.024305839590939696,1.9598624744596158,0.20059370562639126,0.14233868559705995,0.1625789173842424,-1.8710596646281275,-0.2587757681450567,-0.19676732016882661,0.01020872708574035,0.8416762428292159,-0.37807969830793925,-0.36126216063518096,-0.36502392463388833,1.7615739964938557,0.32870971365005236,0.6555068274511096,0.6222114892188871,2.295951246548861,0.4608117177712871,0.5020236818548487,0.4179922278415316,1.2824958903870343,0.4712263037206204,0.18844246533753284,0.056466820897058116
2026-09-21,4.961259933442425,-3.3796752825590026,-1.263697304650432,-0.18088254515214996,-0.10985398586201117,-0.17002640708045563,-0.10168712903359989,0.055458756920192184,-0.04541503337413642,-0.02650635056433772,0.9690561231949122,-0.1308372067924635,0.15306457120692418,0.1711889861501354,0.218518109241312,-0.026242157383481558,0.0006464165835807093,-0.0317440641747976,1.8389766304860158,0.3431255763149911,0.5846368744119405,0.5565608735749136,3.0966100559309377,0.3625928185113035,0.5651395115562232,0.5386129855504357,0.6789310540655265,-0.1015312637569023,-0.35610634371024047,-0.24947217748141712,-2.667512776837152,0.17121084885508492,0.11383534011227332,0.011717857557121599,1.9598624744596158,0.09948118923615781,0.10632735916358592,0.14296355456409307,-1.8710596646281275,-0.1581753674388298,-0.1620411875090626,0.037852656914441944,0.8416762428292159,-0.43336802666655544,-0.357292132728251,-0.38050711350243294,1.7615739964938557,0.23937280193238103,0.6025087992392438,0.5909343622684201,2.295951246548861,0.3134144132889234,0.423539787038722,0.36126202271404173,1.2824958903870343,0.41896425996075415,0.19758049817410755,0.04351253728205417
