date,ct10_yield_pct,ct10_change_bps,g2_fn_3_perf_32nds,g2_fn_3_corr_20d,g2_fn_3_corr_40d,g2_fn_3_corr_60d,g2_fn_3.5_perf_32nds,g2_fn_3.5_corr_20d,g2_fn_3.5_corr_40d,g2_fn_3.5_corr_60d,g2_fn_4_perf_32nds,g2_fn_4_corr_20d,g2_fn_4_corr_40d,g2_fn_4_corr_60d,g2_fn_4.5_perf_32nds,g2_fn_4.5_corr_20d,g2_fn_4.5_corr_40d,g2_fn_4.5_corr_60d,g2_fn_5_perf_32nds,g2_fn_5_corr_20d,g2_fn_5_corr_40d,g2_fn_5_corr_60d,g2_fn_5.5_perf_32nds,g2_fn_5.5_corr_20d,g2_fn_5.5_corr_40d,g2_fn_5.5_corr_60d,g2_fn_6_perf_32nds,g2_fn_6_corr_20d,g2_fn_6_corr_40d,g2_fn_6_corr_60d,g2_fn_6.5_perf_32nds,g2_fn_6.5_corr_20d,g2_fn_6.5_corr_40d,g2_fn_6.5_corr_60d
2023-09-19,4.36566797198026,,0.9924315416045472,,,,-0.11639141583939816,,,,-0.25041937217707844,,,,-0.1515971360010977,,,,-0.5456696562224224,,,,-0.8288036989023388,,,,0.7196069731467373,,,,0.13491880876629442,,,
2023-09-20,4.34571488779608,-1.9953084184179737,0.6486631760427584,,,,0.12908936525669112,,,,-0.21837007842776623,,,,0.3585779879987008,,,,-0.4252452702316991,,,,-0.17051767842670396,,,,-0.23164937968970556,,,,-0.5029394446582467,,,
2023-09-21,4.47891879085872,13.320390306263974,-0.9320761846123968,,,,-0.6933501075387198,,,,-1.0428114568312647,,,,-1.0004910046457605,,,,-0.8047838294637435,,,,-0.07575309616915238,,,,-0.49850619417874587,,,,1.4105043692754018,,,
2023-09-22,4.43875997295247,-4.01588179062502,0.7597635761223356,,,,0.31256503621690257,,,,0.17726525520282244,,,,-0.5673320210702602,,,,-1.3787780011619488,,,,-1.0901059015043948,,,,0.3346600152822399,,,,-0.3988926800699135,,,
2023-09-25,4.54054981424347,10.178984129100055,-0.5826649532911992,,,,0.04763467224873619,,,,-0.6160608878643208,,,,-0.7765370770230078,,,,-1.4746268506941536,,,,-1.9545330853740288,,,,-0.7011425799964426,,,,0.8904009400460382,,,
2023-09-26,4.55705436654744,1.6504552303969966,0.6066014172875205,,,,0.0690808700532477,,,,-0.008654196507327683,,,,-1.3560709623658873,,,,-1.3181898242360326,,,,-1.0399361929491207,,,,-0.6977694367217602,,,,-0.29600954292649595,,,
2023-09-27,4.62498242361018,6.792805706273963,0.6943092543142111,,,,0.16300960846384083,,,,0.2984455184501438,,,,0.014867381482976505,,,,0.272494930609152,,,,1.4382258160158656,,,,0.5797129471630176,,,,0.44885384872581424,,,
2023-09-28,4.5963273785706,-2.865504503957972,0.8675724100663684,,,,0.0050178535585923,,,,0.48356056744198384,,,,0.2262109540040962,,,,0.1875774184822081,,,,0.7716977260818876,,,,0.48004982802905616,,,,1.3115960140640963,,,
2023-09-29,4.57008761931672,-2.6239759253880557,1.6193115381550083,,,,0.8740767037826238,,,,0.5408433730129278,,,,0.8381275047648034,,,,1.2882729881327104,,,,0.3064727499183937,,,,-0.03867084048193592,,,,0.02361287223827835,,,
2023-10-02,4.68163744687722,11.154982756050025,1.2444117152342082,,,,0.39574856556393634,,,,-0.2581803662040958,,,,-0.2039806778451192,,,,-0.22331515971820792,,,,-1.0185468897971552,,,,-1.5001583954135778,,,,-0.07379299747164159,,,
2023-10-03,4.80072112094976,11.908367407253984,-1.4154931139884468,,,,0.5421176460695047,,,,-0.5991613461552969,,,,-1.2906709259158724,,,,-1.0798072049215683,,,,-0.029016032456159913,,,,0.126067931182976,,,,1.1532232938949756,,,
2023-10-04,4.73294411360084,-6.7777007348920115,1.0121823663779201,,,,0.622842007994624,,,,1.4543933633885127,,,,1.0390865917178878,,,,1.2481902925157922,,,,1.8656575197026335,,,,0.5248411969479487,,,,0.05035048389871355,,,
2023-10-05,4.71541993701914,-1.7524176581699358,-1.403189483288032,,,,-1.421621080339821,,,,0.4612632859184318,,,,0.44228189503829407,,,,0.21170580900287383,,,,0.21700864503604178,,,,-0.8774653073229635,,,,-0.9495829543860128,,,
2023-10-10,4.65399613571246,-6.142380130668013,2.7156822304393216,,,,1.6420794456238719,,,,1.4453663912239967,,,,1.6676162491770847,,,,1.5689415564782911,,,,1.3761948639942112,,,,2.393991252078499,,,,-0.9516412325883197,,,
2023-10-11,4.59629890590128,-5.769722981117997,4.0267414659766425,,,,3.8052701167257887,,,,2.4372657482277154,,,,3.7291169217370275,,,,4.739225899577433,,,,4.137274699958732,,,,3.569810005857162,,,,1.053435670614954,,,
2023-10-12,4.70941120768437,11.311230178309017,-0.17164418021587213,,,,-1.8514773316570876,,,,-1.0650152592214397,,,,-0.7290848804013761,,,,-0.850183894723632,,,,-0.6582145694502624,,,,-0.5819064715534816,,,,0.5889322368927629,,,
2023-10-13,4.62792014937618,-8.149105830819003,2.4840720953608635,,,,2.0414442456494717,,,,1.8518704221750077,,,,1.976866413648672,,,,1.5325703300277116,,,,-0.02795372018800002,,,,0.26368673447839974,,,,-1.1738398029264,,,
2023-10-16,4.70910337723536,8.118322785917975,-1.1340274433662625,,,,-0.12387447032027854,,,,0.8118410070656608,,,,-0.19999489339325116,,,,-1.8987614103325794,,,,-1.9237757900423709,,,,-1.2475573534481674,,,,0.4103463370432576,,,
2023-10-17,4.84574351596388,13.66401387285201,-1.895832949378441,,,,-2.5322286593345225,,,,-0.4492042565111809,,,,-1.6862054840190626,,,,-2.0920763470192254,,,,-2.375060551762858,,,,-2.328731548939973,,,,-0.4247185814752159,,,
2023-10-18,4.90105025467829,5.53067387144095,0.2950013796662079,,,,0.692049776431392,,,,-0.2886507081512315,,,,0.8374423812285694,,,,1.521974141740912,,,,0.30673799191132467,,,,0.6131593799927872,,,,-0.27616495402874874,,,
2023-10-19,4.98661741631974,8.556716164145062,-1.0836788236296382,-0.7211778197141767,,,-0.54335957173912,-0.6121139627087772,,,0.8433616104739718,-0.7625528076452033,,,0.795569112417085,-0.7004322198256123,,,0.8906770576061667,-0.5969029289749965,,,0.7299287814176001,-0.5412872790468962,,,0.8198680792433599,-0.5777695113300242,,,1.6302213273132153,0.4673910825153825,,
2023-10-20,4.92218291333332,-6.443450298641995,0.6608673884861123,-0.7060803407444819,,,0.7783165408728312,-0.6205272041287587,,,-0.05968264532307188,-0.7383049497491093,,,0.9882008757336003,-0.7085070182220156,,,0.02918345392473576,-0.5899055102925048,,,0.07284147839430233,-0.5325259665057812,,,0.9297810932902717,-0.6051987113689822,,,0.1741840545990394,0.43733048922150985,,
2023-10-23,4.83646525028719,-8.571766304613071,1.899170034593472,-0.7058297748862052,,,1.7339273682044798,-0.6345382795728182,,,1.4303659580989434,-0.7291575052782812,,,1.0948673497855363,-0.692332128651508,,,1.2820302820050875,-0.5944644897436326,,,0.32036703823215973,-0.5385021346921259,,,-1.2724844032449925,-0.4858719584922023,,,-0.8643307896868317,0.42673149611097966,,
2023-10-24,4.83879418817122,0.23289378840303243,2.333280316657376,-0.7015457828149083,,,1.9008471583707518,-0.6390086764932241,,,-0.17485287392905668,-0.7362103375981085,,,1.0054714941975362,-0.743006795548382,,,0.16324572411110516,-0.6605655175604961,,,1.4877093389349128,-0.586777964721668,,,-0.818147128261824,-0.472205526452476,,,-0.7703133759478589,0.41153572544461836,,
2023-10-25,4.95170375487692,11.29095667057003,-0.26621246420975053,-0.6939325594657543,,,-0.2109306254103296,-0.6447413115340754,,,0.6849350818150902,-0.6744682393874178,,,-0.7953400507965888,-0.7441502357095651,,,0.6755967995219171,-0.5995912277416917,,,0.17692645332036472,-0.5356783613339379,,,0.9677371403975872,-0.39407459521122434,,,1.4496603456795651,0.43782268241009875,,
2023-10-26,4.84345710818577,-10.82466466911507,0.8221388775237535,-0.6589844078981769,,,0.9780609676968322,-0.6330494800223251,,,0.8618337166452159,-0.6671767014747462,,,1.6361583228131202,-0.7972872614660474,,,1.1712784496888802,-0.618943752602835,,,0.7336780957304512,-0.5372174809380393,,,0.6148990589117281,-0.4010124377154931,,,1.127693071981891,0.3137920215518811,,
2023-10-27,4.84304997944118,-0.040712874458925796,1.6852919815922878,-0.6647948250668084,,,1.4434048916509568,-0.6310264165392279,,,0.6149032801828511,-0.6668001777113656,,,0.5938867290125225,-0.7944238929041685,,,0.5597095583160896,-0.6201155119519502,,,0.013952595955825264,-0.5769526334575571,,,0.24421069455382405,-0.4182708566773493,,,0.6043896062326848,0.30259527246542073,,
2023-10-30,4.87614851458794,3.3098535146759644,0.056693758118432136,-0.667929849591693,,,0.47063180424678386,-0.6471291947272143,,,0.4283065758511686,-0.6736369068117385,,,-0.07101180116752026,-0.8090281935427179,,,-0.1263842042290566,-0.6329920971825203,,,-0.1531752294891513,-0.5752400225780248,,,0.46869169859561577,-0.4106053879361953,,,-0.4292055243656958,0.3406314803359603,,
2023-10-31,4.87318667381641,-0.29618407715297224,-0.6329391349891312,-0.6426122949880876,,,-0.8620807697342371,-0.6196321965403351,,,-0.2689863964235202,-0.653185514944898,,,-1.0624526464512383,-0.7607279111376947,,,-0.2377565535313826,-0.6174036869689845,,,0.027012838745024137,-0.5751471382109385,,,0.9462315547382594,-0.41998111441304753,,,0.4253056759754912,0.3344359564855226,,
2023-11-01,4.78875159036816,-8.443508344825013,0.3389943730110403,-0.6701198618010632,,,0.7278549627947832,-0.6287048848914556,,,0.6916695053612472,-0.6222428611072135,,,1.5614935722058885,-0.7698858711419089,,,1.2339743412147843,-0.6194229148416445,,,2.1881462476836795,-0.582952992227813,,,2.258990828796671,-0.42074108799241555,,,1.355265668606016,0.25890113019144695,,
2023-11-02,4.66840294931852,-12.034864104963994,1.4561861771350464,-0.6367384860097046,,,1.4884816494038593,-0.6735831155084833,,,0.9413073392078496,-0.5738593392382833,,,0.9837965618105697,-0.71693080283679,,,1.900977139390243,-0.6077327926683613,,,2.7700962407616365,-0.6394694775260548,,,1.8144935740689512,-0.47070602329154815,,,-1.8586086472922783,0.3142198682007708,,
2023-11-03,4.55688244427427,-11.152050504425048,-0.3838590033968643,-0.561960861528892,,,0.150643697921792,-0.6351537724070437,,,-0.1817936234667199,-0.4628648819380974,,,-0.05844516571724867,-0.6426695491797675,,,0.8848961812541436,-0.5878018808423866,,,-0.23559784994748867,-0.5629761165765592,,,-1.0759525729772672,-0.3742122166929974,,,-2.552103268402432,0.410454489638496,,
2023-11-06,4.66077755137009,10.389510709582073,-0.11762422588359045,-0.6020126745676831,,,-0.42183888955035553,-0.6840291602570684,,,-1.115093667104608,-0.5225667770366101,,,-0.741821160940368,-0.6686019590684604,,,-2.141441444248973,-0.6341970031508444,,,-1.531557394474861,-0.6013146456999413,,,-1.7760609861749057,-0.4457210383032292,,,0.23290783910346885,0.40962875398132254,,
2023-11-07,4.56958975655324,-9.118779481685024,-0.0431297359921472,-0.5496160023341098,,,0.6749409563015667,-0.6625394143929862,,,-0.06092132404892159,-0.46043160487899754,,,0.06630250645548474,-0.6194615467904617,,,-0.36794699728257907,-0.5755419871313864,,,-0.93019360255632,-0.5234882597268796,,,-0.16164036650566427,-0.39559713711664424,,,-0.22194111261132843,0.39191547446710395,,
2023-11-08,4.506038447821,-6.355130873224013,-0.3347484303843555,-0.5463418631859067,,,-0.5867670967105065,-0.6581400698224724,,,-0.6951780721116577,-0.39216630145156794,,,-0.9713770750702451,-0.599196409877958,,,-0.3751513447319328,-0.6088265083882439,,,-0.4907758940783872,-0.5265325501807595,,,-0.5546910183221985,-0.359862814121641,,,-1.2865756700329283,0.4582247891170648,,
2023-11-09,4.62802066333472,12.19822155137198,-0.0976738186090178,-0.5405020462387464,,,-1.761053517107552,-0.6616453351045303,,,-1.2648506115895333,-0.4072248218965416,,,-0.13084421406263358,-0.568776163942173,,,0.9872083409343966,-0.5020224248320667,,,-1.0115118584941376,-0.541277692550011,,,0.6087857291164802,-0.2859961411009454,,,1.5313286766155834,0.49898843984613583,,
2023-11-10,4.62702989695267,-0.099076638205009,-0.5765256593249473,-0.5054702234860393,,,-0.48930592918117766,-0.6368628793606325,,,-0.20071249722768947,-0.35788826919788225,,,-0.4534109616964703,-0.535611528368264,,,1.393570209426928,-0.46504531160681356,,,1.3131104946364542,-0.5405154853410068,,,0.20733074912359672,-0.2841859133708242,,,2.4455553635391007,0.42694067196391533,,
2023-11-13,4.63099352434734,0.3963627394670155,-1.9041932520792897,-0.43988863467314687,,,-2.6822395390071874,-0.5686036653753853,,,-1.7707093576322017,-0.3792172137693264,,,0.47654879940153283,-0.5275597940285035,,,-1.3945013845363552,-0.40255137356654214,,,2.231951731475104,-0.4655906388060621,,,0.6185583490611744,-0.2382643604153295,,,0.3690959980148447,0.4270170875177701,,
2023-11-14,4.4404638381476,-19.05296861997403,-2.2748473615663674,-0.045105954336011306,,,-1.3528166504788786,-0.27785755678414864,,,1.0200208079002557,-0.4297571529629082,,,1.2166154025241926,-0.47518745700713905,,,0.16515265622569686,-0.20942701799292446,,,-2.0774891979253116,-0.0707799478465643,,,-1.5810245327241281,0.13189719094871274,,,-2.210029676602941,0.5958108526316477,,
2023-11-15,4.53626833700692,9.58044988593203,-0.6684000841834568,-0.0934651818999743,,,2.0560397737153058,-0.17461646497210795,,,1.2570435910276485,-0.29527371759584625,,,0.2712242219250882,-0.49850362791148634,,,0.6294929778940475,-0.24490459701419534,,,1.9751826470398688,0.01880402925907399,,,-0.7977452798178368,0.05043339757896256,,,0.5471016222911427,0.6145429628200281,,
2023-11-16,4.44429981835868,-9.196851864823952,0.183300144501632,-0.037329014498629985,-0.3292702498621312,,0.08103730238464024,-0.13945905156207308,-0.34262019291804496,,0.2593401180371515,-0.36596097019690227,-0.4823601684188784,,0.7541477181319998,-0.5685550050988365,-0.5985348462705898,,1.0679357331769603,-0.31257900261232413,-0.46291864358403906,,0.06762841519456009,0.010552877318303285,-0.2826549782167023,,-0.8929631251349888,0.0443768434879959,-0.24806870870130335,,-2.8596227783906656,0.5931696993375822,0.5525961046474088,
2023-11-17,4.44031677343654,-0.3983044922140522,3.3973200040537908,0.007024733478344543,-0.3119966316407141,,-0.8414792432181439,-0.1375775277031369,-0.339035035315038,,1.5896795429905604,-0.3295283048695526,-0.4768131975705987,,2.159288904133248,-0.47657225493449534,-0.5798442215462858,,2.3723331254255684,-0.272146458680649,-0.4567595988651609,,1.3191436095627618,0.014289557823453324,-0.2841002173027256,,-0.009632833482035197,0.06458255197674727,-0.24986776822734652,,-0.529066598817507,0.5970226795257765,0.550808505965704,
2023-11-20,4.42081637908729,-1.9500394349249994,0.5603158934740833,0.05717472506559729,-0.28938951306857935,,0.7176092177793696,-0.0933525946464389,-0.32557745815534134,,-0.39363189344838423,-0.29453039944718423,-0.4382008209040164,,-0.43190616695638395,-0.45304957823820574,-0.552873763546103,,-1.035651543028298,-0.2402641080250601,-0.4304644636679769,,-0.2584567429104063,0.011363514798569048,-0.2817301506681883,,1.1086070133620511,0.02095324734931759,-0.24192971854913142,,0.5465542394241152,0.5874828499171693,0.5255619762234035,
2023-11-21,4.41689268956018,-0.39236895271095307,0.9058450523407364,0.04251821256401744,-0.28701970716685876,,-1.3772458991777343,-0.1306308472185612,-0.31851135975769657,,-0.07972280745750382,-0.2928971156879472,-0.4395611861017977,,0.8135374523509755,-0.4618315621912575,-0.5681003732966489,,1.9983087282135683,-0.21178882618453293,-0.44839312729015796,,1.8307213804858247,0.010764987421221638,-0.29381727151177256,,0.6757898506649278,0.03931945925364111,-0.24003317373095917,,0.9103049065932796,0.5984496425631749,0.5190764587808451,
2023-11-22,4.41488004460401,-0.2012644956169929,0.12103716067062376,0.07339819293391862,-0.27249523718402,,0.0989784869837762,-0.1281228340947289,-0.3218293739979166,,0.6607340332344864,-0.3623628159331905,-0.4207668810382631,,0.04123001788804159,-0.40656133586100907,-0.5530908248249581,,0.5581260835171169,-0.24184101290060167,-0.42334412837585056,,0.7268222718261406,0.03032016337302302,-0.25593669270399216,,0.25686592153416,-0.024357126008321742,-0.22435372997843797,,0.7401767102105119,0.5694566636923978,0.5071826221646771,
2023-11-24,4.48313823097952,6.825818637550984,0.041665581861996426,0.10357937190748592,-0.27617721372251053,,-0.21173291649971215,-0.0846938489760685,-0.3245814488035071,,-0.3473126148909569,-0.3458455407531512,-0.42862995054834535,,0.5625219461868034,-0.32391525693938045,-0.5541691761172896,,-0.04994915579918735,-0.2314233172132876,-0.4289963180892259,,0.16852303560261117,0.03294795196994342,-0.2544701364269355,,0.5863369690229319,0.025304088935234,-0.2110360812192991,,0.5817452561360128,0.6486774548565322,0.5136477418993577,
2023-11-27,4.38752131396326,-9.561691701625996,0.4238670834620032,0.07327570500764606,-0.28072180462051605,,-0.15463494030920322,-0.10666239342862523,-0.3155411584505847,,0.20781027529884155,-0.3598577462336646,-0.42343545275752204,,2.0999379300495744,-0.3811052032275394,-0.5694608577339759,,1.2510011024354626,-0.2592115739115879,-0.43774619571967044,,0.636772306442128,0.02814718431893084,-0.2774404583661735,,0.2544792584823937,0.018716168467013256,-0.22055124540753424,,0.23396339506769936,0.6214313026051276,0.49941496917701633,
2023-11-28,4.33516418875935,-5.2357125203910115,-0.19573926898908756,0.07587565429067834,-0.27185785588618583,,0.7168767764289274,-0.14373137108599957,-0.32061926222620646,,1.8516572093226236,-0.3766292772722712,-0.4294432819415238,,0.67275137719664,-0.37409509513623157,-0.5720603605786181,,0.13888427896707256,-0.24031084098819128,-0.4341439868271545,,-1.2601426687641926,0.06320002415497059,-0.25310547713112524,,-0.14560570912934434,0.011613178029472484,-0.21461431903151434,,-0.8434170971570976,0.6415088400223621,0.5202716692710819,
2023-11-29,4.26958672351399,-6.557746524535979,-0.6848883024000512,0.09876050037351418,-0.2535820979977484,,1.4163501723811616,-0.15940130596952343,-0.3297974165239618,,0.7542065039921826,-0.38165459029632554,-0.43296755310242496,,0.9696507195532127,-0.3841296856487713,-0.5742313188119859,,0.7237465712180384,-0.23677669874438526,-0.4333087260377529,,0.266081191914352,0.0691834930017502,-0.2510002529602339,,-1.5705348925686944,0.03294490375068113,-0.18427736376844356,,-0.08172824247934418,0.6349857605695538,0.5186857391314906,
2023-11-30,4.34860931975564,7.902259624164998,-0.6848883024000512,0.06917065053893202,-0.3004036772697683,,1.4163501723811616,-0.04574274737212094,-0.3118156898737588,,0.7542065039921826,-0.30933715914125354,-0.40410908464882217,,0.9696507195532127,-0.30095881662315116,-0.5474310583787518,,0.7237465712180384,-0.19501864367267038,-0.41524929196514027,,0.266081191914352,0.11771115218034356,-0.2216267798788863,,-1.5705348925686944,0.024724796417804763,-0.17465887337805583,,-0.08172824247934418,0.6825331766563372,0.5255208038107738,
2023-12-01,4.22328278239933,-12.532653735630994,-0.48738516965446355,0.17912359420814022,-0.2400416536541919,,-0.6492376860232003,0.06651237631743988,-0.30073105610037254,,-0.4430215323401283,-0.22089821116895741,-0.33662414291895176,,-0.13202392928083206,-0.21667742833657821,-0.47651081569011905,,0.5337303187241598,-0.1276104130018824,-0.3764254388305864,,-0.043597579201820835,0.2749169464019011,-0.2011239134198228,,0.2627801785260224,0.13194072816860097,-0.18202943223133314,,0.8196003077019551,0.5752528771368455,0.46677591233543303,
2023-12-04,4.28370379797835,6.042101557901969,-0.3330371072227205,0.1596416331681907,-0.23937266943849692,,-0.08108274851414343,0.08694021379629155,-0.2985087589287252,,1.2275553814754239,-0.1793304819849508,-0.2959654805876395,,0.6875181708478371,-0.2387950108963321,-0.46448917229351233,,1.8879544761951454,-0.03764103448033599,-0.33831663215218466,,0.9547317076852928,0.2869115784981111,-0.17311299522163617,,1.1752984928910497,0.14804889411731081,-0.15412058680162474,,1.3589062554767297,0.5587967099277916,0.4835611740261943,
2023-12-05,4.16869039542236,-11.501340255598969,-1.6744406648551204,0.23062834885967654,-0.1929689756871608,,-0.9247805999050687,0.14315850655899492,-0.27196756313130765,,1.6677325757750732,-0.16423497811655094,-0.32574082479980876,,1.5933438569456864,-0.20981242117368723,-0.48083066415693176,,0.3329526263407584,0.18256581759878687,-0.3270554241352785,,-1.3537944021514177,0.4929499920084806,-0.12819384580151258,,-0.5914868238124482,0.3487203931001905,-0.13514713408450713,,-0.7017971555430726,0.5951743329066423,0.4941384771911717,
2023-12-06,4.1201184560278,-4.857193939456028,-0.7383946600823648,0.2473936845145461,-0.1661601150770276,,-0.8045999042760315,0.18954195715450622,-0.25116202605535687,,0.18976913653926442,-0.18179940794879235,-0.31286503792644366,,-1.213738356901667,-0.184100104848572,-0.4395906208479676,,-2.153850579897552,0.1624709570016451,-0.28116915360457534,,-0.9499489540579841,0.4738223777917667,-0.10669964373435475,,1.364572212801008,0.3004740320948166,-0.12304402584194175,,1.7882511569873552,0.5465191836104261,0.4585052408486891,
2023-12-07,4.12761598856708,0.7497532539280094,0.6165215736506244,0.2556843757206687,-0.1399497043550002,,0.46667129627199966,0.19189995768361884,-0.23624622509762527,,-0.5613403624628384,-0.2291870871174214,-0.3054495835375739,,-0.13899627940927983,-0.2592691007941624,-0.45849082696226406,,-0.390370905051008,0.1273694933949675,-0.27965465095493247,,-1.699004095372656,0.4078379760558085,-0.08241435562093573,,-0.058978843276832116,0.28707189886414647,-0.09436969961414948,,-0.19692314055085136,0.5286266531198948,0.47344078934377753,
2023-12-08,4.24388562199981,11.626963343272934,-0.09172925831734347,0.25743009301728725,-0.1373540417320407,,-1.0349291146398398,0.2628462244870735,-0.215634899518781,,-0.7515538431975042,-0.1850962590125741,-0.29628672987108856,,-0.14033476776732723,-0.2588619469027603,-0.4410100006912149,,-0.7958867517446655,-0.01374055527703118,-0.27874652519619236,,-0.2446780065823999,0.4782000790905484,-0.07007191412461485,,-1.2824054888090495,0.09725069634743264,-0.11909608717472268,,-1.2768274397457597,0.3297308433611471,0.4065672374519927,
2023-12-11,4.23805438728912,-0.5831234710689692,4.02226109037648,0.2301291371277837,-0.08270653306053369,,2.4803232748804547,0.25464078836987974,-0.17479357657259847,,1.2968988935845118,-0.16666916981474836,-0.2644488163821194,,-0.2847554761151354,-0.25643720259089575,-0.4221126043919202,,-0.4788119243985025,-0.031217218533399555,-0.2616667453391904,,0.42905300894521936,0.4796555651400595,-0.07264507926893131,,-0.09670508941249611,0.09364364396975092,-0.11454233874718042,,-0.12358591256543039,0.3407565803466238,0.39329822159130123,
2023-12-12,4.2053781587801,-3.2676228509020078,2.2628619159019934,0.23954337964258263,-0.06543183487567127,,1.5054288125199422,0.3104511111183429,-0.1771264449482965,,0.22630201540736627,-0.1508608892537912,-0.2882163551710331,,-0.3701703280303231,-0.2403786752408922,-0.40395592987259005,,-0.5843159957941213,-0.0009075794605408161,-0.21402079830159643,,-1.0420592844288417,0.49120510221422464,-0.019852697908936054,,-0.9813040949530134,0.08749742205761642,-0.07741028234413973,,-0.013195834662560024,0.3362432907180327,0.39097923941505636,
2023-12-13,4.03241801901424,-17.296013976586,-0.12040789986784084,0.08673055937172705,0.022285079600983068,,-0.5972011446097909,0.24306174445944,-0.04533127539838859,,-2.1632137590026232,0.20987127594072633,-0.10104356680704382,,-2.128789585349632,0.13348929716561508,-0.1575372117748374,,-1.5161664763445124,0.14458866265376083,-0.02922487778290643,,-1.4395484868805761,0.44431327292709033,0.1501608037388494,,-0.40279708745751364,-0.06108916913877124,0.050516528893302874,,-1.0612722935616001,0.23612861560913762,0.44896883976338986,
2023-12-14,3.92915405924601,-10.326395976822988,0.6249840227941448,0.1454639159055006,0.012932455233355476,,-5.0333063303148675,0.2498687227296758,0.04461640230243107,,-2.567211953837997,0.24615318448873652,-0.0118596285656958,,-2.8342190380282273,0.24803882758082155,-0.07669915030055986,,-4.2590920186762276,0.24244748035565736,0.040450097521509985,,-3.1160812796775677,0.4076959134964247,0.1975673610233089,,-2.7776888491843206,0.13069423136478833,0.0968717881136452,,-0.43767288664550374,0.2198030292334915,0.4634118806402261,
2023-12-15,3.92687989161524,-0.2274167630770041,-0.22548633493830295,0.13192543320697325,0.04745453016598692,-0.19505653874394946,0.12040785955651145,0.2635006057444664,0.060575340501706224,-0.11981939338921348,-1.0927413994887036,0.22908276035177433,-0.04503330604587519,-0.21242460276019162,0.27568636874774466,0.2762728605567527,-0.0970264488952456,-0.3009545938322485,1.3023021479457602,0.29063279712727047,0.028465898053898403,-0.20010055461346482,1.4839717660548324,0.428975200614891,0.1898493418507259,-0.06877527354984486,1.2517968746113635,0.12267340642778538,0.07863543897902331,-0.13247396256643257,1.8431401411498078,0.14808823659451614,0.43475505839093886,0.4388956589354354
2023-12-18,3.95479525206531,2.7915360450069926,-0.8533549268190397,0.07617951030397359,0.03687066600397799,-0.19900991324542125,-0.8184336088672768,0.25093711109153877,0.057111004872719355,-0.12377051734448055,-1.4012830987145282,0.1640418058082219,-0.0694651858791976,-0.22002924162772547,-0.48084159287025585,0.2487139518418588,-0.09909132991047905,-0.30369635827324204,-0.03021740765065284,0.28297721189847547,0.023717625734565956,-0.20226152623835866,-0.43770828374041937,0.41571329751369807,0.18198317075898907,-0.07177590499571054,-1.0289177530148994,0.08796444019339056,0.07498612844664929,-0.1381435295854946,0.5237038469310946,0.17457435803708443,0.4413745655908953,0.44023204219558165
2023-12-19,3.92100577587592,-3.3789476189389767,-0.6481829931775079,0.07847776144734814,0.0672638063194069,-0.17450278411991996,-0.7417248940002551,0.2524940092023775,0.0858039988146545,-0.10722532615453219,-0.1084309989851584,0.16580128582321949,-0.044618885523854505,-0.19127500479740922,-1.1604166093257047,0.25080493598583103,-0.07738324100775305,-0.27233235588885035,-1.4414753162866336,0.28785537879639805,0.04469509554194636,-0.1792215606016537,-2.5704690570993365,0.3920596424864461,0.18489567819485364,-0.058499918409297295,-1.5967113206607744,0.09139754893440073,0.058028836105567874,-0.12083088565406563,0.2410814668983706,0.17365356501423065,0.4321837074789353,0.41964442858225237
2023-12-20,3.8761462608201,-4.485951505581998,0.8632375036136644,0.06050716760499552,0.0505783839209666,-0.1752510269133499,-0.06789136612121593,0.2682768495440892,0.07582696992310631,-0.10533681132875393,-2.1829710769848356,0.17535165998992677,-0.02710519906966025,-0.16651563035090008,-1.1538649869575743,0.24972850094259777,-0.07540798115052497,-0.26556250527799086,-2.07752090454624,0.2864773609328874,0.053880335785213715,-0.1724693664798279,-1.9633380471291617,0.3994943451896995,0.18363056557062282,-0.0524271548044837,-0.8995998873399138,0.0849585319494965,0.06831708864815865,-0.11294853548467536,-0.509540361549619,0.17151320961234934,0.44274366687126165,0.4203083879345638
2023-12-21,3.89275199360404,1.6605732783939953,-1.211406438874624,0.02710440394940603,0.050470722390917086,-0.1680135922702494,-0.6471941884787844,0.25348903487685553,0.07603439172316105,-0.10935509441188203,-0.16353533997283254,0.16503045459225466,-0.05986532446822441,-0.15433204906457337,1.1733374040637123,0.27050629879143584,-0.025392062391400107,-0.244529032023801,0.32994871166496287,0.2892508570630659,0.03810052084354254,-0.148851296371045,-0.2048645547589616,0.3991779796223608,0.1803787215428572,-0.021162890130160594,0.2850628936615613,0.0929190073149839,0.031084174461599688,-0.10031866362982349,-0.5431436636397181,0.1354656810850894,0.4039816072420957,0.40639962310088373
2023-12-22,3.90710743721508,1.435544361104002,-0.3567042868395207,0.018301478676542107,0.06381546042789502,-0.17168586133631733,-0.6023977752664642,0.25482301583193123,0.09664860303668141,-0.11174438819801265,-0.22015380201027224,0.17937558471834553,-0.03966458576810969,-0.15523495478423271,-0.5025426422068797,0.23467895616061352,0.006489289163258037,-0.24311699480840615,-1.252143189933856,0.2636248164025033,0.04932932683990396,-0.14826131057037284,-0.640063763416352,0.37172948877993417,0.1951774874740743,-0.01932942157266784,0.6595265118306561,0.06315535120296818,0.05981273294247958,-0.0939093386996008,-0.14572411719263068,0.0925164935134254,0.43931691222653924,0.4075933943988199
2023-12-26,3.88458137704368,-2.252606017139991,-0.515585889603072,0.034302114731295366,0.05427153903225387,-0.17701748058661687,-0.3367477769674464,0.26240748870408076,0.08884466338692673,-0.11344717765506201,-0.27630940208798266,0.19980654067004236,-0.04497755939697554,-0.15810066232065326,0.7528194796608964,0.36386966632761764,0.002980658563476244,-0.24226862769366025,-0.05111247433577604,0.34121106700110343,0.04623130308325115,-0.15021017228956776,-0.3080150515991699,0.4513093321791172,0.19452182449961306,-0.03649558285912836,-0.33717029694298717,0.09638366114540547,0.057193303473755355,-0.10311024965151934,-1.0932826922917471,0.09995716313599357,0.4323301474665482,0.40368374078122893
2023-12-27,3.78795310842675,-9.662826861692997,0.13035379595099528,0.025058253507809967,0.05060535486496297,-0.17287938236590877,-0.48994152544273595,0.28001613835193223,0.08317643698204821,-0.10570600455065797,-1.2120935253183744,0.28286489231507633,-0.029628950112967158,-0.13156241187595713,-1.2736425745837952,0.41592053198716256,0.035450192320434094,-0.21310775603601415,-2.4257414860927584,0.39566432814442226,0.08609503478679738,-0.11309038648081159,-1.0192736747218942,0.44880802718944424,0.2082017384034155,-0.020994198751787835,-0.28665674172949096,0.09291753713442005,0.049217700417783186,-0.09722941341594454,-1.1270824713790075,0.14029281737482094,0.4540836173190806,0.4238712991647356
2023-12-28,3.8489289731176,6.0975864690850035,-0.6253817909671071,-0.020806461966593588,0.03883626905545813,-0.1792300029777136,-0.27008164924545275,0.31972796489592065,0.08501860756430461,-0.10677063484405486,-0.24159216385094084,0.317687071723961,-0.031297231282819825,-0.13443920300856063,0.9509706266819871,0.5017828220797041,0.06676793504263435,-0.20032689110043422,1.188538351306536,0.4753403309294774,0.11018419063174771,-0.09881123038120972,-0.15720767847129918,0.49571371197731506,0.20404142376725698,-0.021812448883230084,0.6110938519179305,0.11378576380518363,0.06148515927536339,-0.08759717550584216,0.5387685630147359,0.17011207369595044,0.45846535433468727,0.42799403511890516
2023-12-29,3.85948694112431,1.0557968006709828,-0.23354140573209614,0.014820892770088086,0.04255139401688649,-0.20611839226206877,0.824288202793888,0.2677680505591114,0.10913594685047924,-0.1130514110288038,0.36140798691373144,0.2773802453684009,-0.011269811585152367,-0.12712609727955834,0.38560373417376326,0.4675995690427403,0.09985078375721304,-0.19359482457849914,1.1305474041200578,0.4545030315947226,0.13826705246499588,-0.09029443144464092,0.8492758162945504,0.474963883934864,0.2563051936508593,0.0006492532119489007,0.9093326075307809,0.24073887137683656,0.1254884761837294,-0.05236959010190433,1.3950067150492598,0.21155101997380937,0.4988682089252342,0.43890767311847034
2024-01-02,3.94347033597003,8.398339484572004,-0.9740936743463688,-0.07500463467345422,0.057488617621626506,-0.19372434998721935,1.6670599288461112,0.3419938288581093,0.20126979643697554,-0.09893354193588563,0.37005361340505605,0.3232641397783797,0.03842001380556632,-0.10451013791718004,0.2546155538775361,0.5148799571960669,0.13572105417535377,-0.15940153471830926,0.2300643650097598,0.5554910482339386,0.1952456236774694,-0.06598842181872781,0.7418111479026175,0.5916224222437244,0.3781487672049709,0.012860520080129764,-0.40677122246284814,0.2631950161015018,0.19533764565524245,-0.06345579503948197,-0.8518132716645153,0.2072529653417202,0.4352347143008373,0.3987541552280708
2024-01-03,3.9058566177203,-3.7613718249730255,-5.00271875139042,-0.00407868062825819,0.06688232207652056,-0.1503524641570242,-0.5151686612999393,0.34677512577016073,0.21572386212820777,-0.092357388143857,-0.08739674420060473,0.2583271533696547,0.03764171697130558,-0.09026671692556629,1.1275305327745473,0.449901597268538,0.12544486036043842,-0.15573051807311647,1.4888684494678432,0.4634814088804067,0.2109166956304869,-0.06203828378627696,1.14359156647792,0.5020339690846428,0.3716308266735037,0.024667933690594123,1.204362707014017,0.17098159047700295,0.1577892050525922,-0.06319759609060983,0.7128353863541376,0.1223234450089566,0.39209777387381434,0.3958537542838999
2024-01-04,3.99026214857372,8.440553085342017,2.1897769389373436,0.02860431783848328,0.11917326484917588,-0.11940490060300561,-0.2787142904372155,0.31515992874705523,0.22261004546568303,-0.09755908702981918,1.7511959104167936,0.5561262115793179,0.13282723449141584,-0.054700942030456716,0.9747823040747681,0.6880315478191018,0.18835261972590087,-0.1402963047155899,1.565590310908381,0.5935387178876979,0.3187420673787083,-0.04101002340737063,1.9976397114386593,0.554625357371943,0.4679680605232289,0.053831089666030126,0.44961875291655296,0.18752567744046295,0.2558393488943539,-0.05552749515024936,1.0630640788167103,0.14834611005896212,0.4164152732333572,0.4093539065695207
2024-01-05,4.04099005980185,5.072791122813047,-1.6192886946737595,-0.0223241385829947,0.09772570802039494,-0.1172792799970501,-0.33076689773443135,0.29904122598334276,0.24153787592884085,-0.08917872164011871,0.008898911302432033,0.5905859976298796,0.1351018284135858,-0.04269591988088968,1.6427954072534714,0.6905722362824358,0.21319638555861894,-0.11107522923266068,1.1896736614338561,0.6009526636202916,0.32794901458377257,-0.021840945094735376,1.8494543217592962,0.5710780928422098,0.475211066002749,0.08084934739717681,2.1262151207153286,0.30480290166269086,0.2883085146517983,-0.00990362264453174,1.3192996786894398,0.2759005372965265,0.42976971172805634,0.4123890974628935
2024-01-08,4.00111728753722,-3.987277226463082,0.04872320010774356,-0.02843267526016827,0.0948094575786283,-0.09623104955808051,0.4225850114691645,0.2811469224586952,0.2326401004156778,-0.06753907829898685,0.8125205521800454,0.5416153650618968,0.11778775574257412,-0.025310629060035072,-0.14209977287673903,0.6864787742944422,0.20097936756007692,-0.08467059421751548,0.779100764542451,0.5714406779679536,0.31835582907654586,0.008410638599603315,0.0922524521130047,0.5853341540840129,0.47100843928721337,0.1202312497310297,-0.07405196602570885,0.3010825086926853,0.2821248746900692,0.02385124119941035,0.28240795056631995,0.2691478326516537,0.4167276768406817,0.42384134422918984
2024-01-09,4.01613446013593,1.5017172598710715,-2.199462944708352,-0.056406582086415684,0.080063254783352,-0.10206438835506283,-1.1217383307777595,0.3511190043855214,0.29657826838292706,-0.03599874637660433,0.01569299014713632,0.6344491923345457,0.18133892257698986,0.004304642580047627,0.12875259868758393,0.754147531689503,0.2243785991588716,-0.06252299915746333,0.7060167821612096,0.6692700764580557,0.3063021219962756,0.0314403901626304,1.0534937153407296,0.6477746855390486,0.5360545831254299,0.14073003740141996,0.5658976987707871,0.45911377814268706,0.268408473883199,0.041406090378507204,0.844796884255439,0.483600603983776,0.3848691686809514,0.4224312346164977
2024-01-10,4.02928404004939,1.3149579913459775,0.5237526514617856,-0.06755606314664384,0.08582298247613072,-0.07470197258420183,0.6841693002958303,0.3885453904802109,0.3025830647746727,-0.007715957095762919,0.68296876500616,0.6675130898983533,0.18748824273336756,0.03624282990224692,0.4411347465689057,0.7574298633311862,0.23043463458141059,-0.0361795701673038,-0.15687301578605117,0.6687534855317466,0.3027848626187823,0.04731138230419523,0.9696270238339615,0.6516049467892369,0.540705131586027,0.14425239311026725,0.18162434283105577,0.4611457316144928,0.2691841091233557,0.04693017790722637,-1.107658845523456,0.4348576049977479,0.3806231074923485,0.40247554265532387
2024-01-11,3.97432235611871,-5.496168393068013,-3.0202633207477274,0.023431699012373026,0.11614741213928373,-0.03814289375561799,-2.8005991337994236,0.461848547188345,0.3419530804961543,0.01354446976551016,-1.8245638666486723,0.6947037949476692,0.22175931482032502,0.03789983339539299,-1.1529032732427842,0.7636269834929147,0.2411206053683255,-0.015129684002182325,-0.9822415870999679,0.6728180068425795,0.3222910266958384,0.08935436151764968,-0.025257954214335854,0.6390215696745152,0.5483046512570484,0.1810109666348877,-0.1554798363780483,0.4552600040557869,0.2662279339189567,0.07312948134056711,-2.0728933613297444,0.45320858668517194,0.3861757088630692,0.4060058279945475
2024-01-12,3.94931464156287,-2.5007714555839833,-0.41108623458131266,0.08616739174213761,0.0367150520215273,0.004675851639921093,-1.7613144698188483,0.5699547748537007,0.3129070011302392,0.08354236081963999,-0.07188841590518447,0.6336449551708031,0.3079929362977575,0.05563144997710556,-0.2985320338993924,0.7154142417603961,0.3337609031552142,0.05087519784827686,-0.5342309628725754,0.7038098958466164,0.3566008256423736,0.15792385736061215,-1.0290042646630813,0.6469907848422891,0.5017844575493166,0.2629923253558432,-1.9466161499348003,0.4957419684296133,0.1932247864963913,0.15859357827962878,-0.2846452398820576,0.40344563153668106,0.2974678385993088,0.4345999869129208
2024-01-16,4.06475469209608,11.54400505332096,1.0349908794675198,0.2948740180055379,0.0873883026972036,0.023379092483366632,0.776565966808672,0.46476917287307995,0.2831599446838431,0.09226634374091798,0.6509022086257916,0.5596467406138805,0.28915315211362874,0.07771743367925157,0.9753648308712735,0.6411743192503628,0.3596983301631932,0.0624137566714288,1.6449846892849633,0.6496428273950159,0.38552945566717667,0.17219901872728116,1.2055033915408544,0.5651468837443885,0.4873633037998454,0.2800627906158957,0.8866634420846422,0.37760101795751144,0.2642955719721086,0.17084080003618507,1.628237368114867,0.4882369440001383,0.33962074163193445,0.464919958891363
2024-01-17,4.10282841838417,3.8073726288089915,1.3145756564534397,0.3199272884851441,0.11064461589010026,0.051577276364212374,-0.9779590063132488,0.4442055295143144,0.2829357572618002,0.09272913372020661,-0.9183414023061447,0.5283394977660285,0.28390820432548547,0.048528600654189576,0.25531568617779143,0.6416146337758567,0.385023793014149,0.05040215282333082,0.8903138092985925,0.6820253285219501,0.4251983328582384,0.16790607161836052,1.3066029211890076,0.6043538110645597,0.5087888492287432,0.2816279345055858,1.5541917771546017,0.41972715927153953,0.26411710282381473,0.1704581772193232,0.09683839891414747,0.5404905158902634,0.28607581369043783,0.4463515485645138
2024-01-18,4.1429769139244,4.014849554023048,-0.16239712951378238,0.3288356838253728,0.11399011222050152,0.05619256281036076,1.186392946641175,0.4720577079770877,0.2985273460705867,0.11242489148272808,-0.3618272187464736,0.5689637561495303,0.2833182731861905,0.043234944884795665,-0.35364279692167355,0.6370584831827178,0.38891608173494413,0.05290759049478566,0.1166724030178048,0.6807579066046513,0.4370950445525964,0.16598565391028045,0.03157292142467849,0.6105414253991903,0.5126489240214358,0.28039477274623587,-1.3426676044394403,0.3866053976482499,0.23413182589221632,0.1638265064298856,-1.8071508516451202,0.43994274237952874,0.236569667299995,0.4189182001196595
2024-01-19,4.14464620195392,0.1669288029519933,1.1218390808859935,0.3133817509299626,0.11865271365048494,0.08327110408147007,0.9953304739546271,0.43505281957919384,0.303737491390065,0.14175077163487168,-1.483524992633412,0.5644960360021197,0.2718812811189738,0.06338100792109475,-0.45527120132907506,0.617863967902754,0.38465110983744244,0.06732525499879055,-0.26929497130184,0.6669393077199997,0.43595850904592615,0.18235849887876499,-0.5294979557305023,0.6111205522730967,0.5097170598267219,0.28349671086344774,-0.5576633988718432,0.34823100704742777,0.24064818743538957,0.1450209171322093,-1.763081637877232,0.4495406773502353,0.2237838494883186,0.3990918696260011
2024-01-22,4.0927960986321,-5.185010332182038,0.18036427940188782,0.3356597618512795,0.11350575961622666,0.07775476847013638,-0.25162516826070114,0.4417801275727999,0.307575106270707,0.14015833690695137,1.3758573695214913,0.3639014979902327,0.24067734215441342,0.050028749090667075,-0.0626174990850017,0.5846969169053151,0.3863387015926288,0.06670404276943773,-0.42780110150316464,0.6522298884662603,0.4497826476669052,0.18574605496580787,-0.0015774274092481555,0.5825714119265145,0.5206282443150606,0.282820137474174,0.14692706493484753,0.2970473791577246,0.23613394669178356,0.14666121162589657,0.21663692915055943,0.408546071336189,0.22000378868963308,0.3998468041187896
2024-01-23,4.14063552874343,4.783943011133029,1.737388324515622,0.3665024843717654,0.13677860458438626,0.10071361290667429,1.0612273988849728,0.46599623292950765,0.320921854542181,0.15720500997954986,0.5173991171912106,0.3784607704555022,0.24946495852613335,0.038168618557798566,0.12383138916511682,0.5914289441823312,0.38425640579324316,0.09677512257784503,0.2965609545330592,0.645717894958041,0.451230314141601,0.17873577010810188,1.482819459523283,0.605895124916145,0.5339694192370228,0.2989161810483872,-0.16893385687958729,0.2778187029064367,0.23216786645996876,0.12088841009986596,0.3642860289255936,0.42012916981555454,0.22542761313355741,0.3800257768255326
2024-01-24,4.17713491431995,3.6499385576520105,1.4445428888760876,0.37779258762928064,0.1505787539941615,0.12768795316601494,0.765586198355261,0.47743574487349677,0.3357240519856836,0.18751881533386425,0.19642517278259186,0.38201425677596557,0.26342174823699593,0.06140888578708005,1.5648221349260991,0.5973969936276062,0.3897182303241577,0.14942044079654673,0.4897378097156285,0.6882889659558038,0.4623920512181161,0.20414976438248128,0.017483922913880318,0.6131247959064178,0.5352953885692935,0.3141437772120844,-0.02607744741155299,0.2721855186489704,0.21809806543113758,0.13639267080588152,0.49831690082812485,0.426833146120476,0.21955113544642607,0.4151864299106466
2024-01-25,4.13085928962617,-4.627562469377988,-0.07843403674969629,0.360036551224927,0.16574551492654904,0.12596048911410507,-0.006712066978591835,0.4586181295540098,0.33963792768056505,0.1855269763483823,-0.8734773122794564,0.4098047147655532,0.28728357988521974,0.06615315934381324,-0.8397690639433568,0.6586089542634209,0.49857272791935286,0.15519976678004255,-0.4312376507654401,0.6970347629026403,0.5167070219013497,0.2063113708691285,-2.0542153875831266,0.6226908193063599,0.5756324961403299,0.3199309365575104,-0.9265439127496,0.3055107449038488,0.2450306880144544,0.14170285623494894,-0.7968099880697984,0.429264672097002,0.24266644915678687,0.41796924000650404
2024-01-26,4.15947285339532,2.8613563769149586,0.763422919526608,0.43388274755440975,0.17230515086678175,0.13044535621783937,-0.044529398360611205,0.4658256919665258,0.35528542442719435,0.18148974880464636,-0.22414478667334592,0.3128840980375959,0.3349479668608736,0.059627302365133125,0.4500061304414271,0.5772386302852665,0.5196407210803392,0.16054816981580378,-0.3542957347751168,0.561571503256281,0.5182185021695569,0.20471037253633448,0.5270177968086975,0.5658806054658823,0.5717281495784131,0.32507941747556957,0.6317663048438432,0.295206807841045,0.25348127120778646,0.14255468510233976,0.105378933841632,0.3760916735164511,0.23207784460122177,0.4233765148211491
2024-01-29,4.0902197203309,-6.925313306441971,-0.4508776868892993,0.4365477988861493,0.16889691782920963,0.13453115092070933,-0.2239338868235745,0.4718313903011204,0.39254504360422476,0.18314497230498483,0.5329368402544762,0.26416049843478856,0.3400176797820498,0.05176711106750461,0.4098576568099265,0.5029126383689231,0.5371835244930956,0.16101588745222464,0.17311104322248316,0.5247525802553517,0.530095190551621,0.20363296355353233,0.08590060418765466,0.6047790930133845,0.5747819635840284,0.32314403875355147,0.1650174165918079,0.2613126899461387,0.21887434172749126,0.1379900988894236,-1.0212086747775708,0.40559061010043035,0.2524728044240071,0.4295622322019342
2024-01-30,4.05569855601934,-3.4521164311559716,0.13716782570902408,0.4194133608237752,0.18433488391697003,0.13983322284763908,-0.6464081062423297,0.49224239730627695,0.3683163051318983,0.19951465026404772,-0.094584259129328,0.26771239201681696,0.3188166280611131,0.06529652657776776,-0.1295537341738271,0.513677166128838,0.5218573390423625,0.19198506406776084,-0.7986782427105548,0.5651750070083144,0.5252754720006371,0.22517822489201897,-0.6832093708322017,0.6261566116770189,0.5796816700954003,0.3650636360249279,-1.5706071126852417,0.31628914724471313,0.2886829416159764,0.18979523293684183,0.7909529877883232,0.3745377510343062,0.24813376807215395,0.4539691159890941
2024-01-31,3.96431260724418,-9.138594877516049,-0.8321328822395777,0.47914531587227444,0.19210751010373878,0.18163099066854485,-0.7653218433995232,0.4357434410158396,0.37462835686956864,0.24931366944335517,-0.7323640292588802,0.3055649307859444,0.33117978257031916,0.10492648849331598,-0.328083870345123,0.5588925993511895,0.53826101902084,0.22740269139009156,0.9784133878754815,0.46720098206375366,0.5285517929576417,0.2551405908719911,-0.011262738324777533,0.6183010789203199,0.5924974447039169,0.44495825863731836,0.8812004043621545,0.26520204275660675,0.27622661013713257,0.22752708296623467,0.001956491031375962,0.4185841910452874,0.2952165533887679,0.4251950488923452
2024-02-01,3.86240137465479,-10.191123258938983,-0.6812019869887367,0.5045046633791896,0.20866482629002073,0.18620009939405383,-1.2699419797173115,0.47783056691505676,0.39377924484018706,0.2747422897374951,-1.0062119340840323,0.3702191421349243,0.3224815107785229,0.12201286035879698,-0.6278538785573753,0.6675362412709249,0.5343856440909422,0.2395865636558852,-0.8858618455247997,0.6180306005413205,0.5141397083611061,0.2885590759435894,-1.052301413389408,0.702926468661803,0.5896164866411626,0.4580886241289948,0.08021509344121558,0.29196964860431285,0.23822227074837635,0.202231544972587,-0.30378914356380804,0.43919855146433273,0.26864402486696065,0.3948877778560073
2024-02-02,4.02941367092672,16.701229627193026,1.9079553296659522,0.5258209552359131,0.23743755096499125,0.23711553846235545,1.2534183635295353,0.575252995781898,0.4222274485041183,0.3173643682779617,1.569003609923648,0.4325758629676686,0.503861930602526,0.2104118120292524,1.2211027100704959,0.6830228595946898,0.6744987605476814,0.30343098990864137,-0.3067649863910402,0.37650651361498,0.4991243146718064,0.32429670593762694,1.3367299669917312,0.6689412965946634,0.5942935623009294,0.5257489502822331,0.7808659164497921,0.32047507670995923,0.25826932658172347,0.2840614842801913,-0.1444083134348192,0.31675519897714677,0.22372565553664236,0.3719189872994377
2024-02-05,4.16270644188275,13.329277095602965,-1.5687211738411806,0.4148336117396568,0.16717578892403007,0.19672287094283505,1.1755540470494146,0.6275062998687441,0.44315591985103686,0.3581149150245679,-1.0315234366970238,0.2901615133918625,0.45129117563331905,0.174937524319546,-1.1449926739936416,0.4317400825612424,0.5717511902414155,0.24901426558179374,0.20144453415488323,0.33302245503263744,0.4810944526168648,0.3149024104415989,0.7891441194544,0.6607303423024682,0.5925845276962544,0.5219580987634164,0.7936657151608708,0.33217269236212976,0.3172811001692142,0.30305416655925055,-0.634853064635549,0.2150286048797871,0.23042250721245777,0.3412909420940082
2024-02-06,4.09138672361555,-7.131971826720029,0.2817253456313278,0.3969903572024863,0.15899276756879327,0.1902742811785932,-0.3894623121512639,0.6472962765497884,0.44179710070821826,0.3560498813683,-0.2501930737320319,0.333698467135591,0.44599008190809425,0.16989198175375375,-1.0713683174986404,0.4721925431319824,0.5832596925430992,0.25164379766595085,-1.6168849846760973,0.44294410289092145,0.49772048765651966,0.32534295815146436,-1.3748802678549488,0.68892242042205,0.6214195409959244,0.5275808229154625,-1.6769841581560831,0.3910930217944879,0.3428030363979457,0.3138963709554635,-0.5697064100191296,0.248030672817977,0.2391724905763556,0.3363103559863659
2024-02-07,4.09444956370945,0.3062840093900121,1.603695611068435,0.434020059969819,0.16702860125049318,0.19654217212162414,1.4699177488879678,0.6382940100580571,0.4846038841894303,0.40789263130006137,0.2183413876305922,0.3308039817316611,0.4850553574395244,0.21278077916302993,0.4852168907478527,0.46507064592794084,0.6059635654349219,0.2670396194293427,0.028318960086646472,0.44746632049811885,0.5415420189668134,0.3118480916707513,-2.3044384385988383,0.6164461686728571,0.6204566701238304,0.5487128259160318,-4.921234040074304,0.2626641314470449,0.3212954179157577,0.24404728971738776,-6.0954656578366055,0.1463765009262854,0.20376952289486566,0.2317646530782237
2024-02-08,4.16858880426155,7.413924055210064,-2.2050961375249596,0.30205707114852187,0.13772780268781573,0.16379710467919983,-0.16155712907884157,0.6207035513667666,0.5060423449308421,0.4038761949319253,1.8808616069099553,0.38505562791403486,0.5245574782343293,0.23956060453835396,2.098556976213517,0.4964986498326827,0.621258353482482,0.2945550385699058,-0.8000509616936031,0.3859975580230774,0.5162858899259838,0.2959165325213428,-1.7452801037741823,0.5133379904073939,0.5649466380012693,0.5117861147168837,-1.3516167993165955,0.2216867168133637,0.2884434540800188,0.22009382958782964,-0.1722056895977091,0.15854356981986625,0.20240420973607592,0.23388935484282905
2024-02-09,4.18608581160411,1.749700734255999,2.5317408599600486,0.2270972019897803,0.16853612339193777,0.1750520007649716,1.9255863982356791,0.5908686525060134,0.5273640486468045,0.4248027921238795,1.8607255909785825,0.31993161283942056,0.5193029352788696,0.25360839173719046,0.46312970664510733,0.4679720079285787,0.620696272441125,0.2952310269814842,0.7274754750264927,0.34924685827002194,0.5153229321564793,0.3049119939466386,0.07532809168240961,0.5308339845615557,0.5623348054849773,0.5224717136895453,0.5917661178408224,0.23548737661685912,0.2861630550677266,0.2220053146074135,-0.2299981709054335,0.12212607360161744,0.20509294837090522,0.23272929193659844
2024-02-12,4.16761761282563,-1.8468198778480271,2.061076003501008,0.17675416535638433,0.16671883862617143,0.1112601223041664,-0.22451416698292803,0.6142433577805732,0.5519911547338738,0.4054106099750227,0.08463232810351062,0.31679897623597364,0.455769085062124,0.3127639687315068,0.49956101392489605,0.44861168412514385,0.5569196948401639,0.36201398389180023,0.7910221745043713,0.30559827519884414,0.479308243042232,0.3245942232140994,0.27828375077538237,0.5104026382575487,0.5447147689936114,0.48867070748540153,-0.43823965546726407,0.21642902210255888,0.302070208998438,0.18411852479412702,-0.21142113041328647,0.12199753174726086,0.18111633827546655,0.17717276580260852
2024-02-13,4.31530635165388,14.768873882824973,-0.12706579739593593,0.09471260511823712,0.18266428160785278,0.11620893843868339,0.5481707543446719,0.5848760257263768,0.5102256802112587,0.38181526467140303,-0.3859346460240012,0.22275874306085974,0.35492171811701234,0.26633593370835373,-0.792372979824961,0.26084402717945193,0.40977880591061594,0.31421089412743186,1.5248859569581121,0.3323992938641926,0.4548697117081876,0.3469200339809232,1.2286896652914558,0.5199578363221071,0.51654854487992,0.48357071910237526,-0.5744625633579199,0.1354041315507862,0.2010926053336409,0.1805720829484392,-0.9461997950531744,-0.006875679826112958,0.14036765290158199,0.13622900453690348
2024-02-14,4.26616978307302,-4.913656858085957,0.8942217170004803,0.0667329382345448,0.16476446029446684,0.11247765223784523,0.19029309730924826,0.6431807055412033,0.5009014850332049,0.38569526602457876,-0.17750400832440638,0.25441938389341273,0.35437494717334506,0.27635347423621087,0.754212536319955,0.2205691137167636,0.3876175822509308,0.3236787875217886,-0.23343536418274236,0.3295664999641368,0.4709756170166473,0.3732282746622166,-0.9119293742932448,0.5338777281355279,0.5418797436796032,0.49685024656337395,-0.7096665907935007,0.12087510791347547,0.217504585765992,0.174412888392715,-0.16039106085589472,-0.029544153948402863,0.14913226243555971,0.09441944435930232
2024-02-15,4.23879364441174,-2.737613866128008,0.007644252550623953,0.08551917210330567,0.1683901871853366,0.11829475302956599,-0.2222947482069122,0.6455584608050557,0.5132807260116486,0.38741052438493245,-0.13638642864700756,0.27131126405136075,0.37576418014915225,0.2828970925187546,-0.6692114747227196,0.24954570623795352,0.40278446654035016,0.33875028123788653,-0.5310482859239043,0.33580176763978026,0.4760239758505078,0.38823014251836485,-1.5761393673860162,0.5360233837154356,0.5496712723620621,0.5035804819914935,-0.9081044117752192,0.14372695972431848,0.23094039750909054,0.17738913378752,-0.9240353157362177,-0.006273247483079773,0.15051232126311556,0.09785893374382386
2024-02-16,4.29391518913925,5.512154472750996,-0.27792333333626873,0.0686220996707327,0.15919211744100972,0.11644297684558054,0.8315150841195423,0.6693560781872957,0.5145769769859748,0.39796391035408474,1.2876224018922913,0.3146909715640936,0.3893664095589057,0.29409972704680326,1.098857724578397,0.27543511490015204,0.403176225133974,0.3468205685833735,1.4451111158326175,0.3616023822652578,0.4782093482968261,0.397366508146495,1.7897640650319488,0.5445880098966572,0.5585272562336805,0.5117709654284162,1.761367381916515,0.18381013124841367,0.23656257947854287,0.2014031559886652,2.021281563363232,0.04643826748503001,0.18334563168132265,0.12202568210368572
2024-02-20,4.27429985881646,-1.9615330322790392,-0.7714199723260258,0.079403863840858,0.1790817338340304,0.11904429232008243,-0.5682279858421824,0.6616254994181655,0.5202194551433826,0.4029244817039707,-0.4719813831774944,0.39648785271461295,0.373965183784951,0.29530338066847495,-0.539326167016992,0.2793405838914845,0.3909555649729872,0.3499590875680113,-0.1859471860818238,0.3506151946587772,0.467407920335375,0.4086634606049918,0.7511670371859105,0.5349646001238297,0.5371475120775506,0.5184734384904613,1.1930689157240701,0.17472085138074323,0.21023944555114357,0.19542736304752265,0.4237418056354145,0.05321851789273675,0.17418356461214143,0.12095209230664504
2024-02-21,4.32162260600282,4.73227471863602,-0.5074421514212801,0.03425073575964251,0.1772226834761722,0.11439892319642958,0.23576439088659207,0.6535391797394668,0.5259039448291183,0.4038516488210526,0.3967376582723201,0.39392740545268934,0.3782084032628031,0.2995343206519851,-0.006009111149599455,0.2755092854072632,0.3901478527605564,0.3472884380811415,-0.256150422645645,0.33293818895598054,0.45833158345502695,0.4052550337096588,-0.5853483531547263,0.516442228229335,0.5248208450388905,0.5134824460477193,-0.05268858999459519,0.1766993677077429,0.20895183792721292,0.1959441034471746,-0.07429125953336928,0.045813725933622165,0.176101161200558,0.12164187871018559
2024-02-22,4.32563127566386,0.40086696610401873,-0.8970906477093599,0.016894726627900175,0.1782798200373072,0.11314132350657108,-0.9724505397953154,0.6245790282066582,0.5251003757795546,0.40644809504072393,-0.6989458618802911,0.38785931863357015,0.37776929396034276,0.3055928148286291,0.16025060043980477,0.26396221370212875,0.3947715040437868,0.3427565112430989,0.19716037499806083,0.324181709978742,0.47402673259331335,0.4092164433247693,1.1781013680147039,0.492569111223135,0.520222718626353,0.5099967789874822,0.9429892631935111,0.16826306231186158,0.20518347236894757,0.18747162065622083,0.4377549998124464,0.032630629366378304,0.17406988390289216,0.11319339301044277
2024-02-23,4.25881705861284,-6.681421705101975,-0.6762874547595552,0.04213791034169794,0.18371872933459066,0.12854970113142727,-0.9113198283383808,0.6488453908365855,0.5360421498991335,0.41725615489501955,-0.9355948840528563,0.39979722797644013,0.39480456929033847,0.32509622537653676,-1.0200753531006328,0.28258821109466814,0.4319584530455064,0.4217982667117248,-0.4374327017677201,0.32800248644744706,0.48148826567914194,0.448010649616971,-0.23270918737044255,0.4646592897025579,0.5181187991350104,0.5318558801640081,-0.6408422889090815,0.1636158959226973,0.21296765490203856,0.20314966173682877,-1.3425154624440738,0.05306548121417799,0.18728368906276974,0.13602384127547656
2024-02-26,4.29822692596237,3.9409867349530003,-0.4499549363285793,0.02497410361549754,0.19320895957536885,0.12484516544602514,1.113188141104349,0.6526304369492214,0.5364525699987065,0.4338662827693568,0.4822228703014817,0.412609374498099,0.3615270709295258,0.36345178960248226,-0.1655414486252833,0.27064002910049456,0.3829753883123499,0.43044790857193804,-0.3295164754933664,0.32501627591657134,0.41351732497503985,0.44828361659374794,0.142931488813411,0.46365440824515347,0.4971348967283943,0.5270016575445885,0.4779794118678655,0.16579458525973934,0.21596108962643665,0.2086411741457836,0.28233869205094847,0.05797605831406991,0.16973629536645143,0.1331413357299142
2024-02-27,4.31407220971851,1.584528375613914,-1.6742256330873087,0.001060832011123186,0.19728868499943317,0.1133645965554086,-2.038771883182313,0.5684792022086775,0.5158615978486535,0.44658050533431803,-2.3452441820644574,0.37980658761373765,0.33677788850616186,0.3580644686869754,-1.9922792426390914,0.2620543978396369,0.33751317919483115,0.42980152523400617,-2.4199085750078475,0.2804947157985287,0.3516140754204609,0.44098986852457633,-2.55456813879032,0.4344323672391303,0.46792716789188876,0.5109044052787862,-1.4779701640721217,0.1810816702331382,0.20272889789594034,0.18724900864114236,-2.283181315468717,0.03354925000424139,0.15342153574267034,0.12531794419861306
2024-02-28,4.2727206144991,-4.135159521940945,0.651413338802656,-0.013892284136376323,0.1845730276294656,0.11746668436679414,0.2060913495461758,0.5465396578773207,0.5115728969594454,0.42809089265858047,0.9403024863679037,0.3374031752843639,0.31151945376077783,0.33341500371502514,1.2197828706309983,0.20230609159869067,0.3021484618359357,0.3981603159776069,0.9466082711908093,0.21411437314470932,0.33162119545851537,0.42029271347614394,0.7596069804776286,0.38823836892698516,0.45321655880296124,0.49868618583377655,0.2937177645742206,0.14146566178143097,0.19613134386295433,0.21066120200635702,-0.7290843278914912,0.06543150705800213,0.16177118780883168,0.1286990187581607
2024-02-29,4.25113964415576,-2.1580970343340056,2.1288397097935134,-0.098794872897488,0.18346660267939166,0.10076640411368293,0.6680920305924065,0.5002044737135464,0.4761477206970941,0.4214646083427833,0.5427104068490558,0.2902004545348825,0.2989881528996749,0.3285456646544233,1.050581249917456,0.15705697287458226,0.2852881774249894,0.39581751927562525,1.2233706646835616,0.2665057475662208,0.3119668171739697,0.43969363086370034,0.8820736276464543,0.38854896385861826,0.4347131793912875,0.5080008531716329,0.1050459072627552,0.20362770317520573,0.20444928395338427,0.22640726293130378,0.539928392923184,0.07766917852901285,0.1676655974952171,0.15586163356571597
2024-03-01,4.18075003065415,-7.038961350160999,-0.01941784497860799,-0.14788758321924608,0.146064545816483,0.10401022987111289,-0.4041060332406499,0.4496841287241784,0.4738141628510742,0.4243970524822245,0.5105882291340641,0.1907849623324353,0.27762625097349264,0.3010297994709019,0.10015304639579203,0.10290935029357083,0.30750656936106124,0.383631508643745,0.3746635150139743,0.17718623914457077,0.3356166869883208,0.41488560388895107,-0.8957693470798175,0.3788477491844127,0.4715202010776356,0.5055278944163438,-1.218331920158787,0.2719767724959338,0.2489039663892044,0.2252526539309394,-0.19047929812072972,0.07928118139998286,0.17767389860098323,0.1371883960538246
2024-03-04,4.21794892535201,3.7198894697859863,0.14662585636834885,-0.3618994486228813,0.1022787957691707,0.07386304017486889,0.5088689940344541,0.38777964541895626,0.4948205812505181,0.41918392164025825,-0.5797140531482384,0.02381301482649399,0.22724049216349046,0.36404536748742944,0.5026785975187302,-0.022075094335574894,0.28988539068803704,0.4562177895319313,-0.6161812652201117,0.23084378657140997,0.2870163652460523,0.43206716582833526,0.18015153049502086,0.29665394167151815,0.44441087468642426,0.4944671870302948,0.3772169539719328,0.22134915595425544,0.24311741784144994,0.22409002486989388,-0.37319805598596356,0.05893206820019518,0.1493409845992614,0.1278095910018471
2024-03-05,4.13598100760258,-8.19679177494299,-0.9120087156381984,-0.18265597603764894,0.15287662795590215,0.08021514574217033,-0.20030920988489287,0.3179070015019877,0.5000812308408539,0.41123618490812736,-0.4489462852456576,0.2007940324260155,0.23855403066304764,0.3714989733272642,-1.312008343357658,0.22369032685126178,0.3085113207763766,0.4640026058907914,-0.7099306664997822,0.27231752220372707,0.29080396289207744,0.42740186985494827,-1.0699511133853696,0.2723326586332682,0.44911899025514507,0.49740724035896094,-1.3052671594241185,0.1867644012601589,0.24365663066857646,0.2608837110530453,-1.7197087554955517,0.12188611246419576,0.15845572866274799,0.17563956404484907
2024-03-06,4.10298322635244,-3.299778125014008,-1.5476770579502688,-0.13162548779046185,0.1675181895751679,0.08758376967626992,-1.7982525558173013,0.32671754629628724,0.5142566615609089,0.41519306390064564,0.2969884478269921,0.17770972825845374,0.2511065151243201,0.3676973606913346,-0.7390264964564193,0.18341852835651948,0.3152786924068795,0.4673774492767632,-0.6992546911297792,0.20694081734745673,0.319027958453282,0.4306811937028852,-0.17084988645247356,0.22361195017660093,0.45363335736698157,0.506343895144952,-0.8418289139421087,0.14633068247062211,0.25272919910564,0.26405969243928573,-0.13426938822611856,0.11795057738702273,0.16524791269494785,0.1740641272799619
2024-03-07,4.09039629801714,-1.2586928335299952,1.3220750028338886,-0.14898012120977652,0.17571504212243427,0.0884346001384058,2.0499321532152637,0.2830668991190712,0.49090766281719433,0.4366128643818767,0.580289163572,0.17070353893809712,0.2458753949364222,0.3944373527476421,0.9126640714765442,0.16929124998040826,0.3044993851963424,0.47704355518488745,1.3059255015425597,0.1818329387133193,0.2989587566473968,0.4537944213469804,-0.22092691434012757,0.24958596939390176,0.45520413692225276,0.5238735839340767,-0.4173851339246717,0.2387938171730447,0.2513881748669906,0.3024559988228491,1.1101274575290558,0.1906605659706532,0.1523265790982548,0.2007142142469523
2024-03-08,4.08751945416117,-0.28768438559696463,0.5210901647891522,-0.026915628077779995,0.17369350644849066,0.09729119030130312,0.12777730454086367,0.31319695243708257,0.49041728939944473,0.45575866435464046,-0.23139483898604762,0.0459557301068765,0.24456482314549174,0.40254697138642553,-0.5117093137546878,0.023675791352291656,0.3029950842078461,0.4761544340100136,0.20582169030617603,0.26545462447792045,0.29924348126055056,0.4537252219040302,0.43200572934418524,0.39864028954588643,0.45426361531378645,0.5242327966596346,0.09166948567751687,0.36462533673607944,0.24929605667650057,0.30237578147401395,0.9854694766396288,0.18973998187413263,0.15120449463153268,0.19899716841104126
2024-03-11,4.10304809780107,1.5528643639899364,-1.5728187352807366,-0.10639356877244964,0.1173494159747866,0.107951908415073,-0.4977848176175357,0.29032110793770266,0.4749238279587294,0.4733862964798711,-0.7392466051387938,-0.016341592358603798,0.2072994954578503,0.40275538570693326,0.17722069352199976,0.016375828147572345,0.28280716998891425,0.4752083698087387,0.2552355728367808,0.25753826154713033,0.28194953217481333,0.4524022665044952,0.49113321455513925,0.40410636668239797,0.4614963479416943,0.5225273806133977,-0.7423977062065692,0.3363698067720021,0.2519575938913202,0.2957327276411526,-1.82355002794307,0.14909224494089285,0.11831450402307873,0.19203218262032842
2024-03-12,4.15366883599352,5.062073819245061,1.6936498041480577,0.01068331716990377,0.1325929557715985,0.13109187645043965,0.5753603734222655,0.3111451210584278,0.48114370586124255,0.49052973019709784,-0.5054637975006016,-0.03689685981466685,0.19481422028371437,0.3359081383801465,-0.4593265531264159,0.004668873137367326,0.26599624553101664,0.40821246617635376,-0.2899004739322687,0.24716769141788167,0.2673332106625887,0.4199277425965922,-0.40365532556891043,0.3800694987403122,0.4481714450673879,0.5011768111228699,0.45172592436755554,0.3575141334286555,0.25107827178099373,0.31212439220857235,-0.20445217684215683,0.14875555341322763,0.12112819725539914,0.1730789915527041
2024-03-13,4.19083991519551,3.71710792019897,1.3763500892784322,0.08782517253534562,0.11821419878105406,0.15954368339189184,-0.21198871242950457,0.27363738127110787,0.4640100245083497,0.44629154058001097,0.4976104390765119,0.054194957778440855,0.1761716877515445,0.28755693911641056,-1.3588119950790083,0.07450211541105335,0.1995952923038152,0.331285731686169,-1.4090686680066202,-0.06793768352475635,0.16786365834806033,0.34119612073715544,-0.2092126066643205,0.255266190340934,0.415401005335195,0.45982523163729516,-0.12513375025772833,0.5482418476396423,0.21967695830522413,0.262745917704921,-0.7782040245446882,0.28610009990918356,0.0520911715645538,0.1680624726595162
2024-03-14,4.29719686755143,10.635695235592024,0.15874354556854442,0.14528446105394693,0.10190283560382828,0.1603216485817001,-0.3849171126895996,0.2189367831485464,0.45078248099457013,0.425476037519934,-0.4860932846885122,-0.01401074264466302,0.16481707385159336,0.26808165880864826,0.6396194565916797,0.2200936328118704,0.2189320007423056,0.3423551167577698,0.4068275662581762,-0.004254689445071726,0.17214389794920776,0.35214697297367775,0.964811261760752,0.30136687872967377,0.43124866311755633,0.48153710511030695,0.18453813284192644,0.49605830487048835,0.2147622451779283,0.27105621830858684,1.038545557462711,0.3820047391615064,0.0907768295592204,0.20056423284396474
2024-03-15,4.30331150352205,0.6114635970619453,-0.06922241178085753,0.1489660494602343,0.106390499578384,0.16450251807390284,0.02530051354712637,0.21704751176881815,0.44356325803318836,0.4333781204364855,-0.010676325828182343,-0.015195200777310406,0.1715467309982337,0.28281358327192957,-0.5376875647941923,0.20211080747642768,0.22427346011817645,0.34609842425342063,-0.6019769639451202,-0.02241689905770097,0.16842113141678886,0.3515487806865872,-1.5597865009888636,0.24829508338300127,0.42002208994801304,0.4771488477165508,-0.6655705380682368,0.4727617221395277,0.23115364589091092,0.2772455083862419,-0.6785465574711074,0.36428805673577536,0.10820992319233949,0.19726783988618105
2024-03-18,4.33910539319769,3.5793889675640678,-0.5834358199670626,0.14480622511281585,0.09939607509859902,0.15678393543252497,-0.14063296083221433,0.16663659857092425,0.44599248385152707,0.42665530216002323,-0.9497213623040479,-0.16426039269465995,0.15909543411526597,0.2720374512363856,0.015946978647817467,0.1380041532778996,0.2241857270270732,0.336335901155201,-0.8015368533670111,-0.15847554819700305,0.15543206130436082,0.33303768949194734,-0.932713716576167,0.12300575397934356,0.4074066645276655,0.4638256790908061,-1.2504255292134656,0.33368035226794596,0.21740953126362272,0.2560095946866881,-1.6837781428787681,0.21669277385162017,0.09403012627070477,0.19136015605886783
2024-03-19,4.29550347301076,-4.360192018692999,-0.38458237241907156,0.1425685399822151,0.10884790082262145,0.17066528525550173,-1.3673841612196487,0.20991305206268385,0.45664804894968725,0.4389346166435138,-1.808623552763776,-0.060902199402384886,0.23159637514005224,0.26949608819791915,-1.4968768618243518,0.19118738421874235,0.24768754902240225,0.33798498296678425,-1.335448247768448,-0.08761531494227678,0.17127505728199757,0.32915668077482035,-0.7750447845966977,0.17806508630847595,0.42168529619840694,0.45851834871826375,0.15297218706002558,0.3794160642621518,0.2192127982265981,0.24292988677924135,-1.154658904740896,0.26957858640736393,0.11678896742461418,0.19814337628300657
2024-03-20,4.2698362439352,-2.5667229075560627,-1.140225534929245,0.18980765318348253,0.09830866017222409,0.17982600881315752,-0.2087083455107841,0.19252810109136992,0.4482057486160638,0.4427036412130967,0.15782433914448024,-0.12070385475699752,0.21857349930173386,0.26693294988889366,0.3425367809358404,0.1619263998049307,0.23978472462877556,0.33496407324300304,0.8152381545829757,-0.11528498639733839,0.14901059674175277,0.3181168733262316,0.4999184881035843,0.1808646527335722,0.3980122548563669,0.45294879773092833,-0.6358244634747843,0.38049260570492793,0.2210709154331773,0.24538154801989676,0.029804142212672247,0.2422006919969553,0.10231486573262986,0.19554835275444718
2024-03-21,4.26988836561092,0.005212167572032911,-0.06709865932043213,0.19835608162163326,0.08394049251148752,0.18037072707902507,0.3007630353284736,0.2030110931948704,0.44131587829411245,0.44442660621441116,-0.15282506879071034,-0.1172472019983704,0.2154115777060504,0.2676332198343344,0.47449536743220033,0.15949685726580048,0.2240951854280719,0.33602741567972894,0.49922416295188154,-0.11506366932340124,0.13955406353798913,0.324911304988908,0.7157700415164735,0.17870264546384546,0.39176986915358925,0.4530262428024393,0.15914695545221375,0.40005471609239274,0.21762091564195174,0.244188992832934,0.9930534643947679,0.2327845626923259,0.09072411948032168,0.19164870963140085
2024-03-22,4.21677070610472,-5.311765950620018,0.9375059699748096,0.10621278819402002,0.06379422143229839,0.16396718742576166,0.5920967441544192,0.10235633473504452,0.42310112925915583,0.4276764643321673,1.2396339419494784,-0.2686567695658879,0.1612873224313897,0.23591209289942336,0.4465155620698624,0.055472037942241446,0.19469999789514308,0.3341330208441855,0.7762725389780095,-0.19158732282670635,0.10828247465763778,0.3077516068283832,1.1556202345785505,0.08717793431758773,0.33523278174146487,0.4264915619839597,2.5134206505447407,0.08329501375967635,0.14011366795546515,0.19149690550617385,1.5496076990197345,0.05822319111496488,0.049092622382748675,0.15866310820176166
2024-03-25,4.25230628891162,3.5535582806899946,-0.12135672042534074,0.12198868219902548,0.055505887358624016,0.1712871962357154,0.25658751172486705,0.0602379579783147,0.42645462256823735,0.42548467336457274,-0.5511911605053026,-0.3269158398400221,0.15503809714268102,0.19976233327872103,0.3079257811255487,0.07815291636343173,0.19420162520187215,0.3046339184802052,0.6277015419712959,-0.1467489026857212,0.1213963654782355,0.25587096470152126,0.8001190976516801,0.1136807189346708,0.3383434450042992,0.4140544450047386,-0.009915452588642903,0.05775566494023447,0.13560580530602237,0.19180071097618462,0.3058869060242908,0.05715327287758019,0.05196299750946682,0.14548947873525947
2024-03-26,4.23261689826413,-1.968939064748998,0.4985731525548158,0.16117847063260254,0.04024778352545429,0.17578736557975397,1.0656949640476796,0.09564486773914797,0.4077107622388668,0.42015201518512346,1.55908922017136,-0.33444606507667246,0.1541867737640126,0.1867102861658955,1.0381485968303132,0.11312489861591113,0.19758082967253549,0.2808668844334102,1.303384910269968,-0.13422763919007702,0.11291740472536545,0.22726988091027042,1.051902685559536,0.1797586154779875,0.33353833423430473,0.410164068173836,-0.39653879390769275,0.09908806928444326,0.14918780249779842,0.18550895971266138,-1.3850707356309184,0.12528151987411829,0.044871568276383236,0.14304632214974605
2024-03-27,4.19525231224064,-3.7364586023489466,0.25316475396613103,0.1800873677226401,0.03843329682016143,0.1725964035383145,0.048432997055952054,0.10434869264924451,0.39863882124091987,0.41930162217885986,0.16215182648651516,-0.3042190889196318,0.1495172927298812,0.18350491218929668,0.770537060022761,0.14607254629235492,0.17892908837937999,0.26777156634481014,1.3848989459827814,-0.1452563604822562,0.07245152888623584,0.20563137680213367,1.100849655233639,0.1643470718587433,0.30234686850241077,0.39446217728173755,0.9559042063990784,0.06910136813570264,0.11542853088264698,0.17163431703365065,1.0466029396020762,0.05569153481448073,0.0404074450026432,0.12847502214247275
2024-03-28,4.19244966560193,-0.28026466387105486,0.20285456655792,0.2512670640641806,0.008030562836171522,0.19175251671508695,0.9999296089146563,0.11888330143409562,0.3696856799123295,0.3903796616687911,-0.37537768646915204,-0.29276991798522084,0.12455019377095015,0.1779425275037944,-0.16054869853580822,0.1831943934087537,0.1703984946309241,0.26764121682254655,-0.9545781491549761,-0.12060469762405697,0.11994342808894683,0.20585433263699757,-0.7323927017840317,0.185397807759082,0.3139358025054646,0.38746472758596584,-0.24672073310878684,0.07530691608975851,0.1577934238872757,0.18057802680043472,0.89727596080928,0.06862304603950467,0.04876351953913851,0.13869916327604465
2024-04-01,4.32810212500683,13.565245940490023,-0.8014645745140125,0.09284688604245983,-0.062434339216225085,0.13411578313152078,0.2727810967489537,0.09192433029748853,0.31268102391802877,0.38058912166503217,-0.890925553876608,-0.32589116914824434,0.022096414807829187,0.1341126703663958,0.062192601274208004,0.19213047033532155,0.1390596158615986,0.2768163834669667,0.5112636886714303,-0.0032066536690625673,0.10355821715126327,0.23894008502412825,0.09801732605577596,0.09012398487662307,0.277531336776217,0.39021870255839064,-0.04470573999176096,-0.01562484106014556,0.1753668022436889,0.1931486039176891,-0.12508615108174093,0.051836678815949014,0.057052383604933046,0.147176673127722
2024-04-02,4.36310623624325,3.500411123641989,1.5517187739799363,0.1264636852359625,-0.16995828390606585,0.10802645875590029,-0.4894960020528316,0.05686404665618399,0.2464555531457938,0.387245803682285,-0.36429649576039047,-0.31918762224157654,-0.10693557733402066,0.0927417922633979,-1.298782920478227,0.11849817381870066,0.03667859272873603,0.24013565699030698,0.038706749482879665,0.01939797478396212,0.13952465933661712,0.20936456238955015,1.372026241008192,0.12359997103846262,0.2257777351493538,0.37038910360646654,1.8550947070248638,0.02898887895213199,0.14703890949711643,0.1938348698597417,-0.1396583184295368,0.058604271984160225,0.054176187374906384,0.12762397343661513
2024-04-03,4.35418480257089,-0.8921433672360202,-0.04075345444245057,0.04009577512076602,-0.09410653804381985,0.12943919115559682,0.9507851055694847,0.007311549914590655,0.1817918218051907,0.3870361137608486,0.07146109695868152,-0.393919508718734,-0.04680884080375894,0.09169663568269441,-1.2853298416639967,0.009767550221288406,0.12518855543566482,0.22543943599998012,-0.569654625020128,-0.05406060665852743,0.14164381652789934,0.19829680736675137,1.13594936102988,-0.035265464340920885,0.18437174296751146,0.3511828774539493,1.595899881009693,-0.1433845671819603,0.09466706404036287,0.1656083256762302,1.398448654472606,-0.12269093805442914,0.06248794067870792,0.10594797949902293
2024-04-04,4.30738896812443,-4.679583444645985,-0.6889440701639009,0.010852408712729425,-0.07042285328576293,0.13816599681808386,-0.2578928987381153,-0.0823429639825059,0.17416610458271897,0.396377133348118,-0.6574539808409475,-0.31818355743075305,-0.03849343713683779,0.11465209854438409,-0.12014655361910241,-0.02738933459526267,0.08738043607933739,0.2249696121158293,0.01706006116801939,-0.092866813531398,0.08018245459629972,0.21089555962514964,0.5523732729249187,-0.08110559137132743,0.1279668053221765,0.34320003840077373,1.467370722303235,-0.2704941880735956,0.015579612817589138,0.14276140118770125,0.6697499626238625,-0.16377020000945489,0.03732486114926875,0.09997502401629142
2024-04-05,4.37550399761197,6.811502948754011,-0.6297900544402464,-0.0020105738535951844,-0.08714672243531187,0.1354444988962619,0.665874333455952,0.03521158249040548,0.1989960348685039,0.4112865201807685,-1.225533523534368,-0.35386443977154,-0.07592405944823527,0.0892416322862696,-0.6309535693387298,-0.0294615308299184,0.0663613896330725,0.20904870966456943,0.9325941248420193,0.004556292952546377,0.10674782528199338,0.2249558094898538,1.7998832608752575,0.007491312631493493,0.17696226220876887,0.36154674579342977,2.2367843361427298,-0.15320394353825267,0.07743565144783567,0.17022234983818832,2.709931813182605,0.005552940328187753,0.11613280032620266,0.13323431806556935
2024-04-08,4.42279913015326,4.729513254129003,3.347526590976295,0.09886031150757885,0.0391933468850866,0.15678695495766273,-0.606473145134176,-0.0029161154810026175,0.19339896913307777,0.40045021182289886,0.34026966996209307,-0.3210445074156259,-0.14895246582313004,0.09327946263496333,2.3841319738630786,0.05619736454531338,0.04080639504712369,0.2255087216801196,1.8423017287441854,0.06786036892401404,0.17449503930655968,0.24008085805933857,0.10278480899412479,-0.0011867595138823487,0.2510771499011311,0.3614058457998461,2.263238336914272,-0.09366034868093212,0.1639292879519832,0.18582133611751223,1.8074335615242627,0.06047790992772641,0.15077031932698587,0.14954960109276194
2024-04-09,4.36464002005096,-5.815911010230046,-1.5029506013977025,0.20370344906443633,0.07152602172736502,0.14239772335081677,0.5721090239233536,-0.057051114215829424,0.16821838627978217,0.3668973002160545,0.6648590602686271,-0.3763054153281146,-0.2007060279065855,0.0454094296063277,-1.4708153852672192,0.15223074956319838,0.08228597716522186,0.2308695383631776,-1.9385328350300768,0.20210310315306737,0.22296033115257463,0.25275290487218904,-1.2792543786994248,0.11908499104645556,0.28427678058507155,0.377922033714524,-0.8984438336587391,0.00011863020097354043,0.1874859860732138,0.19597044343721243,-1.3564178354228513,0.15618190874625404,0.1831305519231722,0.1423705120658242
2024-04-10,4.55780906423155,19.316904418059,1.358473988801249,0.27667887508743266,0.17905487836403458,0.17637498303355217,1.1588588224659837,0.15695626310122768,0.24675848799054131,0.391469088598187,0.3922157703702087,-0.19510858978469967,-0.12042984269933085,0.06694813951270767,0.8455948443828483,0.2584756009113155,0.15659918129100786,0.25598022789614683,0.5013717708143375,0.228607887794937,0.23825118958685398,0.25441653531892133,1.3703228595421457,0.2646728095030692,0.3393798620721767,0.40203273787898863,-0.2345793329369279,-0.08429104706697083,0.13054373867519684,0.16412574528038879,0.3751810917517764,0.14940150310566744,0.18337595322711403,0.15166709813011658
2024-04-11,4.57529257550408,1.748351127253045,-1.0146113523743683,0.264936211282263,0.19519554321421398,0.15657942004812386,-0.8768429926277057,0.1588132760364873,0.21919504946935348,0.3737041208826608,-1.8111581882496668,-0.18743336520913453,-0.11294978618400466,0.039395177757001194,-1.5452180408909089,0.27575226039301237,0.20445915378765595,0.2242046828143023,-1.3167238342933925,0.2536310156867558,0.15414101727859988,0.20824925170791483,-1.5789798632237633,0.2537730619608254,0.2835229479211298,0.37325146470058074,-0.401785437639967,-0.07579654632006727,0.18171558093209755,0.14631739488481865,0.15964280503605122,0.16591138837377567,0.25325480204638545,0.11842578428339325
2024-04-12,4.49719998338632,-7.8092592117759985,-0.3931099426043265,0.28575332424362,0.2272979877102602,0.15798732551959133,-0.48213141470049603,0.2765350693272903,0.24267625553199323,0.39875689729139885,-0.8907741881961635,-0.11179643267870126,-0.07835394879230569,0.06659133677176617,-0.41860419596257925,0.25020767343965444,0.2378918147770213,0.22772787504893355,-0.5284587858011585,0.27256886285164106,0.1657160137289272,0.21176871515733794,0.34781258639868806,0.20381834133317278,0.24914971966452856,0.3555783345011034,0.8953256924435524,-0.08735881798086564,0.13259911112856324,0.11712383651877127,-1.1678116041455677,0.20241055639628824,0.2807534017444598,0.1315666160835302
2024-04-15,4.62707311603862,12.987313265229972,-0.253591082966496,0.24218380738415618,0.20513378721293682,0.1452638608637365,0.42129232234349434,0.29034336479811984,0.2507787438244174,0.3935779388966039,0.2745316470211838,-0.051441543995328624,-0.04627178908063503,0.08007026386622618,-0.6522524165218249,0.18397232641471137,0.18908161366748252,0.20321570187990093,-0.7631815467418561,0.17987678189553297,0.10900614004180341,0.1777026701029588,-0.6348584069749186,0.11182194327785548,0.17859349403036717,0.32580582640141015,1.0531254492706847,-0.04694945652753874,0.15276946530552357,0.15250774404002473,2.8750459351784565,0.33463231359355455,0.35734154054031503,0.20610896773935936
2024-04-16,4.65604248128463,2.896936524601035,1.629321634609472,0.2541053370179699,0.21791667605800544,0.1522375626594744,0.18792370244559997,0.29871543034806636,0.23774347544249466,0.3995357778498952,0.6739938955981764,-0.029789452315935796,-0.07369577174882253,0.08300664317841404,-0.3785582616691521,0.17957059259405408,0.16604936515554264,0.20057112559925716,0.08345476258310391,0.19627131343513124,0.0835683949282841,0.17787317665388633,0.4069535045993149,0.13762612087164294,0.1550128683244514,0.3270398422685869,0.7882309116070688,-0.02339369610745141,0.1326526695949744,0.15482271729458666,1.8524429410559295,0.38539970930019124,0.3427748721619043,0.21055745075213544
2024-04-17,4.58423803997519,-7.180444130943986,2.064502547762886,0.11926531943557683,0.14018146815825702,0.1156634305176661,2.3375111729360127,0.0029220809011793816,0.12022322974973658,0.3173696642565322,0.9461946949685345,-0.19436007206051242,-0.11915072470431712,0.0852911487308048,0.8032317735127998,0.06430016238762842,0.12190244304368555,0.1791536829800603,-0.8811369202887644,0.1988108847647216,0.10857184752921462,0.1883644639170342,-0.7595790463212095,0.15883568325326183,0.1888601203295652,0.3384524893701663,2.302195237070784,-0.13306174000762844,0.06975571114168018,0.11272289843858065,-1.1019483490965987,0.40381735498560667,0.3678486651329431,0.22741822243943843
2024-04-18,4.64499020836727,6.075216839207975,0.6922526099859074,0.09664585438924247,0.15951131078051436,0.10949216557506534,1.3868777619722081,0.020629449180284823,0.14515174648465765,0.3225536473392298,2.6784712755749607,-0.07367037637685143,-0.04950303821870616,0.11184431129006633,1.3198739754225057,0.11265230961401301,0.1488639030265215,0.19306612014258676,1.1315085168035264,0.2488675661741762,0.1363320926642546,0.19890050030295953,1.2664666037631744,0.18747352271651263,0.22345211875875332,0.34112006557434604,1.8015149347545312,-0.14860766528524558,0.1037228445623459,0.1312308148445261,1.659691138955469,0.410790820828609,0.38854155251793926,0.23770894955892224
2024-04-19,4.61349983113323,-3.1490377234040245,0.6131899065355522,0.0838543695657804,0.15206179386212926,0.09823500568334957,0.5227676348325505,0.014084082790317578,0.1380139862150099,0.3134557527494775,1.3644638371375617,-0.11421556022608742,-0.07290720920915059,0.09376776495554175,0.42277854877157117,0.1034918050651586,0.1393654540778104,0.17982473993303077,0.008498091549897557,0.2560266617436668,0.13539720540638564,0.19468594925779545,0.41594769498154566,0.18983698172486124,0.2220202005327426,0.33603189756643015,1.8097118363175904,-0.18415799962589247,0.07984735856907836,0.11614057418404987,2.401244212701581,0.3465629841952722,0.3440487078321478,0.2109665277432286
2024-04-22,4.62186532118131,0.8365490048079849,-0.44940083050932894,0.11656777454840192,0.13204686534674184,0.09597435921632237,0.3679196393459776,0.026035356031978867,0.10462649844874812,0.3128307855169087,0.3838019871371009,-0.06753511594111718,-0.1048583200790235,0.08198910792438724,-0.39714709425808636,0.13201605873983965,0.11255976914751295,0.1696179633629977,-0.16233825178346262,0.3042022593281071,0.12503832325473477,0.1899154107423001,0.943907175695514,0.23395572338418766,0.21334979436976786,0.3195001403226365,1.4364154720723779,-0.12240964312418876,0.05347490536196374,0.10498132040206275,1.497555851838669,0.38411487979923375,0.31528806416248223,0.20313195014380572
2024-04-23,4.59732810384604,-2.453721733526937,-2.41130448085904,0.16934764271028027,0.16041914868318458,0.10676883163500851,-1.4818752680133436,0.09062606183825574,0.11273284634819102,0.31973278624111756,-1.1591044685200007,-0.020105206954748763,-0.09420204788464255,0.09233311198952736,-0.6044753966603524,0.1433129063196167,0.1207798516331778,0.17151753544838466,-0.1988343797968639,0.3046014058766654,0.13166686199737795,0.19337277223981053,-0.9581393349123521,0.2583475691290536,0.22471911989186796,0.32259949412552663,-0.6701531455444805,-0.060696062116910476,0.06387532502202661,0.10787850541350685,-0.9397091285315393,0.40805305560026495,0.3235088125646808,0.20716993680580884
2024-04-24,4.65307371931782,5.574561547178014,-0.9572871706405859,0.1516240202048844,0.14883933313091435,0.08803701117392494,-0.9596977123528447,0.07561174861635753,0.10138219563078836,0.29698987852281017,-0.8680181113608447,-0.0031574632255848734,-0.1099007176614348,0.09278684702070783,-1.3445896902902914,0.1433445067424588,0.10302534182205858,0.16370338382686636,-1.22726331893336,0.3149006854350555,0.12109953975663335,0.18079384823886363,-0.42338331197717116,0.2635780787428151,0.24389906212972093,0.32062042226814924,-1.5514195113508704,-0.14012523109055441,0.03503007764003655,0.09191901401839986,-0.86962517167728,0.3457041730410506,0.32312287455378325,0.18730769525808322
2024-04-25,4.70498601768215,5.191229836432942,0.48861157955366386,0.1630078344870565,0.1639921760346517,0.09223000639708741,1.0808591644263452,0.08353755198982635,0.12016631199017928,0.2977637227793627,-0.2009664444627517,0.0011763875171619106,-0.0923296557740728,0.0898022810065417,-0.1963381618062079,0.19267375089310165,0.13490936439118678,0.1617464209115166,0.18499914020758412,0.42411839865929873,0.14958085336388643,0.17492929543344454,0.9407618584415034,0.3247760729046509,0.27339065981572597,0.32155414026546253,2.0758416996522207,-0.11276948648745731,0.05953098510157626,0.0925548786857351,0.9203738957681056,0.367163179511095,0.3180703954472095,0.20084507233324075
2024-04-26,4.66710174607115,-3.78842716109995,-0.017372542485855735,0.16644565046395182,0.19575397660605562,0.07493853433989593,-0.038497468446720085,0.1142702979569584,0.1325853994736594,0.28083699837526954,0.13367349568163167,-0.012373632742588986,-0.08759657492220248,0.06949006238702587,1.1673534183707837,0.12311851338172955,0.12244151009772763,0.13794483091571863,1.6255562301875202,0.29154990541262293,0.12811935603789298,0.18085968987719342,0.3801774170253438,0.30147243215467656,0.2800966779542295,0.32091862272570826,0.11712533418757776,-0.10203588260234955,0.06063411378821207,0.10979387597565947,2.0887202966852385,0.30912705794738826,0.2833297886601755,0.18173203793048276
2024-04-29,4.61047524323392,-5.662650283723014,1.7893209100910465,0.16737563300867642,0.14756367450678773,0.030676256461689918,2.4407572743726433,-0.011619361738067177,0.03419389352633745,0.18639431558676509,0.8894036068906419,0.019228804643295985,-0.09570301603048939,0.02171179761190179,0.2659958782162207,0.08618706117692128,0.11926065217927724,0.1159382758266042,1.1741121158352241,0.17925386049358494,0.10463817162642572,0.13149956257787038,2.169849448549898,0.20596365100930536,0.17036976414946592,0.25088732085972,3.6120928361101794,-0.14134115102855033,-0.061157359341679915,0.057138176802614286,1.9077831399465057,0.3320796062727159,0.23321209933727266,0.15175216470886302
2024-04-30,4.68294219403541,7.246695080148946,0.32919154001731243,0.15755200650641735,0.15015587940738243,-0.028502317403780602,0.0002523411087356209,-0.014224909042366052,0.02455708260316505,0.14431497594516646,0.5720037667854401,0.04498686428686083,-0.07119793531950266,-0.03832963996985743,1.3495339872463363,0.1576161728478158,0.14743719666282887,0.08826130014132694,0.7871090208449916,0.20598219007837062,0.13150986232536527,0.16565962992652486,0.3710628079477445,0.19394653047130656,0.1730326556791546,0.21879198348318554,1.5025610359364867,-0.1348324145811368,-0.03851222327529567,0.05747200126354072,2.822410560526614,0.38394324635887067,0.27368936813177575,0.19153290992919123
2024-05-01,4.59016940847902,-9.27727855563898,-0.38373324341443205,0.17761133130537052,0.13469221789405778,0.032449911326454986,-1.157671110888768,0.10025438799027922,0.06878787258092459,0.14801162218733716,-1.4405831075674875,0.1456050107601717,-0.020889912177297357,0.04398785554525821,-1.7806183291261437,0.24454583089483414,0.170476505253917,0.1793853127566059,-1.0654383040110078,0.2610181959463735,0.14918453621545016,0.19194803722720746,-1.9315842792902083,0.3276172918969883,0.20893579954824562,0.24493913592683003,-5.33068362850527,0.16229792892672784,0.08764322861241775,0.13954862310792018,-1.0943371491066558,0.45307326380255925,0.26333697962129254,0.23315569934407357
2024-05-02,4.56975727661353,-2.0412131865489513,0.49683130663209596,0.14836149339188323,0.1070403067865595,0.033277307761295345,-0.33748303308188765,0.09383121988620181,0.040007163290615544,0.14117167504010975,-0.19835974309904003,0.12625904212142974,-0.012041795666135646,0.04019545562275657,0.39612840104339186,0.23417883832510233,0.15208802275188138,0.15526910849451284,-0.6485561343029116,0.27679078257241496,0.14498996126046607,0.16493437194149674,-3.045850926855635,0.34998099202980726,0.21846600434284738,0.2295421120807514,-1.2497940806563679,0.20118264017935936,0.08659742359762085,0.12280937890005207,-1.3808096446078304,0.4634816039635667,0.26856281462419,0.23252908339963055
2024-05-03,4.49849848899568,-7.125878761785032,2.1813855179463615,0.09241557920796488,0.05452608827068159,-0.0037205970389959475,1.0395485004884928,0.03606169583776516,0.029287340309921316,0.12094271802464927,0.2901874850285755,0.17309710942515583,-0.017655409596908547,0.033261331623234074,0.5202660847027838,0.22861791247159904,0.1394311990865655,0.14113588507433972,-0.5544218645731522,0.2653353221617549,0.1790116609190968,0.17567193950582596,1.2780584729031679,0.2384507149448093,0.17451135912644836,0.20523591404867783,1.0436329043793346,0.15126764181386146,0.06635625966943669,0.11569281975087953,-0.3765080043957312,0.4565417776880008,0.2869504163064003,0.27418461573720765
2024-05-06,4.48739408878726,-1.110440020841974,0.0513871320414081,0.033734103545115746,0.057109637545263874,0.03588182429357658,0.3255148881511367,0.06256700736415252,0.02757017819104131,0.12779869993141424,0.4427837282355518,0.16566137392832875,-0.023163217707741896,-0.00747600134396329,-0.5086489341964509,0.1942914876455592,0.1408405039159602,0.10613056693666534,0.38877880206274584,0.22496518478580452,0.17610170854396012,0.19375573788098127,0.29695370557922596,0.23407912262042269,0.1747120691258129,0.24393100407890828,-1.5523226720433283,0.13458099447312208,0.07472151372511318,0.14461316214548406,-2.52621067023136,0.42249667234461896,0.29196398233286985,0.2820295603894651
2024-05-07,4.46001530229297,-2.7378786494290708,-0.06337155692394214,-0.026044817190722075,0.06639419221886088,0.031388893905217756,-0.6037832936856575,0.09254334072226074,0.04314002415125654,0.13144945133049157,-0.7975389624263065,0.20855590749596617,-0.009072815189385327,-0.007484073809861948,-0.7985550250982592,0.15620932493380557,0.14990399048165598,0.11077178243326481,-0.9527405302976706,0.17584459768517338,0.18752374946682873,0.19936825148803078,-1.6971584401837696,0.21911059845040726,0.19151075246987634,0.25276369741266885,-1.4206788064281461,0.12733316034413902,0.09253190100390761,0.15236147825230345,-0.6403856357317517,0.4030209426893395,0.31138974355957216,0.28716819300216795
2024-05-08,4.4819247271214,2.190942482843017,0.8935775630037024,-0.188689877905355,0.04855857086574644,0.04719287306124115,0.2851390482418147,-0.030418563047562394,0.03654561092575796,0.13006533096160613,0.12778227826674882,0.21012278968501744,0.000495027469748951,-0.005382186519860125,-0.32389500896245127,0.014125129140505224,0.1561090607564412,0.11422916568121162,-0.547950739280896,0.07988049441055589,0.1896496872910104,0.20289582356453856,0.5850513625641311,0.09744149440234456,0.20271935594560334,0.255929438483345,-1.8669492096301377,0.17673271734830617,0.08232643282548668,0.14028121350127196,-2.3224391962462008,0.43924483205543874,0.2966430536278822,0.2693616486762372
2024-05-09,4.44822736595472,-3.3697361166679762,0.21468343997392036,-0.1690505419515964,0.036080732473890355,0.058079118113583496,0.2748751149841606,-0.009719611634337738,0.040830777875898366,0.11417850242226883,1.7587789536376643,0.21546542877146868,-0.03623184708847914,-0.011268222719677406,-0.04573938473913586,0.048260179330232196,0.17571772885807302,0.15258358999894014,-1.1706674266601595,0.13911877371986578,0.22914274052362393,0.15673812951286684,0.23640528947891148,0.12059862996708495,0.20487092833977766,0.224345276107895,-0.2355798435874883,0.18864280420404783,0.09126887065572754,0.17283284054411002,0.6356852110177273,0.4345410243675501,0.302851411786189,0.312755925794484
2024-05-10,4.50225540684528,5.402804089056001,1.7871592050174883,-0.14895007965376808,0.06640631896155061,0.09053016854420352,-0.1869050115406079,-0.08592140839177664,0.06158551320256901,0.11046087461206064,0.5870805013705924,0.16104402760861428,-0.0035169170315493166,-0.003960195400383618,0.5683811540483457,0.05490735885796874,0.1624569371563315,0.17836401491774734,1.1288649012766114,0.17750482246698315,0.23671741084108958,0.1705843512767984,0.4336013631555937,0.1590764109568454,0.18635932117095724,0.21674011072616564,-1.5072500690833341,0.171045153691472,0.07321309251747214,0.14442450289082784,-0.30171462051063025,0.3705435730963724,0.28162200148984173,0.30465328689329485
2024-05-13,4.47962788534604,-2.262752149924019,-0.3197613085666915,-0.07333377625963414,0.07184529522378817,0.09264599937852953,-0.833238098699808,-0.09810293770941513,0.07384308422431933,0.11447607811515181,-0.1808103227833664,0.20342738127159665,-0.0009876547629821975,-0.0037714719890385153,0.05579900254736936,0.17700815266220424,0.16151314996083155,0.17185375120986815,-1.7311829669742753,0.32902870676445617,0.24797961339217137,0.17570940029433207,-1.1398342843162592,0.2749638720848522,0.20206095554726347,0.2135186794751985,-1.8008764217368511,0.1460060942247926,0.08626446631100687,0.14677814098317107,-1.359143719504637,0.2448141965598357,0.2909433508995226,0.3047773128950855
2024-05-14,4.44430892525266,-3.531896009338009,0.9691561323804798,-0.1357500848638385,0.07143320339539945,0.08985746049272755,0.06605527287318402,-0.09280137959667956,0.08118980882263528,0.10312567194563647,-0.21698581970809627,0.2024366625498293,0.017114207155693388,-0.02388265694778429,-0.5478551227127362,0.2160155153523204,0.16825687565842334,0.15988837969151531,0.034633906481408516,0.31746256099246334,0.25914906656795234,0.153981454710518,-0.9889922808012352,0.2805910871692168,0.23058051245785602,0.2036291885306867,-0.41835484416226554,0.1356938269543683,0.1057473322874469,0.13549450603532007,-1.633332341176512,0.23213216212509225,0.32929273674404735,0.29942602472260155
2024-05-15,4.35359655998096,-9.07123652716999,-0.2909370526942725,0.01790353755551495,0.07802899083389231,0.09401157962378649,-0.7637784593840005,0.12806803875862355,0.09008097546050652,0.12151296820321635,-0.6424144054210554,0.3144444935205109,0.008641340270800067,-0.008300575213171523,0.2943489885107837,0.24680924980870786,0.12575082226960313,0.14169730104809877,0.9222822881838075,0.16323194838612012,0.1952936919805006,0.12037435424350364,0.08528917546169579,0.22977040650885147,0.2146696782782308,0.2032651192512039,-2.2385884026741727,0.29552026546793664,0.15441233064995916,0.17805093828670193,-2.102391544460128,0.28092700770178736,0.35736570067460216,0.33085237820994906
2024-05-16,4.37594181763973,2.234525765877038,-1.913208758854208,-0.08861030507737536,0.04666167012525897,0.08854992646225686,-2.7475098289853754,-0.08415157025724448,0.04997634568096911,0.09276731763481663,-0.5413885288174081,0.11756299599701957,0.004241278230005532,-0.018389527644147675,0.06759239538150386,0.14086306655033193,0.13152665881957845,0.14208933749530778,1.257250431714144,0.12285726060947413,0.21243513476190626,0.1304387421361448,2.308948585299097,0.21616067857973756,0.2237811971424714,0.21802420449936366,1.2263451080452579,0.25768258412677464,0.15341440633551512,0.18384038046964227,-0.6975013153575427,0.20103712682591085,0.3494917119888614,0.32920626427897864
2024-05-17,4.41884366938564,4.290185174590988,-0.038920827639456146,-0.08636914799092257,0.0420307806666442,0.08757432030658319,0.39751904889894396,-0.040239352523086004,0.05404979166969399,0.09842711525570998,0.44739039140329595,0.1961685384150934,0.010524708672356895,-0.01110619948347646,1.277577665691894,0.23548543175712067,0.15132029694525287,0.15677511378432452,1.096360394094125,0.18055688096884143,0.22643939814133404,0.14230439015330232,2.716116707600637,0.3014874687242359,0.2440471492104709,0.23596967921178744,3.3278318547168797,0.35827759049044217,0.17408469870021973,0.2017221894026772,1.6894224508191167,0.30664691423303053,0.36071561471513514,0.3382718767327524
2024-05-20,4.43646203372552,1.7618364339879733,-4.755619886452759,-0.14383313759824232,0.029081700738122,0.04794764134914811,-4.358007952622023,-0.12151813582726959,0.03446724750192271,0.05128242763755042,-4.5473730845684734,0.00883737779398453,0.012775495524870267,-0.045066982157501205,-2.591966410391149,0.12517596828378721,0.1379511116232839,0.11879100426096498,-2.594608200376365,0.09314809073877048,0.2154468413177556,0.11704111914022976,-2.3293702334876514,0.2286140967436771,0.24216017059847053,0.2154261128927701,-1.255220384856848,0.3329440236533798,0.2026683659804946,0.1891382136173977,-0.9916273663017918,0.27932290746094424,0.3816066940605978,0.32019330866276413
2024-05-21,4.41296307835661,-2.3498955368910224,0.9160090842883264,-0.18777062888596383,0.024609048431518246,0.04764636996246723,1.1438790719900926,-0.1489092067852467,0.021293516783317108,0.03256053750611736,2.620449383043245,-0.03391069889292273,-0.007497440651577271,-0.06687703225887015,1.697358731659305,0.08337352300718799,0.10893217039306304,0.10278989592467008,0.8812642851068513,0.07750128045943565,0.19725118463688682,0.11268037752593754,1.2063526274564573,0.20581113697627518,0.2258719499887201,0.20645655729096507,0.46234014108668486,0.32348015584619694,0.20334899971968393,0.18501533117638386,0.10228584397803443,0.2692784663630424,0.3813271140991442,0.3185062021235929
2024-05-22,4.43155800342764,1.8594925071030666,0.36147390567052806,-0.13954305199910003,0.0281904245577011,0.05513700517115842,0.3081402338788477,-0.10603036796871354,0.03126157098114137,0.04262833375247849,0.04234258675878433,0.00923005083129461,0.005453217515576187,-0.060248977943961536,-0.47992048669958365,0.17030771820046953,0.11876882631221562,0.1122597045370321,0.23575996624112028,0.16717533735492365,0.21546017452903513,0.12949441841723452,0.9777803588176734,0.2552753255773776,0.23653847562144423,0.2280220485738665,0.13991057298825593,0.3893456800599666,0.19978871670441692,0.19107507293672982,-1.667196368643776,0.27351618929290533,0.3628021912849373,0.32271776024478155
2024-05-23,4.47378514599456,4.222714256691962,-1.6842036747985376,-0.22529416398911373,0.010769610702117082,0.04340583586984873,-1.49448966808448,-0.22572887873429556,0.013131782458857417,0.028026945916738,-1.3255928453836159,-0.03765893487684754,-0.00710961513951295,-0.06210527809837622,-1.1051666049185922,0.1182236830066319,0.11936406071219316,0.11762198195499252,-0.915598019399392,0.10809060811361064,0.23239934414317245,0.13145897702822634,-1.842149389482112,0.1417290521286821,0.22202234802874202,0.21060525018867263,-1.1406532218015073,0.29904708936876007,0.19437291960709652,0.1820514187926853,-0.2674840028455968,0.22675721623077555,0.37106009284691266,0.31384126659933337
2024-05-24,4.47184342041222,-0.19417255823395152,0.11287955098304636,-0.22749051690184333,0.011032215793924362,0.05640321343686302,-0.6604682867739393,-0.22353977408999254,0.018474517808091367,0.033562049901716,1.475883296834147,-0.02218812489170428,-0.012506290528748597,-0.05956831216653703,1.211586005370834,0.1648719952233521,0.11209477179384929,0.12398635304547277,1.3193202910470534,0.16768460231584872,0.22096571807065252,0.13856121170497426,1.2108527914298115,0.15487850038945758,0.21579314565181523,0.21349291058428224,0.7602100826477136,0.3130364662284831,0.19217117497870032,0.1813418932830915,-0.3696124862210042,0.30333504821803564,0.37505330339169585,0.3176009880119534
2024-05-28,4.54102314560894,6.917972519671967,-0.5041662281599999,-0.1867948195254578,0.034996098599153626,0.04657132006678772,1.0936055034335999,-0.025603682542385098,0.029777192303676207,0.04419065417041099,0.8047728735029183,0.06083746410607114,0.044138816368989746,-0.033821850904698005,1.2810959498959842,0.26222391214285107,0.14165399900997397,0.15291693895498537,1.0144004556404096,0.2993626713339724,0.2268128451904074,0.1665778837573171,-0.0235001370662431,0.23206047095804136,0.22422573791549438,0.1938959052185849,0.1829867142310179,0.4925697972824539,0.20909518580081068,0.16415823487751877,0.10481826405328737,0.4624123442230054,0.400362032507398,0.3162330165207619
2024-05-29,4.62267753419787,8.165438858893026,1.245747482303968,-0.12202694489616922,0.048078790811526426,0.06552535750628236,2.2559858781002635,0.12086633176982166,0.08885147929249589,0.08154202100767059,0.6651512114144735,0.06968354806698449,0.06333670333726439,-0.01500144861070055,0.0754387285723711,0.17186852850502157,0.160050407246198,0.14933241269706118,0.32505223725225313,0.26805040252969087,0.23250537715390895,0.17785311763936681,1.0568949569581934,0.26793773828546824,0.23201493013968505,0.2075227960611641,1.5243434758595198,0.49662175091305377,0.21825725407877122,0.1795974211673203,1.6675985489929186,0.44979068602917904,0.42259418487872785,0.3373893205111238
2024-05-30,4.55297646560846,-6.970106858940994,-1.755371974699834,-0.06165303907986846,0.08506206630246993,0.07706810070955072,-0.2037988860845119,0.0614710380965947,0.09769459471871425,0.08127119424739544,-0.20703876098249596,-0.01695685584685758,0.06857022378285389,-0.021460959250384017,-0.46164832411347234,0.04529814871527418,0.16563957363581225,0.12719035489876307,-0.19458022584947843,0.20193471369436494,0.2310354090576712,0.16505827856932073,-0.8149481106307326,0.20115451988026525,0.2548459146761445,0.20065025314462162,-0.14691440313424642,0.2969278579449679,0.2271879882157671,0.16116629927416373,-0.38974837087476466,0.41474093092169034,0.43348534447009035,0.3171743107771672
2024-05-31,4.51140189989497,-4.157456571349005,0.7766503566779526,-0.07724750199181664,0.06448100123129717,0.05503932149590459,0.8929493299322493,0.025191672763140896,0.0795489037611777,0.052615749110704345,0.46038669123186526,-0.03268468015776143,0.050300534349649435,-0.024216523922300594,-0.015218678887433779,0.054014246927349324,0.16375574081599664,0.11849238930170605,0.3675998794658817,0.17369365907711756,0.224676286282642,0.15168544054109007,0.9790256341171009,0.14981113858041292,0.24873888043907366,0.18632017411571608,1.1424501969785346,0.23367411395184037,0.23344268256772716,0.14403324474505078,0.21659779442181448,0.36500706117393916,0.4414880752476552,0.3134070003596376
2024-06-03,4.40014970040999,-11.125219948498,0.37412530375913633,-0.005195627036852865,0.06676765914613218,0.05135675216521093,-1.0003172432818044,0.14284024365834988,0.09987808822800988,0.09359327280410738,-1.6407814112723613,0.10721150237207616,0.13766831943108,0.027740462240019657,-1.0530618379958718,0.19983072985686814,0.21927172645583262,0.15498929492079777,-0.46590752708190847,0.17420214296396588,0.2157673349009005,0.17233226264490348,-2.051216059284768,0.3569901866664772,0.2776985370148756,0.2344190948741641,-2.5274206173481852,0.43399061237383757,0.262451752412776,0.19216102414290984,-1.599011509815536,0.43806244385798215,0.44357346176990736,0.3450654220895037
2024-06-04,4.3347076164437,-6.544208396628992,1.6977192685863616,-0.07501018292358233,-0.0068657100604309716,0.02619947246351409,0.47149189810325026,0.10911549270600279,0.09927843564782586,0.08481990470410043,0.9637560846841728,0.06542446656613168,0.11355026404342221,0.009378491867466258,0.777108560084257,0.14151549330997296,0.1634196923137103,0.13419437250815902,-0.37943874222050566,0.19071844204565339,0.19541546421099243,0.17836479388923945,-1.6287493676157345,0.40038556027865374,0.3002670386543915,0.25644327649427895,-2.7880007103430366,0.4850785283173865,0.2743226867369094,0.22059137490778824,0.08274981885006394,0.41202206139295144,0.4236002576317811,0.34337011217495994
2024-06-05,4.2880473754338,-4.666024100990018,-0.45497367813415357,-0.06499760515819386,-0.026395247479459323,0.03715980227187482,-0.43478950212814715,0.10795160409279554,0.1157843258091184,0.09209431884452748,-1.0125978482136035,0.07985600913365176,0.13911096859305996,0.023586253196576944,-0.8671812599331175,0.1569999683924285,0.14895160188270487,0.14374001218319693,-0.5502633041232224,0.1938316108163468,0.169864904569713,0.18390373932458443,-0.6240040803758036,0.4028630097413475,0.290945614177486,0.26161600366145205,-0.16492786185601593,0.4673021698254492,0.2665004159737278,0.22431038235660625,-0.5251147404337824,0.40668561951955073,0.4145335861349365,0.35689330799880725
2024-06-06,4.28026176732651,-0.778560810729001,-0.5587981439685086,-0.08820519740747973,-0.11907211544970943,0.022166553776361883,0.33869450527144007,0.09753677669727069,0.04999016797973879,0.08532451386655703,0.4907710291745442,0.07803608677347952,0.13375855179506035,0.028109191432089273,-0.5749065083829439,0.16603290880667335,0.08655863063363257,0.1513724378040638,-0.6761372015662337,0.20957696796323205,0.14146234555947568,0.18993330919488877,-0.2900596539420417,0.3947477097391139,0.24362690683436544,0.26933577478462417,-1.07177930490976,0.5110171027012991,0.31618757123315433,0.22390683595345123,-1.4699965882673185,0.486860199269405,0.44658689312386857,0.36083993730694003
2024-06-07,4.42662330239101,14.63615350645,-0.7514540351566179,-0.11247631137115618,-0.14039701543204905,-0.013719770684539912,0.36929507952835827,0.14666805303076208,0.07194606762499739,0.09526482141179592,-0.6280654838546587,0.04779925294216142,0.1051593484019618,0.0021279178392087338,-0.11067382085394878,0.12840993048654745,0.0941566852076625,0.1577705913057388,1.245374963003113,0.2901403202288213,0.2298122607617416,0.24550260457214046,1.944458213343477,0.48483351547031794,0.3261257767335707,0.3122887310420879,1.0948687408833249,0.5345543566991283,0.33140838450073357,0.23850801228244525,0.948557208232045,0.5896381247963154,0.45041685253308555,0.37594995811863285
2024-06-10,4.46800844664382,4.13851442528097,0.6844982784216225,-0.16042555313903145,-0.1443206797666971,-0.011063562140374529,-0.13336154155038404,0.14859946447733194,0.05820534582454588,0.10674015404708796,0.3375320139353504,0.03686848076628308,0.08561112883470086,0.016983184603341986,0.5333411052319793,0.12215866185072756,0.09296307845814403,0.14696983033080394,-0.8545551403686042,0.21716057616459367,0.1986202056977177,0.22838847557128325,-0.635883131300911,0.45855347555154974,0.32859190307008806,0.2933571178653337,-0.4455824628487648,0.5821571476383485,0.3495210457068359,0.23836415083845294,0.8435669017703262,0.6105841544980516,0.4440089789095977,0.3700649158810815
2024-06-11,4.4000978626389,-6.791058400492034,-0.24693796049132732,-0.15846545758749514,-0.13021389602977765,-0.006187987348047139,-0.4495636794306881,0.14618933763146158,0.05191221900494847,0.11403558122876328,0.08783729532646412,0.027423407619407227,0.08140767232040974,0.01496685442221331,-0.6710626126116671,0.1520779032140445,0.1598276368568538,0.15821083512483328,-1.0087253158763072,0.24917192841636981,0.28242775981773643,0.24476163765815692,1.1786017888406657,0.3953955911480553,0.3486545875868929,0.2779799826553154,0.3280025793976512,0.5493299065161777,0.3255186035563223,0.2344352322919434,0.22225720260332799,0.5631408097562343,0.36104680050102494,0.36547697808869717
2024-06-12,4.29366209974626,-10.643576289264,-0.05426609161910356,-0.1466950956796793,-0.14421487253229798,0.0014017354725205412,-1.2058361376523203,0.19219398821693068,0.0871833261869411,0.14359403403527063,-1.7860107614548482,0.10971788209463076,0.13250861413013867,0.0654994994112448,-1.6721529955589602,0.24031295453068763,0.2288706118245028,0.19748194477065514,-0.8339484087675006,0.2966041598090526,0.30371309395034224,0.2708503480059163,-1.1946564274050178,0.42330401474332713,0.3688431030240326,0.30955406342330705,-1.8622626507380193,0.5858417663221152,0.3467889428646158,0.27092874192050803,-1.7315452337733075,0.6039189260181035,0.3803856252639959,0.4069047912975896
2024-06-13,4.23935830566755,-5.430379407870944,-2.1355194530633708,-0.09574294575757786,-0.06815370367617717,0.021796804112481482,-1.3212417266893697,0.20137901722536986,0.16561167342404837,0.14638065998238922,-2.1417708393990305,0.13756483586430582,0.18303913664255503,0.07324814493053802,-1.4665368330299104,0.3107575214978462,0.28070536905886845,0.20092028381253485,-0.9407119886532351,0.40123800333848775,0.3002414873606978,0.27053886240285396,-1.6916671811642687,0.4640165176884413,0.37500445965951834,0.3171068100078159,-1.139132099428,0.5574570476981283,0.4069112294457253,0.28018288474664704,-0.3006174394849599,0.5531222196307147,0.3683451485415707,0.4022942277587001
2024-06-14,4.21218802330559,-2.7170282361960396,0.2908710760594566,-0.08090683183747305,-0.09074374175984974,0.014463610739646237,-1.0623513739489923,0.26789412075709934,0.13640734156745712,0.15063336572602154,-0.0987013888061119,0.14057532625462194,0.12679526255547102,0.07472545552159347,-0.063377215497888,0.30401765862441454,0.2453118623042963,0.20396461808827532,-0.5663399963736326,0.39514781427567625,0.2748390127858085,0.2809821665423591,-1.0752758481378564,0.46420542381450614,0.3594871756782262,0.32348940863837194,0.29795372389721564,0.5437166348136584,0.38135784592267996,0.2767987601239144,-0.29451719851696057,0.5713930893054082,0.3414100765695917,0.40363528122875847
2024-06-17,4.27797183983736,6.57838165317699,0.9818774730249319,-0.03478536816092588,-0.05632074132903883,0.02678635841453403,-0.34171447614634887,0.2426050582208993,0.1363297847037051,0.14379239951217812,-0.8891026850990591,0.09704253238677804,0.11774501232214982,0.06118137747640589,-0.4612240362640099,0.24643429809655504,0.23634612764751026,0.19579539231176019,0.3227009196533215,0.3817156455090412,0.28448508253554394,0.2850552400774386,-0.781611400661392,0.3989328532605904,0.33850358101138633,0.3081427613430107,-1.284997383615324,0.4742973293099311,0.3721050829879668,0.25775290075909413,-1.171356571025955,0.4706551937863574,0.34585050125611005,0.38289563825614314
2024-06-18,4.21591452654725,-6.205731329010966,-1.8672015454574398,0.10226324986466996,-0.021967817166881603,0.06011796924398512,-0.7161299468013567,0.44568221385536944,0.14068297740060767,0.16110998930796808,-0.7624018134822943,0.2193379566028529,0.12399085647028359,0.08713546517578184,-0.10485535210146246,0.3301418216903148,0.2348872275985529,0.20392313445201296,-0.1794435481097152,0.5357666923945067,0.28429662012933693,0.3002885294698471,-2.3766956079413015,0.4888993467835218,0.35749085031645544,0.34256686928879637,-2.0104753053456124,0.5202047697130335,0.38361177043741795,0.3004382688992122,-2.7604995939263333,0.5072434057668357,0.36806535420021064,0.4206945848436546
2024-06-20,4.25264390123994,3.672937469269044,-0.09707381822569561,0.11640824560541707,-0.03484109711161214,0.06025391482638335,-1.8316060703024224,0.3849507443388759,0.10595430878685987,0.14030010452982267,-0.823329832613495,0.26628886045981315,0.10802666545292089,0.08454968316651335,-0.480972176191392,0.3873959237123922,0.22354465810709756,0.19621280265580612,-0.7874213744911903,0.5286207917008247,0.26590671472306376,0.2861397006605938,0.1315543774714048,0.527420645275964,0.35674757739554847,0.33879531006436353,0.1489226571828417,0.5433729344987485,0.3860991458356503,0.30130653904343335,0.526632102835648,0.5304816616775276,0.3750049304703846,0.4218624157178644
2024-06-21,4.25641691471577,0.3773013475830034,-0.6700788377400513,0.10196213907458221,-0.017995413035872425,0.06165447936576377,-1.179660969627235,0.3613067419876872,0.11936537529861356,0.1447696214355641,-0.29367144641726717,0.26084027382185326,0.12591715829527,0.09363730177434292,-0.04561615134509456,0.39648065275902855,0.26991715894394175,0.20540204323071656,-0.3317107313735008,0.5206929173568998,0.30684264555453,0.2986995213261392,0.5482642451823745,0.5222529404920655,0.3697192414387105,0.3451177703548266,0.04506676709451196,0.5399414981457481,0.4152664881584819,0.30035659059870773,0.19875325991164794,0.5816523791351905,0.3946175140597107,0.42057146585863514
2024-06-24,4.24668036152237,-0.973655319340061,-2.5061089447593607,0.14782977240023493,-0.030337512449116925,0.06708295985563295,-3.0679985638689278,0.35936993791801125,0.0844954638353758,0.14571479181321972,1.6047314792391516,0.29279992123258103,0.12600436926531924,0.09050133108812587,2.9262632728300635,0.3449385572020821,0.24699635598920228,0.19188431219938262,2.6913143963192736,0.43961487163365626,0.2775733076538531,0.29217303918926635,3.2310219775584064,0.5043437764016017,0.3351892326205762,0.33260608909174,3.35903563449784,0.4776848311381064,0.36968417660680203,0.2918826023036309,2.269634135003997,0.5181700135298649,0.3615973465514828,0.41746060501699633
2024-06-25,4.23694865929796,-0.9731702224409666,-2.0226149140917755,0.13564775754744365,-0.029378368290948233,0.07008715948093974,0.24997649063910377,0.35976933372764125,0.08781570533430355,0.14666294833482946,-0.3469725066242564,0.3020271538779048,0.12896512727008702,0.09085721721380978,0.1861622910182401,0.3500550223078309,0.266556553056428,0.19088072815665358,-0.3591095907795836,0.45302645025817045,0.30721849977971377,0.29383663715923064,0.11445977144671993,0.5097372204176563,0.3401363761401238,0.33272739103876237,-0.0818796026312194,0.47869154965606436,0.37408885070744,0.2919700836710304,0.5031794359927102,0.516860592101553,0.39847528192179854,0.4179622558682895
2024-06-26,4.31473693433924,7.77882750412795,0.26919874634699203,0.17712042455255597,0.014746015378780758,0.09714880424400765,1.3029276640141856,0.3728359981330402,0.18876321215909292,0.16120228919127683,0.48156831034478265,0.28869537607312706,0.16472304177405744,0.12916874432703537,0.32904652840998433,0.3057573630267824,0.2827067944509325,0.19863494716275665,0.9455474159648403,0.45444098934596955,0.3676803684411225,0.2999481015158668,1.0554386219241882,0.5485102459417149,0.4023038499620431,0.35408451489116466,0.4111122825590432,0.4859373310257286,0.4617979649864724,0.3063997008610501,0.44130037554078094,0.5306366654135366,0.4651833935991145,0.43875877955239184
2024-06-27,4.28740450423156,-2.7332430107679606,-0.1286966532003968,0.08371459432339044,-0.0004161791220429575,0.08708068432398909,0.25834026345245154,0.24368287175594003,0.17741148547872668,0.1618930738519588,0.6814807976475841,0.21684613436582742,0.14100158919449265,0.12675630090636478,1.7016906646213374,0.26226202439929786,0.22161261176924676,0.19543995418450782,1.34533167606792,0.40304118047593007,0.3283598612789745,0.28482201338236873,0.6307734269578691,0.5122043931552768,0.39545101001594263,0.3442456162925102,-0.1467388818454496,0.4326513514227716,0.4360554269960706,0.3002425238263413,-0.3253758665160675,0.47195392591988716,0.4195629942719728,0.4421135648259641
2024-06-28,4.34205085845739,5.464635422582997,1.1657014511430304,0.09863109708397619,0.02345189930051719,0.0996276396641546,1.9706538413491808,0.3342468801431888,0.1997002804318108,0.18504188933465351,0.668727315996064,0.2638029973392789,0.1211086603584844,0.1350412999404596,0.9727435761807584,0.2894767178445532,0.19138429086016168,0.20681222271508878,1.2585298398182847,0.44492298283822396,0.3277124259632533,0.29733441790954407,0.08205781493383582,0.49736707035516575,0.362514311103806,0.34631765889646704,0.7044565272095967,0.46791706452448334,0.3904407007077133,0.3081697089804727,1.1126300764923296,0.5054627005184539,0.43250693671087226,0.4541451566088038
2024-07-01,4.47815413207154,13.610327361415031,-0.7721038318895355,0.07200346776743353,5.635380730445088e-05,0.0721185426679762,-0.2745032703416319,0.34932804254367544,0.18646583906462788,0.1729150208776918,0.22326813954588776,0.3066485806655116,0.12758386022120183,0.13233257397442275,-1.05181725224128,0.158261424245072,0.1178282194258478,0.16243200844183892,0.1792114283563846,0.4285369760382218,0.31221839444765487,0.29415697905605276,0.33148766608299196,0.509640722620565,0.35706719869084275,0.34844938294224276,-0.6440435918550784,0.43828091341248676,0.345445859890926,0.2967127099623285,0.6446828888056432,0.5263946446804612,0.44724496712169765,0.4606457592565879
2024-07-02,4.4345688092052,-4.358532286634009,-0.03184437056167999,0.122523554277643,0.05303228272270678,0.07966567201517347,1.7396385344643885,0.2370118038456183,0.18761453723181776,0.143038906072482,0.7232946990758179,0.171395059443877,0.12570560457160215,0.14415862633415727,-0.4646264018133238,0.103019807421617,0.14300414103326864,0.17855298218020946,-0.8415932590006048,0.4361233746392064,0.3126203767750188,0.28959088022934376,0.6609956324753123,0.41893757357881023,0.38292551719583034,0.3254912298878309,1.5124153258503354,0.2894143193563856,0.35110843987182605,0.26576369006400075,1.501149971450893,0.39946535293710494,0.4107064661887419,0.426499305138807
2024-07-03,4.34591520398256,-8.865360522263988,-0.2899846341617546,0.22953530946559078,0.053062069176663014,0.05407562422291489,-1.1514566812888352,0.31178555170074757,0.20752913018813793,0.16491340282455008,-1.1590953949625693,0.3028602346241507,0.15430595878851583,0.16026621128047777,-1.8976241301681802,0.24249397682069587,0.19487833972614996,0.19215336326208102,-0.42672167420197665,0.43653603879865055,0.32057448661165644,0.2800168726696068,-0.7234120446317505,0.3989688097248632,0.3921947021963941,0.3325530145856431,0.7571752779690015,0.15704530855758958,0.31481759146361665,0.23815288293357129,-1.0522210983376128,0.4464184611679829,0.4340423862539467,0.4270020479925585
2024-07-05,4.27152856892678,-7.438663505578003,0.8813741713479999,0.14717218682805938,0.027718698697532376,0.0233633044587177,0.6218803452295041,0.2559643234055441,0.18096144697594396,0.1611983548765298,0.16160423581901107,0.24998045280678574,0.1408109239468321,0.16569738494093003,-0.5329070825120192,0.236677457084535,0.19858687704885358,0.18232364228539724,-1.464690393297187,0.4680639627462258,0.34257610844675795,0.28154614758383745,-1.211543543300784,0.42006525436355424,0.40430589336505796,0.33449561850425263,-0.6887583931281293,0.17884110239041237,0.31436872820122985,0.23720957834013834,-1.37925900714936,0.4727179389350624,0.44762748610976677,0.4294509580811658
2024-07-08,4.26759987297293,-0.39286959538502586,-0.474906764544307,0.14663322378923316,0.017919475947917082,-0.037843926121928356,-1.2319625312295488,0.25901220694882593,0.1754489243271233,0.1196933553585911,-0.7528137583179967,0.25691113716090397,0.13834185794751758,0.15893723599844212,-0.5875969510790777,0.23560938709421428,0.20093636255542338,0.1477040909552362,-0.45887009594822886,0.46845602758584026,0.34902923076187065,0.2741384771520601,-0.5212832328835488,0.4187663292325849,0.40045750664599883,0.30775504430999934,-0.5028051518789952,0.17805905079204037,0.3345030490180633,0.2641480558665482,-0.5810123389579072,0.48266442711349283,0.48735953084768735,0.4488855567901074
2024-07-09,4.29783449130701,3.0234618334080032,-2.4827637841704004,0.1365597312650819,-0.0011024674770133617,-0.05048777869306534,-0.9815510638524803,0.20201361967840462,0.1737823282882324,0.11649862456646795,-0.663314653041728,0.3318534651446616,0.15537857176553324,0.16576959446198183,-0.05859103702857649,0.26524692864604177,0.20150475529302636,0.15966649026774388,0.7903492333768005,0.40693293178967505,0.3491122059896897,0.2923272806437868,-0.15493733907670393,0.2982335262728123,0.4010852083101172,0.3173733579388439,0.037851488089919894,0.08875222382320747,0.33549739096237596,0.26567667113330673,0.010774941180668574,0.4523283549863555,0.502802326542715,0.44772820682658576
2024-07-10,4.27924766211075,-1.858682919626009,-1.545931682451037,0.10329877193027483,-0.037265913515931524,-0.05027358577403906,-0.4168012910065537,0.19454469268191513,0.1728393160824502,0.11320399460243025,0.1206956450383776,0.3086807616993683,0.14038307557866836,0.1522043384531971,-0.10406335673045439,0.24539256194609252,0.18941722529402089,0.15459315241495322,-0.9242749909788736,0.4514693797137778,0.3331457246924528,0.2878461254029608,-1.4865283012290271,0.32123806518050246,0.39766597920925295,0.3287441110238131,-2.129772609479742,0.10990430481404373,0.3662146411989856,0.28346890344732817,-3.0092399159621115,0.39505500966593515,0.4871276323812445,0.4311115631412622
2024-07-11,4.19170818504889,-8.753947706185983,-0.7913416820478176,0.1275593604705424,-0.027016544500563972,-0.03684545724505294,-0.3131627161781694,0.18373355278639628,0.16615302178376978,0.10196909459954841,-0.27921240007906567,0.32452768578077124,0.13999305398497627,0.15160598905616007,-0.6933654169196704,0.24950299533405507,0.20412186111470162,0.19724952937181853,-2.6217089094615114,0.49604544039402165,0.3809212523181111,0.36739175920094747,-2.6927287977972094,0.4679165776930982,0.4308784157998955,0.3905718217850948,-2.0549129689302466,0.21213451391491592,0.39327710171984265,0.2897747258244058,0.6976452964106368,0.3552269228995854,0.44476849932384893,0.3595522502756162
2024-07-12,4.18575764024482,-0.5950544804069757,0.8325486648115197,0.17452056285025694,-0.013979351957149257,-0.051897493957777596,1.9317784813185597,0.12960540481461166,0.16475744867403092,0.09813334701145868,1.35729280512464,0.1948686964137956,0.13747252337154578,0.14481230708242387,1.3350002622597765,0.14584448420691898,0.19604364475617675,0.198855573225076,-0.21136061427968045,0.48339957571669456,0.38278979921943174,0.366875332707054,0.03314819779955247,0.44844640989358386,0.4268637404874184,0.38844945691091176,-0.4129005128872638,0.12385556992299412,0.392288970154601,0.2853194988616662,-0.3911948737927675,0.2891589360891328,0.439970994304994,0.3514200489383406
2024-07-15,4.22744553630045,4.168789605562928,1.3391097305258652,0.17089894225473581,0.01595091583684219,-0.002181267038374168,0.2520600107973885,0.10956731339827773,0.16273222117866784,0.1441282614493471,1.0012785782449634,0.15107161416978981,0.14165871802963828,0.17394157735079324,0.6396399804162975,0.11092160586774917,0.22330960929127727,0.226207281359181,0.8991682713167425,0.4834710997014638,0.4392762788654034,0.3661716258495935,0.4859479046721344,0.43239333526478857,0.4456597567432135,0.38687350634346157,-0.6989146614369837,0.0743882060024835,0.347965074124903,0.31701762278120565,-0.059892983963440005,0.28882758103031164,0.40632703823708427,0.3420959453261983
2024-07-16,4.16630366980014,-6.114186650030984,0.0970846922490432,0.159053383711749,0.020083434279444992,-0.019703041636773777,0.897281991686496,0.048303789378301744,0.16813234421464662,0.10711616216484092,-0.6474136998772192,0.18597311259804056,0.15445114685452135,0.1424331160685906,-0.34684656908530886,0.12599675481906786,0.22588951304158084,0.20738471139520603,0.1059618769916193,0.4590671466425279,0.4264128650991633,0.3458754712225038,-1.1966003784753023,0.446960325988961,0.4551363123842126,0.3826792147307229,-1.6418055842073924,0.1371457653411615,0.3585653529949629,0.30928958102481724,-1.6898935362526721,0.3304622213363051,0.43014543432681895,0.33594181860600253
2024-07-17,4.14499275196376,-2.131091783637995,0.20088483157395132,0.08313818156788584,0.012428524705835508,-0.016550849588015906,-0.02960616474825617,0.06077071644248944,0.15993900668907177,0.11095275571753742,0.8315635100449921,0.25743760816457084,0.14070349274039712,0.14976560991114168,1.3187924496284484,0.1436440508380477,0.19374296556736215,0.20248912370576805,0.5291779501721856,0.4491089651814212,0.4077178176448876,0.34343200450623895,0.0678490031526432,0.49310890297865995,0.44014153564409786,0.38568903314356995,1.417821539939366,0.17271210775766618,0.323396488329063,0.3160382964104695,1.6049689332104449,0.3601115900324236,0.391462179547641,0.35054065593796174
2024-07-18,4.18750900388587,4.251625192210984,-0.1197881315007776,0.027436695937033875,0.05879292656792276,-0.014626840404506533,0.2279570132785087,0.04524313467419039,0.22870949938896912,0.1131638893880518,0.46159351131504334,0.22347780576802007,0.22784266940488324,0.1541430301177693,-0.5215949064201184,0.10577932703448538,0.22288844626358426,0.1959468767286986,0.4222026001839776,0.45792694497979336,0.47434272716869635,0.348213967743076,0.6285659024301113,0.4623290806576992,0.4817930369480472,0.3889822762658506,-0.03212116388090143,0.10448474005427762,0.3354646680911632,0.31456369068957546,0.3246617785939072,0.2998366344952692,0.40640662622990853,0.35331440929767305
2024-07-19,4.23793841904899,5.042941516312016,0.9111803717599257,0.07059416567234869,0.09026888406046185,-0.009812284378533652,0.09522981452374069,0.10248565872923251,0.24219605733666624,0.11132043311401012,0.33046728277863036,0.2886909897072975,0.2790254861917047,0.15499095401308433,0.6470035098589376,0.14643574103685858,0.2575205675219663,0.20292687226801473,1.0536978894829856,0.5172011259091972,0.5000752324221306,0.3592233212399989,1.8141476682046944,0.4972301098647899,0.5130692932959707,0.40094961400654117,1.5644141461862078,0.15185544088983235,0.3609508905581338,0.3267745508851959,1.4863921799801632,0.3283032282332832,0.42613487840819037,0.36531902086899787
2024-07-22,4.2593753108291,2.143689178010977,-0.21167793350006403,0.07321326646334926,0.08569160730496489,0.0017596087777446256,0.02205319098560632,0.10804250468436728,0.24020826494277145,0.12587613357965163,-0.46637319609147837,0.2690041289820476,0.272336737904341,0.16744388702295318,-1.2712181919637473,0.1157107054043502,0.24411803670281607,0.21859820798977983,0.49296687072794243,0.5239137456372975,0.5015958954934453,0.3910293409520544,0.6155027763188192,0.5018749758401994,0.5136972606711507,0.4122884762444794,0.29494063577647367,0.15494013358914857,0.3620051524785192,0.348813411304376,0.529033041700192,0.33239328790691086,0.4522827624444965,0.38208976266013867
2024-07-23,4.23786962403994,-2.1505686789160094,0.9026047855526655,0.0400163517296152,0.10637595425035298,-0.010428658200504036,0.5446427817965633,0.10008292468553667,0.2669571708728071,0.10766125705380955,0.3005394964635264,0.3135972760908217,0.3071850183292104,0.16994526794269552,0.05694495853703996,0.1683337815918954,0.2694515302716419,0.222858945316188,0.06295303765219168,0.6322569336863144,0.5284689674201546,0.3909017351950963,-0.5915294126597657,0.6547667618128676,0.5581452997731003,0.4058266167286526,0.5078270735476704,0.20849403418435328,0.37663230101014,0.3295721301922057,-0.3963967556133248,0.38437262981463705,0.45973865650409,0.37339970718052734
2024-07-24,4.2847589636973,4.68893396573602,0.49796160189433625,0.04728300061649568,0.11811243756255548,-0.0017513524353113526,-1.140939668817472,0.03542165231470173,0.24241679048538145,0.09452767359313183,-0.9327390233887041,0.22418973386104896,0.287792507142877,0.15670506209066176,0.17649790731614412,0.1764548037652317,0.27610175007896315,0.23918137705026346,0.04350830270063677,0.6212263602643314,0.5362869253435795,0.41361410387718345,0.110603760348432,0.6554627357551269,0.5645190326085734,0.40949790285947985,-1.135739150155498,0.16243382041641408,0.3564015940586555,0.32044987999740987,-0.17321439206061773,0.3791699365186024,0.45474862299535934,0.3989577969221342
2024-07-25,4.25537734554676,-2.9381618150539524,-0.10565605970650238,0.03188485341166987,0.12898406026424508,0.021725710305833826,-0.31110288047247997,-0.03367128328324517,0.21817024921593256,0.13329873069469397,-0.6405837216046946,0.2174075519750814,0.2689204659507584,0.17513052368626827,0.23011441456408954,0.14954582981829923,0.23933466200496323,0.24331454856845555,-0.089778349857488,0.5970387425222672,0.5194329041572908,0.439750064522451,0.44945075833627834,0.6005911497337922,0.564449734620277,0.44386169524240576,-0.10027442007165432,0.13086104111498656,0.3523859710005468,0.3797753667698837,0.12027515737894401,0.36243781635568695,0.45564337243871716,0.43514393939322704
2024-07-26,4.19872059068288,-5.665675486388011,0.8322098160974045,-0.013850468569716676,0.06290709038286388,0.0008619889084169296,-0.2995965265771616,-0.008683925808385883,0.15088014099925914,0.13147276400724203,0.3133824491095045,0.21866549191849582,0.2313043461367511,0.15725941153377887,-0.2758651306721278,0.2210077520959269,0.24104937536340806,0.21857376597350264,-0.9943359935888063,0.6857399459724897,0.5284163319002898,0.43705622467239513,-0.9520537497980064,0.6460938678299696,0.5547703171985724,0.4477324643102986,-0.7612329684844499,0.1539779460565011,0.32209678209036363,0.3624714457038185,-0.8931782102762624,0.38119393876512375,0.43040079903647177,0.4086767110657009
2024-07-29,4.17632483024707,-2.239576043580982,-0.3663792387755329,-0.08108524403347492,0.027409111534932355,-0.0035855122385421282,-0.49295639939942415,-0.1281657837632641,0.1534775302967735,0.1145830487042819,-0.2838967236243455,0.1820535360248778,0.232303243871441,0.12994387900612436,0.11804809707515829,0.1527918067748777,0.23298491967395857,0.18062683725329562,-0.6437023522919737,0.6626097292342146,0.5328024891662769,0.4245265644002552,-1.6057404790740288,0.6370743238080416,0.5469567967237525,0.42836744075397737,0.5175149067427839,0.1010681909546865,0.3234642386968381,0.3091885311171479,1.0669879948467775,0.3192043548819842,0.41850303537791655,0.39043504138864393
2024-07-30,4.14040809142743,-3.5916738819640415,1.5772564872201813,0.003227337994367957,0.020289841595037637,-0.013601881527955864,1.0061661421634625,-0.129128227088172,0.15445751013357004,0.1038998918621592,0.46731025995769604,0.15329028362099753,0.23410357115484684,0.12456315556696586,-0.5479038617197951,0.4148680038089572,0.23926578339115312,0.1867823741978902,-1.1085634133989088,0.7600421727734386,0.5466102535967184,0.42784650433783705,-1.1821762787864234,0.7030891330332236,0.5730418416886967,0.44197426472507306,-0.6344589765620576,0.20803754821479167,0.3481514435093172,0.3093383407814294,-0.5867649841018432,0.2990897156682171,0.4272427471742947,0.39091448597064715
2024-07-31,4.10363152871149,-3.677656271594021,-0.20843740322608006,0.00663267602703867,0.043970857711727436,0.024687447196313973,-0.7032424737961089,-0.05364835893738704,0.1303768657411751,0.13061826097825102,-0.9980490157153796,0.21701223979815834,0.17829682312071504,0.13957390591747026,-0.8912775478667998,0.4182478491421931,0.2129442654590524,0.20827334403811487,-1.047731494278544,0.756901578351787,0.5575326581488877,0.42866129872479547,-0.9627793971626144,0.7675032138804588,0.5470332845438362,0.4767803132967373,0.43903372114781436,0.2613843008875565,0.2810827211870577,0.3291561383248144,0.35859031770651206,0.3534987443476145,0.38623624282008023,0.3867254684088818
2024-08-01,3.9769582369446,-12.667329176688957,0.5725580877345919,-0.08266615910260208,0.051963564548620375,0.002629606221343174,0.05627680798400014,-0.1784326417294927,0.1299193822411965,0.11830831548132116,0.26193947778336035,0.02909730003236365,0.18399203909576414,0.12382956573970645,-0.32656647684837115,0.28085886434981117,0.24243948233184204,0.20930887320764463,-1.382288768146131,0.7978002833710351,0.5830525456634887,0.45298824547116173,-1.390884702989613,0.7785606028601905,0.5493515865256917,0.49047994726737665,-0.8660039811118079,0.39546414167770555,0.26047738297166717,0.33454329890518575,-0.6482399459647938,0.3174986168475401,0.39879469211564506,0.39502898494712657
2024-08-02,3.79412075265613,-18.283748428847034,0.5447666994967353,-0.09457114616154015,-0.002726923089790835,-0.02444853234122357,-1.7549471165029429,0.18954965055286863,0.21224214592757382,0.16903417763508768,1.1532049690265609,-0.19444511409282936,0.04777827556200545,0.057346092848009816,1.4563100710922559,-0.10879411206730262,0.09380266806766539,0.11256151487813654,-0.06039641473334356,0.5755017905896884,0.5200872799882751,0.4179478707550728,-0.3766233574770864,0.5923820367811213,0.5055798418259898,0.46511988345370875,0.3529748268440831,0.2047453303787672,0.20563081175603856,0.28643712636401014,-0.9609286840837754,0.3146711713925247,0.4070515152217777,0.39596555634984
2024-08-05,3.78180164624974,-1.2319106406389668,-1.1901482310005438,-0.09474020732377987,-0.0020312446738202806,-0.032298488060460484,-0.6151224546460483,0.21519685989513093,0.21168442407050364,0.16557146769555012,-0.31506260581494416,-0.18506573190659031,0.04676372838500718,0.05600097511405186,0.06483599908019233,-0.09556559039323817,0.09514721348238049,0.11557119830872714,-0.11211536832384006,0.5828273828436058,0.5230000566397744,0.42376933246140264,-0.6492921075567679,0.5922669511702485,0.5048871022008222,0.46172606541702677,-1.2149806703925439,0.1952338371631349,0.20647826968774047,0.30195089627480853,-0.6650577102293438,0.316826321842212,0.4156822241181649,0.42610781836576633
2024-08-06,3.88715479724467,10.535315099492992,-0.9664738887771457,-0.10314466095244412,-0.00263284600622661,-0.04951352929171185,-0.7290163680570496,0.16500130728469073,0.15922958486831068,0.1514015287327214,-0.36221033964141114,-0.19240688205542614,0.07548046620409131,0.058114370554348316,0.2740273852634816,-0.050233848401323986,0.11903568798602297,0.12230144540190237,0.46060607084108257,0.5745301574765842,0.48982937783723396,0.42545371899773565,0.6571797313833794,0.6212885471110591,0.4571183708769271,0.4698675397259965,-0.4453046054937473,0.1523311805050713,0.13142553595467296,0.2879533527705677,-0.7734958624505279,0.22272817119062027,0.3438066228711094,0.40477980484143283
2024-08-07,3.96562114455478,7.846634731011015,-1.5699821880679554,-0.24744001797391932,-0.06766321514361961,-0.1046186941414058,-1.3262039202621376,0.04247767369730631,0.11547778970800965,0.12729205331815374,-0.8078001521191744,-0.2650079381648691,0.030504794703952013,0.03093838256864915,0.599462129622712,0.003771196268564851,0.12836580680732057,0.1261552378503376,1.5556368490120522,0.6373640208446198,0.5446485768150868,0.43553494309635354,0.7271976317329631,0.6653395724908805,0.4841512040983065,0.47362445845739015,-0.14788715813178577,0.1696652508642217,0.13586029631156263,0.3069859979062631,-0.3092851738973601,0.2505999034994903,0.31673558931125584,0.4010864433039015
2024-08-08,3.99633641076253,3.071526620774989,-0.5808711958736886,-0.35099143003040945,-0.07384390912943253,-0.10738003474939592,-0.38892997580306865,0.021085734966423787,0.11114354522145817,0.1244604984592816,0.40946908838890816,-0.2808862188595496,0.04616759524415084,0.0356692139672268,1.2154329850452346,-0.013437491319375843,0.1330073444547125,0.13763204213064273,1.4272510699401022,0.6342556980462248,0.5413696645612834,0.4459007117609683,1.9144485484982878,0.6371282895986354,0.5317484596996879,0.47818494784419724,2.309950415888787,0.13342048512211455,0.17392344077659533,0.31596073033659916,0.9624581177975107,0.34312254256829233,0.33888611214707515,0.4070048470399327
2024-08-09,3.94074622509508,-5.559018566744989,-0.06024263484677106,-0.34882520276093665,-0.07197346900922863,-0.10265821568883217,0.6269860654720323,-0.0247445298631917,0.0625424870440256,0.11610548715842438,-0.6424204538251845,-0.27276002259533094,-0.023305808511535502,0.04109803792037358,-0.24970936926412834,-0.0009578118284659518,0.07440291050568273,0.1365992697376548,-0.7461175549399037,0.6477239324728618,0.5368596379908142,0.45200524673277015,-0.24291868446870435,0.6350263275178314,0.5161027679541231,0.4750545904580675,1.1933466061439935,0.0896238493481787,0.09902511581058315,0.29780069701246686,0.8458078052152194,0.2997981719958317,0.2780762693090365,0.3875847900297055
2024-08-12,3.90734443498628,-3.340179010880018,-2.8043987177827425,-0.3077073548551413,-0.07857441865319571,-0.08618658860068264,-1.35043986254688,-0.030494778310770597,0.05433236340013833,0.11400749185995232,-0.5188304163762112,-0.35838493084632794,-0.0746326392707374,0.03310752279883014,-1.8548338992021793,0.0031695259856227517,0.06376435733231853,0.15415679133737617,-1.1287403653778818,0.6211057488005091,0.5311436022442586,0.48563120932728093,-1.4783219553913824,0.6158522776934472,0.5085275774978869,0.48716171593750857,-1.3015295534025473,0.1375209020337554,0.09270155812472274,0.2755432598186369,0.41807687576385266,0.30008798727719316,0.27039490696295787,0.3583733503919323
2024-08-13,3.85317719888474,-5.416723610154017,1.3672665972111757,-0.3289260367093875,-0.09925256586904312,-0.09172242464374392,-0.2572524515537863,0.025826109328781842,0.048838604146611626,0.13580930789335,0.5641283440874374,-0.4212022714392107,-0.08964409138385948,0.028602563113614764,-0.06618851252039992,-0.009346743442969636,0.0646194423815779,0.15309507927039345,-0.086795248087424,0.631726129587564,0.5268929926431039,0.4810509281453531,-0.44411252179405125,0.6054534402379118,0.5077044330998434,0.48834746117714095,0.46723310435091203,0.07404211783460887,0.08580553316850265,0.26282623099226643,0.237451160796448,0.2524299995717096,0.26219324299071817,0.35872189368206275
2024-08-14,3.8210015966694,-3.2175602215339882,-3.818489558357216,-0.2201948340996645,-0.09747061008690563,-0.07239680279517564,-0.7583515263422944,0.03488513143318687,0.057398247506006264,0.13145658024601134,-1.0662625625469344,-0.3918422694761434,-0.03866392782207346,0.0268771729562521,-0.16334068664338264,-0.00040098543579185553,0.08477557602187681,0.13776458677803718,0.27596709225778904,0.6341484870138292,0.5222080420731834,0.46944263515340884,-0.9124277719774784,0.6072948135331963,0.5383544556752734,0.482822538666568,-3.36050604889455,0.10071020480225107,0.13385126909467482,0.24318221709930446,-1.2137473520818785,0.2907186072144024,0.30836014177869614,0.3482970991001258
2024-08-15,3.92546229698186,10.446070031246002,-1.9489874251169856,-0.3094621771274519,-0.17902698850475177,-0.09249551191915388,-0.9419819677782721,-0.07210700888289832,0.015291725064494558,0.1521631910045976,0.31081763229374726,-0.349833817253695,-0.04033611873177672,0.07979855264862493,1.5004987933220801,0.1853581639387401,0.14415783178995256,0.2068530960872518,1.9222903628819425,0.6912032095313065,0.5637369715055374,0.5486228364132085,1.6925999131632998,0.6538972058466749,0.5612850674678758,0.5335118334077846,1.1170707458151616,0.17608292002428538,0.14343858824903222,0.27378202791373973,0.14764778904346243,0.27501040020335843,0.27517394563199676,0.35525816615656297
2024-08-16,3.89112575700978,-3.4336539972080082,-0.5890676458411201,-0.3671329113060325,-0.18144914755520566,-0.08747689559883699,0.7563271566300513,-0.1266923774454907,0.03422047952771835,0.15196024975488537,-0.07545870708651536,-0.4042708102678275,-0.017904991775921742,0.09969530424309855,0.3986943758117376,0.14749057594151574,0.15271890824142384,0.2165134305026852,0.37212377254379203,0.6634761309332533,0.5805522267998393,0.5524501716263852,0.23265936727666547,0.6267409526807398,0.5573406514600268,0.540903522214324,0.8544998084964,0.10676755321710231,0.13284428536101084,0.2690046099738356,0.15650359139989117,0.19853426663273238,0.2665443813564477,0.35389678092474297
2024-08-19,3.86543613280276,-2.56896242070197,-0.1715650697146689,-0.3753967664454307,-0.18108081251103975,-0.09234901775288223,-0.9361692151106111,-0.14199005271451162,0.044467978273351104,0.1511563288827743,0.41164204463652787,-0.39104773008228577,-0.018872223023797773,0.09584464433309932,0.09401519197230401,0.21229956196650537,0.15365231959347037,0.22023324886243545,0.2906877474264833,0.6530207545666407,0.5814740544859314,0.549354154320166,-0.4233920269376992,0.6185018249885287,0.5577738980569797,0.5394678263715804,0.13091955658392318,0.09681320537951527,0.13163908805692323,0.266440845459494,-2.1392316208031774,0.1565061778435901,0.2645583212327387,0.36858879485754614
2024-08-20,3.81612992926918,-4.930620353358028,-0.26693488715746555,-0.38520590655227255,-0.18812092970072286,-0.07750938612118001,-0.22982947394763842,-0.1545318495888161,0.052081340131391124,0.1714168595786814,-0.36782172246828215,-0.3843240132052316,-0.011226390010101901,0.12346418162587734,-0.18304581238973378,0.21824270176424304,0.1777578810636924,0.24201026391020422,-0.9421397498863562,0.6560359333510357,0.6422598503248356,0.573173490114677,-1.5526428624500224,0.6187947088026432,0.6381923176689801,0.5753731890173831,-1.6038638513419583,0.1197087072029462,0.1630599441453745,0.28783317577122364,-3.0179777711872964,0.18145475840691247,0.2964735027523866,0.37598216742178875
2024-08-21,3.7755121900918,-4.0617739177379875,-0.0015309241312637667,-0.4447675794584601,-0.19477001368414776,-0.08012429796157002,-1.021006230719744,-0.09894628926990301,0.06275097542901784,0.17783348881918148,-0.8316931360673601,-0.3136016095380808,0.0039061337009452892,0.12894887991102646,-0.29962599393168965,0.22138952702116738,0.1814351882097761,0.24434527826446986,-0.8961760186508514,0.6635117752779687,0.6455760540175917,0.5819209468011103,-1.5191842892851746,0.6082620295388993,0.6390772569319022,0.5812898064176055,-0.2970176029125722,0.16846899411460556,0.16404702762814874,0.28759607551922967,0.6049101178378542,0.16156410029047544,0.28643842822508775,0.3690961130966719
2024-08-22,3.86064365075413,8.513146066233013,1.8525656015256768,-0.2601742952406799,-0.13503743683738997,-0.02875474696263165,1.3642068670506378,0.09440916742463079,0.06942676701047924,0.1877891783930066,1.0063984014389278,-0.14499933091569447,0.03566207735246565,0.13872306351288177,1.585560282674448,0.3302688606196886,0.22945361870479453,0.255184930859545,1.699534937533488,0.7083666960511033,0.6575642828409749,0.5907959401483311,1.6431514304692214,0.6738656342986825,0.6474969437748628,0.6019711549282318,0.9010153177232896,0.2217531779100792,0.17992075197580942,0.29997484818967446,0.8524975139178175,0.23458560667383813,0.2991661892853803,0.3823311275419215
2024-08-23,3.80560081568173,-5.504283507240038,1.7981584374566406,-0.2658542466174293,-0.15695701527878198,-0.07839241128327304,0.7613759907672639,0.05817583250361619,0.05460762947605133,0.12400699477115622,0.16003735801676822,-0.13910452494584857,0.03800569700357271,0.11369587782263385,-0.9449459258509121,0.3386376321395681,0.2675541212897531,0.26511339740890677,0.048666225211839276,0.6975868496696023,0.6784802117888219,0.5888979789699389,-0.17306018356192032,0.660949444557439,0.6539799578578056,0.5892457894346657,-1.2869941952139454,0.22859375755565003,0.1935715763867002,0.2824872504761478,-0.7179944030096417,0.23078668349357517,0.3044508651738526,0.36025706067291574
2024-08-26,3.81693273466031,1.1331918978580102,-0.11520694616230465,-0.2612867653294712,-0.19018380640566207,-0.09871864075230298,-0.6453757237407038,0.04982199558589373,-0.012099735418088555,0.12222708804084652,-0.9342560419205856,-0.16116529407967795,-0.002690173214052014,0.10458035350644135,-0.9049410790909216,0.3034465257523689,0.23017800018858317,0.25202803268049545,-0.48349009229451395,0.6855520049503063,0.6604438355599244,0.5862797498025295,-0.17469114610287995,0.6825010539446668,0.6548221936361445,0.5863576466052112,0.5589133739448033,0.24092741886930266,0.18203501508199013,0.28805147144957927,-0.8664646290041824,0.23069233206040698,0.27409730160111245,0.35455290501226666
2024-08-27,3.8320759872096,1.5143252549290054,-0.3608747902911995,-0.2537151894155757,-0.17548479554574822,-0.09354651607159621,0.3635223918142394,0.09646706339642404,0.002250662970965,0.13722541776077066,0.9710387089037118,-0.10725288777219424,-0.009154404672054195,0.11880766914482534,0.041441318921855874,0.2963831546812737,0.3320146004821175,0.2530170443242431,0.19947886677702398,0.6944903470458585,0.6955274211241034,0.5926652655193357,0.5193063183474975,0.6901983916921468,0.6754292652800048,0.6025631739438013,1.1259291251949088,0.25163933673589256,0.23449093368303064,0.3045695990740683,1.0132707799545375,0.2461839268109425,0.255846743883344,0.36215472569301116
2024-08-28,3.83964937489264,0.7573387683040167,0.9595018215757825,-0.23078312926344005,-0.16352057635026762,-0.07640617299246384,0.76927768524696,0.10652851041593356,0.041757058365621214,0.12277262160653805,0.38590392876608326,-0.1242456749053953,0.010408935464503586,0.07298078251413634,-0.10970424750566077,0.2838112701658826,0.3261720533362761,0.23000141219028605,-0.6955778526609281,0.6758582974851336,0.6822842795669942,0.5893500889001257,-0.6622497822237549,0.6762844891370907,0.6890844803231989,0.581853211672382,-0.01865626069263998,0.25968420666527053,0.2597016613491736,0.2685256864613298,1.7642115135317726,0.26386811090173673,0.2899245437663189,0.33906823201700503
2024-08-29,3.86625763890919,2.660826401654992,0.31044891948463693,-0.17454979724527728,-0.16336368181225183,-0.04835015463549782,0.4379055883761376,0.1738231436130912,0.016690961198664665,0.14102423257949484,0.5674327336177314,-0.07191158681429424,-0.029735617192860556,0.1030871525899114,0.355020013156752,0.2649128343257409,0.28203233433699854,0.2502155279510233,1.1601358393990593,0.6311755833542988,0.689497737196577,0.5914060394903803,0.2958348136327831,0.6450218310379414,0.6939957971858938,0.5758160191501642,0.25760473590663674,0.22824923888543466,0.2991432835427454,0.2491356155098575,0.9058929506051103,0.2660036300711864,0.28443819465984627,0.3496996401843493
2024-08-30,3.91014085021176,4.388321130256978,0.857725245681376,-0.0675550546570575,-0.12187097025588164,-0.037152599783733545,-0.47579624302029755,-0.10769461720320075,0.035104347625483145,0.13454603637405177,-0.2970235883068031,0.218272719642564,-0.03312981562263994,0.08659714121073257,0.3246413492119904,0.6613580982017675,0.2726561263664412,0.24648828330324557,1.364804668327316,0.7549583997439074,0.6862715838247958,0.5952923245118886,-0.3828901701595042,0.73511817530506,0.6754353244342752,0.5681149719904743,0.27783582123831696,0.34821556594527997,0.2972159804028807,0.2526824793784285,0.7261081606019232,0.23167701698614293,0.2749795886933039,0.35383683443363806
2024-09-03,3.84334609714659,-6.679475306517002,1.6783708865946307,-0.15894482031613216,-0.1515991733263361,-0.06153833071224409,0.968107828711424,-0.19871365661658222,0.0039434330082334,0.11262166583587895,-0.07200678771527996,0.2048601767473953,-0.027793698535455023,0.08655829336676509,0.04059313798550687,0.6378707559747967,0.27464014150114724,0.2443090896982873,-0.3835692111857344,0.7578033332993623,0.690264137538015,0.598230293997632,-0.5708307892866433,0.7321153499997466,0.6756316841465887,0.5689307774244049,-0.35670900317761256,0.3455103777767049,0.2990701713956186,0.25531330482440373,0.23485896369837445,0.20012889536898446,0.26575827158671356,0.3505623927895312
2024-09-04,3.76750058546372,-7.5845511682870015,-0.8069302938078082,-0.08658295086077471,-0.10371840473654935,-0.03373781511374893,-1.7108990034951366,-0.005151606704506553,0.07355944547358288,0.11768050930904564,-2.0761301979859423,0.3965015783834017,0.06929091368164207,0.16299759641279907,-1.8722735431124127,0.7146547378614267,0.31921694074535123,0.28850084327573583,-2.9766185068106927,0.8053961015575333,0.6813676934939804,0.5890306488689339,-1.3195856387002656,0.763021463424005,0.6872281818774187,0.5421493855953357,-1.7926999755884236,0.4804284345873908,0.32416362210823507,0.24548622504949547,-1.234404276997629,0.3483140415509387,0.2861520663517096,0.3449088016212541
2024-09-05,3.73163380623406,-3.586677922965986,-0.9009384933395581,0.004730255851937934,-0.1007224642252537,-0.04096980688034087,-0.7598739435060766,0.1332149132418046,0.0792926947379224,0.1198552347752768,-1.5112160933685406,0.5184819293908258,0.08479201192651031,0.16356534957781715,-0.862651503803568,0.718318139802804,0.3240235048541412,0.28573497251346713,-2.3881890945134976,0.7557726197206177,0.6655327502969268,0.5967647968202477,-1.8975747075391682,0.7449243081522543,0.689087670498568,0.550888185282824,-3.087994818082896,0.5139661311165041,0.3297513147931294,0.2543909484363919,-0.10732619556660117,0.39680292138819473,0.3085628193180998,0.3360683105156589
2024-09-06,3.70892777693104,-2.2706029303019903,-1.071091339267936,0.023148051022545628,-0.11950548803981689,-0.03930621974319967,-0.7500259593058756,0.15232307433407122,0.07747781812707272,0.11891701177485016,1.3291908254918368,0.445762019931145,0.06633434256021725,0.15916190030654767,0.5007808295168479,0.6883276499211547,0.3016729222650381,0.27548238813857634,-0.686495782782464,0.7440986157059254,0.648833451439846,0.5913703461657516,1.0002521218940643,0.7044443662331237,0.656652899992111,0.5736634956843655,1.295002226257219,0.4563248163629472,0.28390272446731285,0.2564514849737039,-0.21405621750742077,0.3730215792324267,0.3421810152538944,0.3438883330711337
2024-09-09,3.69760632443716,-1.1321452493879836,0.2377675186007231,0.028428372838932084,-0.1221448927606797,-0.036366087592489514,0.39974314304239966,0.20228225751987763,0.07681734975066486,0.09480694386568371,0.24983368737162914,0.429902033628723,0.0641799126719963,0.10959773640303869,-0.4003570146616575,0.6941810953884618,0.306407454477539,0.23839032795081186,-1.1201792476146624,0.7305885295546569,0.6408938672578316,0.5837670053943006,-0.16419559493450864,0.7218182400080908,0.6565684298035285,0.5662853624277832,0.8418706153607713,0.5213889542849716,0.2827460449217271,0.22605547106835314,-1.2094540915893919,0.4156682546491823,0.33767350987068984,0.3146562582390898
2024-09-10,3.64321883687476,-5.438748756240042,-1.0971892810903774,0.018264172485017403,-0.1371992576477836,-0.048339726238717545,-1.223092232312755,0.2249484168527179,0.08430120079887396,0.09370726868537467,1.8440836662151199,0.28476321281479844,-0.01295750462396395,0.0457872787475182,0.7164243987232224,0.6582050981456586,0.2713880472220752,0.21070878430659773,-0.09961258847102727,0.7103527900917738,0.6283679371724573,0.57666319691196,-0.8910449317274112,0.7314668831803657,0.6553920756924566,0.5636208853136888,1.0366848895907508,0.45358669204551555,0.2775195037241178,0.20266066346960265,0.5965483581309567,0.389414844182945,0.325167783953649,0.3031991596422851
2024-09-11,3.65250935761643,0.929052074167025,0.04615393401088008,0.07481280186220375,-0.1332448274785538,-0.04508686974897858,0.3361260908543042,0.23572145166995478,0.12483562193158419,0.0927455230950179,-0.9583494382391392,0.28967198300595165,-0.040154148121728794,0.038253571294078734,-0.18109441602399667,0.659994167721956,0.2625343617319854,0.20889542025570795,-1.0237409940856033,0.7016133136242274,0.6230306934136947,0.566856434816792,0.2558493376513409,0.7416293231929559,0.6500691992999187,0.5639821883200712,0.2614772442660256,0.4895821488095388,0.259814869233709,0.2059620140533632,1.420272670554093,0.422676636794688,0.31021622370027324,0.3050610260742595
2024-09-12,3.67868395302133,2.617459540490019,-1.3769297696307392,-0.04119227461391013,-0.1474590133319143,-0.07866900403754735,-1.829164053870013,0.13542131309151642,0.08759778359682058,0.07746228416387146,0.6338682969001255,0.2901810479682597,-0.021483372751571354,0.0718364710259658,1.066249006370608,0.670025539336541,0.2939997189007165,0.2338141945150685,1.2814291883659494,0.7269503855454644,0.6337022349125977,0.5711125489010138,0.7750215857885311,0.7460430801807029,0.6567971004928631,0.5895081816380517,2.7688073120574273,0.5262759292381788,0.28830824329573346,0.24594819077827731,0.5774265313062655,0.422324733785781,0.33399718888854757,0.3383190171994636
2024-09-13,3.64853339589231,-3.015055712902015,-0.4526707410175297,0.25250978524864326,-0.14748134541224367,-0.10112713582523059,-1.304564223620413,0.2957597130523081,0.0806161054011299,0.07636938722235243,-0.43649882356520653,0.3093866393508497,-0.034098430642563717,0.061034297897913196,0.2802852883960001,0.5710825839275848,0.3116270055596658,0.2309414650952674,-1.2543411867842016,0.6711780811935023,0.6291371240725179,0.5742516183975652,-0.1898628310151742,0.6693841047021346,0.6492109020284001,0.5824478406763358,-2.117600871240506,0.5179422901472347,0.294478661598601,0.23266266872141725,-0.790507137331536,0.4863720658084698,0.33271162549507033,0.3219253822616356
2024-09-16,3.61949339574679,-2.9040000145520217,-2.4641679690972804,0.2503411124378681,-0.15899451193384986,-0.08974125169126108,0.45078251041933126,0.3148382093518096,0.0601098610811355,0.09690452884037506,-0.3795726981641825,0.3148288530901134,-0.04734890297431757,0.07930739337944975,-1.47743684646779,0.5804204529746236,0.2940444101735454,0.2445877423396492,-0.7162675361703712,0.700197271506737,0.6171920494580998,0.5892939120079042,-1.6652575530334301,0.6833326890853438,0.6263090264272182,0.5799668499839132,-1.8716607960831024,0.5455998431909393,0.2698987289349499,0.23569259090942354,0.004142110037375968,0.4920133539879651,0.3012229276144142,0.3170116339548392
2024-09-17,3.64092808624802,2.1434690501230147,-2.1870141112627555,0.1527949591119285,-0.18017414860740236,-0.10121831687422642,-1.3099869444159782,0.2456240535101016,0.03306088409904496,0.09007191822458584,-1.0469422565013018,0.2685758945006152,-0.05855024482891338,0.06716284775080918,-0.15468847417049925,0.5751916664359992,0.32656294008476816,0.24242343445574263,-1.2915535751134688,0.6654898638967747,0.5852921724033523,0.5732776732385414,-1.4943281749082336,0.6008525321404438,0.5854547868303422,0.5593635593404542,-0.8276061867648826,0.5191758019623319,0.2548825720339447,0.22865566257813316,-0.42722992374019964,0.48012940370307955,0.28576801247417416,0.31160447773121325
2024-09-18,3.68589037959254,4.496229334452018,-4.721909646667936,-0.07263909696411797,-0.23541152393431342,-0.14708196127908377,-3.4498114626045377,0.024957281064831263,-0.05197825340718011,0.03597463554044046,-1.2448161254990753,0.16869538828758185,-0.0908663201158306,0.04254691966581089,-2.062945671677912,0.36333462492708957,0.23584584430951694,0.2140048219604179,0.020767988036080043,0.6579576953372176,0.5851577014233926,0.6051212402791711,-0.7250742570044151,0.5253478369772904,0.5654329734737196,0.6009243028851218,0.5413172627098912,0.501101202184612,0.266977731626082,0.24993975481645483,-0.27586926890022556,0.4016748631191299,0.2764345469894552,0.31859347360445556
2024-09-19,3.73862562709452,5.273524750198,-0.8517599297461502,-0.07835888629093239,-0.26193496612740796,-0.15536528212648626,0.9457896747186885,0.07540344572594741,0.009962734372063818,0.055696534187051686,0.813297655943904,0.19174275122923992,-0.0308745533127032,0.060912813258648744,0.24984030744348829,0.38029974365303587,0.23827675494563258,0.21814942103108745,2.114245646311296,0.6914955877238174,0.6058412341644374,0.6145777030135677,2.007065789101376,0.5616607342846321,0.5828569925688817,0.6106137316559153,-1.269145132119296,0.41792163098133056,0.260650995669774,0.22922517776923157,0.4933900061150718,0.44419427744253964,0.2945794666798643,0.3256238708036442
2024-09-20,3.72717103134002,-1.145459575450003,-0.052642770002655936,-0.2880546099656925,-0.260117922740579,-0.17019214878196626,1.4287780653398081,-0.09803426532648916,0.011645294641245803,0.01756336283190835,1.164214215223744,0.08005198828840446,-0.033641179446251196,0.04400769548550597,-0.2481365179712638,0.21594965182888853,0.24111586169720864,0.21143567668073407,0.27050403147054736,0.6292473675836989,0.6062292205572882,0.6052280371433872,0.4978701273784607,0.44419197768030605,0.5886793121391576,0.5949343355195242,1.225176452083469,0.37152217159281165,0.2584483959015963,0.21931086781579592,1.460853129013692,0.37254306841390766,0.2886641543145584,0.31302212613870684
2024-09-23,3.73563758063506,0.8466549295039982,-1.0121414173320449,-0.20551425392931438,-0.2491844593669037,-0.17190590871499262,0.7676930455019102,-0.021607224248395073,0.02257141041452224,0.02478242510536846,-0.5228015530378243,0.0895717275956243,-0.030001547948833765,0.04550659334353362,-1.3011873998007553,0.1434746067869438,0.21968210173584352,0.2190903173960185,-0.4236820530442752,0.6798504579652684,0.5973602529231008,0.6208463703094929,-0.48444075407393283,0.46452539924684194,0.580532443710389,0.6018493901540909,0.23270398298815353,0.3382396414258041,0.25315787112274907,0.2206687998755198,0.14645586783098874,0.3246447787393624,0.27766290919230324,0.3127123572673294
2024-09-24,3.73465373827399,-0.09838423610699643,0.04616870385436833,-0.21232127785064864,-0.24651506601586695,-0.19734179815373554,-0.7172697087195584,-0.017404579897053327,0.020147860388161312,-0.017876400842723444,-0.1150488538410912,0.11004638212443463,-0.03147030514619632,0.028838794393461847,-0.7776475954714432,0.15798389168463303,0.2161671644122938,0.19639411770945572,-2.117727050218512,0.6465875972448667,0.5681394568542161,0.5892622874991847,-0.5897013774586428,0.4618204266140296,0.584581177140627,0.6009576526044816,-0.6976894749375423,0.3282388864155906,0.2535667841960051,0.2091274300478906,-0.2632203665516285,0.36314235635177106,0.28679047677739306,0.2968906321857974
2024-09-25,3.78011821058351,4.546447230951989,2.0848073386086936,-0.07231345669238089,-0.18029594860155948,-0.15385842908306835,1.8399847563173726,0.08102371881082629,0.08323605808718677,0.020168211710076635,1.3999835172587105,0.17035281225822704,0.01753081138086788,0.04609812977655525,1.3479778851991422,0.24840035235751856,0.241487303654261,0.28479086427172673,-0.008634143226015745,0.6344654756313234,0.5621594218522674,0.6075678286622848,-0.18905799437752346,0.43893586453730543,0.5761484867316974,0.6084277471687665,0.5752286473100319,0.3313516778882607,0.25906543555883815,0.2492093679902777,0.3425982999220416,0.3429126962967189,0.28826542128775834,0.2882795169144785
2024-09-26,3.787695115065,0.7576904481489954,1.6260265759070238,-0.06441923217505073,-0.1639379144576997,-0.14125473650074757,0.2726711532482669,0.07664985709704035,0.08251434122264496,0.04380697844309938,1.2771581199503457,0.17619145628543742,0.013915110665082999,0.06414698741087788,-0.2708167241013222,0.24606590512895166,0.2313554599222494,0.28013973935881115,1.1723203391736479,0.6313747479926913,0.5566930469963333,0.6038371931041865,0.9463944098608992,0.4454241965991113,0.5705705249571414,0.6233155092777023,1.0404384423767394,0.3360707953896525,0.2687856341824107,0.27112423992013485,0.8065745927224865,0.35719454707140524,0.29793653987866464,0.31423839608517923
2024-09-27,3.74772678139941,-3.996833366558983,1.529508162143056,-0.1429009937804169,-0.15323499569130708,-0.15461247402761424,1.1711432693120576,-0.0009393534814315244,0.08212107209180095,0.00731508443258105,0.05878174542023995,0.15299013913688192,0.02998391323117135,0.029893040871880768,0.7456917060738243,0.16374515584617985,0.2113982729915118,0.22895292163179326,0.4953405226933376,0.5610212310900976,0.5246973859344815,0.6001243133509163,-0.2853625376161725,0.4243733622183272,0.5463991722428723,0.6232316071755235,-0.7248451721749634,0.34341953737164904,0.2583683986892911,0.29950431292150753,-0.1495811700101759,0.33832894957190385,0.28186885892711905,0.29795916725287563
2024-09-30,3.80092517012434,5.319838872492966,0.6695878733336416,-0.14012753786561136,-0.0931973956236258,-0.12440897188585759,0.0937761732130018,0.03076191634185718,-0.029896255012560765,0.030166130306109925,-0.07580771892371185,0.16330278784511368,0.16429447267713815,0.03230480072898552,1.4015364873046146,0.24243659043007132,0.45535444819375415,0.24591490008835118,3.5361748175984022,0.5968381516899331,0.6274539339010227,0.5950287852519613,1.73328089556831,0.5333581988907353,0.6376507270887656,0.6278147399268086,0.38896268981971516,0.34672571214299086,0.34122061426753625,0.2996251540233067,0.30202322268076476,0.30264666619023056,0.24144506034064125,0.2814835834642671
2024-10-01,3.741968738614612,-5.895643150972774,-0.6952383962273037,-0.020675687841897043,-0.08900500188297357,-0.11771652811567636,-2.0701177920153087,0.20459393324407113,0.020668096303066957,0.060464367979010475,-1.1011868451536415,0.22935095003890116,0.19398832346460945,0.054682851709005886,-0.6026706900293632,0.29463252092335723,0.4647337345707214,0.2559968823824613,0.39148620609942175,0.5657672640444038,0.6053669763334205,0.5841104837591806,-0.6604793483315263,0.5429236889184202,0.6391866313876012,0.6297421311307484,-0.46811524976161917,0.3559926484992862,0.34174515670282984,0.301995181182932,-0.4316228639732572,0.3735580789571309,0.2480316167666159,0.28680878941857646
2024-10-02,3.783732089817813,4.176335120320074,0.7520361029418239,0.012297025818544577,-0.051674434143213564,-0.08694169869286816,0.04370178839228789,0.1298243928602537,0.05435139761174113,0.07395668569810666,-0.9170031947780286,-0.01032730364909772,0.20025668452335804,0.04639552852927924,-0.09577776345561606,0.14611733545232836,0.46935246490940963,0.2543186613399875,-1.720860126679632,0.3710109472598956,0.5742061019167723,0.5444008084613698,0.33355311806281285,0.5024039262785984,0.6451295561484015,0.6341050396777747,0.29787008749177923,0.2782054029767197,0.38647278746906605,0.30474752648698106,-0.20665308599372167,0.19712907512296307,0.3097379294792853,0.28250474069901976
2024-10-03,3.848649628344398,6.4917538526584995,-0.6633088134346554,-0.012407898813581083,-0.022996102362889115,-0.09803635100265203,-0.1236210523694723,0.1135897126242446,0.10576997503542794,0.07354582877097247,0.030441869339199457,-0.10379916746195621,0.24787057880873453,0.0474596660291116,0.231955379921728,0.12439208801375248,0.4565315213486869,0.25666220621402575,1.9054550756726432,0.39231005395890406,0.577288555564973,0.5612298932384011,2.2556903244912094,0.5472019623565544,0.6668915447120647,0.6526181766964106,1.8741715633035423,0.2794263280405482,0.4403535755107067,0.33188054451889637,0.6358892306773983,0.23319221520912126,0.3541221495488377,0.3065528206120557
2024-10-04,3.9798135511343915,13.116392278999367,-0.18121371580742407,0.0002401441598933085,-0.011346687068166368,-0.1070567902645431,0.1786642920225603,0.12067829347139687,0.12272446314936498,0.08251115322074436,-0.07489428100809636,-0.058615369383127926,0.21493086517231652,0.03472524925538859,1.959694268772064,0.37988841551080454,0.5255669712078652,0.3110881596823527,3.390309441468797,0.5480740746272855,0.6398959349833402,0.5895158936658452,3.5933097998729293,0.7436581009489392,0.7351048092553196,0.6798949481973665,2.2548410491658917,0.46195980781871476,0.4867303966926657,0.35519332262837255,1.736332857875869,0.4318920974843029,0.41523191146009975,0.38316469251554414
2024-10-07,4.0245923119824205,4.477876084802901,-0.012303918984995277,0.022868417461883093,-0.001562505207464773,-0.10449717657777809,0.6887554349714176,0.155685319287494,0.16386221117443636,0.09932153347119148,-0.3188691441479745,-0.06314307129456143,0.19037671414623197,0.03151359961650432,-0.40639517974896955,0.3521761019401468,0.5138783586801018,0.30883487327218007,0.40990004807594227,0.5341823199805884,0.6359693560562393,0.5897445110296125,2.038323464659811,0.7450582358748934,0.7464287510585726,0.6831539558011964,1.1970059014530068,0.493919198649027,0.5360636435032597,0.364163814836013,0.814069747061043,0.4366818133849084,0.4587441313024119,0.3907860601459195
2024-10-08,4.034378950830937,0.9786638848516382,-0.11645755962128046,-0.015722849252220835,-0.03426412693764221,-0.12191501372430252,0.06740539411859192,0.09589605773312626,0.14769473651991852,0.094762003416131,-1.0360382712605123,0.140504402468463,0.17519831187176715,0.00923043667035701,-0.69695754065136,0.4477692151911753,0.4992149751331997,0.29699975205718926,-0.8207050987859392,0.5497999406060268,0.624643809468241,0.5806727557817486,0.1346746421087679,0.7335233341746391,0.7428413198559429,0.682178678512109,-0.6404984155305535,0.5873791575206305,0.5240910386540157,0.3719712251439564,-0.4986706252280608,0.49958371041502286,0.4652612712096033,0.3909894334508914
2024-10-09,4.065703853198389,3.1324902367452445,-1.302873903480426,-0.019175924864186653,-0.009320764093242123,-0.1263412667118187,-2.1326888907991393,0.07679031927179034,0.11716587381982223,0.09393910752432101,-3.4241652556841693,0.05705942795642622,0.12740345477716805,-0.04035230710892513,-1.9250485398937474,0.3896079021468765,0.4517784190367749,0.26011174918354846,-1.38521784397848,0.5188031060223134,0.6087105845173162,0.5683830056572048,-0.0635803949413023,0.725115083377441,0.7406770153042338,0.673592017319345,-0.37254008133232963,0.5794941989117613,0.5383787691548393,0.35183575426706903,1.187158327480144,0.5522375670492601,0.48627968127853677,0.37889971683212287
2024-10-10,4.093207165111977,2.750331191358768,-1.6946225205876801,-0.02164652463520101,-0.07652692606411829,-0.13262029216482552,-1.747142811382128,0.07567523239553375,0.09066470751538808,0.08088817936702143,-3.477469190148015,0.02340753695937438,0.0662743173575631,-0.05987475066940321,-3.3623241652291114,0.3080463564271898,0.36304614124027357,0.21847088738816575,-2.3230405012557407,0.4770658201581814,0.5787884654852561,0.5403873530036349,-0.19933723378231044,0.7177134985309678,0.7311105500335466,0.6714946834961781,-0.16819996659662073,0.6372300728229086,0.5332970564784796,0.36078573260497887,0.5179511458510144,0.5531180888045232,0.47635917820363566,0.4010980107023233
2024-10-11,4.071780862900979,-2.1426302210998394,-0.10170842291936033,-0.033395752607146806,-0.010581950119018545,-0.13530548319848665,-0.7272029386067835,0.046783865859545,0.1373768617838117,0.07711619242171477,0.3299856982578877,-0.00712461680605464,0.03692874780920709,-0.07222787484901264,-0.2759825757359682,0.34223396081480006,0.30672390271803485,0.22605830615964415,0.45612260812824656,0.4278818807225056,0.5419213951779241,0.5351779041977935,0.6899046520908514,0.6898677247599675,0.7027910308375024,0.6628605918750928,0.47321820553653127,0.5625024494025559,0.514411290876705,0.3602209535211782,-0.2695832666291137,0.5289235669250719,0.5062873555490031,0.40114445091341644
2024-10-15,4.036554660866552,-3.522620203442628,0.8523244473534399,-0.1736435499835043,-0.03454147298168897,-0.15894582283322933,-0.1591534134788164,0.07393831207132899,0.15588860476885155,0.06990671286683005,0.31427117129408,-0.04345835300975226,0.029303101680595016,-0.08627141923507,-0.8168890241162243,0.31523757075950853,0.33199333632424666,0.22138205589534155,-1.201794463179616,0.44343956677807705,0.5621797513821967,0.5323017787842248,-0.9979164264588798,0.6845929424533137,0.7184200537725213,0.6587947954359626,-0.6449019718965796,0.53974467192315,0.5419389346077399,0.35043514538812204,-0.5762899222820355,0.5654413876148742,0.5194029649507246,0.39089961498600234
2024-10-16,4.015088690798752,-2.1465970067800377,1.750711306316941,-0.23062804640328427,-0.05407509892748933,-0.164398335806001,0.41017459225367037,0.0520561337108258,0.1378837542275734,0.06354467458715428,1.41362310599144,-0.10295663261357124,0.01780543006539063,-0.09096562391653677,1.2079336718767455,0.2381678887755538,0.3110198513912628,0.22226193941403707,0.6232975765382065,0.430526641258953,0.5591007382426236,0.5257840994492129,-0.6498045511248647,0.7433102988538747,0.7195896692999721,0.658074692714928,0.3976596913521155,0.5394599958271429,0.5391866694250012,0.34676421346901076,1.8398866725382657,0.4071736745117393,0.4715148953881495,0.36452210831080145
2024-10-17,4.095489835131741,8.040114433298928,-0.3808571189932608,-0.21251926376258906,-0.06365383369028008,-0.16038491780926553,-0.0729731063588801,0.15275465052253034,0.14035616320905284,0.07292580896497192,-0.4131589567272962,-0.087162536699521,0.004470702568345453,-0.09297153605388953,0.4976117796784578,0.32424805454470473,0.33174503735367056,0.23389506297387117,1.460232969708637,0.46279013175422434,0.5707339236690029,0.5405756076267423,1.02127837900496,0.7887249139788156,0.7110778571512036,0.6638031357617122,-0.2529365309640733,0.46880185677890157,0.4892434500702757,0.3382383617498354,0.5565472623480865,0.44143632710302555,0.44491854941448555,0.36860418458900124
2024-10-18,4.073990109813237,-2.1499725318504304,-0.7060657068132066,-0.14139151522177618,-0.05449407103952504,-0.168277993273886,-0.18407516300937288,0.1266778105813228,0.12280329000193428,0.08580192648107213,-0.7498271808522174,-0.10330065096142813,-0.0025710286171613363,-0.0791306330340788,0.2828079821570495,0.2932279053967197,0.3240655298289255,0.2287126581237096,-0.0926647611733693,0.4406365767512386,0.5631993650594286,0.5425887970792088,0.38628352053125115,0.7725437532936138,0.6931719289409317,0.662839670717462,1.3979958424679295,0.4977080451136462,0.4603932696007339,0.3466791950593874,-0.09273307326286401,0.4602330924267276,0.46732306511656696,0.3759415903176026
2024-10-21,4.180711474596794,10.672136478355743,-0.8893450010906014,-0.21713372543062126,-0.14977327142315616,-0.17688762859806717,-1.63837411448816,0.0343644665480765,-0.007911096314740962,0.03997613555594726,-1.4730366720576322,-0.1358749638476652,-0.10510588755775695,-0.12013737463937549,-0.4814838350149442,0.245368390983365,0.2400406881019754,0.21224145831588634,0.2765890106578883,0.41451341118596247,0.5206821837569166,0.5346541140333728,1.2699343581987836,0.7685633572220483,0.6817279817031427,0.6773032768935615,-0.5648253156127137,0.40370194718189767,0.39180315039276886,0.3194536804649357,1.4616799778263614,0.6072411238021995,0.4962259396393994,0.4060302700143904
2024-10-22,4.204637006633451,2.3925532036656705,2.2728855290992476,-0.21784862963424131,-0.08079385858671102,-0.14694351974516137,1.329488211251126,0.048219199493174596,0.03596276753138654,0.050676512458782554,-0.21578874514972157,-0.13696870257854457,-0.09502296673523894,-0.11319468984209538,-1.3126613196152928,0.23076410785312856,0.21048976315867904,0.19971253011850462,-1.0051881731581056,0.40454580521899447,0.5281444409660617,0.5210223988467859,0.40219254849923425,0.7718226750227685,0.6901711946196908,0.6738594308264665,-1.1731499345652416,0.3785717529834259,0.3519428580718136,0.3022774560092297,-1.7080872858063583,0.5080777085268912,0.42109038753437883,0.3692434284017844
2024-10-23,4.24060758081238,3.5970574178929127,0.08313840340627188,-0.22542046351973571,-0.07728939076302196,-0.14459652836034032,0.551173075695008,0.04193131771256371,0.045771111104755034,0.05715542435722501,1.25731939568352,-0.11176759938856479,-0.07491256061042988,-0.09734125988888982,-0.5759611240628799,0.21520503789725703,0.20604789943676452,0.19614234660539215,0.27777084806021435,0.3902403998613025,0.5298591329457062,0.520246712778107,0.6566443916196385,0.7704528128635428,0.6929272975597118,0.6786274501193519,0.9989907353812192,0.3670725241107675,0.35935056068754045,0.3118763898422591,0.10086601920607363,0.49513200046608874,0.42669336140999964,0.37944512806034425
2024-10-24,4.200798388336124,-3.980919247625625,-0.0453279905144639,-0.2609534965129997,-0.07908443248437617,-0.13371230440755136,1.0920457759442046,-0.07755471928151844,0.012208949004228507,0.05463625222982725,0.12886297240072953,-0.17028089971121266,-0.08542139652255143,-0.09426816464149275,-0.13866155547651515,0.18373363037977763,0.20005879369581783,0.19177472270228751,-0.6466330393846713,0.41620738310173183,0.5314289604697362,0.5184669796744653,-1.162837605393603,0.8188378711596449,0.7025994274215595,0.6793461130391383,-1.0894429129694463,0.41788283750111754,0.3772849168353848,0.31535990568040395,-1.2720750706337793,0.5472761532484437,0.45354214353884753,0.38384660695726225
2024-10-25,4.23093546468221,3.0137076346085756,0.07054103784934362,-0.25505090394100544,-0.07625556402056416,-0.1311630225467729,0.08198376214233605,-0.06992545231223656,0.01609028488734956,0.052691693693107604,1.0870983508862717,-0.1426504741564551,-0.0712789994076345,-0.09289822107650281,1.395294093832845,0.18611787433461385,0.21093673068138222,0.1933227493393738,1.099281174611542,0.43069239926154856,0.5356556038803133,0.5171613618468296,0.7546547391797698,0.8275009032400585,0.7080052711882284,0.6779626097326228,1.8098287835620255,0.42369252840508287,0.38265108607254283,0.32674358819288996,-0.6251371760970112,0.5443314818777849,0.45776140867148946,0.38106816171139757
2024-10-28,4.277071897745187,4.613643306297721,-0.14319126149611905,-0.17632601845815682,-0.07837617461349405,-0.11040947178327983,0.5970012564215447,0.035597924619945806,0.024769414916987833,0.0766962030800201,0.4441065057564419,-0.10579318283691198,-0.06608447469480068,-0.0740047981642313,0.6268188450090105,0.2589115135686922,0.21920031599461856,0.20038380772841605,0.507991204166528,0.46182566038090594,0.5362674245705177,0.5051222244754157,0.1469748802757056,0.8100388908387884,0.7025233914621803,0.664166338697302,0.05815553873969603,0.3783514316606612,0.37875308323308526,0.31273177486036896,-0.11937152895794784,0.5357216610358455,0.4444733799337047,0.36752339919023147
2024-10-29,4.273147129796996,-0.3924767948190855,2.358022537216672,-0.23998514244550634,-0.10465611114194767,-0.08860598969939358,1.1089106832180478,-0.011059712902988093,0.020672686962610484,-0.013882320207335153,-0.07928821366249572,-0.12157364701506453,-0.06572065053174893,-0.0017057730998643469,0.7894507972811522,0.20172972145073392,0.20338420008481434,0.3253839417737999,0.13444087110726421,0.45871618111428514,0.5260018806743173,0.5611057682117523,-0.11610826399604801,0.811946571304961,0.7189151921763715,0.7177747872285537,1.1026329726823936,0.3458193639168691,0.3688321443624524,0.3613468761383743,0.8127557049392214,0.5052212313943995,0.4268470332403782,0.3403144013046842
2024-10-30,4.2632051462669915,-0.9941983530004528,-1.089336484662848,-0.2761974597698417,-0.04131091962994849,-0.0897167075195421,0.13462062361459193,-0.2266922916808567,0.06204280748886374,-0.01865730478050023,0.38795659071087973,-0.20679025177386176,-0.06883518238542854,-0.006059809621798274,0.5183937566083423,0.1568417094823521,0.21067912990752405,0.32186816550945585,0.4754182233326688,0.500324136066954,0.5297474980973438,0.5578737754343702,-0.22267509457472,0.8101319864612888,0.7220296173764065,0.7173089275284265,1.9058282737212995,0.2229733213172748,0.3402254225386119,0.34187150974582253,0.6615201592880413,0.4598341265358021,0.4371990167043842,0.331820017261436
2024-10-31,4.283366512404326,2.0161366137334547,-1.1394803488890561,-0.2792235044746907,-0.06748343802703599,-0.07760802635650615,-0.23997043765482884,-0.22723966915829566,-0.004472903138774514,-0.0011855560307129853,-0.6810745783750081,-0.19805777289983523,-0.16349049104136126,-0.0013402506118421799,-0.02456791190810259,0.15626153113342395,0.14338285417794883,0.3213896097786361,0.0299439698800259,0.5574833291575578,0.47585000262960714,0.566648824766962,1.5618507831760864,0.7944357065530682,0.6989159842853246,0.7222460604733787,1.5560172928814817,0.21489125071140278,0.28601381581018376,0.37200140622843364,1.281875120397465,0.4544809629532651,0.38359394744955533,0.380183306110626
2024-11-01,4.3623530950082365,7.898658260391045,-1.1856573398725763,-0.3058611418855176,-0.10590630200684407,-0.07082464728496952,-1.074390080270752,-0.27783091044773955,-0.050583620589871155,0.004853629686516043,0.11364065366611165,-0.18645112513826848,-0.19235036841071287,0.021688883760909175,-1.5036964425292156,0.0696334838368159,0.06962628381713107,0.2636482268154862,-0.4705998661105282,0.48038307055633855,0.41967950136756665,0.5316464749714392,0.2937106189582721,0.7476290478065084,0.6664138615183869,0.7136766874618532,-0.1414303488809603,0.12541162336116787,0.2097776726484053,0.37199168698690493,0.0034169903702716553,0.41345311399269274,0.3581876674984475,0.3891429436937595
2024-11-04,4.307894778733157,-5.4458316275079355,-0.10453440366995226,-0.31829287745560086,-0.121996134180561,-0.07005376537432055,-0.7763149521439838,-0.2758791301287876,-0.039095205730912685,0.018910405573765453,-0.5009985545240832,-0.21800540578346342,-0.14948521739679332,0.024213120221093128,-0.9519839005917694,-0.1302246975167576,0.11148051384141107,0.26865502154802234,-1.5304253684362275,0.308575523738219,0.4403886146609882,0.5403994550533014,-1.0682967071350753,0.6750118126456108,0.706497136303937,0.7233740217800185,0.07688651883623043,-0.09124348185685918,0.23457729681293735,0.3625714912071123,1.1336046685479617,0.17164800882672596,0.2905885710413576,0.353697356611509
2024-11-05,4.287361159955532,-2.053361877762505,-0.31938095448745596,-0.30978713603446506,-0.11528034699625368,-0.0674652311170565,-1.9081115951266874,-0.21950390175762485,-0.0003199348584796416,0.05071854620418874,-1.3109670732681913,-0.18444292471121929,-0.12097751812599457,0.0243942566726825,-0.9927660120902084,-0.10410664214693019,0.12262319505742796,0.27603954182529045,-1.6564157801745285,0.33120391186924847,0.44676447946575487,0.5407795197042067,-1.8543575598737285,0.6811456524209355,0.7066434015411724,0.7244412748840305,-0.9801339574085439,-0.07126255353538313,0.2610361434420047,0.39481514402244633,-0.09468250803235523,0.16464984393195733,0.2823361137286073,0.3780047735450875
2024-11-06,4.424571791178695,13.721063122316313,-1.1569317339062408,-0.36645705629477004,-0.17565940805604724,-0.12240892905452017,-3.102036874673919,-0.44006485002800066,-0.18093021971217044,-0.08108388073349583,-0.20646569599884756,-0.1437794961749076,-0.043735171527595366,0.01627699354153681,-0.8028545514061118,-0.13415177629989655,0.11311703837852748,0.21433318570040377,-0.7780831588180472,0.21502771453292177,0.37841471032212365,0.4772979327445798,0.9903980121421432,0.685174394026491,0.6770013611372189,0.7106324174948117,1.20536494338688,0.05709888811541544,0.3287818768633229,0.3995829267000618,1.2812189125395843,0.2663223724166723,0.3565334905668049,0.4105027613946515
2024-11-07,4.341309995365306,-8.326179581338966,-0.9108888389460166,-0.2624169024276165,-0.1402403529322694,-0.08099437827481795,0.4806247363046392,-0.4690073899346891,-0.20011118795655594,-0.09956440040747182,-1.4056421583338876,-0.022081842681029234,0.011508689910320771,0.0666856164076525,0.5441628347167038,-0.1818864351170524,0.06977521241721128,0.19063024568755146,2.4001900998232957,-0.02614327894167757,0.2530538621957953,0.3992924838021521,0.21589835176292826,0.6172890956217784,0.6415231440894884,0.6874742538082618,-2.310067453273123,0.26280310356468206,0.40257215105750127,0.4463167037749607,-1.1226350014158946,0.3562248610143183,0.42765303248631414,0.4403820139252149
2024-11-08,4.307218042973315,-3.4091952391990255,1.1138364771469442,-0.28972079470070544,-0.15994619573176463,-0.1391880306137478,2.256003070365571,-0.4993638773289697,-0.2356023220830534,-0.1320471245480434,1.9843792796465278,-0.07113370859797032,-0.04336892938654061,0.02539938737420615,2.4441172668985534,-0.2604257648783976,0.0006243179052423099,0.1455596181038786,4.761577289276963,-0.13395461335805772,0.14082991933163877,0.31856649537286,2.3942781898036287,0.4423293315537627,0.5602233285361581,0.6277974265825513,1.4898438950839106,0.20965664032223197,0.3754062478792561,0.4164129927147104,0.7127325673369891,0.32140837250385507,0.4044186247106544,0.4186494888136501
2024-11-12,4.4324425253148,12.522448234148431,-0.05738527626050871,-0.2765908496120711,-0.1501113764230117,-0.09050685415372191,0.6421806145511364,-0.42250805671185065,-0.2153712338867132,-0.08231318268772617,0.12312250468081576,-0.044677552743489994,-0.030188107878431757,0.021200901358992597,1.1526787121896513,-0.14305349291659306,0.06844991572510022,0.14221247336153117,1.2875615529149087,-0.05374722227577637,0.1502308527433624,0.3083990903224374,3.2827925104136284,0.578105558490455,0.6104604981663255,0.6512108996835643,2.0027275189214526,0.31782544721880424,0.40239089415663726,0.4381755486789181,0.5639630519625757,0.3153504553301509,0.38421498944982857,0.42859362810310725
2024-11-13,4.450173416179437,1.7730890864637416,-2.5477716561970656,-0.21667679802487724,-0.1892338582136296,-0.09875562589215801,-2.792826579288531,-0.38466963053905695,-0.19397354007598755,-0.07506482748975052,-2.7651545283262946,-0.01860353832173093,-0.029042249840113478,0.014703184184537029,-2.4015973206439263,-0.16272294437014997,0.04271555753800435,0.13867953063874464,-1.8835019952837215,-0.09748588195168784,0.1363419052658517,0.3054424411913642,-2.487301390769424,0.49231269366618036,0.5637499447303179,0.624493146914979,-3.6575458154402747,0.23930605148467274,0.33230435926999224,0.4090592428417313,-2.690273095034039,0.24113395556882478,0.3350451659507169,0.39542487157908823
2024-11-14,4.418672634943065,-3.15007812363719,0.5690918870403361,-0.1969538909969522,-0.20483018914353635,-0.10616269267918364,-0.5968809882417121,-0.3538608741640005,-0.1848760540085262,-0.0777638473460753,-0.6014781330004353,0.05259448309823103,-0.021360107612641694,0.025796746027575312,-0.044337060325942534,-0.12612672936006408,0.03957336234911214,0.13982376716423608,-0.520713054216416,-0.06504916143644793,0.14831610039963256,0.31185165699827305,0.191556382878608,0.4735795778869299,0.5763576859536504,0.6187595823744729,0.2083502834754848,0.24224253972958482,0.3318718954025339,0.40757743946882413,0.716534577948712,0.2852206284114781,0.3186523782569731,0.3763167710127749
2024-11-15,4.42464060815544,0.5967973212374744,-0.37414867252860873,-0.192686500067516,-0.19219872267426183,-0.10878081086564155,-0.29441741395244847,-0.36844444961949846,-0.16676565772095744,-0.07884807976780087,-1.1680997355461447,0.0699030961205418,-0.006216852905913609,0.024227190381695882,-2.16983373866032,-0.1295852605954761,0.07005829446591891,0.13949942151169592,-3.256207196818081,-0.08387561386977782,0.15463737900870084,0.295004289114235,-2.3484020407558397,0.43806164842877265,0.5748698514731843,0.5909244786529628,0.1982908084783488,0.26570612516339115,0.32980923522157657,0.3919665712968281,0.4138019450233562,0.26607628385034954,0.3262899663358594,0.3484123761595166
2024-11-18,4.412858708502937,-1.1781899652502759,-0.6922349925555744,-0.1976846352194285,-0.1720866244226745,-0.10410532443300115,0.014560975620415917,-0.37347597077018047,-0.18527754622797865,-0.09272983837172519,0.18905550113914238,0.04426846932104985,-0.027306856243645303,0.012336263883203849,0.7901550876245376,-0.13587611456327173,0.052549122899456,0.13124160895960857,1.3384973124257695,-0.10467786744015536,0.12528256351672132,0.27946846922949486,0.6535066379286945,0.4358065989132593,0.5620282669459944,0.5770569473820555,0.18915232178467523,0.299676766451624,0.3588306961256883,0.38908940787557206,0.03554576882966398,0.26322524807259523,0.3254731806636386,0.3603812204990765
2024-11-19,4.376556125342508,-3.6302583160429336,-0.18398566808569594,-0.15694835699826729,-0.16735126027697378,-0.1499708297145241,-0.22170399208825575,-0.3066485210590189,-0.16800852740685585,-0.12932872136590856,0.6631072921922243,0.11736053346397572,-0.031212519326441326,-0.027115618266237176,1.0507118601288545,-0.15786418158988594,0.025370696914121315,0.07588449809008711,0.5469766052823584,-0.13493518882598068,0.11863140171403096,0.2506280405619363,1.1560055269535714,0.3620741539897955,0.5399258156509675,0.5441395368071041,-0.21239721459549132,0.3704847095005944,0.3786794134753269,0.3831269833247364,-0.8860739002565441,0.20545473969297426,0.37276850130667033,0.36185060682214776
2024-11-20,4.405034634415713,2.8478509073205593,0.5736610983725443,-0.1964571699676857,-0.16865649412772338,-0.11399812102626174,1.3992793479584646,-0.29974632816728003,-0.1550210956397951,-0.10260953109114322,0.17039216158262693,0.12296499659666327,-0.029766324677152917,-0.0180716841397519,-0.8364525471803268,-0.15785686861648748,0.018346252879727517,0.057463941984197124,0.006112841944415859,-0.1285774450412032,0.11697655258214779,0.2552065076858541,-0.2843802275310783,0.3535752079285667,0.535666588378032,0.5430936143658238,0.41384466548102394,0.39370321795151,0.37937250491695657,0.36886184005220857,-1.2712951555575662,0.21203485078365766,0.35305477079174735,0.3300435746147565
2024-11-21,4.430646521986968,2.561188757125432,3.7369445107182715,-0.1093644448463188,-0.13628442835395463,-0.08934409313240875,2.303717603730944,-0.2658410178706946,-0.14435359451110544,-0.0881577758450348,1.1489445442558077,0.1100390334928638,-0.023442349742784033,-0.011333194787324849,1.4869776683111522,-0.1249718362501042,0.018410417091604812,0.06473539262463043,0.34506224726796164,-0.1293963399584764,0.10802996636519085,0.2564853978858,0.2128660325635392,0.3479759213106682,0.5329941494818156,0.5433252634097879,0.3376872554554686,0.38595875093169324,0.3762382553411537,0.3695432393818595,-0.9781212074495071,0.19182962276254345,0.3399420175348706,0.3227993287005501
2024-11-22,4.409049996847259,-2.1596525139708334,0.34599892069489613,-0.1188641105461594,-0.16841165325238944,-0.09279396482948021,0.301110819640829,-0.24249711465316928,-0.17653673411735843,-0.09272560369878258,0.4411627540409251,0.10576357559507404,-0.054258898345280096,-0.01910216103805652,0.8960637107963745,-0.1522434217668898,-0.011933778687206926,0.05393536834430585,0.3614629562226912,-0.15765008909768963,0.10780343241067389,0.2526028877923584,0.5450720530633535,0.3075418085407044,0.5363379234307016,0.537405371029789,0.21164310187519375,0.3556055216363577,0.37222122727261653,0.36803370486646514,-0.23295435276160226,0.14975454855386056,0.3420208525787164,0.3264818877334815
2024-11-25,4.262452834760663,-14.659716208659646,0.5641473449342049,-0.1569890794957179,-0.18277073931212046,-0.11271754814986776,-0.24482386922088006,-0.19491841765914916,-0.1511944048815394,-0.08307404612384969,-0.2117779002119312,0.07954808562309215,-0.050406816960191385,-0.016337866643309717,-0.5211184550660205,-0.09715906686196722,0.014483484062359185,0.06721494107014335,-0.39382311709583034,-0.10804888665780771,0.12469671740326797,0.2463722895409914,-2.2985499904566655,0.4321020656936637,0.5962904603349342,0.5775965739372906,-1.0997329339930464,0.3988263287555542,0.41005393803407586,0.38471331415158355,-0.7102458308557631,0.22152592802757354,0.3667003196932063,0.35438519325663603
2024-11-26,4.3013483040338345,3.8895469273171557,-0.27620591326057553,-0.15996514891704822,-0.16003344295850302,-0.1156901186753433,-0.3570710025575552,-0.2204734266710098,-0.13119407313454415,-0.08762401683211185,-0.06060841747600321,0.061816178071890555,-0.04124165487399021,-0.01936626562427301,0.5747499112313251,-0.10180591918709841,0.036205712044205855,0.07059988398427385,-0.7437529329737972,-0.13217558833702484,0.12374136884146669,0.23701467912719487,-0.8839656485021692,0.4089064853756187,0.5771350342292371,0.564850880391741,-1.7435060616527893,0.34510860066233806,0.36846476166112824,0.3623970641890888,-1.3407573599276796,0.1788759532258729,0.339640746778097,0.32744557589103934
2024-11-27,4.240106128674896,-6.124217535893894,-2.354095647283395,-0.0747069342295553,-0.10167819480915902,-0.08781350426820461,-1.7059879074413313,-0.1607115315324688,-0.09151624097044748,-0.057481856803748954,-0.2214483241939682,0.06219299475984531,-0.046433507372588646,-0.017705462038135007,0.03753335208629771,-0.10092604435793534,0.010950376660816538,0.06220620611481265,-0.06677841188391653,-0.12661034960573536,0.09285260274041174,0.22565827652009798,-1.2581543358928047,0.43105618720952293,0.5847529466102589,0.581808292009534,-1.2801019466406547,0.3803502673967949,0.3901940961866816,0.3756622677394374,-2.1961653081602943,0.25216054670386717,0.37766905820292546,0.3519585182607918
2024-11-29,4.19264726494961,-4.745886372528574,0.045665197805238034,-0.08597118730612437,-0.12070705791114625,-0.06030653214540292,0.8708761252660303,-0.18284691014970186,-0.16453101213118257,-0.05080735080866348,0.8056041031227331,0.029763548880706696,-0.09209583838327412,-0.030165872723244565,0.9904751275682783,-0.12446007567348119,-0.024688802046246686,0.04895091409843239,1.4181610651461565,-0.15011208150466615,0.07620732193807926,0.20408521985850173,0.5436891488977823,0.4109247218205073,0.5651356760106858,0.5689506477997777,0.4438801024983263,0.389421300828078,0.372184485985223,0.36611898315130426,-0.45979488199449725,0.26448246696528127,0.37836352589827216,0.3677138203032254
2024-12-02,4.192622322987401,-0.0024941962208480106,-0.41602869627475514,-0.07420330382361515,-0.13021324676834806,-0.07266946182029092,-0.25654243361341444,-0.18363177026595134,-0.1667358196174916,-0.08515098218651099,0.1644719391233152,0.040789323666915844,-0.08638859135861078,-0.07835195930643493,0.015141557535270245,-0.12462765678794778,-0.02480876753161322,0.008312199628937936,-0.11739951700533746,-0.1505996155163937,0.0951485833182154,0.16135146799444314,-0.03581426329589443,0.40427209293846217,0.5666849262760555,0.5570150245326755,0.2132885116966166,0.38325338443629264,0.3714738901167214,0.34124242778996566,1.529616763703595,0.23959171583931294,0.36588589247187653,0.3346576523677747
2024-12-03,4.219676991484565,2.705466849716398,0.3313369744970657,-0.012202867385000747,-0.11756354612097487,-0.07750686099706285,-0.3625247844844541,-0.15389150228379242,-0.17027310809979435,-0.09319210650249729,0.14721269002407045,0.0330332211124415,-0.09019922495310669,-0.09603099132369952,-0.068537363471181,-0.049185268493154834,-0.031176020705514788,-0.001632999202294977,0.12358933283448004,-0.1340129970133858,0.06785772731315734,0.1423028999947544,-0.2817489035945584,0.3986312888472974,0.5485291734260929,0.5462804482603538,-0.7092261359768572,0.38192560998442393,0.34293741158794233,0.31957451854912206,-0.22371196669176963,0.2329061263483925,0.3553124607837511,0.3320097353152723
2024-12-04,4.180986288750029,-3.869070273453623,0.32191249261995525,-0.021033843219054504,-0.12651270247840432,-0.0899862311883119,-0.3973671736734272,-0.16791829832021188,-0.1916918354800616,-0.09493345157612158,-0.46282320962499846,0.02762995629338074,-0.09867513755409994,-0.07885698445555128,-0.24866947950332152,-0.0772838318019612,-0.133617650683904,0.005928493863779351,-0.5738826598663711,-0.16558557037228144,-0.057329667026282886,0.14336392266067488,-0.18249279611922564,0.3823537971030243,0.476473022547196,0.5568716535122158,-0.5671135340736255,0.40126442159159886,0.2791164189135552,0.33832541986506376,0.7669998683745538,0.2646439318225302,0.27351262879321264,0.31542818559039393
2024-12-05,4.180959254994492,-0.002703375553725351,-0.01480308880426251,-0.02312263404476304,-0.12856523582062,-0.08842286473055379,-0.6449203254021505,-0.1917737229859596,-0.20694804630893981,-0.09112099668504955,0.32144109789784325,0.015630406642624238,-0.0985996044402933,-0.0777151652834984,-0.0714408151288064,-0.09155056246074407,-0.13020414731954183,0.004098234517488141,0.6594833127479167,-0.18336180634862423,-0.06472668162757889,0.1378083051837039,0.2620179380634593,0.3838472399790581,0.46452787084821734,0.555854813984635,2.177389435663475,0.3756044801577184,0.2508147915806073,0.3309356462383311,0.4775281797034272,0.2672932177257273,0.2606241646901833,0.310533841135972
2024-12-06,4.150979908963873,-2.9979346030619247,0.6479683022138882,0.08792911938746562,-0.13658028885543502,-0.11123916748250871,-0.21833478281023977,0.10752340173374242,-0.20662141195781017,-0.10952459619066184,-0.4971597788819846,0.048696745985052,-0.09275654127545677,-0.03720649587535617,0.6668736155432962,0.004139690772541323,-0.13810671306955122,0.01041194058560484,0.1280021142699841,-0.12308627623608336,-0.06452744000988804,0.13581167651954643,0.002354170339008199,0.35647404866978927,0.46259110846700463,0.5476681012494004,-1.372568505883344,0.31988045786861863,0.2657334593372046,0.3614918052098367,0.2920638519818559,0.10841615668990981,0.25648188196020166,0.3218914886816165
2024-12-09,4.197288871941426,4.630896297755349,0.12735844491850115,0.039907439189900515,-0.12109057361090224,-0.10795369385671207,0.879239286511806,0.17677602102910833,-0.1707557770319111,-0.0980276628613779,0.4094789811014262,-0.027982550636114184,-0.05057953366517874,-0.030136678307601097,-0.36184460620450476,-0.000721784043010797,-0.12572595683975046,0.007232321440860348,1.0188557113573664,-0.0035206286604620722,-0.036093854931476016,0.14344536325085577,1.09007944090328,0.4111415519796251,0.47480016855468765,0.5518042776110216,2.0443483471030914,0.30220993577497907,0.2922694403933997,0.3714883471645719,0.562935094323313,0.098990043921627,0.25475475268726,0.33136513570139847
2024-12-10,4.219549524146168,2.2260652204741938,1.2899051690448031,0.08890517727744855,-0.09659030938729812,-0.09782327127134958,1.4878513534682016,0.2792938785055773,-0.14314747772799397,-0.08470096007757712,1.6922670368725952,0.08116292678808182,0.002215755229486734,-0.02617526722946327,0.9230559462499488,0.08261272827676985,-0.09573166571600396,0.0053676192618192725,1.5605085929486946,0.14000430326097985,-0.006255508336457254,0.1428796852145877,0.8991759097694687,0.5081002788027381,0.4813411549462509,0.5513256627022333,-0.401357178904448,0.33770892079676634,0.2909968384479972,0.3720571065987808,-0.8146508776762658,0.11301892167113094,0.2414425896298356,0.3228100311215294
2024-12-11,4.270098035541315,5.054851139514671,-2.209150844989095,-0.0012578481333838168,-0.13209808796948322,-0.11926469593088494,-1.8339791115069448,0.12022351518157412,-0.1772483964620027,-0.11497399271135891,-1.6262366672872577,-0.04078450748026275,-0.030394379765187655,-0.04728707974508087,-1.39331404594784,-0.15343162904095684,-0.12645035570124685,-0.005810423079503517,-1.2845663925432604,-0.07619127554368355,-0.026370732016203748,0.1168219675900618,-1.3575304694251265,0.18061628090796797,0.4524718983258251,0.5248701589244122,-1.5045055358952704,0.09236375225115201,0.2624150057676056,0.3361720950375054,-1.5421643375793375,-0.0723280508751273,0.20232696714958515,0.2838122943490266
2024-12-12,4.322873662958306,5.277562741699171,0.09121109751414469,0.059308995327416215,-0.11731852170513576,-0.14305113346212442,0.09537382762851276,0.2224467541593685,-0.1751100061880374,-0.10650257033594336,0.7486018154798724,0.1121305642814918,-0.0058736973760539855,-0.03838061342842331,0.37515226784351974,-0.07434012447517349,-0.13623979155752744,-0.01647406665601983,0.27669858344758413,-0.013604435400287792,-0.0437819933391116,0.11051982942865884,0.5643320276587329,0.30530557563949523,0.4474131890169838,0.5187843656417161,-0.08200814942215673,0.21170996018984337,0.25108142275093825,0.3201917795050805,-0.14485453649648317,0.0038904028973841126,0.19254653342204345,0.28062650384906795
2024-12-13,4.397678555102491,7.480489214418462,0.2362586532542883,0.07648967963178775,-0.09133999003116114,-0.13434366052000873,0.46122100817807654,0.22748299666757388,-0.15351549655337537,-0.09345242834639887,0.5014466812410721,0.11987699718175453,0.03243909599725284,-0.023706301413692753,1.5248643801133728,0.04687839091131848,-0.0751555842600504,0.01278727579192403,2.4702447123424096,0.13344638072567025,0.014032844858235968,0.14306545109639893,3.6636660392370146,0.45411381503049464,0.4734363444503589,0.5469237811448762,3.837404987269709,0.3877965110859863,0.3073044605156744,0.35557733835377,3.2951703626941695,0.2624150183035799,0.28595504948879263,0.31835055273313756
2024-12-16,4.397701188172889,0.002263307039829243,0.49626520505580807,0.08000536760112217,-0.08562485180728781,-0.11085783177535113,0.09804159413293778,0.23122316534257717,-0.15715464723657685,-0.06969115436259309,0.10422137279484489,0.14629925543259675,0.046110464206556324,-0.013595155884355427,-1.0689185342410144,0.07315566970757847,-0.08592243370749911,0.03619494788693611,-0.5315483971058625,0.2053629624157311,-0.015395522970161305,0.14657290204766413,0.43886042478731846,0.516173995610097,0.4635596855406424,0.5591416572318639,0.6432070548546049,0.3860851243803541,0.3210942464241857,0.35188111111506415,0.14257840368877117,0.26041451585926495,0.27453875710479775,0.3232491127245847
2024-12-17,4.383901174537579,-1.380001363531047,-0.049585482172575635,0.07553781023693708,-0.0937047771830897,-0.10096131602499822,-2.0477023565831676,0.23227676732288804,-0.13739293779609485,-0.06647668156440376,-0.5044862695776962,0.15497893324588824,0.04094313160950248,-0.022288160207623513,-0.6663356113514562,0.09284129852326704,-0.07574410691654221,0.03730710129761422,-1.5488472256850239,0.22898549473330465,-0.00510942485002274,0.13913934364029656,-0.7600093951569278,0.5250094898289599,0.47090719019142,0.5549822372574581,0.07496535028032314,0.3868713852066189,0.33758639777397453,0.37327947242232246,-0.20080141468615365,0.2626606883115224,0.2757710450525285,0.32172430692071186
2024-12-18,4.496037874944606,11.213670040702706,0.6785925843638112,0.09932750501537513,-0.03124394053407455,-0.08032840257936413,1.2639483750899807,0.3100640767417285,-0.026231754002546993,-0.018185697889824895,1.7990476538723073,0.35479497358712986,0.20471114206527613,0.04306802122821891,-0.06469633671592323,0.10187088012775598,-0.05756571998746889,0.03443045624696511,-1.4374948376565282,0.05077755076847747,-0.06414064122393641,0.10042139625356655,0.3409526688045694,0.5408751657335726,0.4411580727482723,0.5430362248283395,0.4823996623909663,0.3722753905985693,0.37153650810913297,0.37813080822036066,-0.10548999010202564,0.22511097562143306,0.21687159559234354,0.3214843381636463
2024-12-19,4.569168576321578,7.313070137697242,1.0087386777324419,0.12869357749604804,-0.01990972239636616,-0.06534908654603674,1.712436644510707,0.35817696015519584,0.008306201596776709,0.01184806205277141,0.3834026369311552,0.3557958881759915,0.21345428955608986,0.05035057930576977,-0.46833728597961855,0.08000274185772693,-0.0626819888283763,0.025323431643290192,-1.9433501552277548,-0.06118305274294998,-0.0982154224982644,0.07142344452482113,-1.4498749895706369,0.43771874803344685,0.39127543215893656,0.5057525265716356,-1.7704150872978721,0.2641003441219178,0.32829201200069896,0.3386091001058695,0.013832307334624261,0.24982755454847994,0.23248021329405175,0.3174049540933505
2024-12-20,4.522208619413681,-4.695995690789712,0.7880682569002886,0.0683247957319595,-0.0378805196508756,-0.0762967456291533,-1.4039480421600832,0.4027801776534346,0.028792443661631643,0.02999871177259176,0.31549044322114894,0.33623134055094894,0.19262717656741812,0.0427198839341249,-0.3559809143235839,0.08062468324113585,-0.04519337335621584,0.02769455923397578,-0.9864069266161501,-0.025551982923887814,-0.08121928930749639,0.07890081881292987,-1.5603236209508036,0.46672086294139326,0.4054317711492955,0.5172439968914859,-0.5027052366193219,0.2703521448306276,0.32885330618277236,0.34242300808902815,-0.6771438218756797,0.2848885528361198,0.24154146058713563,0.3251681251411963
2024-12-23,4.597608144587912,7.539952517423032,1.0215287916922273,0.13008705191641598,-0.012215896768434457,-0.07889152857130975,1.8391837615773694,0.46981809312892037,0.09260033001181682,0.04465517783360119,-0.2227459541265312,0.30046533287598104,0.18408140807070833,0.027109128250678974,-0.0954504970928991,0.1037182544234777,-0.05262911402603892,0.014140561396367084,0.015078908427110349,-0.009527177496992431,-0.09109556634159997,0.07786083045227758,-0.07625368825259526,0.47047338063267663,0.38454560585839637,0.5121650077662069,-0.529109138194428,0.24782721589072254,0.2970198245235192,0.3258921006714143,0.2707678430152442,0.29013136508518683,0.22778946001693254,0.323940678970711
2024-12-24,4.58464054933194,-1.2967595255971354,-0.2850748200958625,0.2603032694223845,-0.009872397990947544,-0.07499417422405931,-0.11849229518585472,0.5555555667952335,0.09195592572770926,0.045333981274760765,-0.9244503423218814,0.31450228541419734,0.18417210100994677,0.03577569774030465,-1.615515287934413,0.06643972616317047,-0.0489985716441299,0.025036888170331967,-0.370765220532256,-0.05036594666645259,-0.09610163056676599,0.08195880911666827,-0.5660436439240685,0.32124947075415433,0.3843024601465708,0.5168983197769628,0.7011355809752335,0.16786324557172652,0.2860142699076187,0.32380748691753863,-0.10562546458631455,0.26490598298637286,0.2344835578885277,0.3273232705822516
2024-12-26,4.577655330672912,-0.6985218659028014,0.9223412839086431,0.24635558595917395,-0.012454118192681926,-0.05868333120817282,0.023285312066595232,0.5639060509266858,0.0831901791183443,0.06330882302676283,-0.13677845458783988,0.329182842057326,0.1778886749605242,0.03922896604914323,0.0332754724264992,0.0421233569013366,-0.06105270265959796,0.03716569572681437,0.054968220857052774,-0.038226384404405414,-0.1033250147521581,0.08744388969078157,0.1791054176015232,0.34215605139550964,0.38348898365410083,0.5150193483696848,-0.011909397757775692,0.2106521890614568,0.2878563008704031,0.3167893158643337,0.6417039943255469,0.2921475422597944,0.23200818927945782,0.3219087385094625
2024-12-27,4.61823329587486,4.057796520194756,-0.8487996237577984,-0.007892894434610975,-0.01287212423281166,-0.07264081915875237,-0.786200191170173,0.4708412994672627,0.08086002512423589,0.05639862681416305,-1.2737305282835263,0.2470482654223787,0.1537724694915934,0.029343498803597743,-0.11973198672265628,0.06015056569878401,-0.057762472302220924,0.020619113166232533,0.29148885329084795,-0.033723324830254864,-0.09917705581685368,0.06276581138646534,0.7866864370302724,0.28630877847197844,0.38830871044072063,0.5107676358711241,0.46159040485107194,0.14214985688563547,0.29697292655287405,0.31717860704404116,-1.5756375512767424,0.09057623654954262,0.21069875257648968,0.3004638613389188
2024-12-30,4.543703004493128,-7.4530291381731395,0.08021063924665917,-0.005756300468104852,-0.02354963312059256,-0.08862774535074096,0.1610512817071424,0.49767321833412287,0.07225306047084651,0.01314985929464608,0.5423082034514947,0.2435803049052888,0.13048318757829055,-0.008204390127090833,-1.0356252138627047,0.28726109720513787,-0.018225155216239068,0.03343725389912259,-0.11703126458454399,0.0709822550083568,-0.09171655487791583,0.07106959366805399,-1.8409571668355162,0.4438390348036032,0.41714229041090817,0.5260609643821352,-1.6375236654880032,0.2751692353415095,0.3455537453169668,0.3372667021102964,-0.12511825630889928,0.07041104667055778,0.2137001203364714,0.29296750712165354
2024-12-31,4.576030323610564,3.2327319117436026,0.06717036061980153,-0.025734498491902368,-0.01722907681251383,-0.09481271020037742,-0.22055793117074884,0.4908069502923956,0.07182484311558902,0.011474378751801202,-0.10759390395268476,0.24294065402598586,0.13415885492625323,-0.0016655197539034465,0.6968954121848385,0.3009657881167689,-0.010005701921125414,0.03757702279728806,-0.8176885350478849,0.06090692395495076,-0.09752386884133449,0.07952801511677297,0.3123818278967616,0.44680816338021184,0.4194373896738238,0.5262704960442784,0.2743645457605088,0.2796577224211108,0.34689308305989297,0.3371970650332815,0.10185768315202881,0.10385767298758623,0.2125082221736085,0.29582594262223394
2025-01-02,4.574079383123847,-0.19509404867177338,-0.06487848644474559,-0.018465255671857184,0.019921199070098667,-0.08545517504396773,-0.37561308659945913,0.49967626496350515,0.0992287011179556,0.012965871123953067,-0.2389503943641248,0.24787322826205666,0.13222967134435223,-0.00376490677958891,-0.569367005782496,0.30766334395335276,0.0368769954799224,0.0346331034174032,-1.257602577976352,0.07829254759106583,-0.08624423820614524,0.06216226294225638,-0.992198818061911,0.4582260522134867,0.4197876055615808,0.5160079904180259,-0.8477418140142932,0.29780986962619993,0.35590243700734087,0.32434932693464685,-1.466156110386189,0.13180229305374075,0.2130267805296913,0.2906758573252889
2025-01-03,4.594472244125244,2.0392861001397478,-0.9331018914332352,-0.008927085560800248,0.01034357864727063,-0.08455683193952034,-1.6772595242845438,0.46903907839362735,0.0770504118318157,-0.0004436806087879683,-0.7214685998128512,0.21554531705549157,0.11566556892371782,-0.008018184428790626,-0.294933483769936,0.3154184299064737,0.011863627697670411,-0.04064848129826566,0.6880121283264833,0.05874428120597891,-0.11396180721984457,-0.034485234297450346,1.0702997529972065,0.4585464706388061,0.40966572738621493,0.46292940907562286,1.1923126603085696,0.27587758108737015,0.36578047501332583,0.27948270267176284,0.04328815166153288,0.18997891979255763,0.2544056150066915,0.24507820156030422
2025-01-06,4.614782030036344,2.0309785911099887,-0.9063727583919765,-0.011555233991741756,0.0012596666120124915,-0.08707172421038056,-1.1357116888911025,0.4532514047141649,0.055746241448413975,-0.011281357678670344,-1.1058363233082598,0.2188742030620848,0.09290600953804423,-0.009224856554341096,-1.1023039308097633,0.3130681663628552,-0.006036165504532548,-0.040867701449173593,-0.10492304121380802,0.07826025093153119,-0.13209364692472578,-0.039022380585480194,0.1683425525474913,0.4653922455179811,0.40366759454711226,0.4568430302415523,-0.26274763238536947,0.33271007973272543,0.35917457697895755,0.2710461494586741,-0.2854539297099139,0.20523909915938204,0.2554914988097682,0.2371030529448428
2025-01-07,4.68397701663073,6.9194986594386165,-1.5982712709219618,-0.06377003044705606,0.02415039833521926,-0.11140362083120947,-2.0025294143391776,0.34708391734401217,0.1707042712843472,-0.03966532440392676,-2.6192226987427105,0.03877962252442358,0.023736500415782874,-0.05042260622063223,-1.0009965355086976,0.3511419013830919,0.011867782123688102,-0.05527193221386159,-1.3995618390787365,0.04341730881690292,-0.13291006051583323,-0.05789197904825038,-0.39159010233819824,0.44983402178820303,0.374136224462513,0.44483946918544875,1.9692411569053117,0.3325532324151704,0.3602290904125864,0.29215043192774204,2.0725227322749444,0.30352059757408256,0.23976442233773834,0.2642806870439025
2025-01-08,4.692231282563306,0.82542659325755,-0.781630706921888,-0.05040652699633508,-0.013110720686609609,-0.10420807814321788,0.7149207814902399,0.314186369504728,0.1982472249417427,-0.029950059235190642,-0.021721746078272375,0.023550001865237553,-0.03469981932743338,-0.033629275125368764,-0.5976940000239361,0.35796382049914294,0.03983113128630658,-0.04493951850500691,1.4264981336643712,-0.0133217854285376,-0.06181132535230033,-0.05187078104374105,1.0187046435233535,0.4152147551086443,0.3931691457434722,0.44284320127951154,1.1200075918704864,0.29742734571792295,0.3072286392133872,0.2930180764800602,0.8482613542546433,0.27522796267394384,0.20905795514557662,0.25788489231319706
2025-01-09,4.680079034964145,-1.2152247599161115,1.2356719003891103,-0.10406308902631498,-0.003323566380298569,-0.10463149887083799,-0.7845113756740767,0.3465720533351845,0.2606955837804375,-0.018646132566652124,-0.8900467383257761,0.05673756695282266,0.01989293176687376,-0.010877226960215638,-0.1596820133161858,0.3703824704010717,0.10444758281114909,-0.02974238902696522,0.29099052730287367,-0.03249907663450879,0.013732124987005368,-0.044770224325717194,0.7123549829584512,0.38896436747876995,0.44604243280077055,0.43889769634823095,-0.1598758357280673,0.30321351798305474,0.33921363098181356,0.2955272465120697,-0.17432091761728608,0.2808510835963853,0.22902775363628877,0.25647038023202967
2025-01-10,4.772599733610049,9.252069864590418,3.16809156127536,0.19512529797260067,0.11413034630677449,-0.028339825428949066,2.3763380283153914,0.49824041643395467,0.30675341566111225,0.03049984975151444,-1.404461662111328,0.008466945839000095,-0.05346916458225144,-0.041336961349987836,-0.14209412560534318,0.43776773289343773,0.023567503486665642,-0.03253822072518644,0.4988636629200638,0.04895524047682467,-0.03811432029367645,-0.030020678639081783,1.1306047777995838,0.47517242492162304,0.37422430845090693,0.4576888889758408,2.54534219881744,0.4461695944618102,0.3370238732975412,0.3328509511085348,1.8591852343762043,0.42352547985017036,0.2674960716575218,0.2878273058686936
2025-01-13,4.802614455918977,3.0014722308928654,0.32071970732854416,0.2013101321406789,0.13488225015434055,-0.017139719039704054,0.3018688043659423,0.4989932620242332,0.3430779604144776,0.03142869785995762,-1.6747875571362465,-0.034952124683010524,-0.061974739116339356,-0.04276940263709651,-1.5708995837933917,0.3814803652364765,0.018927309906305857,-0.05218356005243781,-2.4423759490852133,0.019245088741324756,-0.052293489260661546,-0.05430643381359558,-1.470127949553072,0.4428042736884467,0.383993437837581,0.4367338008158252,-0.9369429777474592,0.4447027693577123,0.3773593158236928,0.3202566278267286,-0.38904917620154944,0.4317806171586706,0.2953280290026586,0.2795792660895505
2025-01-14,4.787252465566085,-1.536199035289254,0.8714172340523869,0.17851080257711102,0.1347305884870396,-0.007640435592613935,0.7678055536755837,0.4515024375545833,0.32433672283003856,0.029494934225799223,-0.7060286239162945,-0.08376632599293794,-0.06488794967708612,-0.0204539438527417,-0.007068647564716812,0.2525908834830719,0.019650423911848177,-0.03883783852572296,-2.730079045206608,-0.054720569337005726,-0.028606212978366484,-0.028848820305437,-1.556997472256189,0.41390832326840976,0.39909965985876494,0.4375410395225026,-1.3192687741559137,0.4099189088782211,0.38958635151365995,0.3295550210089232,-0.0650921030339088,0.3654283487730481,0.3145846507836274,0.30653750923259326
2025-01-15,4.652070319096797,-13.518214646928772,0.019408928435340922,0.17715927915225094,0.13190923321101367,0.0017924299370232373,0.5118911177619836,0.30395752999512776,0.2639701753748972,0.007088629355700447,0.579692370508448,-0.20425932112524253,-0.11394034314935114,-0.049430290090003416,1.206824436411872,-0.17085002439716737,-0.09262839878853926,-0.11173932033357006,1.7879820429918407,-0.3026462048330249,-0.143904770665449,-0.11367629562376176,1.308531439590912,0.12925446376333977,0.2923607160269443,0.35415659090009016,-0.6775734020516673,0.4241886692948411,0.3918998777128239,0.3453241572198071,-1.4425008384355515,0.48930273991836704,0.36606241658875005,0.33566239870118897
2025-01-16,4.605398494609171,-4.667182448762652,0.931140291793935,0.13277334242271133,0.10893846517519784,-0.01714728510187326,-1.2944852884486528,0.3266462472099065,0.284400464120382,0.023030142734523158,0.6544196690668129,-0.25145415913392805,-0.12973945270799878,-0.0689796392399193,1.254560486790115,-0.26462010191590013,-0.12037227107695211,-0.12924050517983432,1.060542274235504,-0.3740589634185537,-0.15811316033794273,-0.12664417493380578,1.155804907080093,0.04736016044155122,0.2667107431434076,0.33754574847251617,0.73899064666832,0.3798994163234992,0.37394308945258625,0.34634937086164413,-0.3793916664126177,0.49270961627043275,0.36922239357267517,0.33822564024346174
2025-01-17,4.609762767321205,0.43642727120341007,0.8392498062158209,0.10570848074597113,0.10197173612324438,0.007972740574040191,3.6250496066254176,0.20771660801472983,0.2509819017064356,0.057114703414899944,4.423357427312083,-0.3609080275480309,-0.09222385315343272,-0.02773863526785364,1.3186318831988355,-0.292013228502195,-0.09459240202126087,-0.11986294573167182,0.7438991257373024,-0.3216888038898276,-0.1480972868432243,-0.1377800407661308,-0.14366333712705281,0.010933329741478334,0.2927022988058468,0.31947014549357206,-0.41088005503306557,0.37540831942509356,0.37225344523508014,0.3716247447540272,-1.1703400842276288,0.5262784781097939,0.3564165080135808,0.30729027520603447
2025-01-21,4.573335401264757,-3.642736605644803,0.11854923928995209,0.06713665153447237,0.10053150121688169,-0.0026546882863115987,0.4555805990027517,0.1295751972347042,0.23558459922632285,0.04710893463549307,-0.2025333387633057,-0.4091129814305697,-0.09027932780417439,-0.02494626157561602,-0.2440452374647808,-0.28097746102124127,-0.08037394677394029,-0.11157288429652326,-0.08200547155096327,-0.2520929787536647,-0.14850046845261503,-0.13344362727204928,-1.1372918733018595,0.1395171294790562,0.30909995656201794,0.3267982535288206,-1.925396788855235,0.5535256509507724,0.38575068771427756,0.3906777269294846,-0.0803042224621473,0.5334990144340838,0.37142681265032257,0.3204425150609553
2025-01-22,4.59773258024444,2.4397178979683076,1.4501888332638497,0.11534709466619701,0.09020558394673875,0.004301498783668161,-1.6384201635420674,0.05302526327362847,0.2095316541950449,0.035478499390236375,-1.7264216758519106,-0.40757601302204816,-0.1130801396336516,-0.04422676052972452,-0.3376763624625727,-0.2971956357006492,-0.10694482623169499,-0.10860820615832344,0.8896585611738912,-0.27186755631088,-0.1431121827908137,-0.13139333370068057,0.18532659621002878,0.08037772064939197,0.3088489364090345,0.3239902966139463,-0.02630988816781432,0.5442236304953721,0.3833695047603932,0.38601662126048775,-0.28653287487682566,0.5133585234782665,0.38145194983218567,0.3181950858346539
2025-01-23,4.636449758160009,3.87171779155695,0.44699393300363516,0.0739854605647415,0.09620596904842593,0.00552891637503441,-0.23504631895471045,-0.05325234746070965,0.2103464498898439,0.04718525736084438,-0.8364380153848774,-0.4445727960972577,-0.11673112433172474,-0.047721546719196276,-0.2337614472276256,-0.32139747428963533,-0.09562702641255769,-0.11221171454453445,0.05626645195519997,-0.28461393226077697,-0.13633516482084682,-0.13840234394135836,0.44187997947205443,0.10602829693699585,0.3219196451347773,0.31680925040418867,0.6753073206891969,0.6240979999288666,0.3919275830080245,0.3809703750147274,2.2484774350211394,0.5271368480585988,0.3898792821675852,0.31505360546883615
2025-01-24,4.622439609772511,-1.4010148387498589,0.275708039301501,0.06620295452152833,0.1374492264131444,0.004773560358705823,-0.5608378818698179,-0.04754604114697153,0.2265792168019169,0.048780279130435214,-0.25241079099904007,-0.4534408316321102,-0.13522195704383386,-0.05533075128326733,-0.2721064908711616,-0.3747213534483311,-0.14649601103631152,-0.12397911792213488,0.25907168324337726,-0.2931405887134043,-0.1774891883922022,-0.14655439158682448,-0.09714807132672965,0.09967283861796548,0.21000758407983347,0.3142025398945285,-0.12042356928395848,0.6401892023741139,0.3729947953698513,0.37808146002692655,-0.9939831070566064,0.5295100657065066,0.39322428263425446,0.323681630647441
2025-01-27,4.527228333342193,-9.521127643031768,0.46915364703501694,0.04790523624855428,0.12407606877216401,-0.0022065411032216355,-0.22451106491196193,-0.034294192654103314,0.22670193950506756,0.04466271607884815,0.32191690996457745,-0.45756682580522157,-0.14855606314347158,-0.07316395557736115,-0.02765291771682847,-0.35811044964688593,-0.16150247236175927,-0.13259070408550727,0.19649312736829755,-0.28673467678821807,-0.17191353073192264,-0.15325597448174108,0.525570461240427,0.047988844811629905,0.19088056875017848,0.29284382579850365,-0.8221111801570338,0.6451266612409968,0.4195232782883071,0.388186189621592,-0.20607315252911373,0.5075620609727707,0.4096870440148316,0.32229788173520263
2025-01-28,4.547496659296194,2.02683259540013,0.21277940725431677,0.09585946822288655,0.040486825071529,0.0034595646983020686,0.046200076420112035,-0.010428091342591003,0.19023557442366468,0.04787934820453084,-0.5498494001407936,-0.44338676075890476,-0.15722816086842312,-0.07467825250674157,0.11696803520537924,-0.35540186079430686,-0.15531648154848357,-0.13003846816469686,0.16845014421980475,-0.2985685956674598,-0.17497538303245766,-0.15217576816429518,-0.18602107892701447,0.01141851780079811,0.15400166466895543,0.29153877934026146,1.1931329436899905,0.6446364528665955,0.39953074474852085,0.39388561750181605,-0.3782129618615071,0.5955386925494102,0.3655809959009506,0.32404514425076264
2025-01-29,4.553632885563746,0.6136226267551947,0.44974443258788144,0.0841741036864749,0.03387276524261078,-0.0012651516830046857,-0.08617014824823377,0.0015695263513017244,0.21609271534987287,0.048768029450885,0.48608466791587523,-0.4156913419100693,-0.1380996509145936,-0.07228941405888391,-0.28049835233122233,-0.47785158516899173,-0.11852224857478368,-0.12770025732315038,0.05998728846977297,-0.31808389135547804,-0.14363285303617132,-0.15073463899220044,-0.1473937813231168,-0.1501362907498217,0.17039285576305904,0.2907997996467312,-0.12417448290427835,0.6021450070191179,0.4143175261139676,0.4076368361797791,0.3673624148814464,0.6181634989528825,0.3574870625445658,0.3281540371718565
2025-01-30,4.511262942257507,-4.236994330623922,1.1711332816154363,0.05915514800065642,0.004620432145126458,-0.009362841143328818,1.368538593260848,-0.03628679876274543,0.17975303518680297,0.032566060419019036,1.9480463225283615,-0.45487376833759613,-0.17426789757247302,-0.0932186830562379,0.690303485784189,-0.5565096309501666,-0.14292580018929882,-0.13852236337542687,0.7313804281944288,-0.3191350207448809,-0.1595085515495229,-0.15773512299501075,0.15276719913158404,-0.16116750498808655,0.16537725311349202,0.28554822992351114,-0.6453279161217724,0.613775079848789,0.42280072459165324,0.41104106332384216,0.24578481150638076,0.602137595332667,0.3637327054034845,0.32052547150702043
2025-01-31,4.566064315589389,5.4801373331882175,0.3303284117462208,0.054094522663762905,0.004885070287278919,0.02220182088268168,0.9605951356834657,0.0021266078418943715,0.19785919517307354,0.06309721014782307,2.379516699169888,-0.3221292982705411,-0.12094114240416508,-0.06193658039428174,1.0899924265863423,-0.432653045819167,-0.10150105969478931,-0.08641054278007819,0.7728504723297088,-0.2847318372037178,-0.14141720434221086,-0.14167959710945655,0.15716868823651198,-0.1607809628242843,0.16938106640833622,0.2844897341361564,0.36661494387672955,0.6191871403792572,0.43226147637633566,0.42104279988359367,-1.0048221607327423,0.5440614023256963,0.3347221417260885,0.30575886372266275
2025-02-03,4.541814596056027,-2.424971953336197,0.4180656944824128,0.08774199901567238,0.0032114916240485224,0.01566763252964677,3.8075832769596,-0.02371702961057466,0.12511064791615778,0.025961415175677394,-0.23387737916047957,-0.312530063755481,-0.127346035715749,-0.06781677982676405,-0.632495583351584,-0.40389829170488833,-0.09460809619171322,-0.09924399279850458,-0.5829297171247041,-0.28103905434599186,-0.145571636343952,-0.16100167807806226,1.1169263031014336,-0.20998906410745047,0.14584238095620275,0.2627888844020318,1.444822297807446,0.5643445299487175,0.3993871615011797,0.41094992494792776,-1.2326218556248383,0.5494940435001866,0.37092928336935305,0.33843977555410304
2025-02-04,4.511550579590502,-3.026401646552479,1.9053997189298433,0.08736078674752179,-0.0314439178329696,-0.004794663839698712,2.908158109948614,-0.03898606859811958,0.07895435881261367,-0.006049396899427678,1.1057585633140927,-0.31396595151187245,-0.14127544209791984,-0.08594661890032174,-0.29475879626466245,-0.38002981411685477,-0.08937386661396074,-0.10470683915881675,-0.6138464846292218,-0.2594371632170875,-0.13229795880540712,-0.167170223439766,-1.4369046037588225,-0.15081377243727437,0.1693403098756787,0.2656137245411592,-1.7293034334707968,0.576407476982268,0.4357227352773781,0.41434171932885355,-0.28351908014403326,0.5612862670783184,0.37600357602754075,0.33961500424293334
2025-02-05,4.41911401964851,-9.243655994199251,1.7235455374798816,0.20843993431753938,-0.0922932805712539,0.009533860848623489,1.5283211935480803,0.044924802866287715,0.026450564602220027,0.0654126171828096,1.7388933741122399,-0.2748038836072396,-0.20352004781813632,-0.12224444395015997,0.9825746143459873,-0.37610798032586135,-0.13380737139559823,-0.1034958659022819,0.7915961159157376,-0.2131738675105063,-0.15955246092782777,-0.16173037094846024,0.1240388573308513,-0.1147585536677255,0.15872458950602097,0.23819074042943605,-0.8716791433303968,0.5359902858561515,0.4378573470205688,0.40612343690911834,-0.274117548977312,0.46981773548666905,0.3776233238007761,0.3000187225600091
2025-02-06,4.43718917383895,1.8075154190440479,-1.2809486866243776,0.16172097749808678,-0.09435850929612939,-0.027333331912605226,-0.11945503537359681,0.027817531806043475,0.01680612152811047,0.07146554494416477,-0.1448045752513536,-0.27747952022803407,-0.211267683367988,-0.1594277909339514,0.2691639022418016,-0.35672817430946424,-0.1256801914611999,-0.08806945945128843,0.35993638826398805,-0.23843356280770206,-0.1788554671348385,-0.1183198045535225,1.2809534833944403,-0.0940568610966286,0.14702764623432765,0.25050668482924626,1.1773112886182593,0.5436768012828149,0.42441008057610946,0.3791727612971038,1.6889232380742496,0.47278439385394844,0.36656162517572305,0.28505782650435524
2025-02-07,4.485598472073155,4.840929823420481,0.026229080154985596,0.11275997933061738,-0.10860393646007108,-0.02115732374045431,1.8657153891740066,0.068204164847621,0.03265612170421681,0.10838225342427465,-1.4059966217051612,-0.32564424378612045,-0.24334334007750144,-0.15908719972292484,-1.6277862310808895,-0.42205884159441875,-0.16924854210277437,-0.08492789811712298,-0.1500659005244993,-0.24394005954924444,-0.19559640408474527,-0.08707726589103673,0.4279659403059297,-0.07102712622675768,0.14789801941291109,0.2867583239344768,-0.914492879117786,0.4798375411371667,0.4057537598474393,0.38427920713997027,-0.7303753986330208,0.41929608641476634,0.3569203494053192,0.2857057311564765
2025-02-10,4.493722199209181,0.8123727136025494,1.326456303899847,-0.2059748412839904,-0.056361748917040495,-0.008230143740749029,0.27054157047903704,-0.04958283484665378,0.06650826864871855,0.0992990594925913,0.4054002415253408,-0.24647457398962508,-0.22243876486969633,-0.1708950258240412,-0.0623038879489024,-0.4423213080421634,-0.14200728953332073,-0.14891513310797566,-0.6321389329612896,-0.3247170908687879,-0.1765009592765791,-0.14467210541692177,-1.69065614457808,-0.23718940615650072,0.173880155233185,0.19080407772691174,-1.5231729401547884,0.2782506664867006,0.4352656146356687,0.33690390097896,-1.5593449834127522,0.22723657923850338,0.38921504600851226,0.26616228815130233
2025-02-11,4.536257452991474,4.253525378229295,1.0024119251418433,-0.15317380655347276,-0.03636310214116236,0.016067228131105626,1.7880782297876128,0.005824829257806438,0.08827393633461222,0.1314633879461572,-0.8174298248767885,-0.23518300537768008,-0.24847986604951366,-0.1743931328196787,-0.7102523129589984,-0.43911295525359956,-0.17060650764209567,-0.15204544362560432,-0.45794685930632195,-0.28699991885531495,-0.19144367474040008,-0.14293268044620278,-0.10919917505824961,-0.1831576998702282,0.1614019625750113,0.2101501886933983,0.24001740528468474,0.3357281307785695,0.44216331018008864,0.38269456035600075,-1.1892510550106463,0.1707228179107507,0.3680223320257299,0.2758006572361765
2025-02-12,4.632377621920022,9.612016892854847,0.3456979766158784,-0.1746795610078944,-0.03278450400451673,0.019088360256532756,0.029613080544646397,-0.04402484059573122,0.07447530512742818,0.1165030603614005,-0.7563547612332959,-0.2917990376481128,-0.28288282060878805,-0.1969338918257899,-1.5014318434239522,-0.5425160091880799,-0.3206405977756447,-0.19509319259454408,-1.3667469360030466,-0.552879692553251,-0.34058760804899163,-0.17920367702859932,-0.7612563970869825,-0.27891575593294093,0.019372939012006384,0.18599515927973845,0.4722660909496287,0.37411154399878754,0.40171281759929234,0.38815636763491,-0.5270873693140192,0.13717054612113516,0.2778695964527582,0.26878714962863787
2025-02-13,4.523951010473913,-10.842661144610943,-0.7818015984107065,-0.08754075205715557,0.036461669681290665,0.056041317939048915,-1.7794830606153904,0.09658691403277948,0.14218555358535423,0.16379385211368513,-1.373401116340578,-0.16252231155478739,-0.2123890099161192,-0.14528323174530983,-0.8616014878814116,-0.3017060408612368,-0.2657786711510405,-0.16092154580159201,-0.15521774271680608,-0.3013352107154781,-0.32625669568132154,-0.18025329567237136,-1.1063807991892687,0.03134752898390377,0.07494391937587931,0.2238476395212265,-1.0904381276233153,0.41663512627762816,0.4292320011096273,0.40322291567949736,-2.1468624970652064,0.17833443744478245,0.35325988702599714,0.31634403425667534
2025-02-14,4.475272355631543,-4.867865484236944,-1.8740062943241342,0.05040955645281642,0.08321526950489182,0.08217537323585827,-0.7326065474713439,0.08594562244954279,0.1494505279507068,0.17257160536328128,1.3211214429089728,-0.17924865576110935,-0.23479240824164663,-0.1598884965379886,-0.22292656970687985,-0.24892705333668688,-0.268805921090613,-0.154265364304137,1.2889968015681537,-0.3089893634609453,-0.366127044194157,-0.1942431595491338,1.2450515126244543,0.02376258884382068,0.03470038215706856,0.2040180811593788,1.0915809561413887,0.39142012152530725,0.3944021363212428,0.3833630035396585,-1.044340819335664,0.2029047976360435,0.36621748675557486,0.32593272710348953
2025-02-18,4.543450842011653,6.817848638011004,-0.9653784067148514,-0.05158305727185821,0.026974815187212602,0.05162280726806538,-0.8766129232772,0.0027501839449890104,0.09360232652280451,0.1498803889739245,-0.808896160577689,-0.3094867351720947,-0.3414737488652887,-0.16642364910989038,1.1959395764951903,-0.13688027366843658,-0.22080083108935739,-0.10295417458343754,0.07196354839014718,-0.3147872015844723,-0.311425065921922,-0.1842038439477071,0.5452004795093153,0.07080360157907334,0.03352597038121484,0.22874082204291094,0.03279921941843833,0.38970559089883383,0.3848228407254474,0.3792451708412564,1.393319855634435,0.29961637984816153,0.4090013831701767,0.34120124343425495
2025-02-19,4.533639901953417,-0.9810940058236461,-1.1816702396497152,-0.04531078290968273,0.00952991019459895,0.05371926155104285,-0.36109857534845746,0.0072303978492445934,0.0628213797482955,0.1451561069047258,0.22604891332397115,-0.3201840142067357,-0.36453627472854416,-0.16853621865053223,0.865147183717597,-0.14585804100721117,-0.21484018824341983,-0.09955165926821893,-0.19314715533080618,-0.3217998390109672,-0.26428823836156823,-0.18417486200793146,-0.1462917028693762,0.031242728803998393,0.08847223408139314,0.23167463824523438,-0.9879641030902337,0.3667576353544657,0.46398262074784297,0.3781769852891116,-0.8795725267230305,0.31106250573037225,0.4118058850839364,0.35416454170105627
2025-02-20,4.4984767818254845,-3.5163120127932324,-2.0903716306089666,-0.011002886018316086,0.05531346695785494,0.056507888044841456,-1.4780557667117407,0.08396834710908495,0.05735486615074662,0.14812120138267576,0.9325431840773774,-0.3161485964145799,-0.3695377072748578,-0.18533135563945544,0.7898069253094112,-0.16435197981744068,-0.23676594460307115,-0.12836359960287025,0.5799360384997578,-0.3899555593559785,-0.30110857531515256,-0.19326559028399257,-0.4381383933462143,0.041820340608533194,0.061481997870984954,0.23376625860884212,-1.924577761197024,0.3844835473155538,0.46856904059536103,0.3850836518823853,0.3178464121809139,0.28947872842439526,0.3947287999180435,0.35493646692991376
2025-02-21,4.418719771521595,-7.975701030388915,-1.1591863154656,0.04431678472421415,0.06991341845081818,0.08659731628256437,-0.7657125420509344,0.15238360700191084,0.03925299126454717,0.16229238568727242,-0.13042438410192636,-0.25365716591518384,-0.3653811074643513,-0.17714376417286154,-1.188549428585837,-0.05628042721161165,-0.18806061023529638,-0.08378808848638007,-1.0849829217551208,-0.24304127477845208,-0.25634526543455444,-0.16055127721722987,-1.5904023328002015,0.12894386802741692,0.1237126639823957,0.26608535899485164,-1.2155130131403487,0.39783286221810993,0.5155650981203397,0.4006341964461926,-1.1731884449512737,0.26599125287652514,0.40836561931348175,0.3690347849477272
2025-02-24,4.391601847134687,-2.7117924386907966,-0.27274964913311384,0.0482963249294371,0.07223341344753051,0.11569549997294401,0.43075845184445116,0.1518980106021498,0.0363209484043639,0.15772848950100624,1.4587756071304352,-0.2636786885764033,-0.3754345929242057,-0.20621691619097707,-0.3948293043124099,-0.05132366765076937,-0.1992276411898083,-0.11067243740421068,-0.09611109716870714,-0.240486150064084,-0.256961943143528,-0.18650092836154408,-0.5497011995555232,0.13507580776102754,0.12712414919588905,0.19207148318214107,0.08275364577725752,0.39108824517034013,0.5190937030935177,0.3867784792199683,-1.2371425564886018,0.27323795739328127,0.413659741512928,0.3751011753065894
2025-02-25,4.297359768720276,-9.424207841441135,2.015675559128406,-0.04915148020306935,0.0011873099732318182,0.06197421713179922,0.8549796977486797,0.09470026154701325,0.015316630569441225,0.14125537964379356,1.6277504252382338,-0.341558564026532,-0.4065335415748602,-0.23820702152857165,2.8107980371398207,-0.24239574566959177,-0.2941081486869719,-0.20664669700610466,1.1440168819307808,-0.3251811857723317,-0.29303508994818356,-0.2077292026410276,0.39786745680521574,0.14767032702590474,0.103497772207695,0.18600462586201083,1.0341810128620863,0.24678051699408415,0.4524538949792096,0.3710168077126002,0.6231676152715808,0.20106674173695827,0.36609003070326745,0.3596450773903913
2025-02-26,4.247632781660348,-4.972698705992773,1.3133271629821368,-0.08281368201888102,0.002732913774040572,-0.00037780720085713336,1.890994352773824,0.07149054388606128,0.008616836271732722,0.09387657884909968,-1.5158739009835647,-0.24969847033516462,-0.3621239028259801,-0.21936925565512988,0.8150597929389694,-0.2633504345822538,-0.30751112195810526,-0.21915680299336907,0.021047137264150306,-0.33068278505282755,-0.3017376729603755,-0.21005048384435093,-0.8041079581978208,0.17105590422602437,0.09895652566541518,0.17643124295591883,-0.2656213847310912,0.216841253997964,0.4460911721872074,0.35840886970436886,-1.5754079498454494,0.22752833693709137,0.41954313202828536,0.3505612255855252
2025-02-27,4.284752494120523,3.711971246017498,-0.8445567802358496,-0.1190812603212767,-0.019809167820643705,-0.014414070681755282,-0.5898583725785027,0.04131689598824447,-0.005658175638198168,0.09561405873911102,-1.822698682549261,-0.3057804358010879,-0.37302895461756463,-0.22381932600336502,0.12234561081280315,-0.25212917656649403,-0.34646498463120906,-0.20148201744078625,-0.6861937364296442,-0.36240590975666026,-0.32081351896235477,-0.19881417283801273,-0.3864960701911664,0.156240897943758,0.03416740131231054,0.18163272830484092,0.6765630398425537,0.24776465668954295,0.42976724450693454,0.3716619340195771,1.4026394329127778,0.2750101519656648,0.44660913702481303,0.35739446286108617
2025-02-28,4.228199652762877,-5.65528413576466,-0.27696306517755614,-0.08826971766328388,-0.008529867728021957,-0.006159115196249538,-0.9837645530898167,0.09299674488883143,0.019572324550992594,0.10961800699049921,0.3673524496998881,-0.2887900727193833,-0.3776811281803837,-0.22717184486894806,0.09432851712577232,-0.23805601831466183,-0.36473974831130285,-0.20285323742748862,-1.1034772306266207,-0.2711868972965038,-0.2770456354958456,-0.1763110548372826,-1.3734745156154722,0.20711338625744094,0.05854943106493044,0.20117809589682378,-0.6720734427488897,0.25181324157280127,0.4338378938976372,0.3772532768211102,-0.16810659034987507,0.28179045873229747,0.4386552926243451,0.36259514084336447
2025-03-03,4.177781085870151,-5.041856689272528,0.440204574035715,-0.12001403073349004,-0.011834655622843018,-0.010796451029695479,0.2796008846714977,0.07493977599050125,0.020235060910911613,0.11095683290192981,0.2839277407528864,-0.47201711643809946,-0.37899026860558727,-0.23087230186277183,0.9816539588293214,-0.33612401238879,-0.376806291232959,-0.2178987542204879,0.09452122358032344,-0.3815653996534478,-0.2787724962614065,-0.17966170863683373,0.06937560603314896,0.17357784428911424,0.059447820059822715,0.20040440657012726,1.306310882784112,0.17006019455056018,0.40379354018221314,0.35996246762111417,2.50788391670425,0.20919481846776203,0.3700997571972982,0.3065964902946245
2025-03-04,4.208978562899038,3.119747702888631,-2.4948999033301344,-0.18432624230836783,-0.039980802460340706,-0.03265617263493847,-1.5008419878385664,0.03872023642638237,0.015887170142133943,0.09281116128895806,-0.7463861262390592,-0.4893809556934121,-0.3805393356063346,-0.24117492618686007,-0.8669179048874112,-0.3692461880527386,-0.385034759953891,-0.22831046687713452,-0.09887328289269982,-0.3803245567482284,-0.29182644582364503,-0.186732063369559,0.2551597529943552,0.21607030833646804,0.04930623415964749,0.2017204531420918,0.339469186533619,0.2098122194939152,0.39932561145988654,0.35781699374644077,2.3192508968529437,0.26754594739735504,0.38569367565178403,0.32630950760448585
2025-03-05,4.265095884942468,5.611732204343056,0.334416731016848,-0.14147489273442368,-0.023827410768333838,-0.02967386645494431,-0.31419036373139253,0.05770088975142809,0.01711753654047851,0.08615994500924172,-0.49780881105804786,-0.494750892481623,-0.3773448262639303,-0.24556729909195654,-1.069573405860429,-0.4138905864014774,-0.3983717778637943,-0.2430001907106722,0.23311182820939202,-0.3519213680921058,-0.27854978523218177,-0.180428219994417,0.6127864069531318,0.2565821018117018,0.06771191230296628,0.21043705070677995,0.2572830211506879,0.22099785232479946,0.40467926675114324,0.36942589603580744,-0.3805076126366944,0.24515744122783326,0.37502549915195027,0.3194364900116676
2025-03-06,4.280305660356898,1.5209775414430027,-0.5064141825983401,-0.03643396268555204,0.02415849161462591,-0.027745822574796027,-1.6299976649281758,0.1398383420024859,0.06162183580168828,0.07715251524636375,-1.5333080393780705,-0.43258689576468107,-0.3392593219390533,-0.2521091273754282,-0.9117990344955553,-0.3847746219036402,-0.3804297542657992,-0.23880125449992923,-1.6262396200701952,-0.2970454155894665,-0.24852170007370541,-0.1816165519073291,-0.4196530734244864,0.29420217249370695,0.07815891260282555,0.20941611095620136,-0.5650946079695527,0.16490649953899053,0.35525148506748444,0.36017922270763525,-1.8606139003651934,0.21469694188392718,0.30551271919376993,0.31116754557825915
2025-03-07,4.317456169844501,3.715050948760279,-0.8963775975259113,-0.037385176746019266,0.010517436639309971,-0.0377248280248579,-1.81828596402112,0.07691047625640363,0.02570544195239679,0.053114521937475984,-2.4931319048994687,-0.4639193272585824,-0.3613637176760652,-0.27111935867457343,-1.4341224664321186,-0.42174895432912074,-0.3956319563183394,-0.24721463712220346,-0.1704681053584831,-0.3134480729725713,-0.27050472235673745,-0.2000577762136856,-0.631939589207424,0.2563530299130499,0.05460531784776771,0.18954819665484762,-0.5826794976101408,0.12054988369996361,0.33830670341827007,0.3394973091430622,0.8258185980782626,0.21939446257306844,0.31435402471024243,0.3117957573896416
2025-03-10,4.212161059597761,-10.529511024673965,0.6713957859231678,-0.11634410256408341,-0.005936433832838594,-0.05994025068257232,-0.9967349949170874,0.027806986986598104,0.0595586584015494,0.06974391507038359,1.0294111182462715,-0.48608182758185464,-0.3807742182043211,-0.30405800595949145,0.9631273670440317,-0.423857867943575,-0.41889291392217526,-0.2851420451257222,-0.3866590266098555,-0.2872157589669333,-0.2459612421976031,-0.20183573018871076,-0.7193474645625919,0.23914498885621455,0.08269165420888042,0.19909367788558724,0.5949652378351744,0.08667358186281948,0.29386692491658956,0.3128192067453851,-0.06385933271721633,0.21856852171843885,0.29924506850304367,0.3063315976436806
2025-03-11,4.286572963142335,7.441190354457383,-0.21099475730243844,-0.13312922033145377,-0.15319755372357732,-0.03543928026444996,-0.5397318297622782,0.008850483891070878,-0.03231560835496418,0.08166993920490924,-2.1331541895127524,-0.5549511750264772,-0.39168337614030535,-0.316290783326279,-0.6185379324962499,-0.4377710788280004,-0.44027131058576957,-0.27791467658420405,0.22618028980293436,-0.2223350230436092,-0.2668137832728447,-0.17609270814167016,1.788112648319635,0.41135552181920243,0.09804961936835693,0.25468632697587246,1.8023658567864256,0.24544965322106427,0.2591606778949342,0.3643297716502365,2.0329422110943423,0.32706180394318,0.2930957860925248,0.35837669547633144
2025-03-12,4.315293149433415,2.872018629107931,0.20121469057479427,-0.17668355727662677,-0.15550831831324313,-0.034319074103949444,-1.412283460651043,-0.12829150281884527,-0.05429117673386452,0.0714324066521911,-0.9528195864158079,-0.5577648505204159,-0.38638084891146873,-0.3347647819046008,-0.3618991758061568,-0.4274040520289873,-0.4306635965619212,-0.290908475356411,0.1119103856071455,-0.19468178380104328,-0.23546365284613416,-0.18167976730937885,0.7171680673652834,0.43323653386154726,0.1470701038182421,0.2525764636079937,0.8351973935226176,0.261385548888464,0.2923018039569479,0.37248151661336293,-0.7586957671925056,0.35305034812889013,0.2868468500050037,0.3552900277784606
2025-03-13,4.2748970845443015,-4.039606488911307,0.6465010614100031,-0.27821782637708303,-0.16097527917022295,-0.04206304238955086,0.026244858647423985,-0.22286007155829263,-0.05320648803721447,0.06492446778795219,-1.6182833054608035,-0.5416722191498432,-0.36615394574829335,-0.33390731338366786,-0.7184177996318272,-0.32733028361810795,-0.4161479074885379,-0.3380651064598113,-1.3266182837479807,-0.012448575735812591,-0.2459563456801407,-0.24477964704934518,-0.34222962765503695,0.5525036871661988,0.15415939775003415,0.19758673570404314,-0.43765257525865264,0.2501356773264522,0.2998626084747191,0.3371889972809105,0.641130678213587,0.41075744236055106,0.2759902483149025,0.30715153470405143
2025-03-14,4.307277610865742,3.2380526321440506,-0.7090320895340598,-0.33759667552396844,-0.18900655673180247,-0.05031419950632888,1.5142990015325728,-0.23956297044048763,-0.01712215779201152,0.07525325309127665,0.17273204030597766,-0.630009858332684,-0.3592212787762629,-0.3300422549090599,0.34571017887091526,-0.4147880179436536,-0.3651850094528185,-0.33282664533067974,1.2966177144271456,0.06249015289732965,-0.08758591294248391,-0.22262205974111304,1.4524881964833216,0.5315861755169013,0.29236524725207264,0.2099765896497169,0.09865570461435524,0.16675113084983162,0.2848929732711807,0.3383302678107889,-0.22054957450933443,0.3010583744069911,0.23041573243926344,0.30497503869946124
2025-03-17,4.305272865547165,-0.20047453185769726,1.0822294286514014,-0.3885769402806627,-0.17244557481525322,-0.050872711948657605,0.5309334661729825,-0.24254821112340033,-0.035078643358385606,0.07078255159438122,-0.027704525324016127,-0.6139388260271884,-0.35330312213146314,-0.33133559021828535,-1.297199892436567,-0.4219180752505533,-0.346203636396715,-0.331094086676775,-0.25712872963062394,0.1395674357438749,-0.06343968226574888,-0.23269340158038126,-0.2554009340443232,0.6265949577512919,0.32845581456982875,0.2082123031819647,-0.694031310901568,0.21030373670852429,0.3019266198085385,0.3378820928464333,0.29444185747008644,0.2768508568682285,0.22868475350325818,0.304377756016151
2025-03-18,4.2802113468702325,-2.5061518676932515,-0.11841084636355825,-0.3631011723303001,-0.17601471814408498,-0.06897038101248608,-0.5424699193543008,-0.21699471782147212,-0.050151534171834954,0.04490574715748666,-1.0422762398318626,-0.6131042062703373,-0.42749838725542305,-0.4019242716486766,-0.9670429404760768,-0.5355943135574597,-0.35376377947947657,-0.33773524471471666,-1.6559802341574847,0.1336453885197617,-0.04888298712657635,-0.17757526707023744,-2.156303335804672,0.5620825484312896,0.32438617923794233,0.20600772559953298,-1.5366248654567105,0.22370805902238963,0.3076095684406721,0.33577719010506046,-0.8684104833195584,0.22740850834831816,0.24025709111963817,0.31934638390965037
2025-03-19,4.255198092351565,-2.501325451866787,0.1572615469646399,-0.3700512888094681,-0.17645092196699041,-0.09117682907167002,0.4906511245913281,-0.22241179818690837,-0.04869749637030379,0.012760555071396248,1.1354049756752644,-0.6081040269608515,-0.43108340888798546,-0.4241929514655484,0.30227928751769584,-0.5531756905326605,-0.35932409554513306,-0.33759850108626255,-0.5355789698891935,0.13681454303325427,-0.043726708937520516,-0.1333050586997106,-0.18517518577274883,0.56065455578303,0.31549730913007396,0.24953655592945062,-1.2828900952941282,0.23725742232174987,0.30062087747329697,0.3944685395499964,-2.1629890780736254,0.2354282787701342,0.24625048502275276,0.3246370437916079
2025-03-20,4.232144099792571,-2.3053992558994096,1.9689292743910527,-0.43363832196445,-0.20617265309817265,-0.0913178395934752,3.7376574783695005,-0.2227069326212537,-0.043905914840219655,-0.017482284901506613,0.9275130482500207,-0.5974270469944654,-0.42326293814611676,-0.4234652766800186,0.10139273762385592,-0.5485618646500606,-0.35837163628569946,-0.3438358528323568,0.5396695498159455,0.15117363738301293,-0.07217845754516107,-0.15183335309632315,0.12289961886312961,0.5530422121672184,0.30991095657926504,0.23282773455140332,0.20526587172248192,0.21447185955761935,0.29784701313433337,0.38923296537662694,-0.8397007043468928,0.24552899300373435,0.2517308305361207,0.32283771123836486
2025-03-21,4.250997763364938,1.885366357236773,-0.29587927847030726,-0.5669316385735611,-0.22032505275202144,-0.11834609413022859,2.2137307167266465,-0.20983917927362558,-0.016687964953722715,-0.038231678752046944,0.6337816412885409,-0.5745228291129093,-0.40345053996756847,-0.42396585556411925,0.27341488522069435,-0.6506067755355898,-0.3511694565489721,-0.3471910034287357,1.0587595673942527,0.12397762728809619,-0.05413343837805081,-0.14553564123289633,0.16874320787640512,0.5048295355287403,0.3028886891947951,0.2393086362734256,0.37732939539825183,0.13838996033555284,0.2892675377755696,0.4122917241132012,0.681222992775398,0.2097493250366328,0.22703726855861464,0.32396316532216385
2025-03-24,4.3297777361643845,7.877997279944626,0.27360268859376013,-0.5273155062950003,-0.20455419379745435,-0.11337370553550623,2.541508543289283,-0.04677341981512129,0.04621631942907852,0.007755620933439965,3.3086004303846432,-0.23179334215882783,-0.25268736932733066,-0.32490440567534257,1.74310233280888,-0.43236031858773105,-0.24746518798969996,-0.284849394756253,1.4159976082004353,0.2503804502535894,0.028142933740841033,-0.09733797133853452,1.929997537234713,0.5806988623037117,0.36343873276851946,0.28087583983877346,0.73737797945731,0.19023832522134343,0.31262609367957417,0.4259828404089363,1.4482472987559,0.2580132967915814,0.2695972094447559,0.34847835424435814
2025-03-25,4.306552131060942,-2.322560510344296,1.167094435283104,-0.44054766402122697,-0.20180935212120482,-0.11804404563471187,1.4964255501583117,-0.027723979706109316,0.024888925724886598,0.0021259040845233276,-0.14013946308706882,-0.12747641933171472,-0.25066440472250673,-0.3244373741927613,-0.4434357792801855,-0.24222982526221917,-0.25136191332083047,-0.2816752077429555,-1.1704989403127328,0.45109858454264234,0.053770527084983366,-0.0888145428665698,-0.43202566682241605,0.6830932785768965,0.40818654354479134,0.2830213668357809,0.7062550309256609,0.30531666367575544,0.28273920510809153,0.41918983648622127,0.49927819857892797,0.3083627109775467,0.27118207811692596,0.34590168718717224
2025-03-26,4.337357723355768,3.080559229482649,-0.5738622563646911,-0.4090220590295348,-0.2122078604746066,-0.11292958422082357,1.9124506351412065,0.06806913695512662,0.04522235153271868,0.02540214200972577,2.0254552120962654,-0.12603621411186802,-0.21212122161992,-0.29049464207524067,0.630236013021792,-0.15554919797011627,-0.23901392035313795,-0.2713419622365861,1.6320586548350469,0.48765413006492414,0.08247496311474539,-0.07204680602889367,1.572764609097699,0.6693187830561628,0.42315871495756135,0.28534062728622395,0.9009888684130207,0.30924269815295885,0.28575761429885427,0.42142264498600324,1.7300272110129216,0.27465222789443267,0.2916076634098545,0.38059586303550164
2025-03-27,4.368267400474658,3.0909677118890144,-0.4008367634512322,-0.3971604065620126,-0.219977754631859,-0.12096647931292405,0.12481201641983697,0.08628741832579317,0.043576386380883264,0.023435174589258537,0.907113605839875,-0.06420195070934992,-0.20129081983470934,-0.2753051960690024,0.9485147003318751,-0.1245781361872285,-0.21647293875175572,-0.28667392003572534,2.3649219328937536,0.5157466618396436,0.1186476573988927,-0.04472685677629869,2.6193398203749303,0.6737765962565855,0.42986206994489307,0.26679895465443365,3.8822745063100865,0.30041987375923757,0.29757805244753055,0.39472003960056473,4.440339108454435,0.280694216396629,0.3039869014394731,0.38151947072076897
2025-03-28,4.254192895432996,-11.407450504166228,1.147649754760718,-0.5001774122394198,-0.24317125584288898,-0.14739670452468348,0.9246850879183178,-0.01922215051117848,0.03518511570283214,0.010484678160900804,1.2200955887006024,-0.14054559125238786,-0.21443299515550726,-0.29558440976359796,-0.14818173245814403,-0.09391527566810938,-0.18908358715679638,-0.2846986932485447,-0.5283921003121566,0.47202961471335475,0.15551570079041688,-0.016117087706570814,-0.14907810745431993,0.5926684925714545,0.4211916998919083,0.2621994442922231,-0.5923986566697343,0.31047986475823114,0.3023483962617753,0.3988901447295504,-1.8433056583883203,0.3797954471709416,0.3508042006756009,0.4105252055243608
2025-03-31,4.244505700371312,-0.9687195061683695,0.26322291408215337,-0.4969313001374578,-0.2551551061920753,-0.1473417586412118,-2.3746881213287776,0.0014798531519530692,0.02497985613385118,0.013032558631327311,0.16239150676163217,-0.13560584884768473,-0.28051967890926,-0.2956035228276938,0.303934042881536,-0.034691657962820754,-0.2297480596598152,-0.2850259052510169,0.6704964277643748,0.4749730849536418,0.13256545649469714,-0.015763097592024565,0.1262413676779359,0.59915050843691,0.424270551906611,0.2657739635781376,0.01254751351109823,0.37482709748920573,0.2992662009910944,0.40201587587496507,1.2584077174879469,0.4693448534611949,0.3742700578566535,0.4116974042939484
2025-04-01,4.15460821391872,-8.989748645259255,1.6636025328515998,-0.6124535351747894,-0.2926514289613414,-0.17030647747076227,0.7272726042887263,0.009889146473098251,0.03159023322122323,0.01547070990427948,-0.46228366041629765,-0.08194413480357696,-0.2603085587880433,-0.27814723725192797,1.2386005801321724,-0.13733631674908858,-0.27227393498902397,-0.30884241545358077,-0.4970702535922595,0.49096836800100446,0.14397573536086192,-0.007607360402796793,-1.0024318791358113,0.6380489847922246,0.45722215172591724,0.2798742352951677,0.0792588628449663,0.36020642136953507,0.3045388335998305,0.3892987104403049,1.6458749827348385,0.3391562172347628,0.3166494149406025,0.3686296753310348
2025-04-02,4.194536299059148,3.992808514042867,0.6376745518610736,-0.6035256689597084,-0.2716199762921268,-0.1565278944423175,-0.9838691692362911,-0.0013611780691631522,0.033105569850907145,0.011147916642461977,-1.3868440930704062,-0.10146441263343682,-0.27215772197927696,-0.2838680863920196,0.5318686407369408,-0.04608678623984042,-0.2608591690013692,-0.29172893092599067,1.0351285495058542,0.5171095522984055,0.15951243291813594,0.008184366978239327,0.20299846898794882,0.6292022803920168,0.455673320728702,0.28007364103522286,-0.4469881016858208,0.3369078072365274,0.28624248618549814,0.383244457849898,0.6298054891479647,0.3805443217565582,0.31919467820263187,0.37509858720978445
2025-04-03,4.053976607208199,-14.055969185094952,0.7151043391605469,-0.5731785555771179,-0.24702792795698664,-0.13220681739038345,2.363459837689461,-0.11525928202460513,-0.02303343984756325,-0.007588883833354776,-0.059348233700665554,-0.06356807826644112,-0.21597469927784924,-0.23673780721038803,-0.03411895134617615,-0.008591051943764715,-0.21444538375613748,-0.2571017043110175,-1.1749694838216318,0.6295585275761306,0.25360256080644117,0.08888069255465339,-1.956908561261283,0.7130146776147959,0.5281314466561727,0.3491921769750873,-0.6179461892609699,0.38507062985044205,0.2803835800619195,0.36201214985180474,-0.6893296413151102,0.4597296274242514,0.32753725075531315,0.3564405750321826
2025-04-04,3.9886807529588655,-6.529585424933337,0.31383138834659174,-0.5361137687943788,-0.24079946334059354,-0.12723385260440978,-1.2300856593996166,-0.005283149703189743,0.002365131549770006,0.007999539483779664,1.4165981254964164,-0.022937772795759367,-0.23765458438418477,-0.24926024599854407,0.8947417391543682,0.034802038748431026,-0.23564360246717103,-0.2656870513235,-0.35669662703292815,0.6584738580561501,0.2545890238578519,0.08763489547291106,-1.0591901292788801,0.7707337157119979,0.5355244673362021,0.35751985568802963,-0.8121027115421446,0.44761218394290064,0.2853478492471169,0.36711309473828313,-0.14502023664649588,0.463034125318062,0.3201620915479779,0.3536041494219788
2025-04-07,4.154889540238103,16.62087872792375,1.501350228565407,-0.24551152334845827,-0.12135430318441498,-0.06116546198244141,-0.7663591360192967,-0.18364768197703787,-0.068714227326105,-0.028476861345957907,-1.2992909819924474,-0.12145235052007211,-0.2611437112013207,-0.27877223552091424,-1.8564819877191034,-0.1991890934167888,-0.3060496488635874,-0.3366442136862274,-1.9731799234272955,0.2779295508821931,0.0900066391723008,-0.014751600917578682,-0.7324822030146017,0.5387154784626459,0.4361560809492526,0.29935603602321287,-1.4971138666014336,0.22906269086140732,0.1806307608135333,0.27112737579599855,0.7567493046130349,0.4147761244845081,0.33760773387717125,0.3544347038602145
2025-04-08,4.259154572550891,10.426503231278783,-0.270584582139616,-0.2630675118174087,-0.13954983503470209,-0.16330863543257437,-0.9082935856127357,-0.20950442939164982,-0.09530253623132393,-0.09356675774597982,-1.4662195063193595,-0.12133232117952837,-0.29671353619840146,-0.28181587892575627,-1.3346104736539193,-0.2602566977843964,-0.3441439450371958,-0.3684080929105331,-1.089704481126784,0.18488317790528042,0.0472682091099481,-0.060891951810046814,0.5274828114811196,0.49836393506889926,0.46617840342970973,0.28560525614216814,1.2950226490453405,0.22716888090344373,0.23457878883616984,0.25098588031749447,0.8939193856615552,0.37903321591914785,0.3598166840039849,0.33867602362439503
2025-04-09,4.393707276613156,13.45527040622656,-1.0110808063636814,-0.37391537432338845,-0.19843585702014904,-0.20203822045052752,-1.9475619384045757,-0.3028824261100564,-0.18093439434323164,-0.1436693804033348,-1.8629649235112637,-0.22559707886642913,-0.33623239134229693,-0.3097137789512788,-1.9113002762696008,-0.37862151303239777,-0.39612922193066125,-0.40845753319049577,-0.7971624706947207,0.11213079119068227,0.016283502052917433,-0.06558638303457605,-0.6021452133543583,0.40393524475903847,0.41871809779979635,0.27204423933100036,-1.973391947068255,0.04937182151731373,0.12145381128108329,0.17848170908398336,1.6390051747456706,0.43975829622018303,0.41077832261114433,0.37050151480643784
2025-04-10,4.389749588719937,-0.3957687893219486,3.454502663237248,-0.3036369168646142,-0.19004666812983914,-0.18332558726082143,0.6061272884803834,-0.31564174979594145,-0.18741791950617193,-0.14274680780930712,-2.298534066507777,-0.24630113739923057,-0.31829621536232294,-0.30549083783825615,-1.489531285092223,-0.37778538611530593,-0.355423226083965,-0.4016253195296881,-2.304384869127712,0.08802669936590314,0.06012950415107833,-0.07498670957932764,-0.7639528506354236,0.3995540371593767,0.45440771793034923,0.27229464462045305,-0.903806892870656,0.044893000310695555,0.10716886317132636,0.1764646424035008,-1.1381473494056173,0.4407783805840099,0.4379836047667015,0.36727610186008575
2025-04-11,4.491491953649259,10.17423649293221,-1.367012305512736,-0.3664449003381273,-0.2621990932665652,-0.230608170428415,-1.3103009547172801,-0.37544737520199256,-0.2722381936285336,-0.1646938408724515,0.4033598547787518,-0.22512325184254336,-0.3411541315328565,-0.28703619729856306,-1.3515734354543456,-0.43087178237250306,-0.4287124036398984,-0.3992218380130482,-0.039773324360255824,0.07455740196162468,0.06298079730681116,-0.010000822663814234,-0.971804447959117,0.32981575212405473,0.38341164217622137,0.30044407412289753,0.3001899255224476,0.05980344354820473,0.0823770524845791,0.16944778660956308,1.0636903114962941,0.4589896261860576,0.40760467204278467,0.3563292893140514
2025-04-14,4.363207873924668,-12.828407972459122,-0.29771388751622396,-0.2814403985019275,-0.27507495188928377,-0.2021420775174763,0.30968913602867154,-0.34701966433190806,-0.28239601620976135,-0.1751607449732013,-0.4619505336076486,-0.1776051174918401,-0.30418383937844506,-0.26341864044199714,-0.29719611142044755,-0.4095344202154751,-0.4059816064220428,-0.3715637453357375,-0.3681076678298565,0.08121325499561284,0.0956305996463885,0.014510799925240245,-0.6299823997139198,0.3391178665462321,0.4228297544756834,0.3285891786083442,-2.070854705541155,0.16824054104032543,0.17438578905809715,0.22787847542830184,-4.134128356144202,0.5559358078183365,0.4691088589836146,0.41203231043636795
2025-04-15,4.32234223922848,-4.08656346961882,-0.8450159774185924,-0.25198453715193475,-0.2434188083212681,-0.19314416362517797,-0.9921944994528005,-0.32994930981008136,-0.25948876464715154,-0.18001171842256453,-1.4499162623431365,-0.15946913630577308,-0.27905487923563593,-0.28439378482557975,0.5292133849366079,-0.44119741246391386,-0.45586490461945106,-0.3858382876294214,1.1626770171584286,0.033910720798149836,0.07175249538890127,-0.00022990820164229823,0.982227812273233,0.30283380428619017,0.3913949766555994,0.31384752345201994,0.16882889756176955,0.14863412140537482,0.17033150959511112,0.22552834889158027,-1.1608507506953858,0.56057891457582,0.4640685630924664,0.42064366093344835
2025-04-16,4.277750974615313,-4.459126461316654,0.6095882613568029,-0.2590993304355911,-0.25347018916328523,-0.19711457055173828,0.21007060301440017,-0.32467587884730714,-0.26111345458539503,-0.1785847675844268,-0.29990866995225574,-0.1418817178794229,-0.2766816076355988,-0.28309221354350056,0.8958480220870049,-0.4506108815869532,-0.4656953031287448,-0.3938109424072517,0.11095948474166084,0.024085339449383122,0.06793470886417731,-0.0023366182592434058,0.6565694227177062,0.27991344066392215,0.37673993841900827,0.2983833239512682,-0.06705707167799363,0.13642874747409012,0.16989494590425508,0.21661778243070254,-0.6966753472884153,0.5740568815368082,0.4699730028941172,0.4238695191728956
2025-04-17,4.3258617363832235,4.81107617679104,-0.5996831073895685,-0.2676351065775888,-0.2997840696536679,-0.21607120083153605,-2.723489696204288,-0.3518610070583458,-0.29804052969559314,-0.1918168185536113,-0.643671764813984,-0.1430105273948639,-0.2745585349588294,-0.2817287959153679,-0.6456391578937604,-0.457817229616213,-0.46697612524182563,-0.39734629962238793,-0.2324359656800925,0.027017556430639623,0.07408041374473416,-0.012512601088970997,0.0498616732981344,0.2804711053461757,0.3743698696784352,0.2970138823471117,0.4312969595856401,0.14735537536750992,0.16462001692376843,0.22146197647725926,0.29643441832435835,0.5670411694172737,0.4703689354388447,0.4265777393073657
2025-04-21,4.403774732908952,7.791299652572814,-1.1256830991925444,-0.3023629752157354,-0.36870240976278307,-0.23869930224926672,-1.2288670934672634,-0.4043300755930692,-0.3334532928392238,-0.20527914675204528,-1.769976469568224,-0.18895824130981734,-0.2998957502916639,-0.2968752578124066,-1.562038038607616,-0.48906478398582165,-0.5291330655241946,-0.41585702314819417,-0.7413640912818558,-0.002731061690975057,0.032941667238749826,-0.028793545877262988,-1.204559464796512,0.2226156470627692,0.3054915430737499,0.2611993567476799,-1.5683312255151067,0.08971605199392317,0.09177656830908978,0.1805741776043827,-1.2399525788490433,0.5078389014145899,0.41931542809359085,0.3934385914277601
2025-04-22,4.388074599105613,-1.57001338033389,-0.22202434121760017,-0.30193876978865614,-0.3713193977502523,-0.23723048765273597,-0.38354375486425596,-0.5397001419750688,-0.3296625126595719,-0.20559966065587332,-1.2539522152372444,-0.35664769376988903,-0.2881694297265784,-0.2924970428517354,-1.0630579260985535,-0.610088758161018,-0.5224515541354225,-0.4102133955104842,-0.47877323464979193,-0.06137628090775719,0.035255577570701524,-0.026556922949057263,0.03257787415453761,0.1608958030804193,0.3015603750452629,0.26074960210170806,0.8501930851086497,0.05440162331511609,0.08769337538658338,0.17673246268151702,-0.11014691023111989,0.49395684037993925,0.4163015445780853,0.39332912598456243
2025-04-23,4.386062681416255,-0.20119176893578228,0.31266198122646416,-0.2949374455485897,-0.33318433822451254,-0.23375458905095026,-1.6229448157563042,-0.5310151383342833,-0.3109937723120572,-0.21211046335855313,0.06502052039291839,-0.3538822992288378,-0.24945814546595782,-0.28919512625572896,0.34567224713926725,-0.6103294935683735,-0.48712832614763957,-0.4137752458117567,0.7691996166914306,-0.07798304003023887,0.08059483089052219,-0.0187192404577972,1.3670021850164895,0.14477933559839862,0.31563908479771563,0.2760851777371258,-0.5191269265443008,0.06602477182480361,0.12425989076631196,0.16393099857966945,0.5264083155025323,0.4973004230463227,0.4360850381508252,0.3965148433608211
2025-04-24,4.304216467153375,-8.184621426287997,0.06441062199529579,-0.2739447120000228,-0.31144982084204803,-0.23076100687513362,-1.419563104312192,-0.565652115671257,-0.2595832923955761,-0.18787925215637194,-1.1826410304392327,-0.40273916157338063,-0.2453905171838183,-0.2663422292832764,1.0571388691,-0.6599245169886613,-0.49809362667419144,-0.4295905076927854,2.0551252517825276,-0.19004449989481798,0.01600550776792474,-0.06383680753492725,1.3365953704757443,0.054991820580195215,0.25451484106326433,0.2411910519139202,0.3301054097675844,0.032451951914969246,0.10893266825731354,0.1487993342758301,2.3703739928249923,0.40270452240613536,0.36404147726192465,0.35143981441624833
2025-04-25,4.265236695126349,-3.897977202702574,1.0514911781061795,-0.2755873921347462,-0.3117776777928682,-0.2372443077236764,0.7218775469483361,-0.5879790383184363,-0.2636838808056546,-0.19082442446214776,0.589446427811744,-0.4643562592607442,-0.24278156201749565,-0.27190235130811463,1.125414843461312,-0.7020293775352741,-0.5103925733917316,-0.4336397636179418,1.3751519160384005,-0.2811568550100803,0.0036622165281202513,-0.07573015704871187,1.4366478627567965,-0.02856916210067955,0.2358662202292675,0.22396069573393793,1.062476153491309,-0.07239514184799872,0.08605258086582457,0.13779453995745142,-0.40199162009580064,0.43174972464951006,0.3618440230065902,0.3525313970680206
2025-04-28,4.214972159341496,-5.026453578485324,-0.8141263192309143,-0.2037259463472113,-0.3010954491771415,-0.21864945325766805,-2.5798235049229215,-0.4722681038944758,-0.2384063314142388,-0.1587638447625577,0.12231904908054075,-0.4104225313224396,-0.23895656939342846,-0.26437363524818575,0.20940940680143072,-0.7301856604974123,-0.5122671131537995,-0.43098607794966776,0.8448067956984473,-0.3348526512386172,-0.030879480273050434,-0.07842910323139143,0.3655783245702976,-0.04646664075618453,0.20847334272627324,0.220704887867494,0.5316264163367328,-0.11853991352672202,0.06531070178455747,0.12612084780869717,0.5054554209078879,0.3668097001583886,0.3540868398493922,0.34938619241162827
2025-04-29,4.172591010755279,-4.238114858621689,-2.367472798612541,-0.13357222863343646,-0.2424632328527453,-0.19496938524112875,-3.1489455444087584,-0.41134851811037143,-0.1941019991317189,-0.1457833476953106,-0.8899911328322214,-0.40718510808227537,-0.22373229444533027,-0.3022718119037352,-0.18293651726069438,-0.72996028924125,-0.5006606302464433,-0.4558801932591187,-1.9364278594999838,-0.27795713138380934,-0.0019302502336698997,-0.07258699937828664,-1.5241241738219584,-0.009749191010269548,0.225549581513568,0.22855449889861087,-0.8446767368731234,-0.10227338448315511,0.09969133859224379,0.12675634594867086,-0.5778654041710305,0.38447026264001505,0.4002176857809614,0.3668992619764861
2025-04-30,4.174405655670746,0.1814644915467234,-2.41837099031056,-0.06466261284338978,-0.21902000985474007,-0.19099718224237097,-2.011743778135251,-0.36554012038932865,-0.18528413844866373,-0.1428303097519397,-3.5254772657833566,-0.33825940050856446,-0.2072950164177239,-0.290617783762582,-1.7824180682698083,-0.6778654160553116,-0.48201259505440797,-0.45238451956850023,-1.0155819107832764,-0.29620256716901533,-0.0024430549597862657,-0.07633983263517834,-1.9185117907559779,-0.054344306582985315,0.21357326097284643,0.22659806144752684,0.5068104546768831,-0.08078688532489012,0.09633448033769679,0.13637529180855765,0.8901786629124306,0.4753222338566747,0.39434276907741894,0.3655942063922671
2025-05-01,4.229148418140871,5.474276247012444,0.5247092131896003,-0.061945355236415874,-0.21542611235915088,-0.17649315654962391,0.2075359787205473,-0.327881626181963,-0.17840981833980163,-0.12965009870489108,-0.11157257607932158,-0.30225876266709306,-0.20141201646417364,-0.282769717362146,1.6365009817649248,-0.5903356198926418,-0.4120583413087176,-0.41433458616105434,1.2404802167235647,-0.27600637042112114,0.015100885180843463,-0.05850018205688623,1.13702824531152,-0.020841699232429352,0.22090064125380926,0.23543163910852463,0.36605142186297435,-0.05417557158237687,0.09817882015777454,0.13473913906156235,1.3891153045090368,0.4852602708338288,0.41640434122010095,0.37361287938652343
2025-05-02,4.31903162764669,8.98832095058193,-0.4764853519207235,-0.013452717179227155,-0.22462624016643654,-0.15372555330593413,-0.6820980907602201,-0.11379365784926516,-0.17979903253098317,-0.1107465664221508,0.1115324488824192,-0.21257825775226794,-0.18228772532378834,-0.24318793519312235,0.5392684276126849,-0.552971058788488,-0.37880178574411855,-0.3778362295613303,1.1484775296833185,-0.3079843103421665,0.05564266121472899,-0.011440348791790303,0.7913272453973312,-0.1501641250345431,0.23928026188062826,0.2563719059876429,1.7506011233855199,0.006097369242707957,0.14592675911149178,0.15392835163511193,1.864673598787314,0.5139897363564905,0.4562876286091021,0.3915559907880573
2025-05-05,4.3423564881137455,2.332486046705551,0.19047137132741776,0.009255668595252878,-0.2148852094134829,-0.14838410512432051,1.6616847422233556,-0.10292476438311202,-0.1563704622089063,-0.10123716305896632,1.1169488681430404,-0.10571320041430364,-0.15579266233237454,-0.2339272071711302,0.9762547562017581,-0.5035817016195293,-0.3567221534314205,-0.3698844616741173,0.14260392814630765,-0.32613452513781777,0.05872437949088199,-0.012231763995022987,0.5387758956121306,-0.21178530168996837,0.25185325201754993,0.2562638840548956,0.7111328992363763,-0.025786760513196862,0.15818789241562461,0.15361670984261988,1.5220640267328798,0.5103591711880655,0.4559034293905869,0.3928839897815054
2025-05-06,4.316009109988459,-2.634737812528609,2.589335103016544,-0.18688510287993668,-0.2122109378240873,-0.15667840910146022,-1.3913370670860576,-0.11679862424336206,-0.17233969667975257,-0.11694179588185413,0.06877432568600339,-0.084258116505668,-0.12494516308282785,-0.22651997064965188,-1.302446831576749,-0.3903459885737661,-0.31158993837006005,-0.3475576412288081,-0.628812521067869,-0.1791676115058287,0.05247716330549089,-0.007955824132839932,-1.8001283248116247,-0.09210914149882399,0.24166028735314216,0.25585632673301256,-1.4336917758165622,0.16220473702999832,0.19181886143359358,0.17150630403871459,-0.922992384229504,0.5385998919515999,0.4640578010477763,0.40570711255738423
2025-05-07,4.274206584221934,-4.18025257665251,1.4691377289040863,-0.22013754122867407,-0.2196673089907843,-0.17109783748307594,-1.8544274460495425,-0.09782240601095786,-0.14984865341385406,-0.10612048400212137,-0.04062803823839012,-0.05594796127910279,-0.09230357831202611,-0.2299375242815815,0.493690807002813,-0.35999908033159683,-0.3097962227811473,-0.35126373742331213,0.6002519538355455,-0.1331886383394401,0.039418529289121186,-0.012644455912712781,-0.3513963718208064,-0.12666151855372204,0.21394904715606938,0.2672010799587992,-0.7082824778968682,0.09174734530579554,0.16476434591411998,0.18369184215042517,-0.8457612814996383,0.5417870247410049,0.4525393516416291,0.41769257083578143
2025-05-08,4.371599107122151,9.73925229002166,2.3513235825778267,-0.020891327886081053,-0.14493526617078972,-0.12543454276708504,-0.34276978404147584,0.02338375201075407,-0.14259323572258853,-0.12383106524419255,-1.3079848621188703,0.015320386169543987,-0.11342813308792882,-0.24116906609731417,-0.5883314672272342,-0.2504789024843431,-0.31663798570117685,-0.3517832980737747,0.02361747102679046,-0.05816808781412704,0.03802907614535642,-0.006148779404962739,1.353231520523536,0.02903811309586964,0.24147123080972197,0.2933399708118731,-0.05504539500091521,0.32937577461962025,0.15420961310907813,0.17742998365275542,-1.1369407752802976,0.3928306866699288,0.41453730595093663,0.4000248491774482
2025-05-09,4.37355626797304,0.19571608508890392,2.9829976670122433,-0.011166845644654122,-0.13317053025184689,-0.12464181105959435,-2.2948929250709917,0.0242524369884635,-0.13790003495103167,-0.13305138454010415,-0.4278773805728673,0.012596852081078457,-0.13270811034230928,-0.23673185713700481,-0.0440942362925727,-0.2666111242327667,-0.3293749180700852,-0.32855617729560466,-0.43011634852168323,-0.07453299125464012,0.020444371290961997,0.026167589232568733,1.1711666468944448,0.029205358050650745,0.23489144544254872,0.3159831695872463,-0.04137463847146239,0.3343410175697294,0.14994882382184552,0.16904277085176544,0.4821694911110046,0.3961701043596712,0.4215020747672698,0.4201237190441973
2025-05-12,4.45510401549698,8.154774752394012,1.4880866092023488,0.14422498599063446,-0.09758425436026308,-0.11999427166880434,2.087238544870157,0.19448548909728103,-0.105582980969979,-0.12261359898275177,1.116316459804044,0.04469428059887185,-0.10275041964972124,-0.23769661020238203,-0.5294654253062429,-0.20001706572424413,-0.341763100185448,-0.36422397199790724,0.3320598683123168,-0.04499515323367516,0.01631443641023173,0.030568457704274937,0.7680834490512415,0.1600825113306973,0.23981461256900435,0.30714846917635,0.35860118305662714,0.3412446280660173,0.15675356791166134,0.1518851241054731,-1.354138781176035,0.2730712850067498,0.3840368581477417,0.36183094519507547
2025-05-13,4.497603607513061,4.249959201608089,-0.8394989001293154,0.09067574456129314,-0.10780770729949547,-0.15000775302243805,-3.2982093089915425,0.2568863601199786,-0.12438690608678836,-0.1436246637238073,-0.4356566954447969,0.058598862895793594,-0.10452055656156964,-0.2268149539135993,-0.8126897858478335,-0.2899696905121487,-0.357161700050193,-0.3732413859862492,0.13841759329052783,-0.1312004557455894,0.017267882713511526,0.049210041601122786,-0.10686414882940798,0.07022975702027415,0.23673494351623114,0.32443894280219787,0.01624352155488673,0.11694685080342593,0.15628658526349445,0.16713258824079386,-0.8602988516313972,-0.08784271037938339,0.371361061640695,0.34433576059121207
2025-05-14,4.527357295010873,2.975368749781193,0.5716518755173408,0.06263697250956679,-0.11017842763640431,-0.13379974599264044,-1.1196773864993697,0.26281491727400036,-0.12935626995077976,-0.14236284653776185,-1.3917466564783618,-0.0007162905786392585,-0.11919315976641118,-0.22671461871551676,-1.715414200846061,-0.282057785322402,-0.37244211665025945,-0.40704280912830765,-0.889638254742688,-0.10598978518386153,-0.006558005476099191,0.040784548192715264,-1.26553421603424,0.07584988717535066,0.2121716340245502,0.30529069534931996,1.9132471072780866,0.14934320600075485,0.15412980220248954,0.17682010956508828,1.8467164395973152,-0.10829693101750455,0.3701946785268297,0.33880541805085557
2025-05-15,4.454146385137419,-7.3210909873454355,0.29870946987660196,0.07077457407890977,-0.10938716937672187,-0.13815808069182045,-0.37647341914616383,0.2648325103445378,-0.12246278844595224,-0.14073980123327423,0.4163961262691952,-0.05738987490672191,-0.12155722093027065,-0.23363998626812568,0.8997283322607745,-0.3001907865307211,-0.3867398040042931,-0.41867092977362363,-0.7698011537939946,-0.029603530053930262,0.008380134558722668,0.05282348725500813,-0.24822098829477124,0.12376937734138807,0.21476233143119447,0.30566395894778514,-0.5750067155712831,0.19252643040207573,0.15718223847454574,0.18387678699051233,-0.03194884431927991,-0.1306499638825499,0.36469503571059225,0.3378400333063919
2025-05-16,4.43845185496141,-1.5694530176008747,-0.47176263309874233,0.10561551605410671,-0.09386776939504995,-0.15654308987272125,-1.106253361037648,0.32384497352675085,-0.10320869650634046,-0.14598879523270927,-1.305313581406765,-0.03506153552601287,-0.10642591694054457,-0.22306168505121104,-0.2673827117793055,-0.28273786940616974,-0.3839899825680245,-0.4138407769019217,0.06968456300530557,-0.01685148594483995,0.012803024595157808,0.05819658788304338,-1.1471992174986911,0.1449992901508281,0.22037015755943462,0.30440108740134675,-0.5697278571533866,0.19589105286067496,0.16220567706943254,0.17485254508784379,-0.13931025880049283,-0.12848938959913528,0.361790498982325,0.3400604395616812
2025-05-19,4.4740279303187,3.5576075357290016,1.043139461541053,0.20162914579755348,-0.08512924288104042,-0.17683203502908632,-0.613916339753299,0.3571613034632786,-0.11650581821950189,-0.15474844729762793,-0.9111651622331263,0.03867257237675167,-0.11542995409989605,-0.22598565758970726,-1.1968052700932608,-0.22893464903054514,-0.39163753935077433,-0.4492138977540694,-0.4538937798690337,0.028460371456034143,0.0037542464684410894,0.03485197723244549,-0.6152679559697184,0.21754604446167713,0.21243346597410698,0.2766164887055094,-1.2403709621523178,0.3009423136429238,0.14592826285347466,0.14027023131016317,1.4346112258913712,-0.006275438844766831,0.3657602472439673,0.3320888450568798
2025-05-20,4.4799998331857545,0.5971902867054624,-2.5914278616670976,0.17396009818945646,-0.0821925585725227,-0.17539243298810625,-0.9190353327978209,0.36875065441407473,-0.18417850852206685,-0.15175210862913682,-0.8687481582574783,0.023302220113383364,-0.22141165526221546,-0.21978538294225322,-0.6265696122864131,-0.2543276067410133,-0.46527604736420597,-0.4518119206137024,-0.6474516476788736,0.015008394283518191,-0.0329612177914697,0.033914457365562714,0.24701259618420618,0.21784263763496506,0.17624424078546516,0.27409988031153587,1.0020752324529774,0.3174604134598663,0.13063549303884622,0.14092439808504187,-1.0879021972797505,-0.015309572930194545,0.347842911506006,0.3244612722003389
2025-05-21,4.595530001347244,11.553016816148975,0.4530424665269379,0.17014684096202015,-0.06726813998420669,-0.13427485297404174,-3.001809338306128,0.1864295699501025,-0.22476077718821474,-0.17631978326025535,-1.11706288330272,-0.03482327204759199,-0.23484205618225162,-0.19794146306502997,-1.1176913361566396,-0.3184778045885006,-0.4851672009634564,-0.43152111483283895,-2.2378522989156484,-0.1860964253685087,-0.11580206107953626,0.00336925905851781,-1.595629565008832,0.06818047626985041,0.1100462654773286,0.23540496812480735,0.2774547454117249,0.29881432947946585,0.14286801900700846,0.1717888490443733,-1.1896943614980895,-0.12641891070247704,0.30015817366436276,0.29913145556720727
2025-05-22,4.551622178719737,-4.3907822627507365,1.3558854508515834,0.1284751039716203,-0.07574985074886369,-0.13342172283328854,2.7992403918657915,0.030294088640233585,-0.27386430767450276,-0.17854260888044654,2.7721756783439035,-0.2167820757424371,-0.29100315026539886,-0.23320780333355182,2.8002943427642557,-0.32685338272849596,-0.49313020740755426,-0.42679307822609364,3.0292080182617918,-0.15643722648641728,-0.16637024354690066,-0.030955227834081125,3.115218868001942,0.028562728731656863,0.04420526735863392,0.17636116356169856,3.1568439112492035,0.12040126377955748,0.08031312499608195,0.12105482748236629,0.09904037031482238,0.03669949577588189,0.2947730559427097,0.28649599707338247
2025-05-23,4.509993868759091,-4.1628309960645815,-1.2684690932778397,0.19801803512431732,-0.05237235623155433,-0.11161641453705212,-1.2938881096170243,0.09002523736636117,-0.2735621026512719,-0.17032766430911842,0.2459690891280064,-0.20586195396288404,-0.31447959745233395,-0.23049621336705262,-0.5395424936188546,-0.26300879268217636,-0.5015785662508172,-0.4237328010419886,0.36759316009737286,-0.12007104625812293,-0.2020692292309904,-0.030976517480830672,0.5913221543450378,0.06012102978678319,0.015944891280516724,0.17294367790855386,1.708908709221245,0.08633652983042053,0.03289390090362525,0.09773387389580003,1.5024305826238176,-0.04943332808484036,0.28113325354651775,0.26758698940261694
2025-05-27,4.432769813307154,-7.722405545193745,-3.2991611746536,0.2999167338797677,0.04485470075006925,-0.05536373572872104,-1.3929027321215521,0.05492813921731756,-0.22154166762068522,-0.1617636147026888,-1.9319651110782208,-0.07303568848037861,-0.22349258973834019,-0.19182668517377802,-0.42041063719197136,-0.21803720699473586,-0.5025272572273869,-0.4123322497262595,-0.22988120091400632,-0.06136929961987727,-0.2186154999353853,-0.04243425389936863,-0.3044584967399968,0.09291789406920206,0.019325558249787718,0.16105357318228194,-0.6557588235424234,0.1602421113914201,0.02799081477124837,0.10056974066965373,-0.6747565833617086,0.02872279562515643,0.24700442916805004,0.27422605399598565
2025-05-28,4.478304746719617,4.553493341246373,-3.161655368219408,0.17388543263489328,0.013204960117485398,-0.07435551164073229,-2.3948482419125794,-0.044874980419791134,-0.24142177349382807,-0.1667638341097518,-0.23697971900553583,-0.08993113259847742,-0.21649435449140578,-0.18456709575211028,-0.6547785927632317,-0.2319489280798942,-0.5044193993000001,-0.4058708333147196,-0.41505171469980784,-0.1679666097558365,-0.2191590168512193,-0.04410662541460263,-0.7930292071314753,0.017285850556161286,0.011218996170814592,0.15315570334918965,-0.22021959034675165,0.10087123251406094,0.02503145666552798,0.11393573132095235,0.009782064727711592,-0.0056416937798658365,0.2528565262064473,0.30371563727052314
2025-05-29,4.422953840378079,-5.53509063415385,-0.2502871508337088,0.17278087664703992,0.0537517513137378,-0.05919224589034244,0.5100291305695428,-0.1025561437168104,-0.22894835818033335,-0.17086285459129097,0.8899540023831584,-0.2006597764365954,-0.24019642808415928,-0.19492992627145217,-0.43405735481062113,-0.23693937121667963,-0.47198197310394874,-0.39691349658753017,-1.561105816974392,-0.0803920239834317,-0.20103843853400657,-0.022692303038961956,0.4230166782420627,-0.02084939919912635,-0.02682200111710056,0.1456673668022023,-1.2879626819178336,0.17594673323159032,0.053010442394172914,0.12866955531989238,-0.295654267868096,0.024466946017525408,0.31211330147649746,0.30221967180271975
2025-05-30,4.4171077848671265,-0.5846055510952297,0.06366900216411553,0.16705610117271608,0.04883431975093426,-0.061836801662648024,-0.3400321227909795,-0.1329474871108169,-0.22946747695982456,-0.1731511897616871,0.0026581534690883757,-0.20738469428742884,-0.2345513290700475,-0.19466976796669705,0.2566582270640958,-0.3368807446522374,-0.4863876641579779,-0.3900151965058028,-0.6643034982174241,-0.12698524997768867,-0.21538492208617616,-0.025537109161593234,0.12070229626144946,-0.059497075768290074,-0.030493254364288867,0.13958320083766795,0.1920368379231967,0.17373834215813516,0.05694449670884859,0.12667945214765783,0.8133075572209216,-0.033115723040874984,0.3035644928364419,0.30759792855830537
2025-06-02,4.4606386095641,4.353082469697345,0.5026031830750174,0.209566865820196,0.08251989128206494,-0.05718348335173362,1.3323062017212028,-0.0932604995878426,-0.10154443688833761,-0.15774624347114094,-0.4954346093446431,-0.24695341882179098,-0.22748346594746438,-0.19399425426432532,-0.7806213771964383,-0.434430131319379,-0.5058543805375784,-0.3933929025257575,-0.6184349827521567,-0.2550601082413254,-0.2843659818499495,-0.026398050586986167,-0.02413625293636157,-0.11717113874412648,-0.13348708867449258,0.14010842618320926,-0.2582568294201856,0.06982944431321177,0.026819951139589033,0.1253766430722515,-0.4877113907748717,-0.19659090242343644,0.2830553578438964,0.31180202420862757
2025-06-03,4.458690275104931,-0.19483344591693097,2.1508790838126646,0.19539709384985363,0.08082404465317647,-0.05155323278304051,2.720480857229216,-0.12518695641866623,-0.11566610942009563,-0.1487354639298996,-0.6503666347076814,-0.27426935144962156,-0.1880429517565187,-0.18327307887244582,-0.2340165317216006,-0.47763676714146197,-0.48933332648426603,-0.3882651280247879,-0.232643388737991,-0.26295901657405507,-0.29339298463710534,-0.025573720347601324,-1.0030207483210192,-0.11724149034522263,-0.159778868818595,0.14615457413132057,-0.07773751418968639,0.0629373668820483,0.006195242590145444,0.13124940701217966,1.9270530602472034,-0.22936054785205778,0.2676728377912198,0.3027745754187713
2025-06-04,4.364008463123713,-9.468181198121783,-0.4220943155607549,0.25892638849204813,0.03630377375276652,-0.030617517097149674,1.2138396050109397,-0.21400205715357137,-0.16922769092675258,-0.18335050242737255,0.7558609050677229,-0.32439219369057853,-0.19714620130619756,-0.17618514132650318,1.439305006537616,-0.5996645203404523,-0.4812429060689745,-0.39455257616960876,1.5468628581567458,-0.38086084511581986,-0.2659645997239952,-0.06916651716349834,0.32286744444967364,-0.18948716867618667,-0.1368520138003905,0.12221087443533385,-0.06781004004705604,0.037362000202303354,0.1000098004531209,0.1481290067075407,-0.868418770180529,-0.16777927162917342,0.27441511614023417,0.31706524477037906
2025-06-05,4.392549508343311,2.8541045219598438,-0.799874926529117,0.2875796406008697,0.0389177561875858,-0.030660931462328574,1.8981421824448237,-0.21680916482202545,-0.14633296775756507,-0.17042590133150642,-0.7718830505442049,-0.32838192578167785,-0.17094300519279565,-0.15476678928092874,-0.7670202766811938,-0.5921217619059953,-0.46314771733218146,-0.3930023440165559,-0.2079857523837152,-0.36142423014571734,-0.24011385939700625,-0.07544111145121206,0.5959265518011232,-0.1958306986080055,-0.15545003787184455,0.09930583622313387,0.30089813159439993,0.007084365041442701,0.05801659050363879,0.1241368973472014,0.7708674229092352,-0.1872727681361385,0.26138924215897497,0.3013357422151791
2025-06-06,4.508573665344064,11.60241570007523,2.0649015701795266,0.28923039203493855,0.1354479041644621,0.010008348113593434,1.4522358214211875,-0.11476427049372348,-0.040258215248445535,-0.1320044337446112,-1.6018507909522623,-0.3551196442621127,-0.153635363601925,-0.17808236982920825,-1.092703814444784,-0.6199990082332086,-0.431311742562051,-0.40645683039360236,-0.22910511725243204,-0.37108245345786744,-0.21505451863894742,-0.07903812884038362,-0.5082542351624321,-0.34789273915014324,-0.14938322691298378,0.07910153401654024,-0.46040889241233596,-0.03305548863624995,0.14825739512197295,0.10391268296213713,-1.1794990450029217,-0.20375081177521406,0.15170086927152868,0.2687587462270092
2025-06-09,4.482732174672256,-2.5841490671807854,1.1030505390952767,0.2968856546162077,0.14061813102260282,0.008827051360352261,0.4328151147338626,-0.1309787907330118,-0.04556055459026865,-0.13343508154936845,0.1799660931705247,-0.3631531348037875,-0.1702536793898652,-0.1955724001014142,0.23702759303914256,-0.625512681093116,-0.4470367704014299,-0.4169618441129011,0.06763445538225943,-0.3758578546710356,-0.23490184978178538,-0.09365823693273422,0.012619508040787153,-0.3554575761818678,-0.15194184884402057,0.07575007111954404,-0.30973432555709446,-0.021084970772818366,0.1511709047483819,0.10180514863931632,2.3845832050542493,-0.23465319016222366,0.1221550122259049,0.2552966547066662
2025-06-10,4.472830299245781,-0.9901875426474582,1.1215889543194235,0.2313029238966629,0.18340795123571182,0.011443661992237812,-0.07778582685849589,-0.23390611917113588,-0.027712730202439965,-0.14283237606538365,-0.3045408198474657,-0.49252636470288763,-0.212316744333001,-0.19845295357750736,0.1255707128384862,-0.6387689611816395,-0.4193000552792946,-0.42265167195015224,-0.8626788066810688,-0.42063983406109423,-0.23619827131897922,-0.10129228544442609,-0.8510400430102316,-0.4279468161576151,-0.11216513801023287,0.06920330755585408,0.10001438953663586,-0.03503720614949626,0.14656708915886668,0.10110320611089542,-0.47671002857247136,-0.1530894684717289,0.09451025532943708,0.25903093935967336
2025-06-11,4.413402559645088,-5.942773960069303,0.29225405358275225,0.23624293892278014,0.17473847957372443,0.01105165506782536,0.33246914978675246,-0.18793179199217303,-0.013160457616837084,-0.14667322712600706,0.7885977267569606,-0.5218625469591492,-0.25327490699408856,-0.2090196522049201,0.5245683514328636,-0.6430505841217933,-0.4672969510654316,-0.4343916558649022,0.3834186430051201,-0.45720071114443456,-0.27918658942832125,-0.10704162565881262,-0.4735142562803998,-0.40820953274585475,-0.14226553758590002,0.07479989040777037,-1.4807701312602306,0.043130634928180187,0.07249611345647572,0.1194582930022964,-2.4035585337909406,0.0002789068536614115,-0.04268881572984176,0.2783992013376015
2025-06-12,4.356250191631514,-5.715236801357371,0.9651963662172351,0.1898866974658865,0.14639565994634748,0.0013305614844157973,0.34096597277306884,-0.1734057736757182,-0.032697457965160624,-0.1521158300247342,1.2286977933712286,-0.533740987430004,-0.30571429376120074,-0.2284227527054415,0.41464225104497915,-0.647910584231096,-0.46672522092220864,-0.4473920409986584,1.621072050654499,-0.4780756476152458,-0.29296828033988404,-0.13842040518886617,0.9541817078018335,-0.4175606818599128,-0.14730305022367832,0.0495818726728807,-0.1010375532079312,-0.006423900293093861,0.07865044446221797,0.11286375075948497,-0.3496626108831977,-0.03376482082628983,-0.05356013540843215,0.27813853187299353
2025-06-13,4.423399998494873,6.714980686335892,0.652080334556512,0.22928003982702014,0.1626756669258082,0.00613955687666395,1.6917901105687005,-0.12482190941439555,0.015510474037962305,-0.12849521000428943,-0.5950315665234558,-0.5257866965730095,-0.3096207848063454,-0.22675940019648044,-1.4011661069333758,-0.6548433795890838,-0.47501179995284065,-0.45701115704087175,-0.9304461977530654,-0.5545900519370675,-0.3111515525699121,-0.15366089963479296,-0.1251508972774209,-0.4322833626044507,-0.13853965065295218,0.04564393332448729,-0.158136057449616,-0.04731070693030594,0.06791344179058258,0.10231827908473114,-1.2371730285073375,-0.09520529112743446,-0.09920456401239827,0.2529202986140867
2025-06-16,4.4521858146859055,2.8785816191032154,-1.3223802358148322,0.20040856009203262,0.16072943654783137,0.007605342688680073,-0.506850359714768,-0.1485216045839208,0.04443656630176715,-0.11976595291836897,-0.4202003321847072,-0.5578681467939457,-0.3067089356161717,-0.22311200058773753,0.038686993110435,-0.6466388571066398,-0.46657832679761,-0.4546236496534938,-0.852969663260128,-0.560507888774307,-0.3155549728435464,-0.15468395059968743,-0.893331715945152,-0.4734234687574086,-0.1485566828352363,0.04059015043923644,-0.28688367683522875,-0.061885435895354314,0.05649258189274134,0.10134267760420329,-0.5473274569958656,-0.10486141899419432,-0.10947637116081661,0.2455346548087136
2025-06-17,4.38983247734275,-6.235333734315507,-0.2614496127534398,0.1815618837848345,0.19891376060571012,0.013849124800170044,-1.349659768481824,-0.07640730208419752,0.07989921592426184,-0.1163336817924365,1.1076142026909759,-0.5730546254884501,-0.29961120310545036,-0.24124651466412084,1.6186338060656964,-0.6610322567733852,-0.46428817079403323,-0.46969655177431013,0.4296297552287678,-0.5655438971242683,-0.30744333639406346,-0.16550952253881399,0.574068963734077,-0.47730049320333673,-0.1262170187001263,0.031098164880594463,0.7095008268392353,-0.05526167617523739,0.1007440274828645,0.08903294727312226,0.8738736639145728,-0.19124970784396117,-0.09196479016651081,0.23346884710089533
2025-06-18,4.393826528592622,0.3994051249871511,-2.1944882524597213,0.18983587019981332,0.18933589303467654,0.010973987564269353,-2.4745884462095775,-0.077835908513449,0.07622640448037978,-0.15642711831644962,-0.05856631633915832,-0.5755339134813994,-0.30961219346096824,-0.32689114313418294,0.19641750710430705,-0.6599856130129228,-0.477234070053264,-0.5237071938015063,-0.08171736830845755,-0.5647095259416135,-0.3119023542095076,-0.19627742647345783,-0.8268198570992097,-0.47786478490493134,-0.12677854607779676,-0.004113698174434995,0.10154443808603197,-0.06470999951677324,0.10735953314176482,0.07775623878663541,1.066886613599635,-0.1760371965587404,-0.09117156588907115,0.21904445132055456
2025-06-20,4.374136372829327,-1.969015576329447,-0.4482442625795966,0.17094267267182128,0.19192228122701105,0.01763388139254211,-0.3385971073021188,0.15669718310708716,0.07542195255168307,-0.15114582137753368,0.34991156838153925,-0.5399343062621789,-0.31281617674160866,-0.32830335201052263,1.620037879634256,-0.6073937747358217,-0.47539119985021017,-0.522419842043761,1.103491616090105,-0.45021824949413974,-0.31778474085575165,-0.20802472112050335,0.9124263038114785,-0.3719323994342587,-0.13464590506217294,-0.011109443273551452,0.6106567120620993,-0.10467429855556294,0.10199061777932968,0.07886995853364201,3.4662029841488255,-0.08682764421529121,-0.10582815717590979,0.19872360509391343
2025-06-23,4.32098273323695,-5.315363959237729,-1.131029285940477,0.2311599567765108,0.2128172407266843,0.03259780669934881,-1.5271024025094402,0.2691896207436928,0.07006296120599795,-0.15569045802636602,0.2473829396041728,-0.5805580847599927,-0.3659601404296325,-0.36263501494440525,-0.15353523681379308,-0.6371355244647261,-0.4461537932673631,-0.527487916173827,0.042813379047529576,-0.471245713614114,-0.26352523429736424,-0.22474689052743613,0.14570553332894076,-0.4098419731408475,-0.09350879612954753,-0.02518982015663648,-0.2887220899040864,0.013395591675574976,0.12289643629437905,0.07656568208659455,0.15821196879576638,-0.08724365935991145,-0.044079812184736174,0.19195694777540298
2025-06-24,4.291558920352364,-2.9423812884585843,-1.011965231507917,0.22261847446066974,0.2350144012586488,0.04066825266440683,-1.1464752959875777,0.2592224598741722,0.08980884153338577,-0.15599742817891163,0.4525582264596797,-0.5800474072377412,-0.36276184703819153,-0.37959542587220607,0.4547879120144964,-0.673002777907343,-0.43921503997834427,-0.5433742467698106,0.5345388492178369,-0.46796654981210545,-0.2518083708496165,-0.2581107039437916,0.2572585312562463,-0.398851264598953,-0.07316414357565136,-0.05079595879053599,0.4742954660311711,0.09723398957889395,0.13820909030106043,0.05025236742551114,0.5175489906087265,-0.06529749061961651,-0.05666231878887005,0.1804977556105212
2025-06-25,4.291559687258605,7.669062407344995e-05,-0.45704884589808614,0.09778972076930928,0.22615285771003285,0.06403131195139647,1.2578782999975386,0.2089129314474555,0.058525068349901295,-0.1313202920193604,1.0715287966634879,-0.8487008003521225,-0.35504092842984875,-0.3476400624677824,1.7615699106834883,-0.6690868222135514,-0.42242737774881506,-0.5430589606519649,1.7855030512352128,-0.4365535609671628,-0.22667372700497854,-0.2703497094969136,0.6519155911018273,-0.42255476714460066,-0.06413139274186841,-0.054262890585818686,1.0005984391311968,0.04758108089126556,0.14920226475798873,0.03413185267291365,-1.7659053475167745,-0.11839944253333776,-0.04787567922330261,0.1416506744535134
2025-06-26,4.25242994506129,-3.912974219731513,-1.8634008022293633,0.30589172099336515,0.22031607118761395,0.07662305257282846,-2.010913743903891,0.3721074480191327,0.043349866382509115,-0.12462016965792731,0.5489222970228163,-0.8555536875272648,-0.3825916708883548,-0.3524117821369656,-1.2373535092887713,-0.5637043607211206,-0.3966949697673807,-0.5248943861538568,-0.4202720503267523,-0.40145712363885055,-0.27034102044467023,-0.26518114287855343,-1.5458780314247167,-0.2615234726043799,-0.06600350743169217,-0.03764886665001411,-1.0067065221964193,0.10296317613068512,0.1504558642353784,0.04413300987675786,-0.5296064724544158,-0.10251906584163858,-0.04952751250188693,0.14906468266801043
2025-06-27,4.2817616771467355,2.9331732085445594,-0.1907887045299551,0.29585979010666424,0.22480727438788836,0.10519957421193851,2.1380285819530633,0.420914136405906,0.06166740175879678,-0.09255869452032947,-0.2244825698644605,-0.8488097303052073,-0.44587683815323625,-0.3602324326019161,-0.04833571888147836,-0.6102308946438472,-0.4112247701667364,-0.508891341412366,-0.5165996592678032,-0.5587570690922052,-0.2794934966060103,-0.28179239606663875,-0.3208196841702432,-0.24456108974717994,-0.07341108812664265,-0.062266594237382046,-1.1003993393010496,-0.053562428460598145,0.13182247172268644,0.03950800047803308,-0.27917757777100477,-0.12706682231326358,-0.05321327667319316,0.18027262648563985
2025-06-30,4.225071864786028,-5.668981236070714,-0.5349144352694752,0.30677254201899845,0.22624596044211384,0.10561123542746557,9.16121331543657,0.069869907768805,-0.07484424013413313,-0.14154478608312135,1.032123762282541,-0.8563270938950971,-0.46603214316866554,-0.365826823749785,0.30203475648338896,-0.6038998365959579,-0.47540213595866343,-0.5206884536511509,-0.027181095879516892,-0.5468695343302661,-0.31671333753553815,-0.29510616128694717,0.39650700661747196,-0.2719984016996543,-0.11697257291698243,-0.07187653502401554,-0.06564712503659198,-0.05771182438736989,0.12688193183024574,0.04362811110133324,0.14154103626010572,-0.12857428871712195,-0.08181553738051561,0.17416755430931105
2025-07-01,4.24848482939268,2.3412964606651876,-0.48392512828438417,0.27353054476156957,0.24469328440194651,0.1288985288448161,3.5894355047016413,0.09551566730012728,-0.042343888174831264,-0.08260783161456314,0.7835951892811042,-0.796514849255231,-0.4736433572093372,-0.3650083352582167,0.6707205822363873,-0.5506174660524448,-0.5078209552575,-0.5318779554369798,-0.1520949355504034,-0.5277570098667517,-0.3915262969759367,-0.3517349952706293,0.20242070682489438,-0.26615484790713223,-0.15800706252509744,-0.15186924048976558,0.642903533217609,-0.0007532146077280476,0.061711425578367056,0.026657969309370824,-0.9403696162328228,-0.13295530159218388,-0.16206413777980247,0.1550443488588239
2025-07-02,4.2905884237103775,4.210359431769728,-1.106248836823056,0.2338745703187665,0.22454820806189307,0.12686159146255457,-6.777915830133725,-0.05579147185485331,-0.10357681550141845,-0.1153037244333974,2.479013619628983,-0.5252766540465891,-0.4037783911939917,-0.30215976694337116,0.09593036253648324,-0.5434892636066536,-0.5213799580705935,-0.5190737759697516,-0.2279027996034816,-0.5349103909941423,-0.3957619115390054,-0.36126388851934793,-0.7191631689442317,-0.3052085015435534,-0.17952278487389092,-0.18148435321081477,-0.18683356849185295,-0.010017189948739536,0.04800805075104643,0.009897684599530774,-0.4556696124119264,-0.16382820948562576,-0.18722407310202327,0.14955893433586318
2025-07-03,4.338832411429868,4.8243987719490455,0.8595833734380912,0.2854334705248321,0.2680012361520733,0.0915514313573053,0.28852862429872284,-0.03202846763463113,-0.1058991243872604,-0.109619767084082,1.1670316046199425,-0.45286271316722315,-0.36928242229134484,-0.25738388948169116,0.397421783027168,-0.45446801300853756,-0.5341035752577722,-0.4749345862797447,0.29881074318222856,-0.4172487840893639,-0.39333472375506795,-0.2991002568259396,0.4366261433036496,-0.22563377246036584,-0.19836554457808467,-0.15158633104343652,-0.05153236174896958,-0.006540884412560475,0.027030253717958162,0.08348964359643365,-0.6984929823762275,-0.256314953282311,-0.20771032208302012,0.12443136159817221
2025-07-07,4.393263097646857,5.443068621698899,1.2177824139299487,0.35757022196611643,0.31249167037735637,0.11044521086726454,0.37471195960092923,-0.04631590549453031,-0.11698838190118353,-0.09899838515828992,2.5109704558910946,-0.24783718458928708,-0.2921430228176031,-0.18476643411881005,0.03301520522611512,-0.4353513650066209,-0.5216057282063766,-0.45135941621189407,-0.3509830182552832,-0.42726732609846163,-0.3875442398083271,-0.280450610049827,0.9436563638859312,-0.1606201234188958,-0.1772984993084048,-0.1551866993466699,0.023302092332310398,-0.015412583903671123,0.008778800496698137,0.04533255416317551,-0.20030117449390722,-0.277413681420891,-0.225089259001065,0.10417871933513823
2025-07-08,4.415138981897207,2.187588425034992,1.1931399620382086,0.18272879341112222,0.26114625757004656,0.14834744554004767,-0.8492527640862879,-0.12764190876619952,-0.11894931767342327,-0.07511786545518095,0.09991073841187825,0.02345798960083411,-0.24773395245091764,-0.13339310469128948,-1.4228579342857572,-0.3318175751175741,-0.5176539013567986,-0.4114097547672576,-0.5003600165548032,-0.4627263163857301,-0.4113589424596454,-0.2653702397344815,-1.0752679305008217,-0.1328298080728144,-0.2707652339604828,-0.14315727843900097,-1.0284883932153779,0.020067208108939562,0.002145954709023678,0.13048641057912644,3.7956996815111523,-0.09586063563627144,-0.1414016757767976,0.07151832139945856
2025-07-09,4.340847319379174,-7.429166251803299,1.659600641005274,0.06036579392100628,0.21636465183922138,0.12728838464115286,-0.9932375173576448,-0.08822780601097063,-0.10182520425089127,-0.0667907657004001,-3.3660167086829986,0.26236101341322593,-0.11070629659053675,-0.06708219034295133,0.7892555572347522,-0.3602739555854929,-0.529986013963294,-0.43111198345419943,0.2177735636991618,-0.4513670844331672,-0.41167404902239535,-0.28230743755276205,-0.27469664490627843,-0.10061132319129644,-0.2625785344960793,-0.13633418160294333,0.845242357087296,-0.09905445512352179,-0.03020829716355173,0.10696830580111891,-1.132915208852547,0.004228348015983667,-0.10461135713273843,0.08851272981185992
2025-07-10,4.34481303356332,0.3965714184146485,-1.9612229899231997,0.04407654102123613,0.16768892516566689,0.1578648547293721,1.608697330505145,-0.08146208512880386,-0.13967274920237086,-0.05234763647308549,-2.9511259052681496,0.19316971097372998,-0.1487467995108499,-0.0845542833625698,-0.1690588173360159,-0.36408015359285834,-0.5277876886923295,-0.406766747270735,0.5694286381112641,-0.46382528897634806,-0.43900172268159715,-0.2866233340603773,1.8429016327000252,-0.06514772170718783,-0.2906000437429915,-0.10175020470337828,1.558582628852224,-0.061184272533359285,-0.03878438835414259,0.10145817267841176,0.4243511971164865,0.006882859604217985,-0.06394035728698112,0.06718668931309278
2025-07-11,4.421266391525509,7.645335796218866,-1.802314974790993,-0.03380230257728834,0.1272777972821948,0.1240513020442664,-3.7913700641231136,-0.17833723036706123,-0.16588326219066168,-0.07954081643716429,-2.889465327144064,0.016021458423562084,-0.2116298071880642,-0.14437936468822063,-0.9725251808041251,-0.42557515557862596,-0.5352679232742066,-0.4526473305180302,0.1839941949771361,-0.4210512526272481,-0.42497623639930304,-0.30991675128568436,0.2791951040312959,-0.08278214654678635,-0.2692429174635644,-0.12800877085727635,0.7756334046672119,-0.1137768769106115,-0.007693624548516668,0.029725938627100584,0.3364693290029088,-0.08764766408640738,-0.03997220383183324,-0.05675641255896318
2025-07-14,4.426280766659642,0.501437513413272,-0.9385555170426045,0.049296750379836794,0.11672927928069196,0.11666231358846868,-1.1323481447765626,-0.1772508465472291,-0.16124111361651017,-0.08415560975277035,-0.3268725866799136,0.06591813242879294,-0.20032903600421434,-0.15972914455244222,-0.07261932640670699,-0.42495339362781553,-0.5318134253750736,-0.44857894507432267,-0.35308684667407686,-0.33391967475088113,-0.4176127627415175,-0.29890778505448257,-0.8706710398621471,-0.01395300006492842,-0.25577479180422374,-0.11676221200806373,-0.6558256650251297,-0.1395028908460497,-0.04344451208979958,0.029942265502764378,0.8175036050135454,-0.11504345540560228,-0.060354258590371385,-0.07068351716146924
2025-07-15,4.4882973542815074,6.201658762186568,0.05265782190383356,0.00672310441619485,0.1403265195906447,0.126135868818127,0.8601961035643871,-0.20197743191660536,-0.15614822562072744,-0.06911792355561815,-1.2936449250418673,0.03769634647825559,-0.21499344617975136,-0.17542932225427293,-1.0370129813533953,-0.4034499823098473,-0.5331545990432625,-0.45117528219374775,-0.6274017485434367,-0.3047532600364065,-0.4704825696408665,-0.30809184662979056,-0.2755612564677534,-0.025781175182159423,-0.2744004388090389,-0.1124877892341404,0.2543135398882897,-0.09928612155006536,-0.06152900544534441,0.03086071702435962,0.7173714539795744,-0.01278040337731551,-0.04921749590331057,-0.07162763268231899
2025-07-16,4.454302284782657,-3.3995069498850228,0.2821455458611072,0.0009753182442906899,0.1313477599657722,0.1285064702241265,4.616328188115402,-0.24475246104103407,-0.18355208699038167,-0.07725034468040277,1.1292308814442689,0.018614951866506912,-0.23649121203450363,-0.18163338541280893,0.021821147773048333,-0.3911449298905138,-0.5341101930901216,-0.44560432987057125,0.6176213165895117,-0.30262035689758826,-0.4765899704836656,-0.31166689023488714,0.17934259613073697,0.0014733824394453164,-0.2927216691560215,-0.11528060693248936,0.06526594047940479,-0.07766158013396339,-0.06746644803171035,0.02553969934589366,-0.6340977691965255,0.035146899893342,-0.04059318186978795,-0.06608426300632932
2025-07-17,4.462344833435544,0.8042548652886339,0.3074662256097271,0.01908868757619591,0.11795649747701516,0.15076029398166843,-1.934983426474633,-0.2964225928222252,-0.1813797626498675,-0.06928227191569328,-1.0612702111268144,0.0671155136347273,-0.22901222405775226,-0.1569304262568863,0.09675918025356671,-0.3023908965613679,-0.5253121576270914,-0.4227485079165111,-0.18261889485597216,-0.2819690206092801,-0.4728021247337685,-0.2988334511374509,-0.47040343664868867,0.05234557196783069,-0.2849350798217295,-0.08796305825685993,0.6136295607872455,-0.012865873434608554,-0.03994651706477207,0.07626173368897288,-1.1054892228304287,0.06585153449675547,-0.0633605040926593,-0.04173742384025806
2025-07-18,4.430479692914703,-3.1865140520840995,0.7853197210560061,-0.022864149505546775,0.11530442425481885,0.14288149314605425,0.815321208852315,-0.3035178111403093,-0.18354024122623264,-0.07424150960089021,-3.6969318100718658,0.14229947902814308,-0.17109873698724756,-0.12469733820419904,0.5510494290916953,-0.31928909103208325,-0.5305828317905708,-0.4374288876364569,0.09147022526432635,-0.2767361575813323,-0.47285041724622306,-0.3025006803032872,0.4632251364703046,0.03059936158287875,-0.29175738771850007,-0.0923826167448485,0.23648546770785184,-0.01872239930888883,-0.04616045655150713,0.0796258492990329,1.0412433638535115,0.03766940164148284,-0.07204116189635595,-0.050358540899542975
2025-07-21,4.368788524711643,-6.16911682030592,0.08513516555545309,-0.04976713174286777,0.08433828614809424,0.13950853353023954,1.379511088684246,-0.31827770574293646,-0.13239141096446153,-0.08754209959932766,0.8441089314012736,0.10092225714777583,-0.1562193269048311,-0.13802969351556932,0.21704768175819855,-0.3039264413038715,-0.49587233724094504,-0.4368840646401175,0.6889448859598528,-0.31177438998338,-0.39593587845503936,-0.31272483419680297,0.10509947173728323,0.0513802353765875,-0.2054819443388326,-0.09352447271000466,0.019298649684569624,0.008951673819926035,-0.059432159632661734,0.08066921657281208,0.12196908311120969,0.11152937035922993,-0.01429168287651701,-0.049208215802459536
2025-07-22,4.335105101369666,-3.368342334197738,-1.9091156525534685,-0.03844087261702713,0.12782921481401396,0.15687270632212955,2.012775909768691,-0.38379464169782557,-0.123730556858404,-0.11382176855079215,-0.36658962894282243,0.12245748388489294,-0.12106924539104837,-0.15939863259865072,-0.760087817604663,-0.27569606985341394,-0.4795146111618156,-0.40712087153315285,0.8198958269944103,-0.3618737069800331,-0.4054555413754686,-0.27840591211279414,0.4664633775966074,0.038728460665931067,-0.17255168411630756,-0.06369033199890253,0.04174472285012809,-0.023190014691342808,0.01707084031420409,0.08987802710842478,-0.036967689192425546,0.12390335145149321,-0.012833292898288697,0.0004385663769834485
2025-07-23,4.386725422173499,5.162032080383305,-0.8832605099490272,-0.09317712384441897,0.09917825173304795,0.15849362269910475,-2.7075174163827938,-0.44235590708709704,-0.16611712233395437,-0.12558093111130483,-0.24362618231089345,0.13388875907789782,-0.11691262976727089,-0.1522642292127412,-0.49602883603179515,-0.28096792468746334,-0.5063467423348905,-0.40194913838872504,-0.05820462067184651,-0.3483643452084574,-0.39681200923896726,-0.2637951720093062,-0.09133707136834235,0.04086943123338802,-0.15836629208256717,-0.04528528485655288,-0.0028479146307072156,-0.012617504298739278,0.07135717850408696,0.10346045693675827,-0.03252261991425276,0.1383149480511332,0.005972430585016681,-0.007021536826521552
2025-07-24,4.406671857756224,1.9946435582724575,-1.6069994870686655,-0.10993398483585488,-0.004270148775283027,0.14421554401816056,-3.864482705897248,-0.4440763791796163,-0.2084976852733356,-0.15166431565859756,1.2838240122543425,0.15153700853985194,-0.16251187876599713,-0.14172739116561225,-2.1118837083912387,-0.3070655283564677,-0.5278591599008805,-0.39661527174770006,-0.6186233744937728,-0.4524600699415001,-0.4285019847515697,-0.25367087712336617,0.013925665131708787,0.04727759091872407,-0.1790087716009095,-0.03786854771866077,-0.3736710197926496,-0.01572762956220101,0.027198843983445433,0.1103474234002878,-1.9664359390439294,0.09816980003461948,-0.03541385952130628,-0.010542333767870563
2025-07-25,4.384842641654389,-2.1829216101834525,0.6052093644357599,-0.21930413581798625,0.05397916222894731,0.11895622855932446,-0.08588387269975356,-0.48845298335254367,-0.18687837014660452,-0.1741653447408084,0.4500212082678109,0.16483128381209006,-0.16460926484373792,-0.15435390850023717,0.05858858774911774,-0.4130247200123462,-0.5196938067466571,-0.4012009526023099,-0.10215947157244899,-0.512309229405046,-0.4177271016541566,-0.30016189665148457,-0.28808171248403036,-0.05822299167948403,-0.14972535355942126,-0.06195502233435053,-0.44714659851993155,-0.08018925333085054,0.04252973323798736,0.10015757230286501,-0.692772541035424,0.09540727411850321,-0.028936197035266977,-0.013374902202968622
2025-07-28,4.418779211894839,3.393657024045016,-0.6036316194174358,-0.22975980670103371,0.043967821360988334,0.1163171592854633,-1.4594628846205921,-0.5194033834800482,-0.19608511645704724,-0.18028492138234503,-0.8530607529728172,0.1528705602130448,-0.15699841035078727,-0.16951893995524495,-0.9102853402846374,-0.438628072758243,-0.5520753887672434,-0.4184592005306952,-0.7134505897904794,-0.5151392617598468,-0.5349408701741339,-0.31063244052219774,-0.4977743071873563,-0.06908647158359356,-0.14523431231393177,-0.07136713471969043,-0.5446725292934598,-0.06626844442409247,-0.033895543948364686,0.0926047690850415,-1.2876213377406496,0.06450531454126582,-0.054932507636415745,-0.023580877329961603
2025-07-29,4.326296951193294,-9.24822607015452,0.5069642341343554,-0.30152667316425397,0.015294853545457308,0.09430755254231508,-0.7822905955851809,-0.35355858121794714,-0.17052559706286935,-0.17080681279696414,-0.14791482734495043,0.1862311574879447,-0.14796181550974855,-0.16543105534505934,0.7490467370433914,-0.4855408190727976,-0.5646381445131833,-0.4793040443014275,0.9688495136368812,-0.6426746325207174,-0.5727635842649638,-0.3683219392673528,2.1833410372369983,-0.305132542810794,-0.2595981055713002,-0.16329377422305155,1.2581006373983712,-0.2676087581958931,-0.12396152612464707,0.04092125458017589,1.5720861952586944,-0.07241500302099105,-0.10632297687376473,-0.0800395692050509
2025-07-30,4.376958099361763,5.066114816846934,-0.7515568690760125,-0.31348391644393364,-0.012654500718107817,0.09654132946478969,0.7369644256235937,-0.3757923612419721,-0.17483745483076973,-0.1607208141046187,-0.08317692020948153,0.17950092179561605,-0.1405355993309749,-0.17312654840657424,1.7323619465992577,-0.3363372000938798,-0.4684219547977678,-0.461756286019391,0.5434265308370702,-0.5631210822706516,-0.5322633350467492,-0.41015028467385356,0.6815091312233705,-0.2654692998684033,-0.23126783652085114,-0.17948967510398856,1.2158546595718662,-0.1876392438566392,-0.05913551954084707,0.006277932130167524,1.239897597359475,-0.009524643708551557,-0.07106384212260715,-0.11002508833741596
2025-07-31,4.359077138715714,-1.7880960646049715,-0.2281838337754878,-0.28715860841426993,-0.013556660721746844,0.09600378902122081,0.26923258937703043,-0.34778250043324205,-0.17768712204872303,-0.1685644804632842,0.9782211833439456,0.102137312528846,-0.1456160255393605,-0.18596945562476958,-0.1016087366506242,-0.35442712154430744,-0.46696777706395043,-0.4754265266643015,-0.44817373755608636,-0.5129750840051778,-0.522086962484707,-0.40771473923773544,-0.6401012070587808,-0.20217742889143026,-0.22668607326301202,-0.17917921546447238,0.05836095791924478,-0.1636215550036896,-0.0590906229068496,0.0006324801905080428,-0.3779293031606982,0.017273353187274222,-0.07048817918824833,-0.11890848539275087
2025-08-01,4.218832905927062,-14.02442327886515,-0.5035883244796575,-0.2569968654309436,-0.0038010760622526904,0.12344494586756237,0.8087774649754544,-0.37134140201012106,-0.16843783338478208,-0.18154719237452432,2.8788398752420132,-0.19146172905782302,-0.24111705768898087,-0.26376628532081164,3.313107096069239,-0.6231577534926953,-0.5470841670855894,-0.5656891748011164,1.7563447929879676,-0.7008739046325366,-0.5543568840068956,-0.46930511793094876,-0.6619282941642752,-0.06372909919409225,-0.13473933988270814,-0.15720537172679094,-1.0890395671072746,0.1065026836718668,0.05021214914751934,0.04682684157231564,0.3843110965463872,0.017967333327084764,-0.11714199892734155,-0.13273347468744173
2025-08-04,4.197245778567512,-2.158712735954982,-1.0265570097511494,-0.35242806153819917,0.010900665424515791,0.14462644717115475,-1.7461150185912626,-0.38773150438024734,-0.17530213333808997,-0.18733107046876618,0.6710442068755553,-0.32031270842907844,-0.23725888336393253,-0.2672185539060685,0.4826381145924352,-0.6478806465356844,-0.5426439664852581,-0.5645130687638678,0.15152867298501116,-0.6887444186052366,-0.5509053181793954,-0.4650053844456238,-0.7457272623444351,-0.11689746997356419,-0.13867959257262202,-0.15683334095501447,-0.31206465890134094,0.12563216337837124,0.048000205076565466,0.03823018537057347,-0.9398629269142303,0.04478389199678274,-0.1203717696505437,-0.13706650864935216
2025-08-05,4.195272404137865,-0.1973374429647734,1.7750975955678405,-0.36623308529334797,-0.12418615841016363,0.08889421877663023,-0.39787908533515504,-0.383792450402415,-0.2291015096473481,-0.1899001935164767,0.34015476549312007,-0.32828353715017594,-0.1843163023477248,-0.2469024370719959,1.066283655563213,-0.6212020079704673,-0.5085636433936356,-0.5592073892115614,1.2806034018098047,-0.6195645241844157,-0.5392839722344929,-0.4700755394395981,0.7563373660291393,-0.07075106565562754,-0.10307058779221352,-0.2137994878342978,-0.33483733643647395,0.18102642549429365,0.09639200939865768,0.0442716608905173,-0.23678153724792317,-0.06702837942381246,-0.0715461681836036,-0.11135927699522799
2025-08-06,4.230592752124574,3.5320347986709244,-0.8535344888552006,-0.29908047506735613,-0.1249288920956231,0.082823016466761,-0.5894352512228798,-0.42291141671448107,-0.2296321825555219,-0.1915886243394471,0.21255351710735937,-0.47600619719427006,-0.18042453219341856,-0.24327512313285427,-0.3479915788805119,-0.6157547981575132,-0.5134582066111126,-0.5604149053073316,-1.076402677333696,-0.6544770635349836,-0.5539275274096335,-0.4774630948478635,-1.0080776118514336,-0.15383179825371945,-0.12884490231649218,-0.2301290699602703,-0.4475147035143676,0.21907929928149453,0.07539269720307916,0.03654777867009586,0.2576776820982176,-0.13391734971363037,-0.05013791268424613,-0.10914891056582854
2025-08-07,4.243232223015553,1.2639470890978721,0.09465347423350412,-0.2937036035898014,-0.12084953722489039,0.04796420748997693,0.37766836833161577,-0.4334791814997441,-0.22724030715782415,-0.22284215563330623,-0.21093039770467215,-0.5017616556127906,-0.18283557906564182,-0.2748601367235664,-0.7174870243042237,-0.6178119604464809,-0.5161519195625618,-0.5606041508437565,-0.18615634668294412,-0.6683444782958666,-0.5721497765171915,-0.4994433390647144,-0.003767921185219514,-0.20010812832226996,-0.13298784070251973,-0.26289600211163733,-0.015565633865254336,0.22712737044804396,0.07509152284027588,0.02692758478141952,0.8516736875624455,-0.11903984106153567,-0.04362999535815523,-0.07638135311690844
2025-08-08,4.281964583582945,3.8732360567392377,1.9700573059976578,-0.05162790050299009,-0.05129076298584393,0.07878436064518293,1.198736949513333,-0.29022694710333014,-0.21165310299419546,-0.19670925026778524,-0.0064813464843327395,-0.3992488681831007,-0.17177909643206973,-0.27049494305014704,0.21762351323012796,-0.5762268912460262,-0.5069218439387867,-0.5490733151945482,0.4617895256900768,-0.6812476754915092,-0.5552332236095006,-0.49392002807173435,1.5345049136262974,-0.13080333961222215,-0.10466697405444994,-0.22975313288858937,2.4406088729627937,0.24124408125299293,0.08249090691109903,0.06354485335175723,0.6177261613549025,-0.12345177829346722,-0.0954108396802653,-0.058417627200201265
2025-08-11,4.271298822955653,-1.0665760627292187,2.4839957806140736,-0.04308013206441374,-0.028101579691808792,0.06522070629577785,0.1299693948568641,-0.28600110474845075,-0.2106844086138737,-0.19258325399190065,1.8961482727353762,-0.38193234690737154,-0.15470885111511015,-0.2609300442983771,1.0784900492875678,-0.5675220207156487,-0.5058750299147442,-0.5431218937652025,0.9127355946500343,-0.6681765642519362,-0.5298625667424658,-0.4864947983029132,0.535293308191166,-0.12133143717834728,-0.07730547438220503,-0.21901942810311653,-0.07515776307076799,0.2609347801504006,0.07653690387275222,0.04267698365065707,-0.9585814767480535,-0.13129547898444685,-0.10278406829933794,-0.07445176006539307
2025-08-12,4.2916702119868955,2.0371389031242693,0.442637033925821,-0.03465691136606148,-0.05130820815451437,0.07839171225215384,-1.668841658703332,-0.3610474978222749,-0.25177587115620037,-0.20375020009187478,-0.06561481761417276,-0.33168120272301777,-0.14202753646546692,-0.258171084402985,0.1857331513292384,-0.5274005161003488,-0.4740506498441075,-0.5334371809460179,0.40376263893179853,-0.6237083885575484,-0.49327936476847856,-0.5158800336833794,-0.16742645329619865,-0.1004186817237622,-0.07408694782153348,-0.23114362470866487,-0.43644594495293765,0.23348616857497967,0.08254905730078418,0.021005505898937085,-0.8314525086798079,-0.23107878559735334,-0.07315293189916112,-0.08219730302850187
2025-08-13,4.239366895030388,-5.230331695650747,0.6261526503401345,-0.051277703252056085,-0.05315378731726893,0.0666347165415056,-2.1814017575284863,-0.295414960854214,-0.2252160537675437,-0.18770841639658487,0.28842903053369273,-0.317109525831649,-0.13766266468425584,-0.26583441409025554,0.030297362970444386,-0.5174253274755467,-0.4641485913911895,-0.5308517071749904,-0.488723878760029,-0.5455478117724191,-0.44450354414785326,-0.4997341598151167,-0.8679751420202528,-0.03977919719766678,-0.02157907384491409,-0.21967772299458183,-0.5941870456355328,0.2633827626068207,0.11502134384010682,0.030433709174671468,-0.6077719824601402,-0.21927036870079297,-0.047864889550876304,-0.07327463668011253
2025-08-14,4.2916702119868955,5.230331695650747,0.5455449804537833,-0.026775825584818464,-0.035488579387779974,0.06468088698672311,-0.07715568909090112,-0.2581340515650489,-0.2394217719758343,-0.18384695020538336,-0.0027134544137855654,-0.304627308302718,-0.11886026651966501,-0.25701065508650583,-0.006890066975446474,-0.5091364918716847,-0.4349422845807701,-0.5204573162443618,0.4259080828897411,-0.5011964790632286,-0.42043972919575096,-0.482610531371599,0.055841975949494416,-0.028144363199313516,-0.00018330872323529476,-0.20933669426017434,0.6951228592132778,0.29058822066785445,0.16593616149638707,0.064500919030421,0.36977650779970783,-0.16239766902495115,-0.017616715775637372,-0.08374334404494675
2025-08-15,4.325715598880237,3.4045386893341245,-2.5369847658554816,-0.09075049186029058,-0.06881213521659092,0.047563053746254295,0.7977224967205534,-0.20186248641499402,-0.2295441611764019,-0.17748977351750508,0.04416412137586878,-0.5721284541794893,-0.11837768673817946,-0.25509169535130904,0.27225757872471057,-0.4945604734154952,-0.42915381488403115,-0.5161377245718953,0.4530403115063808,-0.48940827669123965,-0.4076163704586147,-0.47514110328491416,0.8672208382439758,0.022935038628354477,0.023571588618261582,-0.19592093474092315,1.5456956798948498,0.33949152519949066,0.19344876244770404,0.08082507948275128,-0.30264525689856353,-0.1433073267030533,-0.026397453835201482,-0.08445359114088924
2025-08-18,4.33742424070311,1.1708641822873567,1.654394335962768,-0.06321762751192549,-0.05860550265903518,0.037390879576202234,0.7274655434687777,-0.12593774931540358,-0.22827360524833154,-0.13176228017739097,0.03258512183709428,-0.5657781736552714,-0.11706961007206497,-0.23199360099332111,-0.26438037685823046,-0.5132727577759324,-0.42942558739640047,-0.49753516093775507,0.016114283072959923,-0.47607523032811266,-0.4057548150340579,-0.41308058710706763,0.7305614011220223,0.03329891954072845,0.04017574622824868,-0.12515010503528243,-0.5633005549917856,0.3263084569690358,0.19287170734671866,0.07173110613508288,-1.0724466318563424,-0.14014386786073577,-0.002685306011587754,-0.05090419685646071
2025-08-19,4.3013669291403875,-3.605731156272274,-0.4257075537878561,-0.10530117486172734,-0.07911037400326548,0.05622072708505438,2.2783031837514818,-0.1342130742938259,-0.263606042203869,-0.12665670620584243,0.3461875914033343,-0.6048704130380481,-0.11839639386622211,-0.21428099501161196,0.912722824862096,-0.5703534335741188,-0.45409023178008034,-0.5005481155200492,-0.5454519687885666,-0.40560833894165177,-0.3874672661597018,-0.40062164691916835,-1.1978422358258367,0.09895479371457816,0.0724360020657635,-0.06511471490513594,-1.6564868812069182,0.36113893607879605,0.21154238176682902,0.1565768868170742,-0.6876705180197566,-0.1131986519106863,0.01574295149605064,-0.04316351813558481
2025-08-20,4.295526450850196,-0.584047829019152,1.1966038263151657,-0.06415862436819587,-0.09475933325127357,0.04430407949032286,1.7043751782838112,-0.04745432104129896,-0.27395280582305814,-0.13550888058923918,-0.15598352807061794,-0.5799721775212514,-0.11437766877244052,-0.21310065199402797,-0.4336011434831674,-0.5475870096705442,-0.4474999845669044,-0.5122972948307714,-1.1936396445384658,-0.3677311462990643,-0.3565080427947118,-0.3862871774283872,-0.9087210511974848,0.11091852789345534,0.07961456334728824,-0.05388567065855684,0.25824983436964416,0.37327897339685145,0.22027207163208332,0.19348774837250843,-0.0438011300608383,-0.13106387241763026,0.02577472344102755,-0.02657659366344856
2025-08-21,4.329627069503906,3.4100618653710058,-0.05189457100450223,-0.03681295786785863,-0.09434674677971772,-0.0205273694256143,1.4944782180214369,0.07754010763127911,-0.26164150694132876,-0.14714334019091077,-0.7280894897596992,-0.6498950004092217,-0.12381334142310116,-0.2703901147110727,-0.1295524940475068,-0.578162150071972,-0.4670211669580574,-0.53904221505841,0.9107336972463935,-0.2981319110000322,-0.353331594126051,-0.3832619355261088,1.3504336646853408,0.16151037278351035,0.10623699392915345,-0.041139380322118335,0.8439109397258047,0.409725242962311,0.23762346883561505,0.18716758231365474,0.9014735063745631,-0.0304906780804037,0.0441216513335966,-0.031714464876092835
2025-08-22,4.256644700223008,-7.298236928089796,-0.3243365044397115,0.0020630127991530804,-0.11872598835931708,0.02951217650302369,2.0141411897695045,-0.03479237998223767,-0.3035152593256186,-0.147652767971292,1.2152092901839362,-0.6733430066633269,-0.14493488166332497,-0.28455304739667864,1.638988321958239,-0.6241480544990882,-0.5496255757071106,-0.5513728584244048,1.4427039007386888,-0.37883823000595507,-0.4258852568569071,-0.40375525049266764,-0.38047082022143996,0.18119863505755726,0.08758637901590204,-0.010561077981752,-0.7930626872149436,0.4387309416558763,0.24763977860164121,0.21478431317583294,-1.0552087001836674,0.03805829979071292,0.0716780871552922,-0.009229200313518603
2025-08-25,4.274108376077587,1.7463675854578753,-0.13689752603237437,0.023689653682432695,-0.1176782310795072,0.025513589024056704,-0.12189549663689592,0.013766803826362984,-0.32014001175066514,-0.14726480671504166,0.24841245299299208,-0.6593303217528557,-0.1410852242040908,-0.2748272278441435,0.6744087724980543,-0.5977602583700151,-0.5405409312608124,-0.5633144840724361,-0.6259997326706943,-0.3625784133912591,-0.42086689250666826,-0.4708522818818757,0.10622786994487043,0.21195003276042423,0.09621732523491082,-0.00014782056876302708,-0.0778013781490835,0.470891072260687,0.27656171815568215,0.18891119177008175,0.7039779232239696,0.1270274963794134,0.08192955372924045,-0.009341517077525889
2025-08-26,4.254680749322724,-1.9427626754862537,1.9621790285662226,0.022381874756580315,-0.14787219567974413,0.015112469711415851,-0.11000828006239038,-0.06463965541956583,-0.26001843338630065,-0.1466430547379309,-0.7608136344809632,-0.7277427607075797,-0.1161734209060215,-0.26968743468205075,-1.6374889971541342,-0.5201824219787782,-0.500312001995119,-0.5348954271735297,0.5853376773907326,-0.3193149725943364,-0.4399974069110992,-0.4784800946683184,0.6198592928261597,0.5069163716884464,0.10251344704068655,-0.004603620839230689,0.4230941143429665,0.6465926022125335,0.2699814791742243,0.18545099550375085,0.1731366132079617,0.3673907368911415,0.08678565872699215,-0.009485282565276285
2025-08-27,4.237218120363308,-1.7462628959416193,0.5188108389820602,0.07895191992275981,-0.14601225373797913,0.00611412179784919,-0.514206509946529,-0.08379986053422002,-0.2939103579968022,-0.15505257799883393,0.04093093158340023,-0.7185635548504561,-0.1238737112426461,-0.26464688967537026,-0.35607228007610786,-0.6385964646001325,-0.5054976641964717,-0.5235125164057787,-1.386423419080064,-0.3046504852100742,-0.3905377265762543,-0.44213690399577105,-0.507059518249598,0.48472159047480506,0.10686390290552283,-0.0002280908237880881,-0.6918426279829668,0.616024118209631,0.2693473633574963,0.19670862233484035,-1.3910486794285313,0.2865938340176494,0.10942567990016713,0.0031505459492944554
2025-08-28,4.206244275305489,-3.097384505781875,-0.045442099637814426,0.08200256333513023,-0.12262373497162578,0.005219229316181557,0.6135503463247363,-0.09134939522110477,-0.26194873716469946,-0.15929494620119677,-0.8485049960869504,-0.6458338642549272,-0.16336935361232469,-0.2560841407626042,-0.11967429927250572,-0.6282761636820757,-0.5058805918462747,-0.5197504451448756,-0.4452904743657793,-0.2928491057468263,-0.3676195769105066,-0.4321046824900296,-0.4699869045803551,0.4912852620702769,0.14223739137935978,0.00684520528529863,-0.9543199147077566,0.6258204561699219,0.2933520457250427,0.2057578639722285,-0.8769704522315198,0.30122476139947707,0.1313057328111781,0.008887174244894838
2025-08-29,4.224543015772964,1.8298740467474595,-0.09503209965641624,-0.05850203562400342,-0.14516078074279348,-0.00650071266971491,0.7731515160638045,-0.007982802877387483,-0.26415540236205365,-0.1453274507697999,-0.2647785372189311,-0.3292555507624627,-0.19502547000525214,-0.24762970040957347,-0.33708153516887984,-0.29585072742208435,-0.5270627742336167,-0.4997500280512328,0.9606493909072993,0.03623267511360415,-0.36005419029215396,-0.3799171033852646,-0.005355704982195286,0.5036897076657628,0.1303513517515457,0.01986556300627811,0.9057814056457729,0.6541667791720076,0.30893568075555816,0.21511042537941988,1.020089493621504,0.6174060302328315,0.16143803532236428,-0.007032202045732959
2025-09-02,4.275022553199898,5.047953742693423,0.18974326937522878,-0.11765088130395299,-0.17599469618094335,0.004518668908530051,2.3442569128669115,0.05232450581637266,-0.2246250456373021,-0.13351855523441666,-0.7537974698378687,-0.37099434678995846,-0.2850710961791543,-0.2508455513953246,-0.037687352666006424,-0.28035206969992355,-0.5306016354217937,-0.4921774580390128,0.8950101166526719,0.10315152203781218,-0.3060308938407431,-0.3491555743346747,0.29724524281156794,0.48273210947056683,0.1058245302831739,0.018363603063989063,0.5926036328485773,0.6550537705334998,0.32880098512732836,0.2228714562597382,-0.12355654021817614,0.5776784475764403,0.1644807242909045,-0.016242467575546322
2025-09-03,4.209983667349888,-6.503888585001061,-0.09569868655425307,-0.06224404730255712,-0.18534387608312328,-0.07826874926405056,1.1136807054558142,-0.005705783197157751,-0.23270067669948355,-0.17748806479865353,0.8064983109848769,-0.43187172317556977,-0.3067995428080967,-0.21778577168891938,1.6693276623074622,-0.4192766379122672,-0.5520569516393955,-0.48833428985206623,-0.19481966112145277,0.1427497515773811,-0.27425920940043014,-0.33262779447029955,-0.8503332738078029,0.5469117893751273,0.16327004412884696,0.0757325067273688,-1.306983118603973,0.6955086853839523,0.3926521010571255,0.29439277996154106,-1.278443370885808,0.6291141424152125,0.17821833784958127,0.052257234055713774
2025-09-04,4.175179160320421,-3.480450702946669,-0.40782997215772143,0.025398043229716345,-0.13031061713797878,-0.0670028018075888,-0.9154116972307584,0.09465845776600712,-0.253696625275486,-0.17046267114245012,1.1559510620855677,-0.48681911083526863,-0.4594644883706604,-0.22510290569532415,0.0785304381125762,-0.3908839361630634,-0.5406567530881761,-0.4858328942130457,0.34468481428490527,0.21575742128318787,-0.28167264935564146,-0.33571712224228906,-0.8209963066519423,0.6725375496043863,0.16788223214170067,0.08688113166068664,-0.4088163869946655,0.7416785340619966,0.45079720935934287,0.29633180802358866,-0.33290631158444767,0.6117648155999622,0.14333524578177126,0.07455531417562128
2025-09-05,4.084753805792428,-9.04253545279925,0.8590528663078558,-0.015395605608001215,-0.15619310685204596,-0.08986773988531994,0.24786468279542362,0.1079529715344672,-0.2541807142341398,-0.1678188828094063,2.998721825675039,-0.6258579365554159,-0.540009567248484,-0.27890499608982633,3.1320384715608,-0.5577809294547086,-0.5909769180182413,-0.5271383973340644,1.3945861094166725,0.030409265262747762,-0.33900567153273103,-0.37750371160974633,-0.8216274180917984,0.6898279280217192,0.20840977190972002,0.11549805799980484,-2.32821400912448,0.8004512473308747,0.5223255829216369,0.35416790811824234,-1.0739079845782815,0.6379227534598367,0.18253082975588136,0.09863161702076832
2025-09-08,4.044583044439481,-4.0170761352947615,-0.6883278199025931,-0.07250194794624419,-0.07051838688373231,-0.07683210329153492,-0.2506729661776319,0.0951413425249437,-0.16132065838758278,-0.16483623012762555,1.2014027445176954,-0.6427717974304885,-0.4938408305967374,-0.28031977026013083,-0.008183273512575973,-0.5493784994821266,-0.5660871691722679,-0.5220242456047678,-0.5967485554740479,0.04689426474112716,-0.32997392161695993,-0.35853981604150215,-1.3275323290194783,0.6713071032388938,0.21832526693156526,0.12318434244551302,-0.3753195200281939,0.8054180070580347,0.5082057726237085,0.336039087265661,1.1946551960106366,0.46810099653420895,0.1293383883136272,0.04474486001269263
2025-09-09,4.073177932836616,2.859488839713542,-1.4811297350233055,-0.15695446442473698,-0.09193955651117033,-0.07391754324470298,-0.83186343969552,0.04267433828899799,-0.16762143172386065,-0.1686028641880908,-1.1156909442991263,-0.7135122328278921,-0.5034940609962872,-0.2776614792320964,-1.7359072997025597,-0.5863232442173972,-0.5746336343881874,-0.528875952653326,-0.1601951911886177,0.02830700668851524,-0.332192595970182,-0.3386894058156387,0.04626182673569912,0.6872535664643528,0.2309502081452939,0.15083987110996253,0.2805668113475486,0.8080529151061016,0.5199847583864038,0.339965578388196,0.20431444606223037,0.49149308057363766,0.13008364875251693,0.04267934245519446
2025-09-10,4.031125835749283,-4.205209708733282,-1.5927360881305952,-0.10523208891525361,-0.06513974747672037,-0.07633715858340719,-2.5823307969736833,0.1822298880873848,-0.15406450145403247,-0.1744464821677919,0.49161958289628116,-0.7147553152004391,-0.47856118506907963,-0.2712051821539072,0.6653124083464224,-0.6006411643232898,-0.5593875233936539,-0.5116369104633238,-1.8881829628343585,0.09057463829554795,-0.23321054558153678,-0.255028772582796,-1.3181254319827649,0.701469580005485,0.26929960927168206,0.17472254452254637,-1.9002296960489855,0.8206260868239943,0.5281548216560337,0.3658695131960363,0.6005965294531743,0.4775040027645558,0.07542668643189487,0.06669888753360315
2025-09-11,4.0101246652573685,-2.1001170491914856,0.7609820077869762,-0.08493036904902997,-0.06564865044399207,-0.06710541500705225,-1.3789293529392737,0.11052129782869136,-0.12514077923016828,-0.16840560206314914,1.0311937787192735,-0.724472556564525,-0.4740846048144896,-0.26944774495781626,0.03620423933691841,-0.6210112736057647,-0.5622730267706986,-0.5112113492261294,0.3774944706473695,0.06025756314793561,-0.22854605070735606,-0.243887869054843,-0.926967717607913,0.6856609646269884,0.27679427649596755,0.19542806924292333,-1.0858134525567422,0.8236785218986149,0.5308608134454047,0.37351776508606066,0.4958110729199967,0.44725403553925114,0.06394464169699604,0.07138980432940349
2025-09-12,4.059538885504796,4.941422024742703,-1.1177532110884805,-0.20458128116735363,-0.10035423205215654,-0.08736448600177966,-2.2890412144103998,-0.020853989715509055,-0.15912869766859658,-0.20154112944862615,-1.7810158638397757,-0.7893061868810162,-0.5002507298207907,-0.2811484179031031,-1.7716622726288125,-0.6958746427606012,-0.5868074481491423,-0.5142921716324205,1.0077175683110495,0.10646794175248032,-0.18190344510108902,-0.2084132800115041,0.9690559352050995,0.736559174372156,0.3144191793296627,0.23698517852301845,0.7702407256532713,0.8270772259284589,0.5423204402616237,0.41123843424729073,0.9082240661411345,0.4838456182707098,0.11438723976892994,0.10673115014652702
2025-09-16,4.025056486170505,-3.4482399334290648,0.33027187114857615,-0.08906185900502461,-0.09627442869120734,-0.08708628134698398,-2.177669111608851,-0.0019024086838699647,-0.12955317643513625,-0.18686302932082893,0.04804552115773442,-0.802761110101432,-0.6435191894931067,-0.2792462161554778,-0.03037027849640328,-0.7221232685264521,-0.5805774385358959,-0.5112203866349082,0.3103667183537857,0.07632210793649437,-0.1851940350942868,-0.2092277353365168,-0.6874898959232638,0.717865584054034,0.33197236410945785,0.24911161975227133,-0.9728373920921216,0.8219628102083957,0.5546057108464275,0.4169364721221698,0.6412608354406815,0.48257395515316814,0.12025905398847793,0.0966780200810593
2025-09-17,4.0747043810511485,4.964789488064358,-2.3761228598140893,-0.31847632968183376,-0.15234583946837005,-0.1257913655965149,-3.0239847536149442,-0.16273310445605205,-0.15459346215435768,-0.20978420976533574,-0.5510638730099264,-0.8009358393463907,-0.6478454379809652,-0.28485545073536994,-0.17264934332027204,-0.6938685991413711,-0.5850400936947394,-0.5122200764814601,0.17524086606958722,0.08351762487545834,-0.16543456597478484,-0.20169249583879595,-0.0860948874243681,0.6935354049596488,0.3389110261622966,0.25482341917088497,0.9254254476298073,0.8539854300362402,0.585529618638064,0.4366324178661713,0.30222549060986237,0.5470963080468126,0.1423485086129195,0.13220521399426904
2025-09-18,4.103447349361487,2.8742968310338846,1.2857511286400767,-0.24293651324669763,-0.1562545386700037,-0.1267129449398039,-3.350540749077055,-0.2018881153589277,-0.1665408472683848,-0.23717412793817366,-0.7422593040169598,-0.8092470023937082,-0.6696927489689016,-0.2912019653799188,-1.31842966876496,-0.7041779564249144,-0.612342349336797,-0.5282065908928337,-1.2398725585616965,-0.005810234770201889,-0.17998899895468196,-0.22101199682158948,-1.1168679973244382,0.6011591553712248,0.32087398324243654,0.24153516820088677,-0.5938904775587006,0.8264732823369724,0.5761820829091487,0.42564870803065386,-0.9107744449043641,0.45200853319945494,0.12319124599056958,0.12548989276660494
2025-09-19,4.137999999186235,3.4552649824747483,-0.8816674862689924,-0.28704106536163,-0.15046901365124862,-0.14419625572449968,1.1352505272963525,-0.15773294929882206,-0.10018313114647188,-0.23343809089232112,-1.5336373438371103,-0.8197575022438397,-0.6766533639157395,-0.3010523299668183,-1.4404051698905889,-0.7221614174432852,-0.6200519746251691,-0.5344930717484013,-0.08863313687094698,-0.009423374764149395,-0.18088503425208058,-0.2186911199318946,-0.5621310444689822,0.5799843925389426,0.30959796341222084,0.23647735924285201,-1.139427526910291,0.7546209626131994,0.5465821604293245,0.4099286586136873,-0.5520253363300031,0.4021978647340304,0.10941324183585213,0.12458698253376466
2025-09-22,4.142792945988877,0.4792946802641751,-0.4481481479786238,-0.3041952355416546,-0.13581003804850167,-0.14472397762700423,-2.7509844707288,-0.24363402928039948,-0.0791356376616672,-0.23514440759417782,-0.594340997999872,-0.8168295668663279,-0.705587237772152,-0.30396511337800036,-1.87206511345632,-0.7235582021417308,-0.6105226333434216,-0.5387646395638898,0.555289229710195,-0.049103841632937545,-0.16638637670645334,-0.22812078231232724,0.6470703730297698,0.5476563746962483,0.31041140095804287,0.23810256785354203,0.34066867786450894,0.7380939316222442,0.5532160095440659,0.41448293514473555,0.9087925170186113,0.372252007175836,0.15608343076594228,0.13134743763637757
2025-09-23,4.115756423688255,-2.7036522300621257,-1.9555190202034112,-0.26949368673750523,-0.10737681514418992,-0.15114768316240998,-2.4551111359103714,-0.10075610693574229,-0.05968010608904649,-0.23707531279508415,-1.8298186419678433,-0.713707045570106,-0.6497788184627461,-0.28245663814614236,-0.19158849543532153,-0.6849749058867084,-0.6067312315903166,-0.561380922444755,-2.210691495991023,0.13207038529415813,-0.12520416604124687,-0.1946167213503909,-0.5471939761345087,0.5841621665960475,0.31329201156016223,0.2248564043510776,1.1573305320411973,0.6612393889866236,0.5234461948923418,0.38557150082711694,1.3997889552369887,0.2404891930696037,0.12552974730567634,0.1085926793715432
2025-09-24,4.145626955067818,2.9870531379562415,-1.9212425901641215,-0.322848310813723,-0.12618727647565794,-0.16595421059512788,-3.878680825842138,-0.18645801924709313,-0.08568380571891737,-0.2647163186993492,-0.9175255615495936,-0.7405551702276264,-0.649290770860776,-0.28760055670980544,-0.17995099583025603,-0.708080899210583,-0.5983400839838688,-0.5627047198522591,0.46000500999345373,0.17370980217709878,-0.09774586348411202,-0.18017385636987687,0.3362125146153174,0.5953161472131755,0.3348295519645037,0.23450067176613798,-0.6727654018133146,0.6283057588149307,0.5219407046140756,0.3940472262007168,0.07655514585600942,0.21785491993704317,0.1674120801420887,0.11305637155507767
2025-09-25,4.172689079603967,2.7062124536149312,-1.240480409281696,-0.346611934582924,-0.12329709187891713,-0.18386451525469116,-0.8413679946021569,-0.1712243898238305,-0.1073407297533356,-0.21777277679619292,0.3408937742580996,-0.7235222293695347,-0.685257912247849,-0.27226181464454796,0.6162091877868159,-0.7077944024357434,-0.5884338793383566,-0.5542852229699489,1.2149741666719776,0.22813585828930114,-0.029712777786567928,-0.165721750646225,0.4394132589551072,0.6751259691148128,0.557541274202868,0.2558916046513308,1.3844029653721897,0.663904684297602,0.6414844094610217,0.4058518231475397,0.5773364986799814,0.23884751734685503,0.2959978848254493,0.1235739655218475
2025-09-26,4.185225293091045,1.2536213487077674,-0.07988484996857581,-0.3265101041500787,-0.10813414606997085,-0.1813177204519598,-0.13009250729400312,-0.15428985133040632,-0.13149332828828994,-0.2444969682798587,0.06671930604845122,-0.7165693195957379,-0.6929487774505635,-0.27883234096153764,-0.2896379230731552,-0.7124407154495433,-0.6672970303939124,-0.5642880532432812,2.2393234365675134,0.23059361629719727,-0.02064175722199415,-0.14120288497542982,1.0936948730575295,0.6407835757224366,0.5381902350795381,0.2563560644289771,1.2399439226326288,0.6534374032418682,0.6228599458863093,0.40208500440537404,0.623018005518143,0.2364873380975975,0.2642247734050515,0.1368512099665984
2025-09-29,4.139670694175727,-4.5554598915317435,0.24452601227426782,-0.3424711334610909,-0.11448527847125338,-0.17334568315669052,-0.04715846361672005,-0.15142914936443405,-0.132580938263594,-0.21332583558768514,0.7356138966145345,-0.7629263598364365,-0.696875501888617,-0.32908786052143957,-0.3228222136551775,-0.692836694748537,-0.6525357024076257,-0.5607739828161475,-2.0146176949263936,0.2876523193701014,0.0263638933087895,-0.08859164563967392,-0.6221469305029284,0.6439420851019091,0.5425997483631886,0.28248608717627693,-0.891042357722083,0.6540194137676414,0.6317778033326618,0.41760750368016286,-0.6715011983108803,0.24778420061262355,0.27657369834161455,0.15679963441841657
2025-09-30,4.149312394504443,0.9641700328715253,-1.1199610297831333,-0.36477146772552227,-0.1712022041595986,-0.19580624707621122,-0.8910848603878434,-0.18599756863023342,-0.0841729707880317,-0.22444431245811997,-0.6824473797220638,-0.7656790061394841,-0.6166538789881468,-0.35569020969351295,0.18119059729124798,-0.6860062379326419,-0.541117588521674,-0.57423937494527,0.8548681748063296,0.2802368453049798,0.19357990607798475,-0.08941131912147315,0.5675186183079233,0.636327130743215,0.5707407337896485,0.2766982359151056,-0.32674877556492476,0.6455766052660011,0.6485789334993519,0.4204813117544349,0.8238286468743137,0.23621251583409572,0.37361772027720586,0.1771615959873746
2025-10-01,4.1048486625159875,-4.44637319884551,-0.9800455965425606,-0.4201338109661351,-0.15834327375983978,-0.21465343229935893,-0.9474504561873737,-0.4097083963956988,-0.08547452946251011,-0.2311227634514852,-0.09374197689632635,-0.749859889177323,-0.6001231080085152,-0.4194348880622225,0.3128838632010784,-0.7272044744255066,-0.5381905198034601,-0.5843370863620442,-1.7959648757194082,0.2948022753408659,0.23553694754801077,-0.044546065863925705,-2.1047526922895328,0.6340429844322991,0.584160169444322,0.27863681973913906,-0.7671882877190817,0.632115225610956,0.6530544363886763,0.43208595224781454,-0.7165141553321697,0.31821334081768865,0.381997965231148,0.1955989856655449
2025-10-02,4.089394611551756,-1.5454050964231136,2.5060368092744962,-0.3616517025251894,-0.17261689647404863,-0.22922858638558394,-2.1788606350265796,-0.3133273060209053,-0.07473160452801712,-0.2231795785248452,-0.5232921026312956,-0.737301828360407,-0.5934761160572535,-0.42138684366955126,-0.6641713092306878,-0.6829440236672352,-0.5383744319328326,-0.5763495491411929,-1.1452865579686877,0.3081250125409819,0.2452971749611997,-0.03259437998241005,-0.39832617658733116,0.6311233141072071,0.5942024219101428,0.2963381219365621,-0.7339829762546455,0.6097826006653448,0.6547087798316452,0.44944643546080615,-0.6044957933783469,0.217210550141865,0.3857899103795975,0.18260033440107673
2025-10-03,4.11820852414867,2.8813912596914015,1.110131564770528,-0.28738040245909596,-0.1358346089105367,-0.1790314540847304,1.4308804509975486,-0.18087100527820346,-0.04698324418098445,-0.22079920942370482,0.4495573161621247,-0.6848906936627919,-0.5902349155543674,-0.5224026850114047,1.3634933756892544,-0.5773733702772933,-0.48889311011118536,-0.5421703520566478,0.38469306984550067,0.3396729993631536,0.28432391937034107,-0.024222348048793786,0.13117259274123516,0.6309093056097117,0.6381206724995626,0.2985000645176314,0.5425117385895296,0.6285779791167109,0.6766841416586458,0.49437972560017035,1.3735371799170368,0.24293082574774158,0.40154928534038303,0.16939654139017693
2025-10-06,4.160772886850079,4.256436270140895,0.484860267303149,-0.13791494028498685,-0.1221275963379916,-0.1663607329413731,-0.9267235955143103,-0.031651998112801775,-0.06025143883816498,-0.22971504647054436,-1.2039574351897984,-0.5553654269994455,-0.604708761997707,-0.5511751504653455,-0.52022811217264,-0.3511296460182703,-0.4906836533539214,-0.5446697046588761,0.08806240590868808,0.5938653155258247,0.2840009160857391,-0.025145098147944796,-0.0316611894740384,0.6555856096977022,0.6309163080843277,0.30511680468050106,-0.6750107210981366,0.4520496501571954,0.6464368980130372,0.484178426418547,-1.2878117849353126,-0.09479025663764953,0.33173353008251644,0.1366637091347942
2025-10-07,4.1258718331815265,-3.4901053668552784,-0.05772291723446718,-0.17093342179378354,-0.173704621435496,-0.12648298801298485,-0.938937315943983,0.003812414988542993,-0.08479355689809076,-0.174832447324968,0.6479482179813472,-0.5348647119068112,-0.6205852853078253,-0.5188259170882292,1.119419248186163,-0.402642403944326,-0.5164947005595992,-0.54010235102212,-0.7677953779483903,0.6037080863335509,0.2881694193310902,-0.019369880711466086,-0.6290317180368961,0.6252114411281122,0.6214048577036783,0.3041201748876277,-0.40374035395759356,0.45651782650894895,0.6394356463981856,0.4727944294362684,-1.8832934581539424,0.13114926460288398,0.340223191373157,0.14710991518722452
2025-10-08,4.129708386595414,0.38365534138877777,1.7207856173576832,-0.13046775280572778,-0.1609783388603624,-0.11607576794912687,-1.1528494870217536,-0.013705470364920246,-0.0848463300647875,-0.17466519635868197,-0.17171356206138555,-0.5176661879281027,-0.6455351771635739,-0.5185185095225197,1.3632399777600448,-0.3405839426903786,-0.500275279485052,-0.5281726053132308,1.1843578798729184,0.5950484707644915,0.2961382504114195,-0.01328793843512096,1.0312855427741119,0.5882529466819173,0.6209821012778248,0.3099898938914741,1.2609554963828378,0.42339517191321213,0.6285109708187332,0.47308778496052867,1.414980276576912,0.1250529918067867,0.3361861044006236,0.1468203125731419
2025-10-09,4.147112954233954,1.7404567638539703,-0.08815388432201621,-0.22039617384785715,-0.16892467948965445,-0.12112469180172433,-1.4964466499819835,-0.07889029558800542,-0.0821915149315004,-0.20461522629328846,-0.2769764946697504,-0.47652644647763726,-0.6491915802523436,-0.5039296847806135,-0.9013790445056769,-0.30598051571177726,-0.5115038882985902,-0.5194474094251501,-0.44011718125487387,0.5362309631444597,0.28418537004778793,0.0016660382313870591,0.41199918340829345,0.5479018042553081,0.6273196240745558,0.32734278685753826,-0.048976399197836806,0.33445515901091066,0.6360126712325606,0.4730462994606296,0.11746550373455689,0.166841142271746,0.3570186450688578,0.12859714532418487
2025-10-10,4.049441845368957,-9.767110886499708,-1.391855829192787,-0.03037601267058367,-0.07527387611116372,-0.07155582669522384,-3.703687241383078,0.14919970799122545,0.00732137729273378,-0.10070092382592526,0.4796254238211777,-0.501466180284117,-0.6372985891159593,-0.49450588150065117,0.49756420556309466,-0.34086465090348234,-0.5114076363665867,-0.5156427816823206,-0.4044138643785984,0.4895516251508957,0.2776324452005257,0.025802186963347264,-1.1751782266014077,0.5802675724421361,0.6357536189370868,0.3631384403384888,-1.03220026588128,0.38791226352104696,0.6377387564041777,0.49134467626393125,1.285890764479424,-0.014843640745708818,0.22588788317340916,0.062254471962015424
2025-10-14,4.0215402467022265,-2.7901598666730365,-1.035809088633331,0.03474355110014313,-0.08940355783889535,-0.0665906299583603,1.4171300525536161,0.10883390837103608,-0.02041133124225405,-0.10466418490004754,1.5091641760675136,-0.4553092082626069,-0.6557072089164488,-0.49559669250994953,-0.3769637830431585,-0.24573434233823913,-0.5176488481100672,-0.5111332975915283,-0.10239901277637453,0.449457144189339,0.2693205052393292,0.02865766671618032,0.9271748832011648,0.46091803040631707,0.6051899614164034,0.3510073854502375,3.2190385326397926,0.1577303877310844,0.4999220143356234,0.4148493785281239,2.5141704730265726,-0.13752419734730076,0.1640077232429288,0.04442827046788912
2025-10-15,4.044534266774414,2.2994020072187205,-0.9980190118579266,0.0424210559599087,-0.052395064500197965,-0.06777464441412952,1.934569374323456,0.13542369027511442,-0.01281924338136473,-0.07813896444546163,0.2014941936471102,-0.4239831676226714,-0.6569791778463457,-0.5954583950819259,0.387530123629664,-0.2215000869156216,-0.5203806691256033,-0.5027924044509894,0.08043811778282561,0.48149598829805146,0.2612869864324988,0.029271512180378986,0.28802101122213986,0.4507123680965838,0.5960411924575008,0.36331751468276025,0.863831700888352,0.1358333277682636,0.4894452448733043,0.4251703438377761,4.9224638604933375,0.007164604092760903,0.2159385530601913,0.09580963414445087
2025-10-16,3.9754696781314727,-6.906458864294107,-0.6380954599152737,0.18874510465989963,-0.05769398586109164,-0.052902707072287426,0.7241770012282429,0.11882409424999602,-0.04960646300220229,-0.07179215634839169,0.851899141707424,-0.4790748824959681,-0.6686060520179874,-0.5955076718461154,0.224319442309171,-0.24302669182663283,-0.5119221088516115,-0.5014130597426382,-1.2705074265168448,0.519473798443384,0.29392559239606436,0.07688903885920875,-0.5843438362461506,0.48709079356513907,0.5923242875637201,0.3809277653016515,-0.05380580977422067,0.101573738327835,0.4795942976952669,0.4250979292482136,2.4005014789740606,-0.09142908391070707,0.15275680832160096,0.04483061315400722
2025-10-17,4.006869497664372,3.1399819532899276,-1.6094553718117537,0.07586731189420606,-0.09052732939897848,-0.08774035524375642,-1.9270210289029062,0.16078414606621422,-0.0410184769090078,-0.06840894754682636,-1.453017940710637,-0.49810959992459447,-0.6772560507420576,-0.6105159630412925,-0.21498320673307525,-0.19621166871659032,-0.502683602207247,-0.5146395948472691,-0.5269844230016454,0.5551852938355996,0.27342305974110753,0.07779388636290566,-0.21878794757104325,0.557174455479943,0.5777887275566658,0.38691236938222134,-0.9435479992455329,0.08223523167651739,0.4398744207494971,0.409465457375735,-2.9735852597991235,-0.14438819934862823,0.06892527319361005,0.004784617572863553
2025-10-20,3.986688878991234,-2.018061867313792,-0.24364365864625054,0.09870819289902605,-0.09401203160149649,-0.07409555972070235,0.13229119134969913,0.08561320174066539,-0.04722937615434078,-0.041376502957416426,-1.930296403106269,-0.37437680764150866,-0.6341777606303176,-0.5797315080738599,-0.26622249176808577,-0.1073994044400151,-0.5004033929015748,-0.5087343979440415,-0.7333856589774285,0.5704553977723446,0.2820018271121051,0.08405922901805564,-1.3863084486294377,0.603336657650258,0.5792960614074693,0.3923401073055722,0.2953455920697792,0.15270506183825272,0.4357609447394056,0.41163981829261465,0.9981214660042306,-0.11912382829593944,0.06452140910137674,0.0030926010862922203
2025-10-21,3.9617603079688224,-2.492857102241164,-1.9179045173457023,0.1231970343595488,-0.08350788747041117,-0.04947354588835967,-0.8190774529101289,0.10958892535820115,-0.08529718119139125,-0.017815223296187937,-0.724107555782677,-0.3525497070286362,-0.6193555007847411,-0.5934593730770978,0.3362344057851149,-0.0844682462309862,-0.5065587146963666,-0.5080521987358281,0.2937814420945247,0.5502942601679232,0.2584910890032458,0.08914714700403234,0.11029939749880002,0.5914411932807855,0.5550692012199022,0.3889597559595295,-0.4465225717861766,0.16138483389600491,0.423389664779828,0.4182389484609142,-2.0581862357501985,-0.08431739199209264,0.06753376289574096,0.03305628238909227
2025-10-22,3.9521418289872647,-0.9618478981557654,0.4694256784000669,0.09292579958348744,-0.08685422201344543,-0.046400685995290215,0.5892522712842109,0.08184494833556098,-0.01580719717882574,-0.017028664491996953,0.05621752313442874,-0.4383577172973803,-0.5987545796325243,-0.5925016788942293,1.655983584449817,-0.09138657932515142,-0.45599646172650704,-0.5006097798022691,0.8631652283168049,0.5420710130530448,0.3365881630669316,0.0871547959840832,0.39489529909122234,0.5794964678411936,0.5607957110512153,0.3864698245508659,0.11216698783628165,0.19147119052240008,0.4124843128284892,0.4166984676852572,-0.6675997822145344,-0.06928705551720812,0.03231680579950674,0.02999768766214356
2025-10-23,3.9884172450777537,3.627541609048901,0.26541995105289895,0.20205521421479047,-0.07364935960669079,-0.03394248946296013,0.6292888691559713,0.2727797373900606,0.0031435514678265974,0.005867903519385225,0.7137086128151553,-0.325016704385156,-0.5704306781744032,-0.567067418189007,0.8815825900098848,-0.00493429596924605,-0.43513395065495236,-0.4733169714421595,0.2845549944045378,0.5331717243712759,0.3527936302149129,0.10467183363578357,0.43650503824634557,0.5836022459470469,0.5683739508484165,0.40427261993925406,0.15328484274572804,0.23408292705114056,0.4144228599141015,0.4284256826335531,-1.4056597491418015,-0.11735799042819789,-0.006501277542357892,0.02726118736928176
2025-10-24,3.9949452802343384,0.6528035156584622,1.7178180583888318,0.27591529676336546,-0.0418565961067618,-0.007994049640488289,-0.6356154364053115,0.29005412958418275,0.007093667809640338,-0.0033976068595801025,1.586440380348896,-0.2880149531568717,-0.5457079818270291,-0.5751453345501594,-0.18056381130965127,-0.04266855652136531,-0.465536281469207,-0.4723601586613323,-0.6232585268759969,0.4884909830364787,0.3543146115162948,0.1401925378714237,-0.3460002251220766,0.5612565190853278,0.5850693747278706,0.551716747123741,-1.5102621842523138,0.1415369955361487,0.3995732112126046,0.48066698738098224,0.36721326031628787,-0.12753785448240376,-0.005104151618086138,0.07212857267894153
2025-10-27,3.994885236672375,-0.006004356196331884,-0.27186469596326424,0.2755963571370513,-0.03654164112099196,0.0044899113309430395,-1.4561706318102399,0.2717615173310608,0.006425774328687681,-0.023027943512735856,0.00033179735679977895,-0.2922444818181625,-0.5451568822493605,-0.5809511251591378,0.09318572702508776,-0.023437333638598356,-0.46947649352729126,-0.5280378214632306,-0.8420333802810722,0.48707873584457495,0.34697926130365253,0.1263809903700305,-0.9853190814638018,0.5235143009910844,0.5725968934854738,0.5327044724220372,-0.5878067765001811,0.10186971890004305,0.39488583992839793,0.4624091145631918,0.2918164665486397,-0.13490553280907996,-0.013116204563150161,0.05180369188177215
2025-10-28,3.982355432029606,-1.2529804642769093,-1.481749865675139,0.29756174202547175,-0.027430205477198436,0.0069163106787274355,-1.2652044994552192,0.3003664897339239,0.022927159222915806,-0.01937438787003473,0.0017027540281888687,-0.2610451301893534,-0.5647827957360797,-0.5807180608940236,0.5680204457236959,-0.07185064719516394,-0.4755302989852118,-0.5299390002292637,-0.15573230428609275,0.4400870975310167,0.34355519865946355,0.1248270297207987,-0.30479331430553636,0.5135052137702418,0.5714874570470739,0.5320096202514429,-0.7680977856510272,0.06705035865125425,0.38795382062019296,0.4636749192307355,-0.5501485711787746,-0.1624043927944405,-0.023728620223145903,0.05134014798414182
2025-10-29,4.056384475833493,7.4029043803887085,-1.56274410328992,0.16097129630975945,-0.08134599631012282,-0.053160852102549366,-1.7331782512613758,0.18340288239066158,-0.021900011830763358,0.002135076148337666,-0.5939875220450244,-0.2850915196541189,-0.5604609886827664,-0.5045514024093142,0.3630793631035836,-0.05112202391762439,-0.4334945513076379,-0.40014354169046684,1.3702650521944895,0.5500470112181939,0.3802856934392081,0.29917517600464055,1.1968241243760898,0.5892571411679094,0.6086831532771012,0.5776891338710975,0.1466558980449536,0.08809466565883049,0.3744539468181209,0.4502149536217857,2.0347384284900567,-0.048728435732029264,0.03311532509287769,0.1235333387122026
2025-10-30,4.091165179052463,3.4780703218969755,-0.47156212034823697,0.11675879503285398,-0.102367003741776,-0.06410642417035177,-1.5733199994388958,0.13769470352599292,-0.11364189741998632,-0.0162942369908954,-2.1977493022364865,-0.35534771430317413,-0.5687471139155503,-0.5127109360797625,-0.6381503430832833,-0.10771283425370128,-0.44982976896932125,-0.40550100627846447,0.6894348059462656,0.5374831822541594,0.37164245484038905,0.3096494730972881,0.11602652521726098,0.5653135590331565,0.6054750451464844,0.5752424168528804,0.2719261458577824,0.06565545809557158,0.3654012284495552,0.45161000931006934,-0.3550028326134624,-0.09555801490357874,0.031890070586258666,0.1104021292778659
2025-10-31,4.0997821105619865,0.8616931509523695,-0.8203618846345311,0.18183696340244798,-0.09677001577263451,-0.06768917729649526,-0.1784857672599902,0.12264499105113635,-0.055126436809817714,-0.015293777366266128,0.2741060271532768,-0.3604311474523912,-0.5539620455554705,-0.5110527958162834,-0.6827013882962816,-0.1474206475250304,-0.41459336155158827,-0.4108165887805966,1.0118642690755744,0.528238958208545,0.3806663258568076,0.3163672795765669,0.7216964644483379,0.5560201690074871,0.594648568808227,0.5803906689397381,0.3316348285957712,0.055279041331173236,0.3396330517340623,0.4527702624390223,-1.551585019246531,-0.114304327396885,-0.019850569152111548,0.10287805050959155
2025-11-03,4.1055720911669455,0.5789980604959055,0.4398561916024193,0.14212250448677047,-0.09271988822525584,-0.05678487136382154,-0.1980924115963807,0.07407852072482224,-0.051025428637479935,-0.013760418891595428,-1.1745305828640578,-0.3878397816226486,-0.5415743935696806,-0.5181019071140931,-1.0525862241350754,-0.22152264611796227,-0.41581710195475996,-0.4067867186852414,0.35460261502845436,0.5203008502693146,0.39429260859555776,0.34247298776252,0.14105442122604478,0.5581712485917067,0.5879787657870859,0.6109589908338291,-0.3357211241282564,0.033188509077740305,0.33577686683022157,0.46167137716101325,-1.7761443594982655,-0.14567811321445012,-0.034740978203895725,0.09448157544361302
2025-11-04,4.090006676720635,-1.5565414446310655,-1.0660472444197762,0.10575467878958365,-0.022073168450964877,-0.053410498758381414,-1.7424252188760159,0.10347785736822133,0.0074330043743597455,-0.012873965669570338,-0.5260678683772642,-0.33963259734271856,-0.4416920349933194,-0.5136888188100078,-0.4172363806440962,-0.16188528641132974,-0.2745287411119049,-0.4000049870874678,-0.9924038496856192,0.5298237302015667,0.53484700337179,0.3470756184715094,-0.008079084660607666,0.5798965258180137,0.5806922734188981,0.6095494552304642,-0.19603912259692033,0.08064819925032388,0.23718601098057598,0.46193713371794437,-1.384413509950112,-0.09240368460347086,-0.08057967714806762,0.09604607600554586
2025-11-05,4.156149379112704,6.61427023920691,0.7341243656238374,0.20978378100184075,0.018445838202265398,-0.06346442194106722,-1.4115188711867328,0.04052980090685993,0.012619264985217012,-0.05055932539211653,0.1620682346356479,-0.26301449402234056,-0.37730662177729407,-0.49861655823177425,0.7886879929368288,-0.01698311697016604,-0.21380105442461186,-0.3699436914131723,1.0790666614372417,0.5638275124350072,0.5521911583556994,0.36330954329562487,0.4258812689388545,0.5628387926645321,0.5671609753032647,0.6024022314353813,-1.1377957684682314,-0.04081590976845607,0.1709013375084196,0.39622610293370786,-1.025237058087607,-0.1869094349415163,-0.0939604690770003,0.06190123729926619
2025-11-06,4.090902286362289,-6.524709275041474,-0.10411339300042244,0.18087040534979162,0.023456985325313123,-0.0591622221082109,0.22118573538274566,-0.012569103614181782,-0.031330360521590855,-0.06195584235568935,1.0558334002129217,-0.32862170210172814,-0.40516845013865577,-0.5244075140936804,0.07818231734724168,-0.025590354963490294,-0.18836909641260172,-0.3633798631219283,0.6439982005512601,0.4806389799275673,0.5014964188872761,0.3422634710604485,-0.5504709894764225,0.6078388434589603,0.5690029519463825,0.610070830691884,0.28852545098605764,-0.07358614335807132,0.14002345611644448,0.3751454580394098,0.30440016493626243,-0.18947465954559353,-0.0972774420708988,0.05169017648043988
2025-11-07,4.091762888832954,0.0860602470664773,2.4719128302635327,0.15062742147887231,-0.008532414217987613,-0.0584547338284608,1.6648034154691265,0.010475849778333358,-0.06309500229131514,-0.051430039867647326,-0.7289977641120758,-0.3260797068796013,-0.3907834863820667,-0.5254045800431969,-0.2279735435526723,0.00866610290132107,-0.16676415454980295,-0.366618502267113,0.30706903210503045,0.5042494474452868,0.47612595119516105,0.3397944170383857,-0.5681512680732577,0.5895941126568622,0.5469609941875346,0.6095634828838037,0.39070133146155506,-0.07200280575766711,0.09057892169182077,0.37974136240760664,-1.2580615137075934,-0.1918605693126277,-0.08804158612460547,0.05638326330015403
2025-11-10,4.109195262620807,1.7432373787852562,-0.4366640568727712,0.04705663294141608,0.004175302922227035,-0.04562774350063682,0.6713365171343806,-0.35083239072242933,-0.05602629397603051,-0.06940025990019098,0.20232662449064953,-0.29332163400347805,-0.37278487101714214,-0.5202728897190304,0.24958266551664607,0.10999501619450515,-0.16064692859033905,-0.3681709578764648,-0.048620079543983175,0.499950896070341,0.48368474379596754,0.3325394005184814,-0.05458471570687362,0.49170764977277903,0.5397522555037896,0.601375089152148,1.071759537484283,-0.20477710231997928,0.08492613525873326,0.38006442859063394,1.7809513634827134,-0.1067615302198998,-0.07090940735743159,0.05793002319827802
2025-11-12,4.078999999976763,-3.0195262644043375,0.13098618819203223,-0.0005089504052596482,0.019319484208181137,-0.06609343672157293,-0.8211008802698752,-0.281010471733104,-0.025930386018568567,-0.07397074033533757,-0.0860784788848834,-0.24243559495885136,-0.33771618223111255,-0.5297374234226977,0.12586458736126405,0.07493431483246542,-0.10171185908021392,-0.3735048129787342,-0.6874441656090304,0.5232548266723245,0.47340172974621386,0.33393254448053317,0.20069073570656015,0.5734894754348749,0.5028499421998921,0.5970447061907252,0.09372197488752632,-0.09822700397501333,0.05680258180185052,0.3643886003829604,1.0864315170850014,-0.07858831525760292,-0.10332573073014162,0.04272754938569083
2025-11-13,4.109533799449093,3.053379947232937,1.1660772026877377,0.06643966552164093,0.0559481636276274,-0.01488062979408972,-0.7164133615639201,-0.3914048762616629,-0.04776633324890047,-0.09084990211331716,-0.6972582296875265,-0.2719936773988168,-0.3408796628440793,-0.5407801384370136,-0.4920940732471686,0.0233227487894492,-0.11437646035355037,-0.38639280951974775,0.23074895504580173,0.5269630690620213,0.4905421598278783,0.33061234380109494,0.9522855936813994,0.5825512564852836,0.5040297050196764,0.5959607793383762,0.5133911646994659,-0.10636109702095571,0.04171017580548539,0.35380887202177164,-0.826749868323688,-0.21685966216695224,-0.10688621516711456,0.03710939474867605
2025-11-14,4.147282118756804,3.7748319307711498,-0.9315181958731263,-0.00863190099073547,0.10544012090165965,-0.0383485421274065,-1.9104265590405185,-0.34868613082920513,-0.01642736477905697,-0.11179683812351152,-0.8632911137168502,-0.1942690893542212,-0.34859281212569776,-0.5486052980502989,-0.8674084372679192,-0.009631167353625594,-0.13508426291109082,-0.3957358093158212,0.2845235152058496,0.41810183194960426,0.4958191687275016,0.33297025395667995,0.7828518442841694,0.5820294473102295,0.5312452750241615,0.6045019037211846,-0.12431858113148153,-0.10594491453970692,0.004665564963611061,0.35459566664648495,-1.0561180927650144,-0.03690829392753863,-0.13095071928140323,0.02751426875073292
2025-11-17,4.1317951228255465,-1.5486995931257574,-0.24441680532348808,0.044729548141867324,0.08212147480178884,-0.0413376968437352,-0.031585266190303773,-0.3315600150455508,0.013781565831553943,-0.08967520672833872,-0.3112809094756157,-0.15540748503964252,-0.3399360930393119,-0.5442874020204537,-0.9978926352965125,0.05294887838546603,-0.09024667480996043,-0.3768033261968436,-1.8225130700062397,0.4737680352996897,0.5314952378889357,0.3279963625695808,-1.438496673963063,0.6033786797442936,0.5744890570309418,0.5915755375449856,-1.2246611462073342,0.0058479003118814986,0.033138605754915375,0.34289256363157666,2.0600917351129855,-0.02950752908213786,-0.1321696102328747,0.011006589577443812
2025-11-18,4.120194120376892,-1.1601002448654363,-0.342835968656928,0.04603671762112808,0.09755495735917015,-0.03973777708451336,-1.0627580426067584,-0.29232396391228227,-0.018255887118696038,-0.08820744789750025,0.014447858962358395,-0.2689768347584815,-0.31807543461424403,-0.5445936391434658,0.2404381632353504,0.02762618793378719,-0.05013923510884712,-0.3787211555424604,0.24967791508887038,0.4415050034342294,0.5348092742788251,0.3291566814463665,0.45656565261895676,0.5645594333269868,0.5940942562317783,0.5895283612251448,0.24233652292216312,0.017284935081838884,0.06354071454518204,0.3418480430174991,-0.1273526596458912,0.008757310244576256,-0.12171147534809394,0.011470802088031395
2025-11-19,4.129890286147624,0.9696165770732179,0.36670144933267235,-0.044324909414328845,0.10170207887840897,-0.0394103810532788,-0.7633050886885124,-0.3131620161444328,-0.013175570490316974,-0.11594828591333135,-0.6466387607310624,-0.31325686754623644,-0.3196140863008481,-0.5417454960988093,-0.9322049449413794,0.0507902415265859,-0.05345873179244499,-0.38204354502651083,-0.28192978310634564,0.4611938532675101,0.532740943670493,0.3163127149598385,0.7229265236082059,0.5698802971087503,0.5960045678955227,0.5805408613833952,1.751447203264029,-0.0018289964112422445,0.07279817883933168,0.33059578728643685,1.0173477047627615,-0.0661526680577186,-0.11924010614634335,0.005445757803749082
2025-11-20,4.102812758173684,-2.7077527973940363,0.1978238623384192,-0.041606988165357205,0.06739852940155042,-0.04781180635682354,0.9471830231054983,-0.3502898744498153,-0.06387629375722526,-0.07248119180776944,-0.3362809551937888,-0.28866107956842385,-0.37005952476415693,-0.5173407883492843,-1.1339492196815937,0.22467352223982992,-0.025900274722833547,-0.32631403351044325,-0.038709430181121246,0.4994401683066302,0.5242324842700968,0.3817073761996319,0.9583337030823744,0.4815923685697216,0.5506575115288272,0.5588932600024525,0.10267767990773757,-0.006100416324795481,0.0960793860625964,0.31484048103408485,0.5083410926273462,-0.10570577925198645,-0.1091290682875724,-0.025027695128005754
2025-11-21,4.062308884132495,-4.050387404118894,1.1710369502730846,-0.13009713639179485,0.07072294258221289,-0.06838438526739783,0.029452128638988828,-0.45397794052695517,-0.021747423171202113,-0.08453328169544223,0.5261533280226143,-0.4040715259107009,-0.3712866463852358,-0.5289315055944475,0.5825653686818142,0.046184412917507446,-0.04216226920649009,-0.34486749353337726,1.349281671424301,0.33360228020090726,0.45822960874432656,0.35511216302038473,0.3087440401797952,0.4319667463494311,0.5289286033403476,0.5428550780442299,1.3467201407631326,-0.13004403811763166,0.07278607024538275,0.2823454519488141,0.31521205062997343,-0.0738692378721622,-0.11162924123417117,-0.03173922961784424
2025-11-24,4.035368749611542,-2.694013452095323,-0.14517870167134725,-0.1417239828725625,0.09598615763183196,-0.05666995223524076,1.0895654857453057,-0.48590303783490074,-0.03823658445963365,-0.09370489072291266,0.210220810157296,-0.5042225827523349,-0.39281630474880935,-0.5378338254498644,-0.03658376657342388,0.030870978996393423,-0.05980835437774557,-0.3664021145312127,-0.21065631236182403,0.35598075468108864,0.4451446631140286,0.362280886526074,-0.04245517898367357,0.4449688686187354,0.5225734747532116,0.5522275374882154,0.13084862042438405,-0.133557494829448,0.04303528047425361,0.2838393438796501,-1.3626210812496673,-0.023799284382155665,-0.10135536111423839,-0.01963801085655094
2025-11-25,4.000819755382278,-3.4548994229263386,0.5102502280107526,-0.1672614231826414,0.08360732616876808,-0.06162466344941425,0.609580390564032,-0.5263919211306658,-0.060202697265805225,-0.10438118624737924,2.286324283680032,-0.5247779111533684,-0.4132837326361157,-0.5408794761325593,1.165707793022336,-0.07806897733974111,-0.0868207768386551,-0.3802646580988865,-0.2614147390951551,0.3827545873231107,0.45505662151985005,0.36156406103082733,-0.7802834345081566,0.5153847736687655,0.5315198492458068,0.5564236564370945,-0.40632794188496313,-0.09535352486646675,0.03841150665189847,0.28418542530771407,0.05591927269341124,-0.029364393522530237,-0.10506002967177656,-0.02619876316894357
2025-11-26,3.9969639357137066,-0.3855819668571847,0.07576382384194558,-0.21164569594105853,0.0936018412275487,-0.059882842615225355,-0.8348656138847521,-0.5485886334329524,-0.05086860035986507,-0.09441286043064774,-0.9843632855595457,-0.5070738600042655,-0.3924089275734592,-0.5514152254128449,-0.3393432605849567,-0.05713946214383958,-0.10347007335096955,-0.3828289239082986,-1.24769891664944,0.3614572365930996,0.4123702747548553,0.35298362197502714,-1.3014945590529918,0.46828727306216283,0.502563400656757,0.5428511235054607,-0.08394534559124225,-0.12233060566222118,0.008537193799350607,0.27597379234162794,-0.17657869809089632,-0.03635273712845869,-0.12129225614069397,-0.03546078464502559
2025-11-28,4.017080398285209,2.011646257150268,0.863669880796528,0.021689779142998064,0.11743521955083082,-0.049795111503461935,-0.013845710310947223,-0.4623048629285686,-0.04103123629962839,-0.10017056439859505,0.20953316666504002,-0.5029641869112824,-0.38025376173410985,-0.5459142254935639,-0.09192807722173729,-0.17236619768505812,-0.10798611975400788,-0.3803741174502332,0.3084207050748032,0.2406342184471712,0.41383607209026113,0.3491746278839366,0.498864587081536,0.3800894013610115,0.50592364003497,0.5468093646640031,0.33109426622367355,-0.12663576951019329,0.018017003831795754,0.2721966632945316,0.15206250008525446,-0.2795981345247697,-0.12482356155745633,-0.041966613013876365
2025-12-01,4.095188349007166,7.810795072195642,-0.0602534628689535,0.026538681056267877,0.08318037531079261,-0.05262603435285403,-2.271617716188176,-0.5436245692082399,-0.12873919859911098,-0.1955866273086318,-1.7158483774305995,-0.5589585795025356,-0.4426542711803903,-0.5661879932676657,-1.6829973992529408,-0.3431470112633752,-0.2061938812693482,-0.42605428998677713,-0.19859233653681285,0.1388722365186838,0.34447246425313693,0.31436496846721024,-0.06882225268810238,0.3106773178552367,0.44494997220425675,0.5256905479309931,0.16439930477776,-0.12088049653011008,-0.003995432995489131,0.25935116031174504,-0.9740100492344737,-0.31950802409172413,-0.16980081995589544,-0.06562264919684939
2025-12-02,4.087455795082281,-0.7732553924884478,0.5269288156560314,0.04086523095843211,0.11403870721981353,-0.052455815132484734,-0.4451865084074562,-0.545044125657863,-0.14713700592308343,-0.1639725625825677,0.07001023352332858,-0.5714957826985647,-0.44959841756386393,-0.5578554424482864,-0.41650926359891205,-0.3362612224864841,-0.21393210192765266,-0.39324551881568437,-1.4255546861520285,0.1363202922893658,0.3340088508562402,0.3153368105296447,-0.9336187942865026,0.30593303778945663,0.4383471794412434,0.5125568921555753,0.033220674989344,-0.12238990263757354,-0.013757506497170965,0.2310468559867829,-0.9551228778747044,-0.30438870992283196,-0.17058014047176048,-0.09445027879996129
2025-12-03,4.056543431539201,-3.0912363543079913,0.5974584080018879,0.02018361303740531,0.07736103902016431,-0.06478601038199543,0.9349887744426688,-0.5678450937250537,-0.205442530021662,-0.18004154701368402,0.26282988510723526,-0.5883555352053979,-0.4720629392686581,-0.5517637923609571,0.09124819575969578,-0.3487776344098437,-0.26544728464144746,-0.39365408304457383,0.41008887016826545,0.09918243942937532,0.30965213237469064,0.31548706004305205,-1.1533351906837153,0.34414967191216816,0.4526762229038026,0.5131686178852874,-0.9531045684946199,-0.04497675254005167,-0.00012651030150807746,0.23675049382597468,-0.8948880609095654,-0.2671258831737718,-0.17747911941659011,-0.08928869558555762
2025-12-04,4.105880644003466,4.933721246426437,-0.7667839523120672,-0.1108383908358754,0.03446270903819706,-0.038987354044359435,0.0018706001435200292,-0.5839336565728062,-0.179133532274867,-0.14209929871033591,-0.7953263261887997,-0.624346684743623,-0.4643003645247895,-0.49501613586117327,-0.33554161854790365,-0.3525436592244517,-0.25904937488883556,-0.29560740984969014,0.2777779397675806,0.1063761667254136,0.3166755233683348,0.408971576232128,0.25370959948777594,0.3595777561201933,0.4627305287232644,0.5070256544647298,-0.09188972336838877,-0.07198482882816555,0.019368446831402004,0.148283119732064,-0.7393722270059068,-0.3318677749725274,-0.16889705795910676,-0.14352147013132552
2025-12-05,4.137989899577883,3.2109255574417794,-0.0595923855285756,-0.19913739495882504,0.03558391936293966,-0.04603634506963112,0.7838596256272004,-0.4684514444430438,-0.1654545779094331,-0.11769100349963256,0.2973678698711044,-0.6733301272854166,-0.43754188752514916,-0.46763557656420396,0.04677762927664331,-0.5329267936748787,-0.22611085618857066,-0.28994410912846985,1.0227073584446624,0.036540912503038925,0.3208920517261795,0.41357526951232226,-0.39440650507599995,0.3001806555575879,0.43489667796738063,0.48291895954485325,-0.5026692174231873,0.055596075468061376,-0.008201844183116955,0.13283931063339427,-0.2472317536462305,-0.2766187053993561,-0.2058898833592881,-0.13213004420233837
2025-12-08,4.171162463655898,3.3172564078014943,1.0346671324209473,-0.21489373479825818,0.058450190820987714,-0.013952852731415983,0.1448397594413091,-0.4615678667592435,-0.1534006356072248,-0.10664399665376069,-0.5245285024535296,-0.6299339100754036,-0.44166623853022535,-0.4627180366364609,0.7630492017027009,-0.4245064296829111,-0.2097385448423458,-0.2531313274085888,0.30100098957091204,0.16506054205826975,0.33305140241076786,0.41946094362331554,0.7376801413319135,0.3058942673096865,0.4569207706708966,0.49122569994129406,0.11734618214692161,0.07957072388049014,-0.009713894191541745,0.13069602168932146,-0.9661730807846747,-0.2956541276652833,-0.2214820001517794,-0.14404733370366357
2025-12-09,4.184875322589545,1.371285893364682,-0.2844007808388578,-0.26988668632890367,0.0566454726866976,-0.04378861822765041,-0.0006395099515583702,-0.4910909225395957,-0.14194508232252045,-0.1356172939435229,-0.5797058347763748,-0.64387513615254,-0.4434196843796107,-0.455680284925144,-2.0522351215854364,-0.3971796204052198,-0.2042970695707873,-0.23814118080709923,-0.23009383446141118,0.16583556714032868,0.3382030374882652,0.39502437913841637,0.21771985262482563,0.30941362248872223,0.45499880618695554,0.4751630711844804,-2.3055896187859455,0.023544103564169756,-0.029896558173029712,0.072303339474945,0.3918860588411462,-0.30349741416341847,-0.22015602171745166,-0.13558194759861927
2025-12-10,4.163406162841758,-2.146915974778718,0.30575821269919956,-0.2593018812236774,-0.0491695214666318,-0.039242655618313416,0.1303372011823365,-0.5310746111293042,-0.42150294790274184,-0.14813350180902288,0.1751698344131194,-0.6652266214978356,-0.44372118778991243,-0.4518981628564185,-0.3663632398161276,-0.411794149678609,-0.1574625428484023,-0.23239988741116233,-0.6500627216928576,0.1879499497065209,0.3456271881516947,0.4069667237389002,-1.0531664830515903,0.3448836784497719,0.408013799969123,0.47558653217610863,-0.6543777715371328,0.024812567374853167,-0.10363599461775419,0.06761682469961575,0.22230985248878077,-0.3940889958641369,-0.1807773014342832,-0.13340507072167637
2025-12-11,4.140022899315151,-2.338326352660669,0.12768373991193666,-0.2630194218890384,-0.07886700046058966,-0.021426868059213414,-0.17801405617910415,-0.5812154086599397,-0.4006805470222781,-0.12770625777064806,-0.35156709688726384,-0.6559636102644812,-0.41720968105425593,-0.426019395931711,-0.5939921469656761,-0.3733055609629821,-0.15265248591206562,-0.18810207732121118,-0.6776196421104703,0.1814134711759666,0.3579416753983051,0.39601902961090624,-1.0990631161750672,0.40591659748647607,0.46869491177309824,0.4658231074389975,-1.9516135411380897,0.1162730914926619,0.022094587543832273,0.07150629173703449,0.5383968381004512,-0.369625418499156,-0.15503456807857718,-0.1549923467657459
2025-12-12,4.19385191309005,5.38290137748989,0.8099934222844896,-0.2506292889976517,-0.028335811735322868,0.007928770473967263,-1.9497529999662047,-0.6293548385961703,-0.49641736236065825,-0.17171494941398033,-0.3543680198720289,-0.6248492342501866,-0.4215645645930705,-0.42091018488322923,-0.5660012109864767,-0.3701334004172446,-0.18112656094456459,-0.19693427584988024,-1.3942549142489984,0.027122124812606816,0.2719723510927077,0.35841260333990427,0.0700677429417248,0.37062360962429935,0.45993669254164493,0.4552114866197343,0.9736397388483522,0.17066919819655987,0.054388541382371806,0.08042791668629878,0.47537097765907177,-0.26624844868971836,-0.2257458826091556,-0.1372357055125382
2025-12-15,4.181151102155849,-1.2700810934201279,0.38800985481563544,-0.17088993545984296,-0.07735809936449303,0.056664880835075884,-0.8482867816943105,-0.5724648810471367,-0.46180975119642725,-0.13504973773264783,0.1096338288200962,-0.6088295501588691,-0.3880492257952006,-0.4205248394356307,0.09050111289943352,-0.35742225401244576,-0.16669095292005398,-0.2008224480489432,-1.1015784242268096,0.017539044251394915,0.220596890051089,0.36080119558781404,-0.25481648819550085,0.32653399627979635,0.4522511978291981,0.4630150709737517,0.049951596331548775,0.16774422809722636,0.06012753828882296,0.057635536445164864,0.272233793606681,-0.22403780505214385,-0.12546331654940787,-0.14532436610182423
2025-12-16,4.147940837121556,-3.3210265034292696,2.642939331352686,-0.30919259586818987,-0.11284503482031848,-0.005059099113336588,-0.4330598984601726,-0.5413814266593324,-0.4383360313348908,-0.11232141269204891,-0.005088465148543997,-0.6108602506832539,-0.37193794271057967,-0.4160184007551593,0.7133300671115169,-0.4326744820056407,-0.19410491490163975,-0.19981332280661987,0.2683210321946752,-0.0713385568879283,0.2196510152769956,0.3734599155273102,-0.28656248390631034,0.3067678164368345,0.4608461899782886,0.49267092797263384,-0.26501984117997757,0.14771210140133836,0.08680595845377136,0.06965372099261849,0.5912671446439104,-0.23651237896021587,-0.10143132903487019,-0.14281682155455216
2025-12-17,4.149918348059475,0.19775109379187583,1.5827460661533916,-0.3193254660345089,-0.12061164801417229,0.009337732626081776,-1.3883031517380735,-0.5520727652079349,-0.4252647571951763,-0.13791711769764356,0.2654417753436429,-0.6064254146329568,-0.43786845880915237,-0.40034283102049373,0.2533796162942166,-0.42127531959315295,-0.19886069119307248,-0.17650473066861683,0.44442013967428834,-0.05888396856328404,0.20484635784233582,0.3757537451616976,0.5836554117300832,0.32358703498881386,0.4434881487452385,0.5072546383547564,0.4203244437107335,0.15534479695619377,0.09570831974866713,0.09166148097545591,3.109264039768525,-0.1601462416892327,-0.07741187059663049,-0.12902581748323472
2025-12-18,4.114838505340873,-3.5079842718602094,-0.5753747799665184,-0.22233754943786715,-0.15212239851945544,0.019219180995179795,-2.2194550337180448,-0.3771374451649003,-0.3601491271447878,-0.11136974423225374,0.4443514853337984,-0.6173706908450988,-0.47288272767437617,-0.4071560747132343,0.5705021265623138,-0.44829793437510135,-0.210139384747661,-0.19187985936722068,0.11257013304710073,-0.07391451837174974,0.20737468588053257,0.3686568894755447,-0.3246578451877635,0.3221700083084904,0.4566338077159688,0.5103281814402403,-1.2591100342944244,0.19993718056596568,0.12550024618622596,0.11126662250451386,0.01196175340186556,-0.17303831156196348,-0.12288296189915893,-0.12863549876964878
2025-12-19,4.150020114498223,3.5181609157350024,-0.43796988686211247,-0.2819729158269531,-0.16350269013370725,-0.012004128712676617,-0.5081861228544637,-0.34464368950046353,-0.3521846722771621,-0.13342854516218644,-0.49497248095134383,-0.6542452815154669,-0.47648388288372245,-0.4546819438224934,-0.5317271127710881,-0.5385963478323735,-0.21018196573917286,-0.20470297965206619,-0.145690569746467,-0.0669236714800605,0.21845853326823184,0.3524208432522332,-0.49195337206608647,0.4078682478888253,0.4449515162458455,0.49061835209147914,-1.0025492840286796,0.17022894351455256,0.10208474347894868,0.11137720556976287,-0.5689761392591424,-0.17875905019595717,-0.13871164199846256,-0.12435655887570111
2025-12-22,4.169617381514055,1.9597267015831754,-4.503475938558118,-0.2162531042246001,-0.1756569915815728,-0.022927348219108485,-2.8205739432853214,-0.33751259294792996,-0.3896761141039458,-0.11599394653346949,0.02267437729719357,-0.6346481410886509,-0.5115663863002105,-0.4441648318098144,-0.1929311422421216,-0.5069841497622448,-0.2570973773646919,-0.20462383580188998,0.10844086240667838,0.08913327436647338,0.21252599154067228,0.3478680912080103,-0.4993901451481344,0.494256308116289,0.4246111192004382,0.47883401000311565,-2.820549814113266,0.22579583489322316,0.05073654550915035,0.08719794743160725,-0.474823656956498,-0.16930276714937437,-0.11634850888537158,-0.12840604319814922
2025-12-23,4.167688600207533,-0.1928781306522076,-1.026720516630912,-0.2169707224211692,-0.1760788293917012,-0.008616507858002196,-0.16439695932908033,-0.289032026888303,-0.39053114427056257,-0.11317738467405755,0.48782101035683934,-0.6340395689370962,-0.5500906226769984,-0.45358127254763153,-0.0834135756411104,-0.5114387167720009,-0.2577815859904287,-0.21918902430033915,-0.047195892697936004,0.0881083530013699,0.2152232810808005,0.3365351196403257,-0.20151518517980288,0.5303597452813151,0.42649617787314686,0.47395170414357735,0.9880088802118865,0.23395058166668947,0.04693451640751156,0.06714431064720043,-0.1436646854698771,-0.2576940914431233,-0.11671103052695467,-0.1341169701507169
2025-12-24,4.1325296982580735,-3.5158901949459143,-1.927836602231069,-0.09363734586135565,-0.12150924916292508,0.01834432781365277,-1.526974562776688,-0.15782093929090493,-0.3582210439801927,-0.09937632665357392,0.111521422429667,-0.6330938595761316,-0.5507411646525089,-0.45627231555841624,-0.9468906265001056,-0.3501896798989446,-0.21739830055779188,-0.19276165963331524,-0.26607282185271997,0.08853448730324158,0.22043571160286474,0.34281629518784246,-0.12564644120111046,0.4646352530190511,0.4274598526519654,0.47181656567153596,0.9566170694803102,0.13748789867281797,0.009300214182776862,0.03960989443560632,0.09791842344747712,-0.26047449251200483,-0.1181980082550735,-0.13683746847100944
2025-12-26,4.132597971452548,0.00682731944747772,0.13662127248185918,-0.09374361181702905,-0.1396630168950139,0.024075473042721188,0.16029619504949433,-0.1667320863581588,-0.36991139476438417,-0.09123512560773765,0.024303254644812755,-0.7051105346524387,-0.550031682583216,-0.4434703700924182,0.018580597795088027,-0.35517815448580353,-0.2080508435670614,-0.2034803681385515,-0.2854089677804118,0.06837935073759849,0.2196271873657405,0.3103014653606102,-0.23138274635178246,0.4750359172394928,0.4252542815561337,0.4644831349546887,0.4729221540789408,0.13195972106222018,-0.0007812244862896642,0.02259584809006472,-0.06472233278793921,-0.2635519434980776,-0.12453951525860384,-0.1505203054758954
2025-12-29,4.115039772259669,-1.7558199192879265,0.37215330659241586,-0.11901379743693498,-0.07704096645673952,0.02572113971803287,-2.0723969279870404,-0.12643804770296424,-0.29671935964517343,-0.07743811344026924,-0.4023167144055009,-0.6979184973733495,-0.5447389652095712,-0.4378235263387455,0.883624589258365,-0.3912353888590315,-0.2896587369785188,-0.2128262119429758,0.31036957427222944,0.023665786517991533,0.12214742930011739,0.3024728725689941,-0.8739873976913984,0.49023557508067117,0.36917468891413047,0.4672972266287772,-1.61250096107528,0.1534485280750923,0.007940966921899321,0.03604338537129901,0.027837561037235517,-0.2672827060716649,-0.2600686158888434,-0.153531149007971
2025-12-30,4.126779300328056,1.173952806838674,0.7333212259138944,-0.12690432572990085,-0.06029814925049584,0.011880325856788825,-0.3123276465147553,0.06252924126639865,-0.2749279713485256,-0.08485851898434192,-1.1424019313540767,-0.5017864006526727,-0.5295497965536119,-0.4439807556014359,-0.8212757589014432,-0.21408427043846298,-0.283173243903639,-0.20913710397180055,-1.0274318874939956,0.010332812305820458,0.08260271313793509,0.2574454075743742,-1.6917589976935392,0.40034741155371484,0.3199224839726638,0.40946142572829913,-1.7290104572150495,0.0749904624548129,-0.01764949889092989,0.012490245494910079,1.0022658994056823,-0.14116064801422099,-0.24340741894108767,-0.16336835313910947
2025-12-31,4.152274045076331,2.549474474827562,0.5220698029674784,-0.1023853548423751,-0.048407396634235135,0.035650990883340936,-0.48245717785675324,0.07140176231795357,-0.27504935343027864,-0.09707328635984329,-0.10373476133195192,-0.4873844068010321,-0.531085685907375,-0.4472288265900716,-0.6432859357170879,-0.24392597272624555,-0.28925858028822016,-0.22457418204502533,0.06931624680323512,-0.011455225493357203,0.0800060456392145,0.2522883510081806,0.6056470514036512,0.4260708193407076,0.333587738884021,0.4146815490598633,0.08834156844551044,0.10758907117806107,-0.015117189184401577,0.010347680749157812,-0.5349900105537863,-0.1944893280701527,-0.24845992779504722,-0.17220321012465334
2026-01-02,4.187724320360476,3.5450275284144794,0.8834687393644417,-0.040342740339478794,-0.031025310042449888,0.03556752664531199,0.9169131372830468,0.2579670159972623,-0.23108746493844445,-0.09992307079977945,-0.19316616089119987,-0.4489768985841415,-0.5375632666979111,-0.4591234802375641,-0.5559293020706624,-0.24705978787776312,-0.2988761396553688,-0.2691967641428702,0.31628397734538594,0.09011647749856339,0.09358214136390161,0.25228779171112253,0.4326230173717249,0.4092299628832006,0.3482082709630569,0.4201754121994525,0.6963674145787617,0.1398171412528827,0.009341141513366945,0.015064926778800954,0.18870598599469424,-0.2799735975728179,-0.24373733595400976,-0.18469175500728208
2026-01-05,4.162201853557488,-2.5522466802987864,0.5197583189467232,-0.014361980416185267,-0.05285439897448714,0.020057250640533042,-0.180682385571632,0.1891431853448282,-0.2568253772590258,-0.09698662030288273,0.3503805878956895,-0.40854114551643284,-0.5579009556812129,-0.4479458499392358,0.5658101834348512,-0.29340205916284656,-0.32114895086815526,-0.26959864578052173,-0.11297743807779614,0.03132873897923443,0.07731287660489815,0.2501165396661019,-0.1358538131527264,0.3527244142955036,0.34883990763046124,0.42196498946017574,-0.27746280110533433,0.10686769643126288,0.011181427029994934,0.028919697805439414,-0.09035583792284485,-0.18576925457990826,-0.2677989131698824,-0.16561212519036617
2026-01-06,4.17795793699418,1.5756083436691881,0.8336658383747393,0.004740284457240917,-0.0748100925524834,0.025368692435535987,4.046700122646871,0.16721288966393927,-0.13760468121620004,-0.06652033557781722,-0.3750999237652928,-0.5007589993775643,-0.6140952046136019,-0.43969873603774184,0.39182832520684796,-0.2936358548645812,-0.4112375006924558,-0.24191948156210244,1.213045406378672,-0.022368243258842305,0.011600722473496729,0.24357245824599785,0.10052232589090238,0.38834223460358763,0.3281269689064638,0.4155884316308412,2.5370840372187775,0.15642228071572728,0.0909684397504563,0.04136327883559226,4.18351067441866,-0.019903952753402322,-0.13451642116370754,-0.1604751593761076
2026-01-07,4.13675550401814,-4.120243297604009,1.3173118567575361,-0.10094132403435913,-0.1263493283527045,-0.0015495351307469713,4.809636934760224,-0.1110121705292159,-0.2252335510650007,-0.13105938223922164,1.1356619541421757,-0.5545493239363902,-0.6007902257574892,-0.45719897608599,1.167006110850493,-0.48909358590855984,-0.4543153727823637,-0.28155437970855185,-0.2060604718806367,-0.06305861516185528,0.08029782633897295,0.24814952106869273,0.720277488287552,0.16077690883536325,0.25671717560566487,0.38783033724909965,-0.20333635787513926,0.12390962608432221,0.11826994930532482,0.04178646088744866,-0.7470944237880959,0.13079161037255493,-0.10195443435573186,-0.1476174312765061
2026-01-08,4.181964564081197,4.520906006305658,1.7298377380496164,0.002307757254784557,-0.07581490282316129,0.03192973468675812,5.118836144269569,0.10718659488764834,-0.0791648926806829,-0.03706006679703346,0.31067308087394574,-0.44343374997317286,-0.5669932861691362,-0.43775760248718687,0.5731685494593919,-0.38893679621283117,-0.3994305096730184,-0.24898905099636262,0.03684069194417283,-0.028907879893976064,0.08759475263060076,0.253318522475278,1.3989163918765344,0.3018054698916971,0.3119300184005791,0.410124894636602,-1.2888095616242048,0.09980715327270683,0.07513693014460196,0.01571135426699878,1.4694422664081919,0.19121810412609028,-0.058803600976160594,-0.12415141964081891
2026-01-09,4.170259729984331,-1.170483409686529,-3.4585726852481926,0.051244962601999886,-0.028979873663872727,-0.006772833110442505,-1.453814893513215,0.12361674373816521,-0.0758540664439101,-0.15362372415774658,-0.1759276020081586,-0.4253383110891834,-0.5731242650821783,-0.4340583137900591,-2.749597733550658,-0.22677264440296108,-0.3207936569487595,-0.1778604928039492,-6.077486759800353,0.06356013065161147,0.10715078728680268,0.2067128362467835,-2.675975323211667,0.26657241661128356,0.30611194811515485,0.3551705772969708,1.3762087422848288,0.05849539586989416,0.04454906785652105,-0.03866927033788398,6.483033962919792,0.05181025189729395,-0.10562344204273308,-0.1074595573311878
2026-01-12,4.1860519012987725,1.5792171314441106,0.20250191971747533,0.05696465898032236,-0.02834125658360867,-0.01884130224099704,0.2483200308469149,0.12653386175325634,-0.08550448553480125,-0.13713450587349604,-2.8676658327065594,-0.36564128034835214,-0.5204752876889043,-0.4032288249511153,-1.437023572226121,-0.2788658027400477,-0.32129838048093334,-0.1913549548739158,-1.2352625423126529,0.04194326252488092,0.08874989496584865,0.19995925719898794,-0.41213782568091517,0.22569659964929784,0.31837075418063693,0.38153308262743185,3.0750616442933345,0.05288691004537091,0.07561553450828948,0.03170123185535624,4.83325360184913,0.0907485594996198,-0.05318142333888345,-0.06319630502502227
2026-01-13,4.170327858203003,-1.5724043095769247,-0.626787264023136,0.023613765089207685,-0.040491947397948314,-0.005202622647591388,1.3318309277596065,0.21672871244451017,-0.08924547416617817,-0.16330741338443827,0.24514520185923816,-0.38358997722240334,-0.5164914906855568,-0.4130935247877549,-0.6425370487831041,-0.24083504373688025,-0.31001812730117156,-0.19313335100509693,0.9969617415642209,0.08731723898286542,0.06128939375460595,0.18522095166326852,1.1955669390417696,0.15341704383389654,0.26072514654774437,0.35162082643168946,1.4604091041672573,-0.04044035628699225,0.045200830714821914,0.008187506295768822,2.455854829193767,0.10631623889351842,-0.05227408175066685,-0.11055524818295631
2026-01-14,4.138902045371099,-3.1425812831904487,-0.40809271988953544,0.0407192489664287,-0.004319162736313721,-0.01963017198706456,-6.737943392982487,0.3121789263073339,0.043474853356783874,-0.056678831508544955,-1.1875386886375008,-0.27773654207972687,-0.44820280390534545,-0.35780382318410453,-1.3348044017922787,-0.14960303169261674,-0.25181520529484513,-0.15070766450806963,-1.2414766990262176,0.10901955579305307,0.06788381522361267,0.16977179257944064,-0.25107811783503364,0.1526878755471688,0.23242620182247498,0.3442150103606155,0.16274313818799035,-0.04289375922750689,0.04342706345253313,0.004850336370584411,-1.4708307606198945,0.1614707518503281,0.010102973915492815,-0.04317082217139018
2026-01-15,4.158585438143167,1.9683392772067876,0.7455669274594687,0.1799551695278415,0.0005339499477307525,0.00706504332597223,1.0757532042686064,0.3296314274050963,0.05453423655229866,-0.034807299229959364,-2.7909977888754995,-0.3204565095506881,-0.4463349225053666,-0.34472188176106994,-2.3298983883352893,-0.15660766394558964,-0.2841380502430135,-0.16628724219000832,-1.5534354000643866,0.10665669161040554,0.033356442182710305,0.16160254694863016,0.045646575173308834,0.15530895995281913,0.2222916594281136,0.3499041574677365,-0.40590712544384,-0.0731932465555497,0.025230939642453588,0.015008427691412703,-0.5947457589326423,0.12074558949145861,0.012452461932933905,-0.017719710058879266
2026-01-16,4.229846342499954,7.126090435678734,2.900943568578752,0.3582131446452713,0.11234266305058146,0.08462719103500292,5.310587348274017,0.47071981824639597,0.18137712240333978,0.07797605082820498,0.801644048314496,-0.14149211936519032,-0.3489448721660622,-0.3225952961803277,-0.46514281070927055,-0.14166367207579886,-0.2700704357881322,-0.17127463192546938,0.9748576220813379,0.19854305655973367,0.09522984520058159,0.1860516199423165,0.6237529519036606,0.23116077457033637,0.26896465304021844,0.3560138407958667,0.5958926717131713,-0.02125659298984249,0.05325589714646495,0.040224802386218506,0.010455243771046452,0.057204768300830426,-0.0061998913459044855,-0.015069608745984876
2026-01-20,4.293543245979025,6.369690347907131,0.986425973189115,0.37857868353203494,0.1338432185065555,0.0805536252052198,2.665996134058352,0.4677798143974424,0.2278089152919996,0.11504980151829287,-0.8413110215776674,-0.13338108039897845,-0.3634969195922262,-0.34731690047903174,-0.13964151176751027,-0.040174890703544935,-0.2472013603691334,-0.15483938872941974,1.1563890635342275,0.3001993228328756,0.14394996997386483,0.22233920453024805,1.5394180907994528,0.3444440787756482,0.33493541445756553,0.40123641370711,0.5479989469164653,-0.06031354846485849,0.06701541805982632,0.0501775569206858,1.0918822533534494,0.04000765359085574,0.010738070872050285,-0.020309166171357553
2026-01-21,4.251785174787245,-4.175807119178021,-1.563716317178912,0.4342010696674395,0.17417294137527958,0.11258910623508879,-1.1973619254897185,0.5051556331414541,0.2536772404328047,0.12922766279638176,1.058902649130448,-0.2141420498476172,-0.4007355653477485,-0.36789392800800563,0.3728569959610112,-0.09617394720068492,-0.29274431138965257,-0.1591190074567954,-0.30794975004022085,0.28046173665555807,0.14789495658746518,0.2310585263247443,-0.23544450196472766,0.36822788511000437,0.3733831818313357,0.40585361271805,0.7759755074762976,-0.05022798662471706,0.04514333241960416,0.032223649795973454,-0.3510266606492144,0.11450195709762921,0.027974298662916803,-0.015269380590099241
2026-01-22,4.249851670916388,-0.19335038708572228,-0.09059289061644482,0.6232139081715853,0.2064741771714546,0.11184889626220475,0.12117246892092481,0.5545116367723455,0.2591833940719913,0.12301480400607612,0.5461061041589343,-0.22630574289699773,-0.3877703214619828,-0.39073413494866527,0.3686711485361345,-0.10796990373744161,-0.2709425680232144,-0.1878078217295116,1.5444788033733545,0.2538046674813387,0.1889444431084564,0.21708923443817768,-0.3365845638126285,0.38570854405912147,0.40422344710068814,0.40074196621988073,1.8512680570017728,-0.007634736661997856,0.076911927250605,0.023604139868222813,-2.698218353786144,0.13853883459994115,0.034647104145419064,0.008196552035342433
2026-01-23,4.237093748882878,-1.2757922033509672,0.17944253759426898,0.6240009216359264,0.20264979457673532,0.11102662112648624,0.6649705202656002,0.5494139681491756,0.2698486073850344,0.11913152999141892,1.6110258952894438,-0.24786332338558817,-0.39090041902720074,-0.4093660176930386,1.8462949655828194,-0.14460400546063304,-0.2804512312982184,-0.19896607993817417,1.7676625158528223,0.21251566481960615,0.16284299903661578,0.1980895099636295,0.46130118339619264,0.3675123195932819,0.39795587274158517,0.39350715297277855,3.2474568597761633,-0.054491854364709644,0.0395915864854464,-8.960589818006772e-05,-0.6144149708520752,0.14935488213400858,0.018143108215999817,0.0126238922338538
2026-01-26,4.210354293126903,-2.673945575597525,-0.833350168909267,0.6031539814297802,0.22956232338386348,0.12063695362871202,0.0857480429752675,0.526814577407525,0.279560154376546,0.11554674737657077,-1.3588120379059552,-0.18111302395014423,-0.3035994580507543,-0.38029186520646485,-1.3103527922520288,-0.13706317175960558,-0.21084679975618198,-0.17518105230715456,-0.5160191759605472,0.22208590391503014,0.16860780806708828,0.20172649005780854,-0.8979280868421171,0.4009332334644915,0.39841113325736455,0.4058633883935209,-0.11732990037623359,-0.013950538973789738,0.032120631424361605,0.001599368996168875,-0.1740528668936896,0.15327761181865673,0.02053974636337563,0.01636775078592161
2026-01-27,4.222301563206234,1.1947270079331496,-1.6780726635940475,0.5539225840833985,0.21823719677357487,0.10419448055511302,-2.78555482126336,0.4914232101725135,0.2655914388971217,0.10362333683372624,-3.311055451445104,-0.1823836209651483,-0.2898042400424082,-0.3591202618249527,-1.817365403316154,-0.14490210305593185,-0.2125227106416522,-0.17150301718326305,-1.4805161087733503,0.20948438732504224,0.1568434750810576,0.19412710779542933,-1.252348139553805,0.3715818650738499,0.3825750029696155,0.39047326097324164,-0.7406617704283296,-0.025001030447955756,0.02792266120936475,-0.007688187676001642,-0.5305891121210901,0.1431895677244702,0.01564587382761431,0.010508124450169267
2026-01-28,4.250179054042361,2.787749083612656,1.1580909081624964,0.5777233215458202,0.2238607733090784,0.16970640214084237,-0.05359179387836788,0.4592468562406549,0.2644344478931104,0.13939635511569218,-1.203252088427488,-0.19923227244544198,-0.30761408547801417,-0.36897093656956853,1.1343580502847583,-0.058888032915861,-0.18336439211395072,-0.18114606442874748,1.2603450050584386,0.24898566047028114,0.16931023811966908,0.16870386052904796,1.440339787906963,0.37899440996317235,0.39075423343222615,0.3665446593440647,-1.4365271565844164,-0.12998400895052672,0.005788766895397747,-0.026467990320104624,-0.6862120759656797,0.10989394749961234,0.006441764182372086,-0.04024949581192023
2026-01-29,4.2263710574112245,-2.380799663113642,0.4215980621472415,0.5567229655998248,0.23762496844843564,0.17500031757371498,-0.15064472119485428,0.4669960625616308,0.3484458301873659,0.1537272383657696,-2.2293731538227615,-0.1275561328872162,-0.19583311563484943,-0.3090284127707021,0.6720226146033283,-0.09222737937839214,-0.13231721576346148,-0.18794354197548688,1.619505972245872,0.1968050393929939,0.14474821390880452,0.13432995049258015,0.6530540122334527,0.3882715006048882,0.3848189495260989,0.3493089166087292,2.0192937166717764,-0.16652859628282546,-0.03301185331376963,-0.051287837771645306,0.5654580634902006,0.10807158528925002,0.050858008920154636,-0.03836986678091794
2026-01-30,4.240444781364365,1.407372395314077,0.5788844781732704,0.5571951399342916,0.2436912268590415,0.18043059153901844,-1.9639712563066078,0.461961501030404,0.33565588727780155,0.1465082877426715,-4.8245591218801085,-0.15369184775160968,-0.19006524025775798,-0.29237940270541984,0.2954991191412225,-0.07621064129363948,-0.12890649421060477,-0.18219996656614165,0.24256053275864192,0.19816020715336133,0.13953854837281657,0.13381411446909033,-0.1106581007545125,0.3740531425093023,0.38036200839309015,0.34819307873313704,-0.814338043213239,-0.16552855288976118,-0.038566130254451686,-0.05638030244912809,0.19926513748053765,0.12416878565024651,0.04299075003123004,-0.034938856539105126
2026-02-02,4.276393807369083,3.5949026004717943,-0.22673424349419713,0.519655052629449,0.2503859554890892,0.17311770974519927,-0.5053680660826592,0.4357923612167858,0.3451699919234062,0.1418306105513718,-1.1262499405463167,-0.1809807994388522,-0.18757278716417708,-0.30043615430398357,-0.4208299126945665,-0.07095646468883027,-0.12468734291825057,-0.18383559337259167,0.5165832474469505,0.20350000230814713,0.16403067366877605,0.14121815186120074,1.1640130378697378,0.4002824431638319,0.3795852230255733,0.3642676200162887,-2.1449378456205084,-0.2440490260627801,-0.09864872237829596,-0.08516772992193761,-0.9051024372422465,0.09838540378002093,0.0007545635037825772,-0.04549276534105227
2026-02-03,4.2724607057201744,-0.393310164890881,-0.8700767837115837,0.5499456541654725,0.28479899317128365,0.16736367359899623,0.13801936109110446,0.4352410143561158,0.3528409389186149,0.13427298549363184,2.700112041542003,-0.16656274596774343,-0.18660345847963553,-0.2955661548814077,2.787618867894957,-0.06737163741501212,-0.1311218628853338,-0.18216132588004347,1.4140198778519137,0.19046370068746826,0.14683511145361736,0.1281093234324428,0.5969805294696223,0.387241088313303,0.369553993514152,0.3609203129771343,-0.3935344646801888,-0.2654992130470121,-0.09615288352123985,-0.08594795679338564,-0.8373702766569507,0.09374273992466972,0.03152606416662393,-0.05357487569552946
2026-02-04,4.276518401088516,0.4057695368341996,-0.6241431729008222,0.5440761910067905,0.28923802854827413,0.15528036720354954,0.03835064284817902,0.43325553118465676,0.3482659931557245,0.16348431110492564,-2.3061403638922044,-0.16591798083048248,-0.1980825328236196,-0.3141371391328857,-1.7449505750461571,-0.0708734687672195,-0.13478246749729558,-0.22196180077068656,-0.7284195616772544,0.18144547829053265,0.12852295291023091,0.09831878932629376,0.25136559474327647,0.3897505864336993,0.3848914217606395,0.35464678291683327,-0.7851632406101328,-0.2988539232861116,-0.08834791854609218,-0.056398332729974576,-1.1405824904905475,0.07163779569293348,0.04037886644135379,-0.027813788248411953
2026-02-05,4.208833777283382,-6.768462380513451,-0.9967830551147845,0.6574884697669051,0.29738686804339354,0.1813995966242017,-0.6497913174884156,0.5930883029823105,0.34149580001342517,0.17998841695250997,-0.7839817435627521,-0.08858965299573619,-0.17293787359230464,-0.26155667610128475,0.10830954464993603,-0.027103836343103285,-0.16778074504636037,-0.2228345787844428,-0.16897327087836156,0.16917097998041603,0.11572815009757192,0.12403709533731391,-1.3659834923316991,0.5341853767558535,0.4211455430658319,0.3846010553506043,0.3232369617916977,-0.30296832419490943,-0.09827586440108387,-0.05754656887808057,-0.554914812371896,0.07700434109252541,0.0894044345664811,-0.006520613342475564
2026-02-06,4.205001413656243,-0.38323636271391237,0.4488379067633921,0.6156685348820325,0.29881353555763873,0.1875025618942715,0.1721225973757754,0.5424731392081331,0.34123388337502863,0.18132819857906968,1.5832634990438401,-0.14278722279685768,-0.1730592847693933,-0.2613379323028975,1.070513286372,-0.07839650250578685,-0.1575199612663004,-0.22365452102338657,1.011264872709507,0.16490569432390187,0.11267925734774936,0.1203849558265532,0.9023839772287232,0.4783954878600993,0.4089012369312725,0.37778397793924645,-1.791062607166496,-0.22068730724832958,-0.0772990981306723,-0.05179859470586356,1.2728285854147554,0.039944973430706056,0.08730652024010067,-0.009250962588895288
2026-02-09,4.197102001470006,-0.7899412186237242,-1.3636001300887386,0.6900599755559287,0.30795556080732933,0.19544237221368368,-0.0052324701753951874,0.5355822445316164,0.3447273526251857,0.17790060116522263,1.1981033276177249,-0.1477449356443483,-0.17222041637880411,-0.26861693075574505,0.5023423937292608,-0.13284456083111576,-0.16582120400489994,-0.23081166417033544,0.9881479568318039,0.1417974326448336,0.0990835923008537,0.11462205625908792,1.1829663921296885,0.5021002742335468,0.37816722018664756,0.3649900304312519,0.27629301749253765,-0.20909604252986883,-0.08818511840606978,-0.060543699883162785,0.8162844054193921,0.12966786463736205,0.08408627009303064,-0.02002450858729786
2026-02-10,4.143652955240477,-5.3449046229528285,-0.631675535912317,0.6807119986125566,0.3185884079145671,0.20918264413680754,-0.2637237525765984,0.5073356226003527,0.33695746011998456,0.17103183103933256,2.492191256693719,-0.2304067837464331,-0.24057474203263818,-0.3128237686200858,3.6585946628383423,-0.2751741319516874,-0.2795583194426856,-0.29847390424274634,-1.5722049437437535,0.2918623862530442,0.13444418198001667,0.1394340028012875,-0.019512660424857664,0.5268857584966242,0.35186045776554353,0.363349756610366,-1.5169079836892652,-0.16639705353994783,-0.06509926622872207,-0.02250049463508237,0.6680663325105642,0.015520894553019447,0.07652942635211457,-0.018674538399139712
2026-02-11,4.180146389211559,3.64934339710814,-0.5746251827668627,0.632961462516435,0.2878450958738456,0.18544170622664566,0.22115993886652174,0.5244117286589908,0.3887541155681054,0.17893009594902237,0.9338144536187201,-0.1778752043057517,-0.21765502808922332,-0.28795246172708877,0.519552518205938,-0.2688345909193852,-0.25273242250884365,-0.2810565578234742,0.4697293338505344,0.3101289278712346,0.19480275868214142,0.14345131740600955,-0.9620587795045569,0.45595095328452073,0.3181907317064997,0.32454546396341194,0.5028319554899296,-0.12461914880980716,-0.08644577774385072,-0.021243007784501236,-0.5313518489572704,0.06424976795514417,0.05966952452287561,-0.01718320224974332
2026-02-12,4.102874610617692,-7.727177859386636,0.7089129817819968,0.4861959790754156,0.23844231335800548,0.17186085133579898,-0.9567194273948287,0.5426785823325188,0.38345194426306173,0.21035166069957334,-1.0625213290383648,-0.14688406392763875,-0.171163818900974,-0.24395070778069705,-0.5426285035243104,-0.24200864967314065,-0.20913424841503506,-0.2436305258264187,-1.0649009795218816,0.35227226682088236,0.219835133816809,0.16340179479133868,-0.38631234603285436,0.4598759341661624,0.31923766398377956,0.31124554790925635,0.22844615111241984,-0.12579883717443563,-0.08822921538248732,-0.026634347635167654,8.161812865141005,-0.4023363420728713,-0.16680966006413064,-0.17142264360293608
2026-02-13,4.054998780021819,-4.78758305958733,-1.4516186558713597,0.5095832504096451,0.3263750753805064,0.19440519306817833,-2.6147471667849502,0.5712516327070706,0.4078898935866712,0.23558287292592758,-2.1648808287596837,-0.06042254810398346,-0.12065519338408784,-0.2032896076220016,0.20355379998420542,-0.1967234196722214,-0.19959475153385411,-0.2535009008290617,-0.8542303730484162,0.47314852301420257,0.24251923068658324,0.1676862406387577,0.0727848583072257,0.45957510332064166,0.3054034432063098,0.2978355056592408,-1.8722445507516834,-0.03354432240136348,-0.04354425286113864,0.001510465854352797,1.7861136739943904,-0.4200206411937314,-0.18342183213273383,-0.1808142453913724
2026-02-17,4.053058673595049,-0.19401064267698942,-0.4270529934379521,0.326279024432629,0.329261307808905,0.19306565799317926,-1.4975325953387135,0.3858748945042222,0.4093583095335833,0.2329364789036769,-0.5750687874853475,-0.13999764396484535,-0.12231246212047464,-0.20221896586449153,0.5288753218031137,-0.14917251353523636,-0.19983404083713618,-0.2518808391478682,-0.23095606281026582,0.45337542689387206,0.2416798497990694,0.16954083445052426,-0.24776839769061443,0.4477762515938604,0.30458283752869936,0.30214161277532664,-0.27471229365672634,-0.09368084740333762,-0.04462000815966859,0.002709503835741742,-0.6442276197028739,-0.45570982683566097,-0.19027068332484603,-0.18183908535590299
2026-02-18,4.0798192667321125,2.676059313706336,-0.5792486653754432,0.17154586589686321,0.3179095119841021,0.183562004692206,-1.6077425892818415,0.07810261007895766,0.37428006525042734,0.22193809964552477,1.6871448451823712,-0.06492956172999564,-0.07951378438982447,-0.1765987301941337,-0.4217573567011712,-0.15075253925846696,-0.1956139544660567,-0.25183327605566685,0.5642943865753953,0.42042404028864355,0.25548187600307776,0.17696440185475237,0.3806251508576479,0.3398034279196166,0.30540646001133215,0.30454083463988757,2.1626244364093505,-0.057749908412152814,-0.034932048066533376,0.019041185461060994,-1.5802730964749632,-0.5875136664234576,-0.21577964430654192,-0.19612611237489183
2026-02-19,4.074047958716294,-0.5771308015818377,-0.07711540988878718,0.10869026102759341,0.32708723301191533,0.18687433377260484,2.945575766323622,0.053713995900911846,0.3730657360966642,0.2221928864088556,2.2860251955697826,-0.022316502340610302,-0.08045685577957885,-0.17826797557753174,0.4920072299203295,-0.15476424659841923,-0.18845759871626247,-0.2687216383405339,-0.31570807164718073,0.40132713357729605,0.26155946649895995,0.1789109536792703,-0.5626152172995488,0.32062738171711924,0.3275485598179585,0.32753461144385215,0.7627154595589021,-0.027742820565515598,-0.01551924491748546,0.01880073832665343,-0.5629922007312608,-0.6141589298753655,-0.2033940591209336,-0.19411453436319043
2026-02-20,4.083562321719609,0.9514363003314763,-2.0166328637624833,0.03796676958150264,0.41974623763877533,0.19867558740055327,4.373902366608204,0.12008240432500758,0.4029891506683239,0.2273168432288865,1.3196773062742082,-0.004179449053292619,-0.07425132746844562,-0.1632816429818435,0.7746445624037444,-0.14514921748613285,-0.1801938435198072,-0.25589950414700724,-0.42059268028390084,0.3822928569092745,0.25785003001512763,0.20791954846696367,0.8376024966646817,0.345408982512227,0.34457946254225874,0.34371370391355555,0.1951485894532416,-0.03795966576625248,0.02059288786450646,0.042296346996429444,0.12018354388358404,-0.6263822089597769,-0.1985773220085615,-0.19681532164423832
2026-02-23,4.02613301526315,-5.742930645645927,-0.4048798542542943,0.03581672934221412,0.41821288147958297,0.2018726084578507,0.9207063993444735,0.06630494989458231,0.37671711477496095,0.2169369926231741,-0.21772236277503873,-0.0023637917453569785,-0.07339311805151583,-0.15596259126226217,1.8464759143414433,-0.20975483551969742,-0.2272997148039906,-0.29282617385725923,-1.3829595480914207,0.4854671992942837,0.2849812602744266,0.23169320091289458,-1.2231087237482754,0.41996227061140623,0.3810407507845108,0.3714471776537923,-0.8061493200961249,0.008644382496350673,0.04903173172288227,0.060386938788843166,-0.7058124211146273,-0.5617980641054587,-0.1681832256241755,-0.19025091512686
2026-02-24,4.031826191463607,0.5693176200457728,0.5223493579703392,0.04921932469440895,0.39940710560155085,0.2130943326522955,0.5144863968017953,0.08047263014227606,0.3658022702060966,0.22539929373504017,1.507531719496374,0.00428686993314848,-0.06096572043299568,-0.1249907714532683,0.7838598973980249,-0.25009029011452977,-0.24671894292182964,-0.27646105284476097,1.632927396401264,0.4812717228341514,0.2874450914727191,0.23157185063060626,0.8040455356999872,0.4172888872808538,0.3832930337247726,0.36183012124851166,0.8873812408263135,0.0349045257932032,0.0676147696339631,0.05771047637873379,0.6117747562131585,-0.5640036843015702,-0.17417362569474182,-0.19404857347585036
2026-02-25,4.047085821954598,1.525963049099044,-0.1477170818203456,0.11354295909909508,0.3970744905338473,0.21255637784286077,1.4063888856343014,0.1720950259606087,0.37000602469130717,0.22872009943109067,0.437039153335677,0.06601229111241091,-0.055665595208136735,-0.12284872688391596,0.5779049535934275,-0.2107862621111842,-0.2405221796856766,-0.27238566303331035,1.8623562907809568,0.5852831394847767,0.29798821884023924,0.23757064192182611,1.7656044887484414,0.5273057787612315,0.3908941462586345,0.3663235148419529,0.43324148223308834,0.06802948994184391,0.06973730294323352,0.06009233139574821,0.07719357189593579,-0.5555243354992672,-0.1758169916226149,-0.19552202471965316
2026-02-26,4.016486212879452,-3.0599609075145473,0.8541065682672895,-0.04152199302717365,0.37921956102359555,0.1925795873297509,5.305235190004032,0.06560277251235117,0.29826268348435375,0.1777072572010556,-1.972400252825853,0.13162453584603945,-0.03417625131991285,-0.10436200194340808,-0.6199600930692157,-0.20519986897345016,-0.220255537585693,-0.2615648592953671,0.2722665585466497,0.5532709969139326,0.2945142602783166,0.22928556887862991,0.3598954324650496,0.4776918075153336,0.37591778826473016,0.3523976373367921,0.025433341772863355,0.13050109017793923,0.05781320747145376,0.05653214751506159,-0.7595712025067903,-0.5227969778899628,-0.16408558675156462,-0.1839314751275067
2026-02-27,3.9611609221178803,-5.5325290761572,0.3871396667137117,-0.08365323251935113,0.3477139211808438,0.18710692471611592,1.530740163712576,0.020144602667231965,0.2777514650771316,0.2102673698197818,0.1054161336730659,0.10813553912508858,-0.0355470737358538,-0.07067085434117626,-0.15216692726649628,-0.15736280343469025,-0.20073213749099633,-0.2081642735191456,-0.6116625551781438,0.6301517386588024,0.3121159950168064,0.2518088188569283,-0.049836114286329725,0.4907897044987222,0.41431516704164706,0.3645586510708377,-1.259989955667571,0.23285910835974635,0.11537387624967302,0.0775159708150053,0.8395161035568596,-0.5172687767244414,-0.16897012821302781,-0.16784818148399916
2026-03-02,4.050769778490225,8.960885637234473,-1.4792847193036098,-0.2855821466150607,0.23221947507025875,0.1261845419934398,-0.8155392687569345,-0.02335590138319872,0.2307704210699323,0.17728551583600463,2.148131224121005,0.3621834251636394,0.05169415109382232,0.006824840036539357,1.5348051829023936,-0.020353856175424376,-0.10346365046746588,-0.13525021047045852,1.934202790125024,0.702054434332935,0.3654532569683787,0.30180047996712667,1.3765500181633583,0.5788812530939055,0.4495574099108751,0.40578135843096647,-0.11143045321251843,0.23293262979731152,0.09365524340661045,0.07112548301198597,1.9091643115675039,-0.33219311850846994,-0.10552936347934475,-0.12265463557899971
2026-03-03,4.056491969510752,0.5722191020526957,-0.010262992837855478,-0.2973370624531993,0.21464731792100922,0.13586486177641352,3.4294930200193092,0.037033349215696086,0.2326096292953879,0.18494167547206414,-0.8342542841547846,0.4178467144377325,0.05017145666890354,0.0099926784061429,-0.25718444089291514,0.014097378370431264,-0.09235222834040988,-0.1360724944065894,1.9083404808088904,0.6945998351210069,0.3656472145431582,0.30730967495850053,0.7951969306588349,0.5559233087348122,0.45005785602399284,0.3942316258011548,-0.11081342795249594,0.38333652729840656,0.08338632692127422,0.06120666854276077,1.6492646177061248,-0.29142590821719105,-0.09900957038029415,-0.1322513170251681
2026-03-04,4.081425551843665,2.4933582332913318,-0.8280701383269263,-0.3100963722007072,0.2127750470064075,0.14341515644050015,-1.6871223851055488,-0.011495975974070066,0.20839229024409442,0.17749727162272316,1.2624999663734813,0.4445125958259054,0.06993424884059815,0.03294786648358152,0.03856768758483842,-0.020859092411589463,-0.08891045884311026,-0.1298649788133443,-0.712884359408704,0.647022234504361,0.3515964033635244,0.2981474742377845,-0.33914089348679033,0.5106366979710698,0.4319852198209001,0.3874354132980347,-2.2450594728628475,0.25713279923235954,0.04176011017656664,0.040578437357197995,1.0883122502430784,-0.2723090818090979,-0.09944039759300397,-0.11388819611478937
2026-03-05,4.145048829854145,6.362327801047929,-0.11542258606293121,-0.2513343591247941,0.20042993049651536,0.13953956948160687,1.2094242426286623,0.01887554033255385,0.20242279842721123,0.18395510402776583,0.5061715725529599,0.4877047828857883,0.08508276658098733,0.041289562406482794,2.9735984288600292,0.19519641201263072,0.005736088523252911,-0.044838340644986895,2.449151368207133,0.724085819721226,0.38982920278013056,0.3305570527149861,-0.23479680763692454,0.4315123387387154,0.3982473259892018,0.3777908927371499,-0.5243042481373872,0.22556933077895713,0.0005680610557832516,0.034271064179712735,-1.3962201228495839,-0.32295309070059963,-0.15850985369290993,-0.13592307228213482
2026-03-06,4.131487067212698,-1.3561762641446151,-0.20015395017161586,-0.33266870865499226,0.24605401047638079,0.12675608120708348,1.3210340979144128,-0.03182358595322116,0.2614985381443054,0.18141342521507592,-0.6394075510502755,0.453115823924522,0.10941043886431986,0.04804170129855462,3.691270348374915,0.11377557266653379,0.0019704824724663065,-0.06856964549092581,1.846714548174912,0.6940064006275463,0.3731432264196808,0.31507289926021526,0.08219789465300797,0.3461506246287321,0.4220821378496516,0.3687379880009607,1.5976752355176513,0.2431278818024681,-0.015160265895041105,0.023810314993146703,0.6003372076883073,-0.38966207427362876,-0.17794209570501193,-0.1252329343560974
2026-03-09,4.133411606687519,0.1924539474820186,1.7060376307543041,-0.27432290473472604,0.19791397578180905,0.1275718223362468,-1.9073903834292487,-0.03901990317355568,0.2094371553857271,0.17960907877312,2.8540023538212,0.4394840421007644,0.10235050620553215,0.05129805378832253,-0.008570140840300944,0.10801713928289906,-0.0049069259300414305,-0.05810786019492841,-0.3410932312315871,0.6892161281785711,0.3813512470800935,0.3164955115914479,0.7252586525426432,0.35387359142509506,0.39655221325679274,0.3669335582326184,0.021663194476624126,0.2581591299560844,0.01767855154724527,0.0368216376903176,-0.7247435450290625,-0.3906878307306354,-0.19712258569061242,-0.12552885076406428
2026-03-10,4.135337516511122,0.1925909823603078,-1.5825726589128957,-0.2856542942059932,0.1926663458552887,0.12842455799893607,-0.13078550951539203,-0.042724999068372065,0.20528115674534392,0.1799479356488362,2.0727583760119996,0.43867608622909493,0.1027062901117511,0.054008884144631286,1.0692670102296642,0.10793459276220768,-0.020232179304954603,-0.0617234448742385,0.7457288544710714,0.6975769851404855,0.4645393795909714,0.3126697555745021,0.7937405822727359,0.3761993191387501,0.43031261376329827,0.35884346769511305,1.5671592032125279,0.25576273419944273,0.02672400800761603,0.03295779770504683,-1.1795992363906689,-0.3885540330569058,-0.19949549142673384,-0.12742991143057528
2026-03-11,4.205232856507525,6.989533999640329,-0.10090904799484868,-0.2824239854122276,0.1858488651950296,0.127605068775793,0.543913750913088,-0.07020200425737681,0.20329797878094646,0.17915895781817953,0.363585034775872,0.5233769357757464,0.12842622248780128,0.0591242602756422,-0.14611927572809602,0.22118034520894153,-0.023408472822388803,-0.07649852496109508,2.177666240175978,0.7043276247586638,0.527697559273236,0.34336524137843005,1.457147203426848,0.4521831374716431,0.48137165637029505,0.38362956735704157,0.7833466540316655,0.2237333088292442,0.027429648690527622,0.03395312682422828,0.33871404079382395,-0.3760696154500489,-0.2341685879201483,-0.12474958745765256
2026-03-12,4.270726269751425,6.549341324390046,-0.8723284054598093,-0.30387330618362535,0.14804110996052233,0.090575200510894,-2.042880729336801,-0.14354205275863952,0.15997392690263976,0.17097234211619275,-0.03223573806268831,0.4658555675814248,0.12520970725704955,0.06387290714575534,-1.561199246758079,0.0718283408248891,-0.08772505940366535,-0.10203593514806797,0.8331335778728004,0.6977261977970775,0.5331748021046536,0.38794847157995355,-0.09561917487494398,0.49018324627377124,0.4683958235958557,0.3739287411732816,2.03538015673504,0.30510755666599926,0.10165343426762553,0.0613530127276823,-0.5787841611419295,-0.3798096209979525,-0.23361249856927274,-0.14048922018853638
2026-03-13,4.2835557140756375,1.282944432421207,-1.6952219491313922,-0.2150667494029856,0.13261422375785997,0.08623062644151272,-0.576436591013344,-0.23578821523988452,0.10390300060098129,0.16644635400947952,-0.4364137376496289,0.401249672676222,0.11051207704447222,0.06315673863930188,-1.5872235240254065,-0.025533373724254075,-0.12388864335975544,-0.10820622861332764,-2.5453650489672763,0.5559933153458952,0.4672721107678987,0.361235900579343,-1.799197154987952,0.36380258876199995,0.41318873930864775,0.34608263729246996,-1.494112323201715,0.3202785792545798,0.09446832612654094,0.054216875000958786,-1.7290970231469966,-0.02546492970715053,-0.2619320726388763,-0.14552847685230647
2026-03-16,4.218933927175947,-6.4621786899690115,-0.40311661048131153,-0.29805765576816257,0.12524566455302774,0.13038031413889334,1.5315304247324475,-0.3888638436218816,0.07029211191820499,0.13960631535225315,-0.49366953062684793,0.34913873298673326,0.14102805878480096,0.07116162700609349,-1.5770198956233599,0.098478732131122,-0.04153815990574826,-0.057197981437139236,-1.6461573713429984,0.5887144530892574,0.5341619005515114,0.3898222694769599,-1.1367073142893578,0.45444170334055994,0.4523323950154249,0.36882565768557735,-0.8090123389932125,0.27990955583285543,0.12257136381308631,0.0689207080524466,-1.047598126146032,0.18313653715676775,-0.2208399521347115,-0.11698996441291797
2026-03-17,4.2013793058971345,-1.755462127881291,0.29665186346727584,-0.31523608984315815,-0.02496569183284797,0.12785487884451308,0.03151699187499202,-0.3986779082416357,-0.04797527571336842,0.14084489225270097,1.3950296462717056,0.319918923251175,0.11792741107194714,0.062413340713337304,0.20557094499323814,0.10309273373584454,-0.01287561617427541,-0.05768651734277728,0.8030120349084893,0.5721941484196861,0.5280455498283076,0.38384961717134414,0.7606884123016223,0.4249272376064314,0.43770511684127383,0.36048253230670474,-0.5351943195803712,0.2898720857784454,0.1119052081974701,0.07230801481755604,-2.1820544394955808,0.21735934938230766,-0.2088664784977829,-0.10645031338148382
2026-03-18,4.256145867812386,5.476656191525109,-1.737342476294848,-0.36621516968074735,-0.1462947572452589,0.09173946121668493,2.5754462688576876,-0.32239013327793514,-0.05840299137860149,0.14663682803433087,0.5861223511362752,0.2959008924390863,0.15227625035196501,0.07678786731669551,0.026210124373935884,0.09945221882476624,-0.006228397220082878,-0.05300270945436441,0.9015118566481024,0.5719507400959304,0.5230362827976455,0.3932616645385303,3.07120919269377,0.47928295974642826,0.4501613397282502,0.39498606570220945,1.3684806702248897,0.3197115807635626,0.13204427666851273,0.07890322021691341,2.1945205581610145,0.3334296072525002,-0.18799178594847138,-0.08226440104615543
2026-03-19,4.281692902338443,2.554703452605711,0.15862819846540832,-0.34706219616188483,-0.17705768815670725,0.0977704309372728,6.72279451739639,-0.21491721341645628,-0.018234541937853854,0.17213848677308455,1.7486119493271364,0.34879359293700996,0.18250966618063788,0.09298408940315837,0.8774912806634241,0.10666548498108774,-0.0009964404391380793,-0.039335228726948356,1.1510222223841602,0.5717417430550552,0.5228601119514598,0.40366891318610826,1.6608743182326018,0.4785958322901134,0.4545475890273445,0.4156478185900647,1.6957557440597182,0.34305531767192676,0.16728050179642373,0.10372391696959393,3.6084994980253025,0.31742403901205224,-0.15390648661025857,-0.05543764250321399
2026-03-20,4.390535362387186,10.88424600487432,0.7183070481856966,-0.21659807592438182,-0.08016976880458516,0.17016368601622914,6.04075858501959,0.023354373895373984,0.1449317737505347,0.2708376865978255,-0.35596682492179177,0.23491977113931503,0.14984785074792256,0.07670953060366748,1.9008249600401923,0.1995456784838263,0.068072301878058,0.0259966858322379,0.881728110138464,0.5363103129202454,0.5124272386445053,0.40232391454678545,2.2857301125229585,0.5556908896776644,0.5190904072184672,0.4748207918649168,3.0501673028699363,0.4875716833825238,0.2895644570957412,0.21147984726823418,1.652015980724032,0.37771132526823203,-0.0950040858628025,-0.01885581525721594
2026-03-23,4.33407312145291,-5.646224093427588,0.17249958112784025,-0.26504862540125096,-0.09345836659639618,0.1579743734958254,4.066053620057152,-0.0729258780605877,0.08475579184803356,0.22532889509018156,-2.2440950576920384,0.3273676284298816,0.1985327458297517,0.1100847558046527,-2.033505174607507,0.3952160448416461,0.13504982878004965,0.06544980968370269,-1.311275954480064,0.5336892912280983,0.5553327757656771,0.41694721110293437,-2.1460070454605633,0.5736146459437456,0.5531515879688699,0.5013303269050828,0.2613257842540896,0.433361325254485,0.32242042920506514,0.2085552645256379,0.8693372151625631,0.2980204334784101,-0.10979719400235657,-0.025101659089470724
2026-03-24,4.389642611811211,5.556949035830083,0.21105596882599054,-0.2345366231433279,-0.08358238017766986,0.14064313992523006,0.14247828307086396,-0.09681597046619927,0.07331234698814752,0.2065999118155779,0.54170608024032,0.3437546243091923,0.1920157150461416,0.11893695678003151,0.2634318023589248,0.39417462460724423,0.11215729136589704,0.05405756617886773,-0.9189662697929277,0.48472187814925316,0.5046221527401625,0.39213289846381644,0.1839007792061058,0.5579156402213037,0.5331647470476087,0.49394303242241083,0.8181544470972222,0.44765224253035574,0.333944981967117,0.22642215412367714,1.9119494228703373,0.33047105653728187,-0.08455910931738013,-0.011036510147656754
2026-03-25,4.327227487657188,-6.241512415402273,2.55730746398896,-0.37539010905686665,-0.17672897963194148,0.06630613637629358,-0.5621607755136764,-0.031024108402150943,0.10072377853455983,0.21477665404957377,0.46637504030984966,0.316193273151914,0.19867825325009622,0.10768643528826315,-0.37202206341388155,0.40166477727715355,0.14224903692204138,0.06329895139877281,0.3929329743006271,0.47179111542168706,0.5086089177917714,0.37808206606734224,0.41499145871630205,0.5417021646257955,0.5360445734158158,0.47732823357233656,-1.0798815741568129,0.48901305623449065,0.35829260403927365,0.2459538619211331,2.4433741084331295,0.19813772319212958,-0.1217312108619598,-0.03851886698266923
2026-03-26,4.414641421181582,8.741393352439353,1.0423228674017762,-0.2531620130333033,-0.12989578477462457,0.10042946398820439,-1.7917853411823708,-0.03545107797252134,0.050408129298590766,0.16624676970793895,0.001828110657983828,0.2232202360242917,0.19902810059942755,0.1030850432598274,0.3670686459516155,0.3740606734852791,0.12844629606396232,0.07173878477913488,2.3603585878597153,0.52325226226739,0.5402277837305721,0.4110444576406553,1.8604220791392863,0.5834038223977295,0.5599498313642622,0.49906795498270556,1.0328822971015552,0.5030445624510888,0.39879968689632517,0.2502616584428358,0.18015442720014085,0.145293339384563,-0.11522416066778035,-0.04473769356279023
2026-03-27,4.438785181020796,2.414375983921424,-3.024703283059168,-0.2024594185359416,-0.1366337913911048,0.07485062618991904,-0.6585699580675524,-0.019697267353694377,0.0390686211922666,0.16283969753233266,-1.372017198581037,0.2014258316782257,0.16923469305265146,0.09818988272750682,-1.3745185079922815,0.3620537229985474,0.11565558353182802,0.06455887599047942,0.6451264065849569,0.49852944905249497,0.5673203214261149,0.417205268847265,0.921589494409635,0.585475484447919,0.5698542527301819,0.5204504004449461,0.26749201604725115,0.4552922124860774,0.4386264166488318,0.25885652724861086,2.2423123007697767,0.16582252493772195,-0.10247049615118892,-0.03838120318456513
2026-03-30,4.341279700439916,-9.750548058087993,1.2739714672656608,-0.24437478283280092,-0.20759498862182998,0.020954042154433812,-1.2239247711852603,0.11663529301558768,0.08632628728445972,0.1881534324336642,-2.2787445238520894,0.29544375557980795,0.2861864360872083,0.14608411725901652,-0.22358726521625916,0.30703998313038333,0.13141279138287518,0.07696910070382403,-0.4180857437659584,0.47327652065765785,0.5657408403389005,0.41564609722090595,-0.88114653044688,0.6000558606305295,0.5915939867053898,0.5326753857847584,0.34092369852964194,0.45160937560659187,0.40895535274996336,0.24658093392640917,0.5396606413630999,0.10016452522842853,-0.09851880740240992,-0.0327307794051714
2026-03-31,4.309649658261509,-3.163004217840726,-0.5812068339587197,-0.22433945061000068,-0.20381769978742517,0.015150201907104657,-0.6970987956972161,0.1494574448047069,0.10537916965716539,0.19301073008320732,-0.5251859238237437,0.3093421196994088,0.3154940945828356,0.15055875882370867,-0.5293646443745916,0.3172673838709562,0.15218642091850249,0.08989186121022122,-1.4692911908508095,0.5220964376927469,0.5726526854683942,0.42438068588810357,-0.37083203016528943,0.6129381465239154,0.5903989571898729,0.5365236882922135,0.5773852947609056,0.4376628296604906,0.45401077627070946,0.2393318394578462,-0.5741577875665894,0.13212227610182228,-0.07574759331960937,-0.023194707831195812
2026-04-01,4.319573155386812,0.9923497125303271,-0.11203390720393624,-0.21996440439923123,-0.20513722072732785,0.021406778982107074,-1.6425039639251198,0.1628714043824103,0.09900779359125648,0.18655242991905663,-0.023779320578175778,0.3056679122341873,0.33078837406962847,0.15399667895735256,-0.1666173040836485,0.3182697159129507,0.1620008709199083,0.09297572857697624,0.22221671956131228,0.5389864475103658,0.5810607531644653,0.42396968024900766,0.10344853472214321,0.6246070000615574,0.590571508994046,0.534482017906256,2.580068742743907,0.4901315916039793,0.440315632177612,0.23480682703003003,-0.6491767417757346,0.12764645888629444,-0.08053004606052096,-0.028200405704263208
2026-04-02,4.311695918177596,-0.7877237209216403,-0.5083992664755392,-0.2194791126530493,-0.20369342710852092,0.018308042932771593,-2.6844450613046114,0.16829749504961003,0.10326785758833544,0.18501544455030808,-0.22064857204813437,0.3003126458064672,0.3499564268824097,0.1553647950578569,-0.631073700945914,0.2572621817458863,0.1718689598890445,0.09395028483661119,-0.7087564167505698,0.5095621974208849,0.5856705945168423,0.42337589773323836,-0.14921682533310054,0.6704664475891734,0.5910370280917566,0.5362582388332441,-1.2103823051505216,0.556978301757862,0.4428740499965635,0.23390365533856017,-0.8617729816545565,0.202527164032188,-0.07597343031968296,-0.03609904574844589
2026-04-03,4.344507054030772,3.281113585317641,-0.4416109073898026,-0.22540099199094757,-0.23721507270804054,0.03826737425033536,-1.0560025281892418,0.16293089901800858,0.07604335728220826,0.21413027428688325,0.4262053145742559,0.2954037378506222,0.3319696319974507,0.17307826073063828,-0.15119525373447384,0.4334981070615976,0.16433826741926646,0.10614889956779523,0.16643619465850534,0.5639138530611493,0.5858766290653905,0.42186207313702034,0.4043860900199905,0.666282377240451,0.5664697442135994,0.5486919503073864,-0.9064352427528192,0.5380300077090546,0.43768631167415706,0.21799574664242993,-0.6879894706995583,0.19018936403204223,-0.10882245918948993,-0.053305168824806064
2026-04-06,4.333634555242154,-1.08724987886184,1.0096933116733953,-0.23957629270773514,-0.24040519570819754,0.005627763489134983,-0.3670456601301153,0.16407477133746348,0.07810294980011251,0.19119754824763716,0.6867649719737405,0.3455293700000786,0.33684576366001884,0.1674719206964825,0.9402399233868735,0.39516285024177406,0.16293398397928543,0.09741681986976866,0.06513994001250878,0.56171062160407,0.5915475796159114,0.4261095666493411,-0.8268065518149761,0.6716045461539082,0.5703209603301345,0.541001122377436,-0.862850176003807,0.5409412849856661,0.4479790211348699,0.24413295161761184,0.7373874709201503,0.18074236528641943,-0.10840848715526083,-0.06358888621521942
2026-04-07,4.341614522983113,0.7979967740959104,0.07613501714659154,-0.25821651488062874,-0.2495478812618025,-0.010475963143742181,-1.480582306310624,0.1620713988455573,0.07428829899150054,0.18568304906627725,0.6028126138630401,0.39361832872501235,0.3436627250900124,0.16786645043582527,1.4005474035406684,0.39261510999567323,0.16454375262984408,0.09040358582165733,0.6361385630771266,0.5663006392732215,0.5984759817374693,0.4876195218441562,-0.9156995634683169,0.6654657230213608,0.5702967538784424,0.5542253909724636,-0.19174573666685135,0.5566755485057157,0.4473780768104259,0.24990049739279946,1.9596987900126592,0.1712712797714382,-0.1045631043219908,-0.048292700707177484
2026-04-08,4.290147310488818,-5.146721249429476,-1.7912650267146555,-0.17543158331730196,-0.21295186471756708,0.018486641479780987,-2.568198633924333,0.2112795458543494,0.10032572725274495,0.20571730543933286,-0.9124438218976962,0.40909956106145534,0.4340636882195059,0.19035688212391505,1.4850932722202237,0.28477583528313305,0.23564841973699605,0.07568908639550927,1.0123869735467843,0.4539926980618527,0.5498179139023778,0.4803711293878011,-0.2968036542179586,0.6454022072154313,0.576853791469708,0.5624317671627662,0.04096473756866881,0.5544777122220785,0.4203158647202469,0.2484848842743487,-1.556117087608928,0.23980116062766488,-0.06818993836647522,-0.04153241413665766
2026-04-09,4.292155581589734,0.20082711009159482,0.8628285091282081,-0.14491196626695127,-0.20677123324729796,0.015720372721194975,-0.017428964490134424,0.2774817798284213,0.10233927833158663,0.20954190187109425,1.5918176723371043,0.39389464108147904,0.42105680978206184,0.19016124409163332,2.254094665943693,0.357294689525796,0.2244885261216212,0.07012464132061996,1.3372279149383357,0.4210389916794177,0.5448260780974741,0.4833388568399671,-1.8307230263267198,0.6450212538381622,0.5830925891100049,0.5551030942262788,-0.99335863065,0.5024767182374363,0.41415652251293206,0.2564103487766283,0.2827716211884448,0.2907928313789823,-0.05943400063119302,-0.033052243066635956
2026-04-10,4.316020448168423,2.386486657868936,0.45109790535929595,-0.12615529991039787,-0.17135760312931633,0.01750457744232117,4.396388499443828,0.29818521487110555,0.09462411149456679,0.19569000677519724,1.2065142674672482,0.41036378964353243,0.4015775627997189,0.18713849697229146,-0.33972737633009586,0.3834118534615805,0.19658711431892312,0.05124525154879007,1.4065102594250494,0.5283310765001598,0.526723833702644,0.4788654858047575,0.45900575601585913,0.6976495289612585,0.5847765864902016,0.5538937598584911,1.670569165622278,0.5519542826750541,0.43492855100614575,0.26410107467374305,-0.3369528825049568,0.30742929225410837,0.16645157843266994,-0.049583084156695816
2026-04-13,4.296243104997667,-1.977734317075619,0.0651535366771232,-0.15679162798252166,-0.21485840907474346,0.010279149899015965,0.4234102126525825,0.33757401107140916,0.05986422310374438,0.19349954640249745,-0.22703471820308163,0.40100775950896345,0.37269156400223674,0.20573282216126626,-0.24961552502741122,0.319642729782267,0.20276113027140039,0.0703443558139027,0.09885828819223663,0.46958264480766193,0.5133084794101486,0.5016920603882458,-0.35028592194397423,0.680713551363792,0.5942399832139719,0.5576034884719088,-0.35653803266898554,0.529652266026236,0.41109000187893807,0.27026263262507094,0.9078870158647874,0.24854446452194565,0.19819356930108586,-0.04983534667348654
2026-04-14,4.2547760479247225,-4.146705707294451,0.7280578571319072,-0.17425518582554983,-0.23252711717591001,-0.08644307054293245,-4.927693525304252,0.381722791045103,0.10793455574178307,0.1734451173401572,-0.4855686868814686,0.45672616269187855,0.38238526759340336,0.20148489427102032,-2.4841499047104896,0.373037169281507,0.2438247644853493,0.11991377994826864,-2.7025804059488894,0.5039408657898357,0.5296032479383977,0.5091128381314384,-1.6729773681858626,0.7115469098169738,0.6078983197432054,0.5685879489104345,-0.7500514102705987,0.5432594825702742,0.4229986951401449,0.2749922283526856,-0.8812602168299968,0.270100917166838,0.2134753863715938,-0.03520307716116677
2026-04-15,4.27850048397144,2.372443604671748,0.42677590554779105,-0.09525062525098532,-0.22220744599148126,-0.11250638570551678,-4.226958496562276,0.30240689365045414,0.09562182452068348,0.12725038493442653,0.5620034285215552,0.4487292834098069,0.3773841809784694,0.2227651026097474,-0.09294408514086072,0.3799605546680041,0.24802626771746536,0.12721933947000166,0.6599269231533023,0.49413129737194933,0.5302056264138698,0.5039624569276826,1.2559029160744737,0.7079092794121481,0.6092975313857537,0.5574892995129241,0.46929940050194463,0.5221818343122081,0.4201615040058824,0.2736505717505375,4.923388189075911,0.24232233522803098,0.23732562959934583,-0.02056872295028304
2026-04-16,4.30823720489812,2.9736720926679894,1.8722762827498558,-0.04858235068615847,-0.1896143477804846,-0.10977644047299,-0.2815927573646402,0.2858394397878743,0.09873890439770736,0.11671828424927648,-0.21337600416336056,0.4355806593250409,0.39574066173601036,0.2331902180336772,-0.6011369901933441,0.3486476085292663,0.23927262391959556,0.12081516027647227,-0.6754144347732225,0.45412532663047583,0.5132536940238855,0.4870820031934334,-0.3785157487046209,0.698649200178726,0.5986018699356266,0.5475410090011944,-1.9173026450256674,0.42000815347196724,0.3836813967354525,0.2600708313536853,-0.8257034948411252,0.18081629768307486,0.2215377238390369,-0.034151308537809094
2026-04-17,4.243059029176942,-6.517817572117757,-0.45418756718485764,-0.0661680449947909,-0.17329614948781255,-0.10031323235911452,-1.3421582265339644,0.01806811831899357,0.11877861968857982,0.130038609992883,-0.25058023191625284,0.5166805119621615,0.401294931902856,0.23402358742649712,1.2859102843126302,0.10271980082328057,0.19923565146935707,0.09831777729550688,0.2333846664609654,0.4058947589981256,0.5052028707074936,0.48401131401270114,-0.34342340975776,0.5826830207836383,0.5983817166960311,0.5482904025884785,-0.9535261839090239,0.25070168118751746,0.4023649255424847,0.27941358442768055,0.9167422026566687,0.09932039083995726,0.20255783746939335,-0.04499841635052876
2026-04-20,4.249001743878108,0.5942714701165919,0.31455718512086417,-0.06800360363605791,-0.18904863732906543,-0.09754724169609855,-0.31267421560281594,0.18452114953446463,0.1305942244278239,0.1310434702219612,-0.4650632544245119,0.45687451563495257,0.39696163019094466,0.2405933581477173,-0.14899359886239028,0.0005028088176928031,0.25158383758684316,0.10486246742267286,0.2966430409324925,0.3623841551695942,0.4822221037913529,0.4973782235292761,0.2013074768016192,0.54519102026849,0.5817779792818203,0.5506402430631586,1.075165494766649,0.2821317851888488,0.3855472492727494,0.3093721182267734,-0.1522637615245792,0.10795653589259072,0.18300768725636993,-0.04861178409870794
2026-04-21,4.290569093141933,4.156734926382466,0.40750637897748093,-0.06047377198179585,-0.1804133903005865,-0.0957005432865394,-0.09861629480119993,0.17118311700880157,0.12745645659159568,0.12947837910678633,0.014362570478899217,0.4264427353201108,0.3990007635203221,0.23165646196505887,0.10557694692379194,-0.011474998757624014,0.24996077387193144,0.09090176440434386,0.36627254246833285,0.4625241802373434,0.48546632483443836,0.49187562085593106,1.0165776774738016,0.5812234166856407,0.589624939383557,0.5522269911075662,-1.136857422176328,0.17560686241872295,0.35959513752836225,0.29040372266100395,1.7564985703022877,0.08990021328588037,0.19675821331351112,-0.03870155642670007
2026-04-22,4.29258562935471,0.2016536212777531,-0.007835686230166394,0.09374828028514552,-0.17990768396248122,-0.09124408891436209,-1.0388796090690176,0.20054219644931795,0.12625478635089307,0.13609598425970243,-0.7171891942371027,0.4913258901819364,0.39706457449744187,0.25101329868369765,-0.4903852245104336,-0.04282841758146769,0.24911381874793306,0.0995021939062658,-0.3852940010058125,0.49470554946773804,0.48869410402109575,0.5061078745496808,-0.03305036502225278,0.65592929331178,0.5981166908438701,0.5668084497656997,-0.6937048106284704,0.1176846369934466,0.35833010107892044,0.29294607403233375,0.8063162865160511,0.19945030864109603,0.1974629135829602,-0.03647473538246175
2026-04-23,4.322413109094135,2.9827479739424234,0.8934305937615008,0.02642207798104284,-0.1541418446552368,-0.09363485497216831,-1.0577693513529567,0.27810767208577236,0.17257390119728977,0.1308092231386426,-0.2991266718521567,0.5253852655568736,0.3726212764827248,0.258704589999954,0.46840629866426564,-0.07054752209954335,0.24259625146471778,0.09445178609889616,0.49902060401941406,0.34731631423047576,0.49288323183624194,0.5022378070682946,0.8486755231728579,0.5681713143143439,0.6096197571910188,0.5662148941533313,1.65349782706743,0.07393214385013203,0.36723403277628325,0.318790832404439,-0.1417901932664378,0.22813428242455325,0.17827311963881573,-0.03348477937561091
2026-04-24,4.30861441085275,-1.3798698241384244,-0.4570416328599136,0.21267991229235841,-0.1392602857583456,-0.08668938156595482,0.15084971944499515,0.2642315676223777,0.19925306519109748,0.12988533071398548,0.2936007478403265,0.6237924215028781,0.3772092440711466,0.24821589877238992,0.22070728124344963,-0.016168244705464185,0.23888243273342286,0.09802993295749513,1.2225850751074177,0.3044639676284902,0.46786345636715454,0.5127038433334555,0.7905146080460255,0.5140482500991587,0.6066675861125924,0.5675342345066305,2.7359596232971457,0.03202448656042799,0.2991556521540347,0.316269457622281,0.0015586094066655232,0.18796962303212497,0.19445674177787747,-0.031231921727204723
2026-04-27,4.334531361587996,2.591695073524569,-1.1359506430776172,0.4024780513898742,-0.09324940172381628,-0.0990306620759607,-2.265852344283053,0.26653780596975596,0.21025457923451776,0.12399835052429707,0.23025517935335682,0.40296833478756416,0.3200159231463159,0.2992987679610278,1.687608036488578,-0.0022873029339180555,0.20919402853287405,0.1072492135850366,0.48443378578025276,0.2997985415983541,0.4358227007560436,0.5134807543666703,0.6142348305178913,0.5159316351335538,0.5927043615322809,0.5713357347358952,1.126563289238525,0.11176556300391877,0.3292163800095849,0.3264790802672555,2.055140310657517,0.3014713991013498,0.1675384049229604,-0.021261109195478144
2026-04-28,4.35253307872535,1.8001717137353879,1.6154689445894816,0.3914647952521675,-0.08154224477933096,-0.08486626725152799,-0.13228461820274884,0.2964855042664861,0.2175637940351402,0.12740433464747525,-0.643799394436384,0.32144930668085325,0.3156651449629339,0.3122784993380213,-0.03486640575852773,-0.050431597849074715,0.2080366930410441,0.1138523752025117,0.4894366908711265,0.23479953159317987,0.448260606246505,0.5138727383219178,0.9285573643424831,0.524211803406244,0.5958281527099617,0.5674627992083697,0.9994883957507519,0.1544221383834531,0.3312155136622143,0.36502650328752173,0.8347445813469453,0.2804947059353458,0.17095232098975796,-0.009308066313165676
2026-04-29,4.414681644407783,6.214856568243299,0.01703349408743371,0.3408387618501049,-0.07361508103107776,-0.08231550881269006,0.4027330004476801,0.3388160838185677,0.22860338668041638,0.12866291245067296,1.6077708035689606,0.4578495396182532,0.34047409499181647,0.34598811761830045,1.023655456493696,0.02803507673462701,0.22481875597931045,0.13401549660091078,0.4644135219166077,0.23695116037924857,0.4578580875083093,0.5168061880430525,0.9049683362647389,0.5604549004694042,0.6086779578224323,0.5737899963477386,2.2096535423421217,0.2785157049336281,0.3980482070562744,0.3884983488950104,0.4783466644617793,0.2671681465031992,0.16530950246129306,-0.010894352758672139
2026-04-30,4.388653240153642,-2.6028404254140547,-0.27594696400232666,0.3484743301672965,-0.06448050131185742,-0.08013283172909678,-1.1003893903858786,0.3269853497793871,0.22076114867854352,0.13348097816847082,0.6710888259754288,0.4026839972980018,0.3224688381653994,0.35540067366331207,-1.5759911426519326,0.08963292701445234,0.18915231181860526,0.15154547774480556,-0.7242217849092977,0.2638423864905173,0.43506088339208837,0.5247414540282682,-0.35333257972051835,0.56475300213003,0.6382710209214935,0.5761315299185364,-0.1608361459351488,0.2711075811215823,0.4366328814221955,0.3924445455912738,0.09976167042152917,0.26377927972013276,0.21531138946399003,-0.007677033517297891
2026-05-01,4.376798160137618,-1.1855080016024644,0.19422887585490556,0.39961776607476435,-0.06845801606574355,-0.10783182883213456,-0.26991673350523193,0.33105850038262136,0.22977184349904334,0.12855557939878717,0.1656400287769485,0.3946379547453161,0.31614450572569475,0.34122160111513283,0.04150496274272292,0.11263817311120707,0.25346243980524086,0.15199584168914443,1.2785919442378078,0.2403904233829463,0.4490552971165511,0.5176851689912499,0.27305206957699524,0.5476229070973867,0.6367389688697006,0.5573941886753578,-0.7332168437632717,0.3355214316371838,0.4576794885958423,0.40596615857533996,-1.7749309668013729,0.33359551220846856,0.2258191494417419,-0.01723038251089979
2026-05-04,4.445214964311712,6.841680417409446,0.13005645772376928,0.38308888111956835,-0.06117270966188178,-0.09913745409541623,0.15746425189129276,0.35323231204281424,0.22928788399675193,0.12725896194445585,1.0517948990331965,0.4779807761229443,0.3785335844092278,0.35768199402482326,1.6543109424028581,0.22790719806101198,0.2916192345548064,0.17774882060408081,2.272550700065718,0.37223547921361305,0.48184958226683744,0.5413706979156656,2.5912612812751354,0.6426457312504742,0.6607605160554295,0.5827684336679468,0.5175879710786848,0.3177981772048589,0.4512123853294098,0.4093742554319541,0.8251218228203072,0.3282065200656612,0.229193268022953,-0.010675227153673018
2026-05-05,4.415065960875066,-3.0149003436646282,0.524016490987001,0.3541599392536909,-0.07700046903218934,-0.11323545888319916,0.2826623823544608,0.3184186267468929,0.22315560016764202,0.1253763159875537,-0.39980106179441277,0.4985380143409135,0.4153118070959031,0.3682068759746379,-0.4369343097444256,0.2511394129451794,0.30333082225289354,0.18481709947044064,0.210413080391825,0.37166721735269254,0.4810964220690847,0.5441375012313802,-0.08395709050612993,0.6665606110778597,0.663657125927149,0.5917533180052725,0.16210448885055873,0.3158559559909319,0.4586666625964155,0.4083342560698014,-0.6878789541015955,0.3583878516239942,0.24151184017428967,-0.0009172411527672159
2026-05-06,4.352931996757162,-6.213396411790395,-0.5676681782876193,0.2868413525075382,-0.04870102763229188,-0.11252136641156887,-0.9386172321712161,0.25312967969774613,0.22330476193641824,0.1324498850715921,-0.1409797433683906,0.4343717029722981,0.4089899519972918,0.43142025938897216,-0.4131995251715841,0.3936530838112127,0.31972737250249844,0.2750527301364537,-1.3255502293907298,0.5339693795465269,0.4756660472893506,0.5445064059638898,-1.8315977215285313,0.7296655600589,0.6726558233088603,0.613569076196289,-0.7054758695749728,0.3611345569574506,0.47075795506102647,0.39956918102214095,-3.363084533784934,0.4332088402294295,0.3123352023097535,0.05519117770280466
2026-05-07,4.393078474380509,4.014647762334711,0.048505519953282686,0.2721747552348083,-0.018462741184459067,-0.10473969421607016,3.249630319981232,0.3170287490588171,0.2805449730111113,0.14834168287711294,0.7978364788875649,0.5200058905230802,0.43173167175028976,0.43074719774400533,0.7037575339499267,0.46566858766282,0.39576878935562604,0.27708725458850303,-0.2974856869487392,0.5104332608409426,0.45472420184126905,0.5341167019743893,0.7048304562198816,0.8024845060566,0.6984347773340143,0.6379111851594828,0.076332387668816,0.3521187427152589,0.43692517119807134,0.3947328154288764,1.3439094336000044,0.44968616179001775,0.35033517783955204,0.06904725330819285
2026-05-08,4.363152945491331,-2.992552888917821,-0.44191296242202593,0.29663607632451233,0.0010491051211215907,-0.0783331269603599,1.2283566627435842,0.2419783523716265,0.2694360749159384,0.13090951436059994,-0.013290881794912224,0.5146891254365424,0.4353420935743563,0.4122183793646513,-0.25799929698774404,0.4829356284256803,0.4195329839790801,0.2691100492372015,-0.6473200338248319,0.5170471226787992,0.5153188645476525,0.5242857725952761,-2.2351857044248895,0.7830476312826278,0.7278663954082691,0.6396206982997892,-1.970611751472624,0.37896837798038796,0.4675295463593176,0.41722131279674846,-4.371103195710521,0.49096030949311803,0.3770577932590722,0.27576879958975975
2026-05-11,4.411429536441717,4.8276590950385945,-0.21181700242101953,0.2494142499657073,-0.027037873164925154,-0.1116754872367221,-0.012732075067844809,0.2769130366414626,0.3019527702374841,0.1066579444333656,0.563343658095632,0.5267025339205852,0.43257798128023156,0.3900231157352853,1.4871341303761887,0.5198543471030976,0.40225833612790407,0.28551966686616614,0.2575894549514144,0.5137948635333476,0.4758265880987347,0.5102429834862457,0.02176960967034547,0.7472699607671043,0.7054525565627546,0.6376241282366302,-0.9752306938359583,0.30673263631465,0.417837462256208,0.37525752332685436,-2.423034359566983,0.40356259295002006,0.305749200279121,0.26653076474160825
2026-05-12,4.469471807177393,5.804227073567603,0.2822223839600322,0.31577728105725406,-0.01899638147310149,-0.10505148216747226,-0.09033630893859179,0.15310605700908514,0.2982387481184571,0.1009253833850117,0.3570545186715526,0.4948345071948098,0.4679584575325061,0.38703414256146473,0.21354323457478408,0.4353508469849454,0.3995017852356929,0.2830628529617572,-0.07183659122502384,0.4067461776278749,0.4699759118361361,0.4972576180540273,1.540324703954704,0.741996522387234,0.7251765891685988,0.6459003779980149,0.5834837876209344,0.29156485267611354,0.41403678890582774,0.37618858172852027,0.15257765447450114,0.3816817588193927,0.28759703568985595,0.26253771517394375
2026-05-13,4.477662587163806,0.8190779986413155,0.5862249402528645,0.30660440121939825,0.03533990099174912,-0.10052478363812836,-0.9749314787622594,0.26030677074065744,0.2746674097326724,0.10732608002441034,0.8536040071858557,0.4701271809668211,0.45665770325560434,0.38255530022530326,-0.5897066528387263,0.4372598690002111,0.4051012892496059,0.2869988197607674,-3.351169186336051,0.292237758036615,0.3960282486858869,0.4577864196564391,-0.44304664904102076,0.7371591397960874,0.7211993879761125,0.6438383896838289,-0.5866922469105654,0.2872393343240808,0.39612440481958533,0.37115365826451685,3.3026007789136127,0.3675894542989281,0.2592511791805714,0.26684431494219807
2026-05-14,4.4580298994399215,-1.96326877238846,-0.7024839746377491,0.3222303733356875,0.04745845335240617,-0.09324900969398399,-0.591357143992288,0.2714435816117092,0.27509936408812496,0.11759995657517523,-1.056075083014627,0.512676470584776,0.46443193404398225,0.4122590893850563,-0.9681941639258049,0.499283138210505,0.4077270042654574,0.2952330617426684,1.3839835646476863,0.2597225039071025,0.3670990181644799,0.4429282649608431,0.11458075829279868,0.7602163039738465,0.7217636306489217,0.6424826866009402,-0.5266479413750105,0.36955416784846906,0.3952020500078583,0.37819817167708636,0.07400910481051848,0.3769484746990314,0.2505566884173373,0.26545243458511586
2026-05-15,4.594344077544065,13.631417810414348,-0.07177348206841616,0.18324536527302088,-0.004746577544432165,-0.09159953598775387,-0.06684859194284787,0.16800173527165235,0.1112397472490815,0.10768733144201359,-0.0789102795893113,0.35089719959390886,0.4646567196542068,0.3766499130497236,1.0348811346776001,0.6945964437701427,0.3693175545390527,0.30796595746839545,-1.2067167492164481,0.07286326583211426,0.22964836350577,0.35748652403606823,2.284838595722256,0.8097820271433864,0.7237717735894682,0.6676822151046762,2.616574739415917,0.4823416940777622,0.39833275939316026,0.43327280134969426,1.3196397518604162,0.475561131168693,0.23964435863685787,0.27761895052383423
2026-05-18,4.622255859056915,2.7911781512850453,-0.060909943156127966,0.18835111832806112,-0.005298678051434254,-0.10412250123614317,-0.20188312173795175,0.166033631476922,0.22984695243398323,0.11787033026155647,0.00045056466569581843,0.3428032481247251,0.42080231379779487,0.37242563828455527,-0.3774582814948064,0.6777368162988326,0.3160482935759962,0.34935042533597666,-1.9535827805317125,0.054061034744405476,0.16870926639864117,0.31645706988258143,-0.13068827599219235,0.7992451741260772,0.7028993756770775,0.6535850628770069,-0.39260803691473267,0.48690859229641115,0.40468661558529,0.41914538493848874,1.5355484157991042,0.47555695391013036,0.2637772251236315,0.2719635744308968
2026-05-19,4.668268420200909,4.601256114399366,-0.03643728823503034,0.1696044795323147,-0.011546364292200476,-0.10348977917476321,-1.3881397472509152,0.12498856943560566,0.20732690274054527,0.10862432160811164,-0.2922724828157056,0.32205347173009546,0.3968455851518913,0.37218565888262556,-0.4574111673954593,0.64701134465723,0.2992882192214164,0.34174515343761835,-1.858687356413626,0.0006365723945388262,0.15275235590776015,0.29248054955836006,0.5012592473981634,0.7922123584968752,0.7117958328319774,0.6550245671432052,1.245757338387168,0.547677837854953,0.4085798968801079,0.4276475646651428,1.182699797643728,0.47490900437479333,0.25275823181699053,0.277311080462059
2026-05-20,4.5686043988229255,-9.966402137798358,1.3643660952523522,-0.09822929274214605,0.0093751005225463,-0.1504606158983786,1.730879431206592,-0.09335446152264357,0.11269979215301824,0.0734523793681209,0.012117662289823805,0.30077437998862927,0.40613626663979663,0.360642672434632,-0.5007917594865217,0.633217521134566,0.30447084242361233,0.3466476920597604,-0.0816584986124993,-0.008371548790236879,0.16334304798843524,0.28852481665893215,-2.190375849643043,0.8367838952014232,0.7758280844970696,0.6890935889815829,-0.3989591898323488,0.5358909020252395,0.3849711538379397,0.42597940008186136,-2.1920024279650017,0.5375810061718446,0.37221038521170763,0.3172093454086965
2026-05-21,4.581542384297732,1.2937985474806624,-0.3382463844682402,-0.12297065801799814,-0.043592345971105895,-0.14044169240257423,-1.0169203200484094,-0.07997839090444288,0.15152354033003063,0.11227605364376052,-2.296677180536909,0.23593651951151642,0.3685475482427394,0.32556723276598665,-0.33103723783278394,0.6268365643525541,0.3006856361302038,0.3398477335032336,-1.459076485329677,-0.016348941417498212,0.07510135979108788,0.2863060484081197,-1.1520035328665665,0.8129723495913254,0.7415357599178035,0.6862285810110986,-0.4856869510726818,0.5300721253764932,0.3646179814094947,0.4250270334588211,-2.417583495561632,0.520256147420784,0.3691129516852841,0.30266879164656746
2026-05-22,4.570724968228557,-1.0817416069174968,0.11691483115847356,-0.14893027032931916,-0.003929142217731061,-0.1341439864669911,0.011664562262729605,-0.07673260296704582,0.14929892060399264,0.13188383615044358,0.11995965118037755,0.24248622126076366,0.3995449736456028,0.32961657059561694,0.30882024834928323,0.6251922907987916,0.3257517520776755,0.33788421803223406,1.4942069234125026,-0.017730563693787813,0.05595333484216065,0.2675010488188414,1.9455123067146847,0.7623071431131427,0.6968248134472121,0.6679384201653186,1.419539105947357,0.6155636417238137,0.34941592140320393,0.39819916427125557,-1.649650119131859,0.5345621936543983,0.36608418734659376,0.3203293812569106
2026-05-26,4.489572774469613,-8.115219375894434,1.5999478998658208,-0.29706854675525757,-0.01083535778616448,-0.14051343657465493,-0.4370861786317907,-0.018400897117183526,0.12493675586279411,0.14700836257039251,-0.6090553941288226,0.286599234007838,0.3125677598692408,0.3018216457537746,-0.10091022764073598,0.6271916666293558,0.3227510103467163,0.3112745694996092,1.5036240348698464,-0.12657659571631705,-0.024110678560829733,0.19474486514778233,-1.5678221034451167,0.7821666229717386,0.7201169929253339,0.6751738325761116,-0.18448059359993918,0.5965427231787881,0.3787821794395146,0.41339076066528124,-1.217072291496899,0.5344640263209073,0.4231839033410015,0.3165391334592191
2026-05-27,4.479724146779306,-0.9848627690306699,-0.0765417486429758,-0.3632431760852859,-0.02899677142432352,-0.13959909949437926,-0.5173003993477758,-0.00990459106886609,0.12363214504805053,0.1527031952643851,-0.03351370936464004,0.30153414957066615,0.30186226344941863,0.3041214332361576,0.5590351157662112,0.6106219446820994,0.30813815049498805,0.30835376975243706,-0.53764265162264,-0.12837705125755902,-0.04636091084906843,0.20119592438285028,-0.34691280648199424,0.785509440929818,0.7209250057791375,0.6779273953283055,-0.3220598431174758,0.6014988384986022,0.3924072290128979,0.41498005269548766,-1.0960752273036276,0.5369772439495357,0.42318982917119286,0.32172303355755033
2026-05-28,4.454136643367834,-2.558750341147231,-0.14517291467003512,-0.3493075266286354,-0.020831401603561745,-0.13189333615453114,-0.9206890928184033,-0.01107900163310873,0.13032870920057987,0.16230063406907308,-0.07192357433802554,0.22819988239633296,0.30363381872090195,0.3011480563990705,0.3212921838741791,0.5672549684542116,0.30472800380276394,0.30608088043189857,0.09148848989719038,-0.16641890570435328,-0.048080885484209857,0.20567231301839878,0.15121663597049917,0.7719737572743035,0.714616378515796,0.6793707219674743,-0.7202526544294112,0.5796359138299361,0.4153391071772606,0.44824573537307366,0.195542887695072,0.509279248756581,0.4205188209665061,0.31744954352280264
2026-05-29,4.452179813487916,-0.1956829879917521,0.31159362266790414,-0.37497271398066484,-0.027703733864003804,-0.13030652770966958,-2.103973164014115,-0.026234088921802887,0.12605095870860805,0.15236110010885692,-1.0305961909050496,0.2577731241763901,0.2982874440241855,0.29550820642418146,-0.53111161482816,0.5763447981589394,0.3024034957443751,0.2739299582245875,-1.7623942910081407,-0.16728632723483947,-0.04628628522974887,0.17559788413109337,-0.9982521006184768,0.7651489673705993,0.7101766612693524,0.6917662946983808,-0.9404703167047489,0.5747903428900799,0.4136138417298014,0.4670084159690838,-0.9638335101668383,0.5248183859174739,0.4190213848109452,0.34220316555447367
2026-06-01,4.474838073951093,2.2658260463177093,-0.6489639927323073,-0.37907046141396555,-0.02588689433125098,-0.13621918933978028,-1.2976314603242625,-0.043782928619655714,0.12661323003806094,0.1545064742006507,0.17461271478693757,0.26957018776916924,0.2933579673118341,0.29271021373793266,0.15628690414675195,0.5771890925054133,0.30935846994605526,0.33119106272543,1.1470043366865823,-0.1329488081224065,-0.037925817495815334,0.193028487131074,1.2360177309093792,0.7684833082378539,0.7091563397964205,0.6923826797865553,1.2688227020405025,0.5685648285172432,0.43848689097042615,0.48225987521197455,-0.5992099985400031,0.5200732397187955,0.42334187750891683,0.34160437351034184
2026-06-02,4.454155525496903,-2.0682548454190375,0.6415259155770816,-0.4083461041216137,-0.025811905774285833,-0.14262092829150083,-0.6701489294711425,-0.05681081647428416,0.12842489500924192,0.15603037442745651,-0.49145719294320633,0.19874857712147234,0.3105386994618258,0.32523767609939913,0.06578608362472327,0.5247882915114,0.319550788524473,0.329822583937951,1.7085533169480773,-0.29925546607800835,-0.05503590799335115,0.1770876562095654,1.1729857945269377,0.7071951373763068,0.6846169665153341,0.6806917530154972,0.5840732689836607,0.5407974303913176,0.4276233580198387,0.4778446518093215,2.5196430627151587,0.4311168908740682,0.3964506948843641,0.32203670048539407
2026-06-03,4.48966293906376,3.550741356685716,0.14617767140235033,-0.388115359346158,-0.025551727951632786,-0.14732432771570775,0.252575736061984,-0.029273837604779578,0.13807173961317873,0.15787822507986926,1.1043110994926157,0.2282655654222217,0.3271086428963164,0.35261855423580957,0.6241572229986175,0.5274699649247437,0.33051553557685265,0.33915184379383034,1.1659908498927773,-0.2449798603186696,-0.03928040314288751,0.18572602201430655,0.8014897225496838,0.7192073051094118,0.6967832616076894,0.6847442820139976,0.2631825440599296,0.5537354047028196,0.42826015157827296,0.48328388698138425,0.29408464057192474,0.43778201170936104,0.4000487404720516,0.32251172328669325
2026-06-04,4.474864338976354,-1.47986000874063,0.6339046772041946,-0.5083437577211296,-0.1347218215792682,-0.14885840183656965,-0.44385122922962117,-0.06869981921612556,0.09953173888763564,0.1525012526985629,0.7921803295408723,0.2020677023242936,0.28357839467589047,0.3388703486703652,-0.7320831688706753,0.5100639607152658,0.404160929401126,0.3512784606527059,-1.3253080960970336,-0.2906836160350412,-0.003005877545704428,0.1591186169600655,-0.7432581785010913,0.6941747222368733,0.7026683299391303,0.6783506936178779,-0.6727554075119745,0.5436324956237997,0.43889467626313794,0.4827812034224514,1.2897927630830175,0.3488478910016076,0.3717125589050384,0.3189092637524536
2026-06-05,4.535291969076209,6.0427630099854746,1.0298120519563203,-0.3926724894569638,-0.09028658270012012,-0.1054504423953008,-0.332241985113888,-0.23589099175346884,0.09985161815933791,0.17291990835576262,0.7610579944646405,0.2189858169725678,0.32580754951382324,0.3559924221879628,0.29960190872489534,0.5014145767182547,0.44670154975854554,0.4024099141628825,1.3737118466486082,-0.21465579192937667,0.03298263910422559,0.16596542057930624,1.5245311853903742,0.7079638095421166,0.7363152402180488,0.6992693876895746,-0.6805623132840541,0.49166341814421616,0.4093263320888311,0.44286258035051285,1.0013444735325983,0.35202831609721785,0.3802689477860313,0.33885489415956205
2026-06-08,4.549228911645183,1.3936942568974153,0.36529901699720035,-0.4514312819160673,-0.09313993776686087,-0.10200397259548695,-0.09759866336060163,-0.1790565097613395,0.07970532125091716,0.1737064401400817,0.1807488946689504,0.22552978129134393,0.3216085480475383,0.35894207650955806,-0.4636662381336669,0.48225610241490036,0.4483039468485876,0.4152399638617973,-1.2351411918764161,-0.23081051803555497,0.017288199591251555,0.17356895718977314,0.9535612265618977,0.7071249464545144,0.7344596306745063,0.7192088370173622,-0.2765547708821568,0.4680076183365827,0.40390052053521014,0.45286860799329726,0.7158762770161293,0.31487875433429646,0.38459969140628614,0.3468220892988843
2026-06-09,4.527393012503553,-2.1835899141629866,0.18893165527453748,-0.4262963347725968,-0.09584921044740358,-0.12042473423943573,-1.2657335573737836,-0.1731420421712757,0.09896365767653953,0.20451948073658824,-0.29812310091136635,0.2049985444593952,0.3230673845089018,0.35372432926373637,-0.24165923490239266,0.47270458605159044,0.4482460203753126,0.39046001854832185,-0.3010311908599279,-0.24685965108225155,0.022071464600143528,0.14603929628807297,-0.38301221077347253,0.7308886577622093,0.7346841634663408,0.7134968169484697,-1.47806346666677,0.5446667238922479,0.4108622079990684,0.44781925018410584,-1.356973516580969,0.42888231648676495,0.4018530954781872,0.3414046482715563
2026-06-10,4.539335879446747,1.194286694319402,1.6534591263090501,-0.3721927636069467,-0.06586181535540066,-0.11270206246794222,0.5766394432542366,-0.18974728359551649,0.013114078509636546,0.20666492092107916,-0.2290259909260255,0.17718381542828457,0.3083623230264835,0.3753846120099728,-0.3285956575845952,0.450917595898024,0.42137461051802255,0.3909318719471316,-1.0892663393055777,-0.264972044546995,-0.039691136318946635,0.14866839810354607,-0.02018300155412167,0.7109457664254271,0.7243020793292266,0.7195792425722651,-0.24809420255124826,0.5292479926472319,0.39896552024284265,0.4438011347328119,0.6742241523928455,0.44170846797307467,0.395011343253438,0.3363803665289925
2026-06-11,4.464067853850072,-7.526802559667445,0.2145660135527939,-0.34267615982867367,-0.06434776360343675,-0.07572005240320547,-1.687842605425973,-0.06064680111040908,0.11110209093142577,0.20132031593356292,-0.8637067460193153,0.23365329313543273,0.3407771628866296,0.3843411974272895,0.01125408668455996,0.4248864617154978,0.4109500357773552,0.3873302321987003,-0.1451972590774544,-0.2737055704657415,-0.04070522394870938,0.1379637875712937,-1.5881960131828925,0.7484798666455625,0.7433498490229205,0.7307204953091475,0.24907005665060417,0.48640927991307464,0.3720655793563444,0.4196459704387848,0.410818018056928,0.4376843250253046,0.3814015192645998,0.31171564313955546
2026-06-12,4.483867021510664,1.9799167660591976,-0.4477521148724737,-0.4065527757609553,-0.11421434738119746,-0.07942567649854083,-0.25718412117362544,-0.0564111305064383,0.11106911153418306,0.19605963153088035,0.036419550112207766,0.22366929790681525,0.34655147990437984,0.3832375799670951,0.1556594435271199,0.4339605691851177,0.43117157981128335,0.3837394318587617,0.5144900038628033,-0.24693089163617318,-0.029515775472780253,0.1337927382365721,-0.6484663481761503,0.7319689730013614,0.7431235508012102,0.7257029476863617,0.4190920712421249,0.4848478688029208,0.4167363404969327,0.4170370236899009,0.29220236547655354,0.4427998012207019,0.3922316024550291,0.30702207420721045
2026-06-15,4.468054068177777,-1.581295333288768,-0.9077411736862849,-0.3517943822269829,-0.13359439943449516,-0.09776345629251348,-0.8700239614989216,-0.15899287325061806,0.0814846828095366,0.06380230105168865,-0.0031325714024865725,0.25936154152357005,0.34296207596229644,0.4155792085888881,-0.47458626036119345,0.16372711014378824,0.5391327723819154,0.33270115131750444,-1.1735297997178047,-0.15717447222007475,-0.009631254996290898,0.11592050718322426,-0.9721996580490782,0.6573348887135184,0.7515532168796,0.7043562260928474,-0.3140572244309312,0.17742044356574582,0.39798409607029056,0.35454581418117026,-1.3285670253115394,0.394656030813847,0.4357245840904375,0.2900347649099663
2026-06-16,4.4266246766567825,-4.142939152099423,-0.9561546920237696,-0.24187694161058185,-0.08455755224751672,-0.07636732060659408,-0.8620204801373734,-0.1641687348175149,0.09326275614975604,0.14707439618625529,-0.1877503266423008,0.2522994750658802,0.3472384187428796,0.38671474568699465,-0.5691089588356799,0.23924581034490103,0.5502508161041018,0.30768261565801674,0.20056821138683834,-0.1094741477394851,-0.015486995036645227,0.09072180766528991,-1.3047235415222818,0.6829665452330288,0.7591349230664713,0.6997311873597731,0.8421476520484886,0.144277633440968,0.37585257907459824,0.34763063274039724,-0.19841886351229443,0.35376109337345146,0.43200424977366503,0.30575853309638074
2026-06-17,4.462142479950983,3.551780329420051,-0.35595092988985266,-0.2628448370057579,-0.10558807378767066,-0.08553291743266211,1.1892214113019872,0.022851829219412704,0.11228191564790589,0.15223822920989213,-0.49278908291173096,0.2414873119172129,0.3330632460006327,0.3666199132299878,0.6642117829783039,0.3928639831508958,0.5598800403365342,0.3128725279071991,1.7511461366603007,0.08825523826488642,0.003335526358301773,0.1254271979796018,1.4410552647044192,0.70580721730449,0.7581877539469297,0.7092309132304482,0.30894439509507166,0.05856898470277388,0.4121198382858057,0.3400188122278131,0.07030780610482568,0.30355234013843835,0.41757791012952256,0.2875155118617416
2026-06-18,4.450316141129315,-1.1826338821667726,0.5432174260980576,-0.10445729550571269,-0.11071203874184136,-0.023130418248121162,-0.43600048966061444,0.4369502160360001,0.1128627330592572,0.15460873063972067,-1.4690541759609377,0.31016963689308,0.3361890155315058,0.3896133890463574,-1.0565044900502079,0.30140324658824147,0.5589436302296109,0.3091170080376643,-1.5159334951615357,0.0902609224538824,0.013401836744123282,0.14012175316015396,-0.05228887246470393,0.637057705017479,0.7580315007371189,0.7308297837106006,2.119508375478169,-0.018153959846729077,0.3807661659823594,0.30289884735989325,-0.33612024424489606,0.1486990228284166,0.42066678521166906,0.33745101923047993
2026-06-22,4.505808072170461,5.549193104114547,0.09358873860857608,-0.0918934369804559,-0.12873448106646979,-0.06267042746890149,0.8854753280951102,0.5411395746329969,0.1542444264521441,0.20923261242438007,-0.7764863692238017,0.3658660786947687,0.30463904635226297,0.37236169237748135,-0.28246162037069433,0.25995553422890033,0.5323988243057417,0.29385405795407615,-1.2956908339519864,0.024050945962315735,-0.020515802823110874,0.05503634308272247,-0.21011036929858878,0.6227728846786335,0.7355833141465137,0.7012849993946367,0.83950134952371,0.07143219389344427,0.38086856313152334,0.29532751462012113,0.6128157951894593,0.26692740986551644,0.4280878055550016,0.34888982713681826
2026-06-23,4.491925598030436,-1.3882474140024748,-0.905687881968467,-0.06713260174631028,-0.11947475842049178,-0.02343603380399409,-0.38112255599775907,0.5497736628161896,0.15995560435651207,0.20970532586413018,-1.0848552724905722,0.37373635630110824,0.31711408879909947,0.39949839977696455,-0.42618187272429375,0.2796900331937161,0.5398767630076644,0.31942560104240514,-0.9000074976808483,0.04745686135900637,-0.003458482065148608,0.053820559024387954,-0.4117647735591379,0.7070789886384061,0.7480482270504534,0.7002448484407903,3.297102909257536,0.028360624168337057,0.36261811203803557,0.2595207007858245,-0.22697432456151356,0.272205385527388,0.42959755169107583,0.3433383030142416
2026-06-24,4.399053440844795,-9.287215718564124,-0.5845674932287745,0.278218458380929,-0.041502118528340674,0.07577843618444116,-0.3773732871897666,0.5208109898396731,0.19090279940630284,0.18743743186424902,0.04771684649187202,0.25159344086552743,0.288362472253512,0.30569550685145924,0.0368329292977696,0.23390802919173911,0.5193123520866751,0.30859998016278833,0.4835845772618496,0.13268591389995363,-0.035478129296517724,0.02496016726658957,-1.6057111708692577,0.7086072090824266,0.7595920195677054,0.717544150753026,-1.0191326646890408,0.1206209185779801,0.3877540908845363,0.3018730172800909,-1.4885607319484704,0.30980581208053254,0.44180668510050997,0.39238656622319584
2026-06-25,4.39118029837747,-0.7873142467325067,-0.30395392032608326,0.2778137808689807,-0.06304926733022914,0.06598100245640476,-0.03458024482811517,0.5142300435595845,0.1889594498755114,0.18516349083370895,1.901980563193856,0.19374118472650806,0.26318041705727657,0.2730420839886235,0.5112152199930784,0.23998357433258463,0.51127808492807,0.29924277341961697,-0.2307043050034876,0.13094637819970764,-0.04006031361569687,0.010016540947146262,-0.6147293656120896,0.7056824217811504,0.7595067164483373,0.7175691364885621,-0.07014728596958109,0.11890341385685586,0.3849968880492331,0.30916585744706765,0.06802585053702519,0.31241015968527375,0.437695336035721,0.3896360079266375
2026-06-26,4.371504336540136,-1.9675961837333666,-0.7606243127593926,0.28679905851048876,-0.047222596904036594,0.07607360275050747,0.6173218224019998,0.45707012463919733,0.16021250947462679,0.1813245795335089,0.252960493325312,0.185325155878414,0.20677815721842502,0.2698332086501084,-0.6323839423279742,0.2900390270155612,0.48784538424665597,0.30496714796991836,0.011341793626697516,0.13456037561526943,-0.06009046080568644,0.00882043827722396,0.15481021346729984,0.710398665286444,0.751693899204735,0.7144444191562523,-1.8517961723110237,0.1258725854161906,0.3489297129265696,0.3197112529292673,-1.0401438031562678,0.330869399862318,0.4355816494166664,0.39513619261644084
2026-06-29,4.3734602653321994,0.19559287920634105,-0.03019519254424341,0.28669047771321216,-0.05478912998166676,0.07348063555719736,0.01931620882166074,0.529750156227239,0.15017190925919627,0.17967282072501473,1.0720309147637683,0.1981129652564847,0.2191274011849719,0.26527042375253695,0.24870046587868155,0.2989441197228546,0.49248928625156707,0.3038854679366522,0.2749504215736065,0.1496582511468068,-0.06581185173732826,0.0069161950396556095,1.0283326726105184,0.7156412023383338,0.7451500917166629,0.7092196305971828,0.4775042893869273,0.13328668812074496,0.3477381276560146,0.3190471736113915,-1.367662119134275,0.31448935050176824,0.437207939268414,0.39140261992317515
2026-06-30,4.420729188920352,4.726892358815249,-0.5246322213114594,0.2622413879538255,-0.07446933265392933,0.0665072907152542,-0.31157718061692474,0.5876008545845259,0.14529422682675922,0.18635648037038977,1.2618903695647856,0.2706185237101684,0.25163363196624744,0.2813265004677928,1.4710538192991007,0.3940118972218896,0.5114259093132035,0.329150063631469,-0.5843498346772543,0.07639071299335172,-0.06637753151954094,-0.003934104857079915,0.9210841606822592,0.7255991903225286,0.752487716150184,0.7128017021200781,0.7547615928388934,0.1318060253173858,0.35547711057676173,0.34011128706615895,-2.6162655968240704,0.13620545234764753,0.38144380006236484,0.35610791650873763
2026-07-01,4.474183912118589,5.345472319823674,-0.10483654911606688,0.2755286533177485,-0.08692087844887483,0.06736139230957724,-0.11380786718508226,0.5633733809222559,0.13585620376171473,0.1886428278749916,-0.07640095868670657,0.23259510395666919,0.20798622389279256,0.2807536319421623,-0.3136740271527803,0.3538074636802445,0.4472954129637505,0.3233811448760611,-0.48534660441136646,0.10707978532435038,-0.1558029503567747,-0.011057318241045078,0.051650617528793574,0.7666690862751766,0.7279329799216868,0.7051466898917899,1.4338442885295808,0.20288856240859263,0.3735732569893471,0.35341404086077033,-1.8685194591336172,0.10165418547288833,0.3283416900407651,0.3285496170586213
2026-07-02,4.4782146291633556,0.4030717044766874,0.7093125866260994,0.2663031743319432,-0.07212864364972162,0.06756879665972643,-0.19459327705444185,0.5505028049312937,0.1461831341646504,0.19154174979327818,0.5564211306365792,0.19096576364138942,0.2014205147443525,0.27981513065132935,-0.19432304890680951,0.31675543870162576,0.44004198915320636,0.3267086255612775,0.14731281253437434,0.04604348457117207,-0.14897797924769446,-0.012291697246046401,-0.45262554921175036,0.7518722981031565,0.7304716502457491,0.7100723780706201,-0.278414184311949,0.20174671222085772,0.3756154323452308,0.3537146098691128,-0.8227782469259008,0.07432231296994125,0.3264173695051774,0.3296382642350844
2026-07-06,4.47823022952663,0.0015600363274081985,-0.7804773520521024,0.28486298307143,-0.10485290927493726,0.013242215053574726,-0.6349480241899199,0.5424616903089052,0.1240695582099331,0.16300348329447914,-0.2752909987231136,0.2124613877151474,0.20119546193681617,0.2606009204610315,0.12938206849444445,0.30573954808877557,0.4291387919953513,0.379919980759683,0.3757999047796545,0.024136056295841795,-0.18764406203470885,0.007099167667344361,-0.6513807043829665,0.7444042219786966,0.7132827537027411,0.7124279696911306,-1.5523403833774976,0.18127445902707376,0.3539647091986481,0.3520543526470123,-0.27862428136122874,0.11283701356277899,0.27863390833136575,0.3167899660763597
2026-07-07,4.527066434779162,4.883620525253196,-0.42898715115209596,0.14126373081492544,-0.12209766631842912,-0.0001487349063740349,-1.2530508265326656,0.4452008765234733,0.025780029836552327,0.1491218791292821,1.7011291157368373,0.25626531480091813,0.22421855051278897,0.29638255058413443,0.05163929269530565,0.2755660955427491,0.41321865054443396,0.40829358620635087,0.8350460138380799,-0.04494418444553269,-0.16058975797277023,0.021935952484229894,0.32853490655262085,0.7077606232616276,0.7080454648555978,0.7270414711333469,1.4310255001884737,0.3021791591746054,0.3761163425552255,0.3669979981912705,-1.5525563830305964,-0.07842247381043352,0.23548750396509688,0.29577236792863243
2026-07-08,4.566120100333984,3.9053665554822814,1.1832008778223104,0.20793754243662296,-0.09884777859056364,0.017521130353703604,-0.28214010671688294,0.4318031387377193,0.06957479481848051,0.13798622924899873,-0.6027623627148446,0.20841975441770863,0.2085624467509183,0.2759854107413016,-0.06324135112467832,0.2872820434095691,0.40549860117024894,0.40995044880192305,0.5596387573071198,0.02336082607703061,-0.15477785599546506,0.019686170109333906,1.8066206179736963,0.7198797556103862,0.7138618449691219,0.7283992517920723,1.629204051892912,0.3487745017254835,0.37428582310708547,0.37309631548663724,0.8392011627452977,-0.02590778824901208,0.21868162596621862,0.30325992032480176
2026-07-09,4.538115440266395,-2.800466006758917,-0.36777880095132476,0.23273441327153582,-0.0781340880894076,0.025447070259409718,-0.6298914561658229,0.42706259818436,0.06395762373557476,0.14723933862760935,-0.7878696698753407,0.2263774280573889,0.2075890599720314,0.28328766549734224,-0.747292768793401,0.3112755263044434,0.39294090631739764,0.41552036879449006,-0.903695149042518,0.051012780101960954,-0.15397004874266315,0.030073069862362977,0.18432077993756485,0.6946611397733498,0.7157196862644728,0.7228687537184318,1.6438765367412704,0.27888522944312505,0.378098761256693,0.34829507610391375,-1.0886916526797024,-0.029869694221166757,0.2794624698258812,0.31669201218381676
2026-07-10,4.56826996554102,3.0154525274625144,0.05133502449333749,0.2559238303472034,-0.09012664621017691,0.04212254807515282,-0.05220335071545623,0.43287200677978216,0.05932509877462442,0.09403021190436452,-0.2771195257796415,0.2158963227335705,0.19131418940016717,0.270365541936243,-0.11120325285464938,0.3136370904482106,0.38158227266090183,0.39552373053673534,-0.4956171950590047,0.052122262964015245,-0.16365693496126985,-0.01570991547302377,1.8733705721657856,0.688160401805486,0.7005398534231565,0.7146763217836052,5.334026983081103,0.3245604608885225,0.36379274215055857,0.33196455262673813,-0.37994694555589426,-0.04178563275224121,0.2727144731202119,0.3095294204296104
2026-07-13,4.607528165086606,3.9258199545585626,-0.03144492143766442,0.38860382421965933,-0.09475237155895049,0.03622491338332442,-0.047769941423391415,0.28335641240212367,0.07073292345110722,0.1444351806183472,-1.103063542695744,0.07219508861895624,0.1608264237773746,0.2417888735331506,0.08960285707363225,0.37326757800761307,0.39221382384509973,0.3967474159585584,0.010504997372160041,0.062099106639344696,-0.16699239139919383,-0.019545485027204403,1.1616883794216832,0.6516250827492982,0.7097787041957417,0.7181516526018217,0.7167524236850112,0.3151070191432119,0.3698367922492829,0.33373423312384104,0.53725691543776,0.13853361619368992,0.30417010953526824,0.32079653345447756
2026-07-14,4.583414879908709,-2.4113285177897126,-0.8511413623251838,0.4224890076357357,-0.08786772230643039,0.026810588062175268,-1.0551069741052475,0.3231418500114917,0.08028728041201785,0.1524838231498844,-0.2936473091023366,0.08195674147166482,0.15185111003480894,0.2479040013553691,-0.9443150618166722,0.40090306117021207,0.3960350479955074,0.4175120365049724,-1.1889500719334047,0.09571424159798367,-0.13541625851393607,-0.00260402177891603,-0.9874563947382557,0.6907036247645887,0.7156631352558415,0.7285351949187345,-1.1986272720026911,0.35214860532719094,0.37428155393544704,0.3665334719919722,-1.1830007879167073,0.14442646869223022,0.31764251206609545,0.3314113625837167
2026-07-15,4.5443055376267445,-3.9109342281964388,-0.26451766268957755,0.39628648500963104,-0.07535558655885749,0.014427422870857942,0.07076994532444836,0.26523640865800224,0.03988588662873577,0.11573414092236099,-0.5208786003193793,0.11020281109327348,0.18101892063058783,0.25363050266270526,-1.6913916043846304,0.4553888095244827,0.3162969650327965,0.5097453857822244,-1.0517979701105347,0.12224633682274992,-0.049587171150660414,0.021001257165911273,-1.4193761615702114,0.7104415173332429,0.6847628219242615,0.7401683011133633,-0.03554005062321597,0.35459299683238,0.2990829731916976,0.3522184633222363,-1.5525546482011872,0.1753797494967027,0.26284340563309627,0.3742726180582115
2026-07-16,4.568417893323962,2.4112355697217147,1.2808129116745886,0.34527427269034083,-0.04147103545841622,0.027765189182515883,-2.7310292730501664,0.07287120378120436,-0.013742996343458463,0.08928443682081161,0.03140798162373448,0.10676775895377022,0.1815900538705265,0.25457530323592614,-0.10594252546144656,0.4398307574175028,0.3265520733121496,0.5082460446255482,0.19025724804397104,0.17015201476344427,-0.012997594900937975,0.022941606827728618,0.7449058212943489,0.6889085690668174,0.6948833469350942,0.7411945626903651,0.24393680052740474,0.36257646524569653,0.3096278151977278,0.35201120503148897,-1.420967155975856,0.19746520906930362,0.22475101241199485,0.3656924546859993
2026-07-17,4.540424048161655,-2.799384516230674,0.25526718560646344,0.33230804004362907,-0.04229588298995104,0.016012849793968834,-1.1236486258393281,0.04185422097292237,0.03582287689336908,0.0956731596444552,-1.6988261291811835,0.19109057951913067,0.2125934797559998,0.27164956460457323,-3.562918998050051,0.41266320281262414,0.3203099763059759,0.4765340762595981,-0.277775971420704,0.08488747336172026,0.044397445705379984,0.0184045785065207,0.30485787836038414,0.6541200117900772,0.6860174021907156,0.7320005774215116,0.36939847856419505,0.38058487043677197,0.29401055918742197,0.37202196007049276,1.2556312624188974,0.056069483000860544,0.15626511660455064,0.3335618285839529
2026-07-20,4.595748861620649,5.532481345899409,-0.3491691450776403,0.3277073760859943,0.06168988525706897,0.003989139365132378,0.1529778485828256,0.08491385360015952,0.2647033595493985,0.10480947300881777,-0.5337049703742265,0.12840686155835437,0.21924087715146967,0.25614992269022374,-1.3582625999858935,0.31316837475089154,0.2518372083782202,0.43247127078230746,-0.09971926476642592,0.0611688605972963,0.04878413901928524,0.018356966876862564,1.3617806715322764,0.6813851320283043,0.6584086700226472,0.7378775581429439,-0.3206927861302557,0.35255546750506767,0.25624380529664925,0.3579379778635565,-1.2881811424244578,0.02550093199945141,0.03758198804918936,0.3173522343033093
2026-07-21,4.6270923038763385,3.1343442255689524,-0.3876096170415424,0.29867690861501645,0.05311307437140492,-0.01510534752554335,0.047483738504121596,-0.0047233389339811135,0.2829355112569642,0.11699012145299409,0.09021506457499517,0.1914736879347892,0.26552978468626415,0.26105223979689834,0.2871829408173607,0.3349354218474183,0.263227504400281,0.4314251179872429,0.20355188002747293,0.220279935860144,0.06772091717362788,0.01593268402200202,0.5391920841570051,0.7421591399233011,0.6830278575588364,0.7368907638907701,-1.2258369043976864,0.3069663589569859,0.23271837862584968,0.3346568867972737,1.6200157568752704,0.01509959340085521,0.0894460329640947,0.32504229512655414
2026-07-22,4.655499506680718,2.840720280437914,-0.22527627656882818,0.2702793756054384,0.04763102250782147,-0.024000102369721745,-1.6727285643166145,-0.048233132804138636,0.2509924418898353,0.10633738028827035,-0.027564386171036848,0.1627992352406504,0.2682461249268256,0.26445624363647635,0.7422236919532308,0.3529396721737503,0.28557959307120717,0.43999942745372134,-0.4963779698360766,0.17085143966819774,0.076197151825951,0.022657397247420906,0.32346949551204485,0.7340445583960251,0.7285114678030629,0.7445319006735917,0.3224246721865279,0.3834525269839579,0.2410697901655764,0.35992547643141615,0.6432536464267904,0.059248496104032405,0.0956858965895395,0.33124196564936353
2026-07-23,4.701298075643915,4.579856896319701,-0.7604943363085632,0.13533576567126143,0.1705566269143977,-0.02911183302807125,-0.4861665028834241,-0.03557875021795715,0.2674260407916019,0.12372767717057788,-1.093436780550208,0.13372743716163743,0.20331568963125585,0.23690669262825856,-0.6509551907979194,0.4793262173639932,0.29228202891369415,0.4267557269729951,-2.2894248230725758,0.16508055603371188,0.11699722673945458,-0.01236702024945932,0.6813685571846397,0.6516337916499165,0.7052076210003486,0.7445596924466291,-0.16730124320434214,0.3055037429252841,0.22292259444258977,0.3486717266195856,0.11579566138302377,-0.02619013069752112,0.0616094624510954,0.32862927767442257
2026-07-24,4.677067812739042,-2.423026290487229,-0.1683053899279392,0.1253579353704915,0.17283031614894828,-0.039415711388861366,0.06564569803341436,-0.05844055127629261,0.24928129442006644,0.11717810247111565,-0.05378701397627195,0.23630601873424356,0.20163411441444481,0.24058983421117477,-0.5614619056296671,0.5192607064396576,0.3124359456705854,0.4297264369868123,0.9384363183897984,0.05158677502518773,0.08618150658708096,-0.027040041748599718,-0.7373210152950713,0.667494273623385,0.7091261803435699,0.747189346114659,-0.3017065229956672,0.3139394610946217,0.2258070580989147,0.35000837152867176,2.0489704468242977,-0.13471493615084654,0.009598116884314861,0.29874837604343524
2026-07-27,4.639560870563013,-3.7506942176029234,-0.24269450243659518,0.08344263265089892,0.1769640346231371,-0.03384275306185987,0.07158865075160303,-0.04117935576281535,0.21441313213965238,0.09313719256424306,0.021860450961203037,0.2386710790573208,0.19607254550316577,0.2012260390242516,0.4864385293786403,0.41208063103873005,0.29647221826626696,0.3918901967348497,0.24132779889843203,0.0168478722009241,0.07845839813871107,-0.047038923675814824,-0.43169252466095354,0.6896402131709479,0.7178348662767914,0.7454220847291685,0.0749402221689408,0.2575745382455113,0.21418903822334484,0.3250173745906958,-0.2658163798070592,-0.1670241206281016,0.018536643492836985,0.28854369214161385
2026-07-28,4.603179900425113,-3.6380970137900093,0.5377244228502832,0.0018203064781468538,0.15013882051169453,-0.05220181365826314,-0.03607377105240961,-0.0750535143371362,0.2000452052120085,0.07838462615629412,-0.26240077065928635,0.2764312913749002,0.1972758607030758,0.2170529407183119,-0.25242644884159715,0.39696308871399594,0.2911892991324317,0.3823153885661525,0.4739451877623295,-0.0382843681940209,0.05393909729007678,-0.061688760774545534,-1.1073662811858784,0.7482807757172213,0.7346941154517278,0.7489967775053357,-0.3202806922926045,0.28141792648862585,0.22202884670060605,0.32683215209233046,1.1863995473214786,-0.2553602344070548,-0.017622261715335704,0.2723066026724575
2026-07-29,4.621434180080806,1.825427965569304,-0.29849800883923194,0.04094817337064708,0.16012588084592366,-0.05305995096298281,0.19709275109497604,-0.07884972606084978,0.2272326129393695,0.08156907636790359,0.04368832129827194,0.19907320966424108,0.1950769030075071,0.22031640829144283,-0.03852294063750428,0.33964436873278786,0.2883117638644489,0.3846585098430752,-0.9298028714115198,-0.022133407184691273,0.027817426843865487,-0.05797563849176515,-1.3671029920559743,0.6716713369791525,0.6984783590423563,0.7338321611921667,-2.1698869846674436,0.23719229513643533,0.18729327573213828,0.30412657272698285,1.0204877054249537,-0.15778703885181025,-0.002442024984341549,0.27169146762942964
2026-07-30,4.66206594489837,4.063176481756425,-0.16597110205871957,0.038200672966163925,0.17563548442809226,-0.06293551998320905,1.7319517577908035,0.02544981306684955,0.26275333719862093,0.09866206139891162,-0.2405266473397445,0.18682033494767908,0.1807850323712585,0.18582132847812055,-0.020206916945471942,0.3582442357000831,0.30068089837374756,0.349141883802378,-0.6899794792496992,-0.02824166863920218,0.05280179868498906,-0.12842039933591687,-0.2848474255420159,0.6686441115374734,0.7182545975489443,0.7130640725796018,1.4125977221599202,0.2272257187401403,0.20988808822846441,0.31280294407045595,-0.062498187741827194,-0.06164993269147798,0.04107540854864552,0.2591895934522015
2026-07-31,4.743929933292866,8.186398839449538,-0.7985427840903041,-0.07019423321429838,0.10228084586562154,-0.08709137591945382,0.4313895790266242,0.11299014309383369,0.28236474699115965,0.12678500084354197,0.17636068834777596,0.253634984479556,0.16546742199956074,0.1881742058900549,-0.8599398498138875,0.2801668675160306,0.231354338513574,0.30742260673350735,-2.6122236584409286,-0.2615753877312802,-0.11062325316229966,-0.17850849817875195,0.23727639742575324,0.6139010101842253,0.689759350666859,0.7036775709500682,0.0705248870314048,0.1876008024483742,0.19439356752543865,0.3039829619620882,-0.16687496691090242,-0.07741071714846358,0.03161377382841278,0.25203612537560754
2026-08-03,4.682677632431211,-6.125230086165434,-0.27035318774608963,-0.059904757567092466,0.12756596463843775,-0.10018685254217712,-0.6511311131910633,0.12846827186642912,0.2891227234369694,0.1190514051411199,-2.122429129877075,0.4146061584029252,0.2689311584935204,0.242045781570332,-1.7179906994615872,0.37559877189879143,0.28258988956871334,0.34087841053288787,0.7768516579333856,-0.3325879835050316,-0.17132638438323408,-0.2284253333300335,-1.081126662751989,0.6487796403887057,0.6988593361282416,0.6965764881004284,-1.438973538433072,0.2590256913876961,0.22804275618600753,0.31582133893874914,-1.5899007788555455,0.05553878409010841,0.10239452314807776,0.22703007634680902
2026-08-04,4.625804193676211,-5.687343875500073,-0.3073036237010913,-0.0009146216103549282,0.07621466879815976,-0.08972308111659667,0.5911673204325569,0.09679388834541733,0.2448114837312072,0.05037701015952847,-1.124780831377789,0.40781875567346854,0.26920885110992493,0.25161819053209167,0.5507010193286077,0.23539082212826704,0.2133124924434732,0.2995763482996069,0.3594836894088642,-0.45416610463666274,-0.271984839325921,-0.238395002737593,-1.1917082184823613,0.6854631820374165,0.6944542680546968,0.7011793203641118,-1.8749110925013568,0.3077169377293589,0.3002829036376647,0.3426942500612376,-1.833046413510915,0.23587703201039834,0.11268394532271765,0.23560712279287147
2026-08-05,4.615720053583209,-1.008414009300207,-0.5303715476059423,-0.11234471183139173,0.0748929272026156,-0.09423365241243607,2.6272417313819227,0.039547923057477626,0.18895699704544547,0.05165080721066094,-0.7460163385358113,0.42507960788018767,0.2696180248281593,0.25821252047753185,-0.5667952452956865,0.21961788442097788,0.21696530348501802,0.3018932570267258,1.223513249517289,-0.5095670101288838,-0.2709036269295946,-0.2479542309140653,1.2024398896630817,0.6277728023943371,0.6704496274577298,0.6889084358919826,-0.5961114479094336,0.2826657588693874,0.30618459828448197,0.3326447351874349,-3.2263858598024076,0.2153400261631595,0.1166094382788051,0.2174720363332509
2026-08-06,4.66860803332785,5.28879797446411,-0.3187364031875872,-0.1409235976877978,0.07511602730665608,-0.09765732662287813,-0.7768884250336385,-0.014101983736406995,0.15120005332947797,0.03596294406048734,-0.020635317603712178,0.4407655163698299,0.27319706252631426,0.2475769424947253,0.31353693171589736,0.25285076197901524,0.23652447406003324,0.28777215578405024,0.29705043200516457,-0.4881497656869444,-0.2491330318680001,-0.2459874376760508,0.6821407927117824,0.6556720962139942,0.6756673475356765,0.697086698841148,0.1113670096393568,0.3337901188719247,0.2867723636138895,0.3484638791763221,-0.8385551883066112,0.16286983883108314,0.09223618120287698,0.24128875675094083
2026-08-07,4.656576537789215,-1.2031495538634474,-0.726603765623552,-0.132026604386703,0.0756527376673586,-0.10203660665183567,0.07835671015555201,-0.020292811852962195,0.1447730474635483,0.028762303664798084,0.04103598053523205,0.40907558244266407,0.26908764679191916,0.23483456906372407,-0.19267806185654424,0.23577000623317917,0.23529569571940007,0.27922983134297813,-0.2961332377112895,-0.48317536908611414,-0.24556928415086046,-0.2516751828358763,-0.09536781581284126,0.6665529823065068,0.6750804831582181,0.6878321320958115,-0.23886331427262064,0.3955909267678784,0.2914243737481966,0.34742211394818673,-1.7849024532732767,0.18360451072003042,0.09733186249673566,0.24211719793717315
2026-08-10,4.69744967106635,4.08731332771346,1.8034224547260704,0.028962442841710862,0.1809579522582061,-0.05760514468746384,-0.13785261817246397,-0.02375607978551073,0.06975363252294996,0.03267609809816867,0.13236176122450916,0.4964136562760178,0.25122012786300046,0.24035822810052643,0.4918290971577377,0.25060725214346685,0.2824733346065286,0.29069743948960397,-0.500415174345648,-0.50569806322468,-0.2599173565449733,-0.2671349088142795,0.022468249015820785,0.6443425121796202,0.6422639534869816,0.6857193876912935,-1.0970514597560337,0.31057916938480845,0.27953215102002876,0.3306799730183732,-2.195548782741652,0.09276763013186963,0.10581562817823445,0.2258221622568387
2026-08-11,4.683216193479052,-1.423347758729765,0.752416298815773,-0.04175927922585885,0.16126999969667966,-0.07467910158403952,-0.5917357217765005,-0.04469210994069268,0.07640768467759489,0.03198832659959581,1.6807061044891938,0.3462296330765029,0.20547946662593458,0.20643310715353963,1.2768826472975137,0.18278057409509804,0.2445374820721491,0.26180494938842913,-0.20132074737637118,-0.5578901375730568,-0.2695568647399372,-0.2587791283011482,-0.683954850415244,0.6378977858304342,0.6563081666405289,0.6893949607803184,-0.7709908051709697,0.2946676772456128,0.28451579860732534,0.330606672434152,-0.4302207671689696,0.07516889424458521,0.09841350351235256,0.2297815873944965
2026-08-12,4.688742126161797,0.5525932682744816,1.7177883585477502,-0.05812191579420719,0.13388213272553262,-0.06756168807689074,0.11812698170846092,-0.036931203411077584,0.06629363010054695,0.021588695509561013,0.1555601727164797,0.33814625772664664,0.2086496348820123,0.21918734563778502,0.35912691507716143,0.11822241088436866,0.24065991293427097,0.1999506622915834,1.0607268223355266,-0.6159378902071183,-0.2825770880904136,-0.22340157077961043,0.2816037007404546,0.6036138212999195,0.6528847186896273,0.6539735918131406,-0.3690859338918622,0.33162307958547815,0.2808271292847791,0.2583275058245116,-1.515832601710032,0.032378440145200735,0.08953585697482726,0.17425658305379907
2026-08-13,4.638763976634427,-4.997814952737034,0.8681641235322592,-0.173976844457109,0.04483881104382783,-0.08926473226256296,0.40300743083754564,-0.0062807008798689825,0.019233783152126146,0.004113506837688424,-1.4042119588869566,0.3913471971588545,0.25106578609484703,0.2421863911614369,-0.23608630422445143,0.1074311819292933,0.2280126853614114,0.2024070731767436,0.41596977040936967,-0.6328707220466259,-0.29044931308749267,-0.21855747064272427,-1.0046328005597602,0.6298664216910755,0.651509521758312,0.6641511234428513,-0.3239228950182047,0.29568537483010876,0.30568275440541337,0.26709812032144464,-1.380861914350643,0.09291674177734145,0.12207370823002046,0.17350864813582365
2026-08-14,4.695136202484709,5.637222585028212,-0.5951796906653439,-0.20258297126411165,0.027021635116706,-0.10666687452837467,1.4088172494443008,0.025301635517675503,0.04627622560567984,0.07051335245736465,-0.7894360508456897,0.30119933830917767,0.23156730577722545,0.22547226224084888,-2.365657759383959,-0.1775778411022409,0.1202837930357277,0.1319234851012555,-0.6499408045232704,-0.6541232382022232,-0.36550125320530935,-0.20142159401567,-0.20241756305471037,0.637991468755466,0.6253333548408767,0.6481765663712181,-0.3967104056348545,0.34513882936310014,0.28694643457425145,0.24070072045175256,2.4425220011909663,0.24585148815661548,0.1782998436333582,0.19592778364856206
2026-08-17,4.722941845416152,2.7805642931443053,0.8360365074024544,-0.1477821044174172,0.05389430964956845,-0.01807306180415228,0.031435161504064,0.023434951904475823,0.04413320480671137,0.1812217635600126,0.21951679827408976,0.34287910128339477,0.22639774896293804,0.2533729717117363,-0.6243770101555711,-0.12012458815629594,0.10652773207307265,0.11727260983542633,-1.6355165575848802,-0.6781596499820941,-0.40320726346824765,-0.22307960678428704,-0.11812501306402234,0.6030770122839166,0.6226068405283417,0.6105088444607781,0.057372535607475184,0.3568472235919088,0.3107114341580645,0.23726161982267735,1.485050921557522,0.3145373045432459,0.19501398226933458,0.16127163385157814
2026-08-18,4.7050558564406355,-1.7885988975516298,0.2082232898304991,-0.13642456134193603,0.04253352107911691,-0.017868167982925707,-0.5929227173556112,0.049795827955952256,0.016959035006249314,0.1895025577959768,0.23288970043973983,0.30914423771597965,0.2471455538167068,0.275537739251521,0.05306141789228802,-0.14790849975648887,0.10237793487783052,0.11470407351648365,-0.5075487083603265,-0.6877980369400734,-0.3705804977456428,-0.21624869582760217,-0.7683179458699554,0.6000472565963239,0.6461786541973654,0.6260303703992975,0.5107499141107774,0.354326704379532,0.29346016643396833,0.23597459023621437,0.7659082550768608,0.2638024110304988,0.15643282557935087,0.16322933201293333
2026-08-19,4.651558782051186,-5.3497074389449395,0.17123917454308168,-0.12805091057030257,0.016748087180057224,-0.021504128585911417,0.1604383705231358,0.1268754826993748,0.0010861414311680432,0.1767750789843882,-0.16307864038737274,0.2812744958760277,0.23373298684326863,0.2736647055657584,-0.06026228091722552,-0.19834305585193773,0.08956094357645183,0.1121874536032698,0.41850319169389116,-0.6921666879108662,-0.3992154733330941,-0.2219395105171911,0.016186694856182404,0.5310675011364792,0.6255752098216517,0.6502649633805955,0.142453518569027,0.27412880326903893,0.3351631599924388,0.23910032143858365,-0.13797390359186568,0.23007079075867204,0.14537719901458637,0.15290288640485195
2026-08-20,4.697110926425277,4.555214437409116,-1.94458418383467,-0.187301681409391,-0.10078927903725186,0.008257530947132986,0.04090287057305278,0.16484918181139618,-0.013570596528504373,0.17959875040740414,-0.23618283454030847,0.3528912741975366,0.25929431737526754,0.25876915849024584,0.013137333413020147,-0.15353656416161637,0.12608043326097787,0.12625638512683635,-0.09028657917052163,-0.650355051541601,-0.3743836452947761,-0.1674473516722545,-0.5950777160095568,0.4533625464901353,0.5522799694087336,0.608703939725518,-1.557618661437024,0.1704905375052771,0.27289024274880463,0.21121036102764087,0.23695839690481602,0.2342157948718339,0.11874980767458537,0.13864682393116134
2026-08-21,4.736912975023348,3.980204859807035,1.0310492695857862,-0.1376328396949272,-0.07176666828099938,0.029966192826734052,-0.47839587744947165,0.11401196434576283,-0.021136371168950632,0.17212478704132364,-0.035668580791785615,0.3668420493673059,0.3098098024958347,0.26024613466519186,0.5449134264375587,-0.12403608839764685,0.15288788217620264,0.14633743132540206,1.0420401140026563,-0.5495482856615719,-0.33253265772904234,-0.14676893030159752,0.4546386050593942,0.47145390697485456,0.5536572039934774,0.6103287105214648,-0.3195186840542493,0.18144800715956286,0.2660965884172893,0.20366804068084876,0.44082067847672357,0.3250285226957542,0.1356060914880125,0.14299792377934617
2026-08-24,4.70306802878554,-3.3844946237807427,0.010625479076748823,-0.15281455337548788,-0.09137904904403162,0.027047805232972694,-1.5837134355333018,0.18122790230104527,0.04032820171684374,0.18440449258524505,-0.6034462355952002,0.4049297181436802,0.33260693843071654,0.2695765587602477,-0.8644477424976768,-0.04726481035369588,0.16175706672194565,0.16782350469514254,-0.05489835434833279,-0.5379258400208284,-0.3294178294834537,-0.14469968628710278,-0.5122980115342943,0.47699901411374146,0.5667113581090627,0.6186230417358209,-0.7659673089847616,0.23098264855214368,0.25907558047395446,0.2057458859619543,-0.9337328970287104,0.3466535536284329,0.13662986067420207,0.15620055184379295
2026-08-25,4.637650514625964,-6.541751415957631,1.4284977369183998,-0.22876713826144443,-0.16693227727008314,-0.028730195906331232,-0.4530213263,0.21307387975785977,0.05318233072275242,0.18933737246628476,-0.5971719490335456,0.42078668410721565,0.35820913668850385,0.27879524933134187,-0.5213835598574563,-0.018009079699212935,0.16931469352123324,0.17310149193026622,0.3408467655383359,-0.5281336086983527,-0.3403163884522503,-0.163558762705799,0.8319548186175167,0.2699607320698022,0.5056615708147917,0.5740689651291749,0.8170551472995634,0.10362207546891924,0.21867067113859953,0.1808068428197463,1.0950388779489109,0.3005961866221419,0.07545982947019171,0.11771522398244261
2026-08-26,4.662374260163142,2.4723745537178488,0.24161865838073582,-0.2178553960214559,-0.14765181972908736,-0.018771883007128235,-1.194476691532096,0.1666162422910392,0.04322534717112108,0.1897317451562281,-1.2368634509447358,0.36705217655132594,0.3036748054355329,0.2587128727406465,-0.5049168152669825,-0.031086883880264416,0.1238426188562922,0.16606250952182808,0.0263990376766432,-0.517157367415267,-0.3289357781599933,-0.17625373189620208,0.2396295820726864,0.34060877409068024,0.4929048075679476,0.5738252289553465,0.46486386800235324,0.18198286742585645,0.21029416441625723,0.17689516656234375,-0.5874260204445503,0.28596969356254054,0.12338584250328076,0.11750367106046244
2026-08-27,4.670296243202308,0.7921983039165248,-0.5057134597256483,-0.20943341072860183,-0.1445622469146022,-0.011749144375969762,-1.059466577531763,0.08456863523503189,0.038331896694402165,0.18177523124928077,-0.4181992363835968,0.3678245174630239,0.29989957470026973,0.2548843138694211,0.01191483853498565,-0.04191778149703229,0.12565566825697536,0.17128985207316005,0.09453609665367368,-0.49972040847446797,-0.3220375318846123,-0.1610088292249066,-0.17076865575897915,0.3585798041917306,0.49938755702185117,0.5983995466903008,0.9398093315274239,0.10516168664010349,0.1815008725378602,0.18273443045844284,0.15912087594049285,0.27945732756313235,0.16771726692291308,0.14768506403266163
2026-08-28,4.721004091735324,5.070784853301635,-0.29909372241200316,-0.15208630857731928,-0.1546814781316152,-0.022299232230941372,-0.4352512092909442,0.008748715474633136,0.03156552416870158,0.1684607682841202,-0.155060105604365,0.34096327769969775,0.3076532323990797,0.23740525731602136,-0.29579657838892803,0.02936158808867701,0.12510843918126874,0.15597813645009037,-0.14394132546198435,-0.32615144505024557,-0.31738877096335993,-0.18360327410487925,1.2868312007446754,0.41822615315355505,0.5215418604292694,0.60484538542032,1.491967420780611,0.18680204420960816,0.20906033915682706,0.20020840920747163,3.2321414397667874,0.3816730687565473,0.2239525727289543,0.1860796028105373
2026-08-31,4.756970328795557,3.596623706023294,-0.34776422945811536,-0.22263270262496201,-0.16869728765596861,-0.021626004040697543,-0.26807214901497933,-0.045271205665820956,0.02903901380982584,0.16542046482600015,-0.7137048910285249,0.17220423880252536,0.29484305178951237,0.24067684901475286,-0.25870518627895034,-0.1420838946745371,0.12877449168260252,0.15111691809770625,-0.11668081695075039,-0.27562956038339903,-0.3138085253727045,-0.19605064187316495,-0.5610702197988543,0.3014527122322561,0.5029100806585254,0.5896147887650337,-0.26353099426036164,0.08411715909763429,0.20203699556391314,0.1914558797886866,0.3022981760935137,0.35317848181623696,0.22808438847761492,0.2030596062431068
2026-09-01,4.794079178561005,3.710884976544815,-1.04241513937816,-0.32004312862963974,-0.17739679549358697,-0.0747036832107705,1.0280601430489602,0.06595235742520017,0.08563847458960709,0.18762020402065543,-1.0929774817077442,0.024913200953774976,0.22165250541217246,0.19743640706218965,-1.7200214858855682,-0.13783845842021938,0.08435625100812254,0.10734674215898854,-1.1957469510863366,-0.29934308828404377,-0.3717164970851102,-0.263260475493146,-1.2735411001856192,0.09810707555108449,0.4551740349587113,0.5397651592414844,-1.1476289840271938,-0.15063315881541628,0.15600146331481826,0.1934551226236902,0.15866038525788162,0.29955817474229857,0.26512287198470713,0.1874573471521963
2026-09-02,4.793095847311237,-0.09833312497677937,-0.7299878706964096,-0.32459383287546184,-0.21084164300997996,-0.07476076463732143,-0.6792744302091682,0.199536334057599,0.09084063160350989,0.18788321378304992,0.35496801253452803,-0.005400538986778353,0.22175556316855607,0.19293675801684887,-0.509661171675011,-0.14454340867586807,0.07784738968187671,0.10885772815392109,-0.9012107511133154,-0.25173554261621967,-0.39146832163591955,-0.2581381582749092,-1.7301395716017407,0.17025587743886994,0.4274556889506588,0.5298450272757053,-2.9892329325119134,-0.08889220065807352,0.13328133667387218,0.19079640083615346,-1.2973553213191122,0.28697347391796524,0.2553522007843766,0.18596190598699894
2026-09-03,4.761016174141788,-3.2079673169449485,-0.303356535436448,-0.2749918007548695,-0.2114055020809178,-0.06592404762710599,0.380713369235008,0.20587347988189894,0.06525812811788373,0.16470236859615014,-0.22440121865024043,-0.026948175536929946,0.20312621447004295,0.19111440422800974,0.8193659047910717,-0.255125364035728,0.035467021567265174,0.0867437474099918,1.22538223504336,-0.3675472039953772,-0.4380298584953365,-0.27831485277974133,0.5719101988060991,0.038285929602154635,0.4122506085352617,0.5106476878784967,0.17279971859055054,-0.14050686228661932,0.16046118548774904,0.1779109344643835,1.2132183276198398,0.28013346838080033,0.21411028777064917,0.15665422467065176
2026-09-04,4.782148984047465,2.113280990567734,1.6978203193074817,-0.25438424998929576,-0.1799495739892534,-0.056276618218649876,-0.14363980681491295,0.21796457145706238,0.06376659295681615,0.1630184191744388,0.00874331092922176,-0.008744374740836452,0.20658944104817262,0.19303637488291592,0.537944764614384,-0.22981323201560847,0.04075419612621043,0.09329915199119988,-0.031067029406054325,-0.374757895119278,-0.4322954836248986,-0.27588549762853853,0.996498010744946,0.0714946657814953,0.4088806554677765,0.512237208743702,0.18363588162053435,-0.12904558087806983,0.1313126487049407,0.17926046093286327,0.39399100560011213,0.26462091149277933,0.2214765622913596,0.15810750195610634
2026-09-08,4.803288461075598,2.1139477028133236,-0.1227031280022719,-0.3691201563494629,-0.18184615491065348,-0.045179262254570536,-0.1625342000049379,0.21876501399936504,0.061466862720176464,0.10949489267367486,0.5434001473365184,-0.010544161170802353,0.24632711631086637,0.17720267954257146,-0.3879748264015359,-0.28588643829946336,0.030093931384602767,0.10714912932763501,0.12002876472522539,-0.34900648632207115,-0.4362514435746253,-0.28261409027935075,0.1472528418120833,0.07018884232721168,0.3925967625259123,0.4837478100772011,-0.046554032596566375,-0.08567598395037991,0.1122167537558231,0.18995330210876085,1.4579159563396993,0.4093312098604722,0.22196527526267318,0.1894509086295089
2026-09-09,4.835583341685883,3.2294880610284515,-1.207429300233168,-0.3835957550651043,-0.22499173305448686,-0.058520544957096625,0.21735213251279673,0.22163674771441252,0.0500621360464506,0.11512510739792305,0.5735801471407713,0.13845897049466643,0.26422521455803594,0.1851361050987303,0.5219745136522049,-0.21032443239902096,0.033576499486048274,0.11415319528314209,-0.7213217093831426,-0.3792197545046351,-0.47780611855691274,-0.2950662241482287,-0.5999886031678081,0.027533989361698746,0.3662242401672192,0.4795801473864479,-1.572740581930189,-0.14600516578280817,0.06863778094351883,0.17099195858679647,0.9543694635972895,0.40724451743005685,0.21912572072316355,0.196084565447834
2026-09-10,4.94324094777158,10.765760608569686,-0.8657798547940287,-0.4510691660562779,-0.2804389713976542,-0.10853733661695111,-0.9034480677770502,0.0719316923162624,0.0035665883508271563,0.0639712318131823,-0.3119723054832,0.12077010459052281,0.2376298238169485,0.17282559718958862,-0.5325968493559037,-0.21590263442690366,-0.027245153752975454,0.09207293775523002,-1.6180407898395837,-0.5345238640312687,-0.5723301140966122,-0.3592903711076435,-1.176057895890656,-0.1226450246860733,0.2201122549334318,0.3900556629121208,-1.5966310399590302,-0.26783419456452723,-0.00896063527455036,0.10706453898457666,2.0573126098871524,0.5029193162310992,0.259471221494333,0.24714575332639988
2026-09-11,4.97408499141622,3.0844043644639996,-0.26561968648628476,-0.40566985401675393,-0.30641379095910554,-0.13746737418723476,0.020830884998211063,0.157781904129487,0.03345618222036157,0.04923431312287555,1.6372110496434154,0.019402368298260576,0.24619874104110423,0.18840126760595732,0.8341142533365183,-0.18097694791025873,-0.012845820672128873,0.09589858163555878,-0.4129942686134114,-0.5110081545775675,-0.5792001195509103,-0.35648233515685274,-3.1483172433171838,-0.21993121861169598,0.14066904599258706,0.306500449839694,-3.365825685258912,-0.28300591525943686,-0.04947274609034751,0.09382569902520678,-0.7837507167212161,0.38485427382924275,0.2629839648875087,0.24464392767439772
2026-09-14,4.959815919318036,-1.4269072098183955,0.877356183825154,-0.4130118265691587,-0.3122780980693302,-0.14369109795019863,0.6390503834643486,-0.015037645667216831,-0.009676167551150555,0.021604756832221673,0.03139530963689058,0.06631315068659759,0.20593379120709757,0.1906182248094207,-0.0187157678901968,-0.05853956890996934,-0.12546633796794923,0.08202266263931166,1.0227520771218273,-0.5172938585179466,-0.5929442289521741,-0.4079838268612447,0.18108000850085126,-0.24511147041569545,0.14873695539362744,0.2920104509253299,-1.2126695921908452,-0.2661121372672605,-0.020050505387643698,0.09819246489296596,0.04684002309766422,0.342837403228376,0.28772841861521664,0.24096782412632095
2026-09-15,4.994720030699652,3.4904111381615976,0.7646568653967103,-0.4060757089503659,-0.2871201258643449,-0.12429919787578303,0.6237811949206591,0.014545601875005443,-0.003891233139637558,0.02903938499271085,0.07817076276784007,0.06497653756879368,0.22771440444864996,0.18362261685761974,0.022288990551593724,-0.03708944284601766,-0.0807025518348746,0.07746916902649795,-0.26518836435957116,-0.5383045792808324,-0.6028559315921729,-0.4319528889866697,-1.552910934692395,-0.2714413315649206,0.0797052286543142,0.2700641386057569,-1.7257971090986082,-0.2948745763077741,-0.04258822341673457,0.10029992282772333,-3.6644731524478718,0.16747331746281935,0.25653024415097037,0.1992826609196584
2026-09-16,5.0030040471972805,0.8284016497628777,-0.5538214493533696,-0.3934038741908463,-0.2807265230913004,-0.12918732370463415,-0.5089823758429888,-0.004569442308399735,-0.004859287873511162,0.003935216983431151,-0.5044850150398407,0.09516544241185325,0.22331046815917896,0.20245512355375073,-0.49265033879928,-0.020212162877571604,-0.0890858869861022,0.07958591668545924,-0.6233480291054272,-0.5626469379492116,-0.6093817366459325,-0.41485615177408997,-0.7303745190627458,-0.2893045819243154,0.06820165073963155,0.27391177797568067,-0.41741324337694685,-0.26924520473918107,-0.03395321912703983,0.08742414306276194,-4.629561635446064,0.171235111740922,0.22251084056827794,0.1756499433067643
2026-09-17,4.944651202394219,-5.8352844803061465,0.04440010790832005,-0.3783305829300484,-0.27226127560356184,-0.14167172194844982,-0.13541868840905602,0.03455229754593134,0.026136801106193305,0.00030394330412443466,-1.0820726539773953,0.22053988136838243,0.25817520299716495,0.22038845083097433,-1.3367336967319265,0.16230029894531228,-0.037747498055218716,0.11090014572755008,-0.36113333079549115,-0.463225034814027,-0.5787693240290166,-0.4107550382102758,0.25288379472862754,-0.3078314053831255,0.031070364000229028,0.25422854443275544,1.313646822218864,-0.34100468281784346,-0.10861764329535295,0.08218640216324,-4.640849594942596,0.35525221545898555,0.2941610619420021,0.2363587293377027
2026-09-18,4.995056686268015,5.040548387379573,-0.050510204647776114,-0.333630901237044,-0.2545363256158764,-0.18084283216340763,-1.4543256768344959,-0.06319046570966454,-0.0076163836079610565,-0.038935329129484414,0.6072239266587198,0.2676751656154338,0.3166428037193643,0.25665742009969,-2.23289186116432,0.007534573392197909,-0.08812246594575185,0.08585888299077325,-1.6097337275764159,-0.5068736810033475,-0.5874608564519186,-0.4170404885302515,-1.687136361568576,-0.341787296846602,-0.03489459256163979,0.16794024421010417,-2.487795170950653,-0.36206755240460586,-0.1569663494902744,0.027246544440270592,-1.8842303346291451,0.3030452034559781,0.2619920544262129,0.19967458626759035
2026-09-21,4.961259933442425,-3.3796752825590026,-0.050510204647776114,-0.38880560122796015,-0.2556903024046205,-0.18179069472182,-1.4543256768344959,0.035162532457892116,0.03651720050811685,-0.00805974406033831,0.6072239266587198,0.18657630065139397,0.28699597115751396,0.2696084785540251,-2.23289186116432,0.09469839135018031,-0.03130649119739495,0.1292822985576879,-1.6097337275764159,-0.450465791944265,-0.5112537559379422,-0.37127750749322186,-1.687136361568576,-0.292470951234464,-0.006289218523160113,0.18933569996417815,-2.487795170950653,-0.27339649751010137,-0.1059267700448647,0.05799052534458526,-1.8842303346291451,0.3217516164988647,0.3119232816827156,0.2161582802380526
