date,ct10_yield_pct,ct10_change_bps,fn_6.5_5.5_wide_swap_perf_32nds,fn_6.5_5.5_wide_swap_perf_32nds_corr_20d,fn_6.5_5.5_wide_swap_perf_32nds_corr_40d,fn_6.5_5.5_wide_swap_perf_32nds_corr_60d,fn_6_5_wide_swap_perf_32nds,fn_6_5_wide_swap_perf_32nds_corr_20d,fn_6_5_wide_swap_perf_32nds_corr_40d,fn_6_5_wide_swap_perf_32nds_corr_60d,fn_5.5_4.5_wide_swap_perf_32nds,fn_5.5_4.5_wide_swap_perf_32nds_corr_20d,fn_5.5_4.5_wide_swap_perf_32nds_corr_40d,fn_5.5_4.5_wide_swap_perf_32nds_corr_60d,fn_5_4_wide_swap_perf_32nds,fn_5_4_wide_swap_perf_32nds_corr_20d,fn_5_4_wide_swap_perf_32nds_corr_40d,fn_5_4_wide_swap_perf_32nds_corr_60d,fn_4.5_3.5_wide_swap_perf_32nds,fn_4.5_3.5_wide_swap_perf_32nds_corr_20d,fn_4.5_3.5_wide_swap_perf_32nds_corr_40d,fn_4.5_3.5_wide_swap_perf_32nds_corr_60d,fn_4_3_wide_swap_perf_32nds,fn_4_3_wide_swap_perf_32nds_corr_20d,fn_4_3_wide_swap_perf_32nds_corr_40d,fn_4_3_wide_swap_perf_32nds_corr_60d,g2_6.5_5.5_wide_swap_perf_32nds,g2_6.5_5.5_wide_swap_perf_32nds_corr_20d,g2_6.5_5.5_wide_swap_perf_32nds_corr_40d,g2_6.5_5.5_wide_swap_perf_32nds_corr_60d,g2_6_5_wide_swap_perf_32nds,g2_6_5_wide_swap_perf_32nds_corr_20d,g2_6_5_wide_swap_perf_32nds_corr_40d,g2_6_5_wide_swap_perf_32nds_corr_60d,g2_5.5_4.5_wide_swap_perf_32nds,g2_5.5_4.5_wide_swap_perf_32nds_corr_20d,g2_5.5_4.5_wide_swap_perf_32nds_corr_40d,g2_5.5_4.5_wide_swap_perf_32nds_corr_60d,g2_5_4_wide_swap_perf_32nds,g2_5_4_wide_swap_perf_32nds_corr_20d,g2_5_4_wide_swap_perf_32nds_corr_40d,g2_5_4_wide_swap_perf_32nds_corr_60d,g2_4.5_3.5_wide_swap_perf_32nds,g2_4.5_3.5_wide_swap_perf_32nds_corr_20d,g2_4.5_3.5_wide_swap_perf_32nds_corr_40d,g2_4.5_3.5_wide_swap_perf_32nds_corr_60d,g2_4_3_wide_swap_perf_32nds,g2_4_3_wide_swap_perf_32nds_corr_20d,g2_4_3_wide_swap_perf_32nds_corr_40d,g2_4_3_wide_swap_perf_32nds_corr_60d
2023-09-19,4.36566797198026,,-0.001952260881868506,,,,1.3632010829593715,,,,2.948882628449062,,,,1.825487947200224,,,,0.3312321164338723,,,,-1.2503714824342176,,,,0.9617702467867648,,,,2.6284777123285314,,,,2.2716760655478208,,,,1.53023766315488,,,,0.29602639627217275,,,,-2.493222396215843,,,
2023-09-20,4.34571488779608,-1.9953084184179737,-0.8877150458379006,,,,0.18955130413467203,,,,0.1648357354909984,,,,0.6270101706113889,,,,0.3287136442983103,,,,-0.5208528779118113,,,,-1.2201368120694434,,,,0.3831471946766656,,,,-0.36425993093440634,,,,0.420134978807456,,,,0.5582022670403199,,,,-1.387886132382336,,,
2023-09-21,4.47891879085872,13.320390306263974,4.593263266652176,,,,2.3067204577822853,,,,2.450784183640032,,,,1.9781516107792632,,,,-1.604840531932064,,,,-3.6829618327286844,,,,6.07952073209673,,,,2.612998093067283,,,,3.3755220921166402,,,,2.2161792381467844,,,,-1.9119814290391046,,,,-3.7936971049475523,,,
2023-09-22,4.43875997295247,-4.01588179062502,1.1470434322089886,,,,1.0034237086952031,,,,0.12959381091785915,,,,1.0707624740289152,,,,3.6472823652467072,,,,3.5107353900568827,,,,1.8382566536434701,,,,2.716861725139392,,,,-0.3931800695162755,,,,-0.48528078233585603,,,,2.7673853079595445,,,,2.92823706913737,,,
2023-09-25,4.54054981424347,10.178984129100055,2.9282534637920286,,,,2.7093434722458403,,,,2.790323725496112,,,,2.639024145408233,,,,2.6153879510180484,,,,2.9217702785342725,,,,5.773187489212096,,,,3.482827742943551,,,,1.612327717145091,,,,1.7804581825784003,,,,1.7912162017463045,,,,2.888374343961151,,,
2023-09-26,4.55705436654744,1.6504552303969966,0.8838796952686399,,,,1.6711164609344635,,,,1.9551205442776327,,,,0.6211092707172483,,,,-1.3081052520177607,,,,-1.3436245412822077,,,,1.6278063452912646,,,,2.291536848448736,,,,2.2712553136943994,,,,-0.6884263570114566,,,,-2.7332570844368957,,,,-1.9588801550770558,,,
2023-09-27,4.62498242361018,6.792805706273963,1.699967177094237,,,,0.27028211858032014,,,,0.1576168652655361,,,,0.36046346147875186,,,,0.3375642550590081,,,,-0.471867672860256,,,,0.7105952098041857,,,,0.5775001351341857,,,,1.5809752997984252,,,,0.33451287363776006,,,,0.1894220280781438,,,,-0.8677314087243233,,,
2023-09-28,4.5963273785706,-2.865504503957972,1.8751768778043516,,,,1.527769886220704,,,,0.8271508863177925,,,,0.06534514713967976,,,,-1.56674481689728,,,,-1.9248381667915195,,,,2.4150751657865603,,,,1.8202422957675521,,,,1.372637658395584,,,,-0.23063800182009597,,,,-1.345551716451776,,,,-2.308850009415904,,,
2023-09-29,4.57008761931672,-2.6239759253880557,0.8009829950276256,,,,0.9638713104284352,,,,1.6470248051476288,,,,2.66623709909679,,,,3.343619483245888,,,,3.6972146654115523,,,,0.5181231173475103,,,,-0.3630725181862111,,,,1.1153700503012192,,,,3.4136667142165726,,,,3.3076702842280676,,,,2.618746500269472,,,
2023-10-02,4.68163744687722,11.154982756050025,1.3737202620536735,,,,0.7148594727012894,,,,1.7281117551838117,,,,2.1508012508164485,,,,0.8272983383728638,,,,0.10888218811324801,,,,2.318474154379187,,,,-0.5619837629940805,,,,0.9135455432317756,,,,2.1856664573023363,,,,0.22756909496380828,,,,-1.393709893325056,,,
2023-10-03,4.80072112094976,11.908367407253984,1.8539664588658882,,,,3.3569856608774398,,,,3.605466170416544,,,,3.3076506265815997,,,,3.03085176050768,,,,2.0950919879393606,,,,3.0362057852170237,,,,4.562860796981984,,,,4.867121063876256,,,,2.8270047678153283,,,,1.198063188522303,,,,2.9114237557725104,,,
2023-10-04,4.73294411360084,-6.7777007348920115,-1.523156793816797,,,,-1.6660413837663486,,,,-1.3780990890081375,,,,-2.14989029370232,,,,-2.826577518701472,,,,-1.8471150129169285,,,,-3.338463829620717,,,,-2.389390479334192,,,,-0.5515281610233917,,,,-2.3560933645750404,,,,-2.410332934978208,,,,-1.404904015906336,,,
2023-10-05,4.71541993701914,-1.7524176581699358,1.7171993388736575,,,,0.5199961309851746,,,,-0.2126177407636547,,,,-0.7284733183313921,,,,-2.4008075835710594,,,,-3.4963570310467396,,,,0.5506077394516029,,,,-0.5691749853406627,,,,-0.437890990765907,,,,-0.97803079524695,,,,-0.5369046081929443,,,,-1.6319042618402757,,,
2023-10-10,4.65399613571246,-6.142380130668013,-0.6043061294266239,,,,0.4093185909047996,,,,0.11733748570383984,,,,-0.6881593719883519,,,,0.8079926017811521,,,,1.5995508387630082,,,,-2.9321422260091548,,,,1.2343682865050079,,,,-0.1740838994790337,,,,-0.5645842067340574,,,,0.8335294053343649,,,,0.3292349995476833,,,
2023-10-11,4.59629890590128,-5.769722981117997,0.03591883692093767,,,,0.8924673076468543,,,,0.760195151009744,,,,-0.10760478696108478,,,,0.06477703452466876,,,,2.2079092474306177,,,,-3.047920192422841,,,,-0.2769485860734173,,,,1.1683529292314496,,,,2.1943553643886333,,,,-0.011376160464092733,,,,0.6184335296816903,,,
2023-10-12,4.70941120768437,11.311230178309017,0.5790591594570706,,,,1.6809120896038976,,,,2.947878899096912,,,,2.314457117506992,,,,1.6556846801833283,,,,1.2049584229479038,,,,1.826205965800096,,,,1.949189512774048,,,,3.0187492100480258,,,,2.5292884820048,,,,2.77807713143904,,,,0.3115873439423362,,,
2023-10-13,4.62792014937618,-8.149105830819003,-0.9032824450269761,,,,-0.11106078404784014,,,,-0.057637345139007756,,,,-1.07639360171728,,,,-0.9059408369785285,,,,-0.05290247276630389,,,,-2.049168527765376,,,,-1.379944379597152,,,,-2.0624574789756798,,,,-1.395693693864576,,,,-0.9705186689793281,,,,-0.6851041459521596,,,
2023-10-16,4.70910337723536,8.118322785917975,0.9008235614039876,,,,2.276105210515837,,,,1.497692212568947,,,,0.9378900170786977,,,,0.9277323873140031,,,,-0.5351040264595264,,,,3.234945688489616,,,,2.9273092674002488,,,,-0.2260886840801728,,,,-1.7727124003195425,,,,0.8516119642410305,,,,1.4107644239723969,,,
2023-10-17,4.84574351596388,13.66401387285201,2.3811483307599612,,,,0.681699079125496,,,,-0.355391058058272,,,,0.3962344482060127,,,,-0.49133745987865984,,,,-3.2803060753237343,,,,4.331490301047603,,,,0.4450438772047485,,,,-1.0442461258020672,,,,-1.2466376423020318,,,,0.35468571543679994,,,,-1.8336773824564745,,,
2023-10-18,4.90105025467829,5.53067387144095,3.720943271950435,,,,2.4494972893702625,,,,1.8459012589781536,,,,2.4807041982424516,,,,2.671381082349184,,,,0.9057145234067194,,,,3.138040326010362,,,,1.5406825276221376,,,,1.3151968696609089,,,,4.291329048134595,,,,2.8167736871463616,,,,0.32206243558928005,,,
2023-10-19,4.98661741631974,8.556716164145062,1.7104791792807363,0.6921969126476274,,,2.7528922979009534,0.6345624194646661,,,3.0737436860819454,0.6489167028704538,,,2.8155025659316193,0.6950504688007,,,-0.48568595784204804,0.21321940349374377,,,-3.759245740666093,-0.21236205341033598,,,2.6107717251763516,0.8268379333835226,,,2.6820833195381466,0.550587360142078,,,3.0081033550824605,0.5732674213273153,,,2.862818013063814,0.4119401824233924,,,0.8532427263141569,0.19251364216158393,,,-1.8322053065624826,-0.06012579856221397,,
2023-10-20,4.92218291333332,-6.443450298641995,2.0504362760875834,0.6240255724627963,,,1.9418249785276807,0.5591655834892327,,,2.9293909705774084,0.5151135582267186,,,2.591730262695968,0.5866603686217315,,,0.9692698438208325,0.18786713167229302,,,-0.29366308728928026,-0.20770002375169924,,,2.1517788522923205,0.7736030263587057,,,2.8424226178932166,0.455712439949102,,,2.0140315732381104,0.5002599586367286,,,2.680596361943776,0.3265443257500151,,,1.1791541786816016,0.16203324515618386,,,-1.0142131210984644,-0.053182448799021516,,
2023-10-23,4.83646525028719,-8.571766304613071,1.1364293233299678,0.5435490382818208,,,2.767136148207296,0.401900845529829,,,3.3768064975118723,0.33801066296205984,,,1.8463230516887679,0.509534108086351,,,0.6656223124784955,0.27230132484161895,,,0.5539242920519358,-0.119798770328823,,,-0.04826850458902365,0.7405973341656507,,,0.21262146295721607,0.44511813539545914,,,2.6023061859584957,0.34821902823305384,,,1.697987375594912,0.24878709510652006,,,0.026562294059552016,0.29882410803994913,,,0.08512021555740734,0.08508399666460675,,
2023-10-24,4.83879418817122,0.23289378840303243,-3.67323214297184,0.4517757816093617,,,-2.851187258813823,0.3459624675857622,,,-1.6442538237229432,0.30570569395954184,,,-0.604316212739489,0.5146432210787734,,,-0.27964916070329693,0.37634555889684546,,,-1.045738946188031,-0.056482428259640706,,,-5.931254857854611,0.6704353473950824,,,-3.8325801111867523,0.4493252499389552,,,-1.1620159789855666,0.3238494373863207,,,-0.26621761469932714,0.23235728992409962,,,-1.1750248248765125,0.3793827456434589,,,-3.553872136774464,0.17596585649406932,,
2023-10-25,4.95170375487692,11.29095667057003,1.0540020939838686,0.4028351772310414,,,1.9845452393480068,0.3277983850016074,,,1.6836774719150114,0.2730368949182939,,,0.4403755618383933,0.4445867529803419,,,0.5045006097506944,0.3220711785542569,,,1.8407095987037183,-0.07976479878106807,,,2.3267359863430688,0.6509101405797434,,,2.2766855802236767,0.4321184786002796,,,2.6559439760319647,0.35480309235894425,,,0.4310372795452202,0.19247234112215877,,,-0.07990881563556473,0.3175632005191203,,,2.791857144728559,0.18559107701121258,,
2023-10-26,4.84345710818577,-10.82466466911507,-2.5319408247903743,0.48977063552845157,,,-2.558528475849709,0.4377425525058101,,,-3.2540101788607423,0.40581502742011993,,,-3.1261876596703457,0.5345937134004515,,,0.08032082991289613,0.320716303162101,,,1.595432654192106,-0.14090758977483406,,,-2.1379258485389343,0.6749062807045166,,,-3.114907866626861,0.5172831485766949,,,-4.156490405943411,0.4751423059145187,,,-2.8167429266266817,0.30252979956205034,,,0.7384181850291842,0.3094430408892725,,,1.6351274933135684,0.0885358515810765,,
2023-10-27,4.84304997944118,-0.040712874458925796,2.494167226093736,0.4584625289823769,,,1.5381376162740383,0.4536976019129927,,,1.0690888029911825,0.42835538120166583,,,1.7203002734414272,0.5394775212204206,,,2.931840881369405,0.29454628986635406,,,4.502209400651933,-0.1354765581258447,,,3.0846042363705957,0.6587232375946918,,,1.2226387525117728,0.5185816198071709,,,0.48915466993448514,0.4692912173054325,,,1.6651065515746657,0.3073977577110295,,,2.0823227187309703,0.3016039044631137,,,3.431820699242496,0.08168940148125042,,
2023-10-30,4.87614851458794,3.3098535146759644,-1.3299336547349117,0.4556173859009862,,,-0.08772198033145617,0.4547317442697884,,,0.14182985327833553,0.41951015239259637,,,0.2763807081855685,0.5293150908744059,,,-0.0243430545444161,0.26970018350258335,,,1.1680110928748797,-0.15981376307952305,,,-1.6059639496114562,0.6681649616206137,,,0.5073539224932162,0.5418507981997279,,,0.05966642495670449,0.476135274630637,,,-0.27831007189465673,0.2899770721883125,,,-0.5659866599587202,0.2666144987337705,,,1.5396239106076162,0.06032794136393792,,
2023-10-31,4.87318667381641,-0.29618407715297224,-2.4059656459402015,0.452280438421787,,,-0.2729460526641345,0.46117848423312624,,,1.4552734452116929,0.42926698275950687,,,0.6673608672515678,0.5790214579113431,,,1.356521763544,0.335391855478578,,,1.8931324963887488,-0.1353279376620914,,,-2.007672808709734,0.6710162151215696,,,0.9110420556055074,0.5337695419991914,,,2.5447389304079553,0.46466257483961626,,,0.6985907101437054,0.3405171444990081,,,1.1561498868269988,0.3493507653987318,,,2.25708523495436,0.08266256060987498,,
2023-11-01,4.78875159036816,-8.443508344825013,-3.814817540137601,0.4957444263859643,,,-3.568330579045984,0.5353788241826328,,,-2.2232501653680945,0.47275809777092137,,,-0.6663386574547836,0.5722792569646941,,,0.13496236122780658,0.33268221088817923,,,-1.1084073524659512,-0.09222004078142412,,,-4.647698119215264,0.6880275025798659,,,-2.5433140914640973,0.6283854553574919,,,-1.5965974898903035,0.5109355750894922,,,-0.12403382160124643,0.3147777454170983,,,0.9686009706389118,0.34038233087269887,,,-0.7557322201157444,0.17417493756820066,,
2023-11-02,4.66840294931852,-12.034864104963994,-2.769342292820181,0.5177272178128703,,,-2.643138115392915,0.5389059443942409,,,-1.6109139222552684,0.4561288452228016,,,1.2474181761202687,0.44059090616845925,,,2.4287267261041503,0.09912945718564788,,,2.4343925863296385,-0.23838474339844837,,,-7.398047180874096,0.7089982839717854,,,-2.729621680714207,0.6149205537148749,,,0.17538575669579837,0.4123189708596279,,,2.2070879763026623,0.15960653895160246,,,1.924041638510861,0.2101866776087596,,,1.9195137484024416,-0.00948062518003956,,
2023-11-03,4.55688244427427,-11.152050504425048,-3.8295590628446115,0.5552409854578193,,,-3.0844090721773187,0.5697720976143378,,,-1.399700410510432,0.4715217754863313,,,-0.44882369093747165,0.43135463087376424,,,0.5061213447263686,0.0119388332271005,,,-0.10301239652793637,-0.2640950238235935,,,-6.146064481299555,0.7283133800579701,,,-5.045257826408729,0.6408704318185838,,,-1.576853094740672,0.4399665596063958,,,0.6178661137833918,0.10290136315957009,,,0.29703248108732794,0.1560645302455419,,,0.09905298340220803,-0.0397452859099085,,
2023-11-06,4.66077755137009,10.389510709582073,1.7124010544840287,0.592014598778922,,,-0.6151059696250241,0.5190516890987878,,,-1.3762936899897023,0.3761262039148503,,,-1.1896626401349986,0.3281498634548927,,,0.13032035863559008,-0.03681606827058473,,,-1.2100074777347167,-0.3414451551882596,,,3.4768662880623586,0.7530000746264035,,,-0.2497255115509569,0.6066998901344006,,,-2.1660299235241953,0.3237965298541611,,,-2.2160104172793633,-0.007867750409669435,,,-0.18966191275442235,0.09163894443637219,,,-2.2074769189557344,-0.13585232193845356,,
2023-11-07,4.56958975655324,-9.118779481685024,-1.4009735626653756,0.6003982181989655,,,-2.577045595076464,0.5598089782213197,,,-2.2549534941938143,0.41729933243119943,,,-1.9300279705435361,0.3615133918482874,,,-1.4745546986962508,0.06590442372306128,,,0.7408489039995169,-0.3272778436052642,,,-0.6927210727203841,0.7298435460931298,,,-2.3707389642995493,0.6574342265974602,,,-3.2514496032056193,0.3744736027253095,,,-2.2370536437771937,0.04562626405508522,,,-2.0831931485423327,0.1959742609813456,,,0.7230573159427425,-0.14581272206709386,,
2023-11-08,4.506038447821,-6.355130873224013,-3.6142881903402784,0.6224553017381025,,,-3.286726616580333,0.5943089633757401,,,-1.396817269967357,0.4457032270574471,,,-0.22603276110652493,0.36393665550841164,,,0.5116111062520928,0.054145224494837156,,,1.3480430475099006,-0.31976311394461127,,,-4.410087966294819,0.7311771022543152,,,-3.4662662901705987,0.6722100936375687,,,-0.9162160889754989,0.40635302898083153,,,0.0939939662732,0.08084453452517613,,,0.12700112789235424,0.19367875070750265,,,0.9876134057825984,-0.15289721126566952,,
2023-11-09,4.62802066333472,12.19822155137198,1.4706619600087012,0.6399770224989106,,,2.336915220654227,0.6069333910516328,,,2.5514636607606818,0.44064281381005543,,,1.8869872803178491,0.3529348636211663,,,0.10950343792691519,-0.04090789526346692,,,2.5059233123255558,-0.2571047398437693,,,4.013502495118422,0.7520053710303685,,,1.9584926088363108,0.6723761903065484,,,1.6707960163291777,0.3784479187398703,,,4.139046232841779,0.13824847360638032,,,1.7397127409718336,0.14957299436548382,,,1.33874651934504,-0.10841631197643052,,
2023-11-10,4.62702989695267,-0.099076638205009,-0.15462339583900508,0.6441423520766653,,,-0.0833074116658783,0.6207325918099703,,,-0.35650142758799364,0.44334316462473006,,,-0.15136822997408306,0.3215504025855091,,,0.4462756230936993,-0.10737762203214204,,,-0.7839860438858786,-0.2716066123881693,,,0.9778214730636416,0.7486046007345647,,,-1.2695468719692096,0.6676544146765968,,,1.410020028744931,0.34451758225214846,,,1.4429144766805344,0.0992900712278705,,,0.4821705905784066,0.09613842952445567,,,-0.40817288178862077,-0.13854439505297142,,
2023-11-13,4.63099352434734,0.3963627394670155,1.2411590289834658,0.634291442081847,,,2.082978505644397,0.5887739594361895,,,0.8679914983296447,0.4255574532758177,,,-0.14522557921458246,0.3108986973144037,,,-0.13268128465426565,-0.1289241696893393,,,0.16066978445396163,-0.25610202472421495,,,-0.6216967044767938,0.7355734552524766,,,4.096038239241926,0.6013947549924533,,,2.6233944304032164,0.35439369417393934,,,0.23098239388126396,0.16741321884072943,,,3.0261070537544543,0.08669352617294085,,,0.2941536789010497,-0.17464054260708367,,
2023-11-14,4.4404638381476,-19.05296861997403,-7.566567487387897,0.6967778808470378,,,-5.07363091637888,0.6814237426298512,,,-2.6863712463710403,0.5517241745864104,,,-2.4375084968169602,0.449484175398025,,,-0.26247894671590366,0.035354318615704865,,,2.000463026391424,-0.16938965496246094,,,-7.699107966065526,0.7565516060550979,,,-6.819808105328705,0.7084151595894129,,,-5.980475846820545,0.5841660858595537,,,-3.292376648491519,0.4253438947420075,,,2.3069531062871675,-0.02164895321839619,,,5.295331195858047,-0.30009622702614436,,
2023-11-15,4.53626833700692,9.58044988593203,5.457858555583616,0.715431759996258,,,5.206692766215238,0.7001559267005997,,,3.04058879889839,0.5765865319536458,,,-0.17150120335535934,0.38355064772279,,,-1.1848935082816636,-0.16257193206515222,,,0.46609304784015926,-0.17838160962475172,,,4.02977753083489,0.7675927133638196,,,3.7794545085033535,0.7271616130976516,,,4.7445472240131705,0.6220179947101202,,,-0.7990518164889604,0.322525282200824,,,-2.969709060071881,-0.24804368676680494,,,2.3915367230512645,-0.22520178487763853,,
2023-11-16,4.44429981835868,-9.196851864823952,-3.9039970318281823,0.7132758729913116,0.727861954412226,,-2.6038379588727167,0.6874699999919784,0.690192247177645,,-1.632583122554176,0.5506827790505266,0.6313186525834419,,-0.7294329160644484,0.3246825794318018,0.5544609254055465,,0.13580397768143992,-0.10619948296809344,0.08712223104823277,,2.938919838682765,-0.07793627384446625,-0.22764100145837082,,-6.831248225413408,0.7595156124535676,0.8078538662005169,,-4.564736817184666,0.7179252422923378,0.6955588395904901,,-2.3191024254916157,0.6088132015275463,0.6212795570617123,,0.07916269907536044,0.26100236451907377,0.3590596290846894,,0.8089143934287994,-0.278717586703629,-0.04335357650970929,,3.0149598122182844,-0.19223545448590457,-0.22035693709073267,
2023-11-17,4.44031677343654,-0.3983044922140522,-3.5561020281064355,0.7393033776017176,0.7129538672610403,,-2.410420709708643,0.7137775644484732,0.6803906126547931,,-2.92340600903169,0.5835643510101044,0.6088874896014127,,-3.464530348957568,0.33052977567085795,0.5210029593999199,,-3.112318993681344,-0.10713297631254545,0.08566116225463943,,-2.4442930873840965,-0.11331387696767616,-0.2233884773978095,,-5.404312236486704,0.7737923107102388,0.7895916132558136,,-4.792386668616246,0.7383599843453408,0.6731626453024454,,-3.763551303602176,0.5983491004120519,0.599083554187269,,-2.68187676652256,0.2739813895442406,0.3504613368491509,,-0.11155084632995216,-0.2739578260297193,-0.04223945869019831,,-4.251933548447327,-0.21791698010806,-0.21088730357799576,
2023-11-20,4.42081637908729,-1.9500394349249994,0.4415129174196002,0.7880668725069128,0.6908588592524315,,0.18777790140623019,0.811811815697786,0.6722177494227045,,1.12649054926808,0.7223642953650178,0.5907199743086193,,1.0846431320780576,0.40594549030528354,0.500040154946238,,0.18376314708425578,-0.09375520436966066,0.140091840109542,,-0.49120174527891836,-0.12105154074802532,-0.15612748761588288,,1.2465238997541217,0.7949037445440549,0.7704156814106146,,2.3320364577965793,0.74711944584954,0.6529980307425755,,1.2999399733140575,0.6637261048072493,0.574670535337762,,0.44262348249814387,0.3220147420938822,0.3271709603772104,,-0.9657522376514978,-0.283262584471245,0.022463367797719496,,-1.4451495322013859,-0.2293515757087648,-0.14126495577801126,
2023-11-21,4.41689268956018,-0.39236895271095307,-0.17817263124703953,0.8150316192064798,0.700471118635749,,0.2963549658520641,0.8372228224215998,0.6792812248359011,,-0.2887105011180484,0.7394193227502436,0.5901170797021643,,-0.4206957828284805,0.4083441831186582,0.5072513211287286,,0.23683962519628832,-0.08857599711124724,0.17566915595841498,,0.44893487734838455,-0.11145199985440753,-0.1425004848780922,,-1.0985891051395846,0.8357676152327043,0.782925648700904,,-1.0261639116965764,0.7750038353479146,0.6741173059558336,,0.7284734270168007,0.6707540128364843,0.5729179219415684,,1.6573357528425916,0.3259417007504055,0.3212471721510592,,2.427622976724998,-0.25105398917287536,0.03935033658673885,,-0.5366329824498557,-0.22883899439732333,-0.12872068102459758,
2023-11-22,4.41488004460401,-0.2012644956169929,-0.14777600329760654,0.8202389939367548,0.6888825995349828,,-1.4051727526564577,0.8205827450040487,0.6636314157010949,,-0.6741734508574879,0.7121883304592818,0.5709138753817862,,1.4599973814226945,0.3937520275061427,0.48116062594721565,,2.1039467993158434,-0.0888773438817621,0.13023767577204656,,1.697978922431091,-0.1636170890375583,-0.19116833017051008,,-0.1344215649132352,0.8298675581476425,0.7728744913881886,,-1.7064329146394146,0.7534152058390052,0.6574383857867782,,0.01141880308061105,0.6413398575977703,0.5688894722640981,,1.357389431705325,0.3342116643154486,0.3061129097880264,,2.0461983302201086,-0.2109743066801306,0.01234449226506759,,2.2376757949949537,-0.31724536382129515,-0.17394905594042925,
2023-11-24,4.48313823097952,6.825818637550984,-0.00876112596583356,0.8157813911953562,0.6835012656658266,,1.1776021845562143,0.8230653834392185,0.6664961658597705,,1.4290344487933058,0.7099961196513946,0.5767483364690963,,1.5749752803047616,0.37879839866736703,0.489404550748196,,0.8795102732911229,-0.06973630032719146,0.14601860158920568,,0.0031979591947965957,-0.16769402684393814,-0.19026544921753832,,0.404461094567568,0.8450758644765363,0.7714025982822653,,1.8138883093783336,0.7610856380229869,0.6650865224349131,,1.0350355382091134,0.6204046884276054,0.57039978583185,,1.8723387393965312,0.3141209288719632,0.32203245434260724,,1.6537651359776384,-0.16970326432750465,0.04257521656127315,,-0.3857802375581567,-0.32690831502026424,-0.17561337695584084,
2023-11-27,4.38752131396326,-9.561691701625996,0.025861704551417564,0.7937587920575563,0.6647341731070168,,-0.2540698301028864,0.8019789451786484,0.6644907144934588,,0.03028024370163207,0.6853308282474879,0.5789230267240668,,0.08024551153703041,0.3635238966406658,0.4890780060149149,,0.40183765103651514,-0.1126905512467334,0.14334767810362614,,0.4231574378888415,-0.21736237931177138,-0.1799505604859665,,-0.3769472068230111,0.8275132188637563,0.7585312510307872,,-1.2505916740559553,0.7500986242775831,0.664256567535851,,-1.4328853799058143,0.62383584945337,0.573134532078233,,1.1234363386736514,0.27729252126984183,0.3119994383355497,,2.656410521395293,-0.23184744502057067,0.009226475684105595,,0.20710062972567989,-0.3397674636904743,-0.1608133648606805,
2023-11-28,4.33516418875935,-5.2357125203910115,-3.433851395342599,0.8037463835675479,0.6794122369823911,,-0.9196705959423355,0.8009256657880668,0.6752597941570604,,1.9477289325106248,0.629783029632463,0.5619865534250762,,2.1821892945325434,0.3043457249805302,0.46314741800531617,,-1.4391336992936967,-0.08194206425172633,0.15150473260630945,,-3.5026036309688315,-0.15827308453956443,-0.15336538715313427,,-3.017125823735504,0.8375954699309582,0.7749417683150799,,-1.2041605840387524,0.743392994961835,0.6766440661690252,,0.014834886549792259,0.6219418234774978,0.5778370918634306,,0.4694163641769924,0.2888505530807911,0.3092591560837035,,-1.4832590985259841,-0.17426387864127793,0.019922611552864195,,-1.4552071526571204,-0.3380160192663942,-0.15868845065245618,
2023-11-29,4.26958672351399,-6.557746524535979,-4.1412699927149825,0.8132764831265179,0.6881256423991343,,-3.423948543119907,0.7982531408341295,0.6832468269952505,,-1.9667550514604608,0.63693915092277,0.5776498024586473,,0.05173199963463038,0.2943922904402434,0.4838502712189709,,1.5457995092900545,-0.12467221514264293,0.15503608481240158,,0.008742716717779153,-0.17260807493651165,-0.14517349238556257,,-4.4890794271086785,0.8416328668951585,0.7818729419859795,,-5.71823000690664,0.734320816568966,0.6756633670753396,,-2.6703245790993213,0.6324936513145171,0.5891402837587223,,0.021272066860486216,0.2870793034057331,0.3298696008375083,,1.0991000564621056,-0.1844287353136851,0.02544927088110972,,1.447837523110013,-0.3674499427723862,-0.16320308056323782,
2023-11-30,4.34860931975564,7.902259624164998,-4.1412699927149825,0.6963452148991012,0.6224659986239605,,-3.423948543119907,0.6777419787515899,0.6251735867303095,,-1.9667550514604608,0.5328178001573181,0.5211644549525267,,0.05173199963463038,0.27994919010611957,0.4514842073571102,,1.5457995092900545,-0.04666588786707457,0.1655415968993587,,0.008742716717779153,-0.21477398336190565,-0.14751446375661262,,-4.4890794271086785,0.748981092209489,0.7286896220382091,,-5.71823000690664,0.5920428568339435,0.6101960599631141,,-2.6703245790993213,0.5388449822881242,0.5439389458273398,,0.021272066860486216,0.264815693362913,0.2972652579372621,,1.0991000564621056,-0.1567192253360161,0.04425001985446798,,1.447837523110013,-0.34946283530751726,-0.1180611476185295,
2023-12-01,4.22328278239933,-12.532653735630994,-3.784697917398813,0.7092422399056388,0.6257672339284737,,-2.502958331838096,0.6749345009817339,0.6125315220900731,,-2.884780282540083,0.558308069700365,0.511677274274118,,-3.173023376231232,0.4352786099629816,0.44594210123556305,,-2.239539502933664,0.17936715814008697,0.14998907735171865,,-1.2818120520589753,-0.07256294462947357,-0.1612221707947598,,-2.9215000304950367,0.715805676487374,0.7154625933241673,,-2.7739084720362333,0.5915910805535756,0.587868801905236,,-2.796353932461072,0.6027368516947826,0.5244489933676849,,-2.196271525166944,0.4126893925152218,0.29230184148099075,,-1.722325746191296,-0.016317190583979718,0.08012168165832498,,-1.23744841474464,-0.25180706296643457,-0.1459250253565373,
2023-12-04,4.28370379797835,6.042101557901969,2.444014324936461,0.7122209577746539,0.6342553754580449,,1.2556762911881534,0.6730243496572623,0.6143866888979295,,0.4487476608629857,0.5597025106786474,0.5054140744120349,,0.550918861506688,0.4559648686556744,0.43724552414777196,,1.2432259136591362,0.24922925651026814,0.13643800631512398,,0.39417537647964807,-0.07570771294860505,-0.17990685736605772,,2.8481888727278974,0.7101416171953339,0.7190459178135196,,0.5430203078840576,0.5775428325813291,0.5868513998261189,,0.7159611977004414,0.6138791296414031,0.5275624973793617,,1.2113179562264096,0.4638771809040852,0.28468351294958805,,2.0118268330211166,0.016296585380169874,0.07028859598709425,,1.9547678651777924,-0.2242746060331976,-0.14162777205551616,
2023-12-05,4.16869039542236,-11.501340255598969,-4.452721486738842,0.7120176817275673,0.6573331323465947,,-3.701620676561043,0.7255751334591009,0.632647870648484,,-1.737806016658893,0.6504964899955512,0.5187221419736257,,-1.2840113369146964,0.5515914708475249,0.4529938088858833,,0.22956848010915842,0.23453813840378399,0.1402706370473999,,2.4408975748919794,-0.08634070343066966,-0.2243973331733039,,-3.800724240130496,0.6853286421774449,0.7266549371466762,,-4.62606012671425,0.6062355867529142,0.6038974985193846,,-4.684944275755997,0.727166577804764,0.5518064130742348,,-2.618791286349011,0.6488431772121379,0.31946910769249165,,2.7476929369599135,-0.017160056465389383,0.022527933996807848,,5.783070815522173,-0.2458424033133053,-0.21021892140206255,
2023-12-06,4.1201184560278,-4.857193939456028,-1.545907341609669,0.7245904176977677,0.6621117797270383,,-2.915996373189533,0.7181361451813008,0.6422441876892696,,-2.0946462060330653,0.6351228827490568,0.5247006176424367,,-2.4681882642285755,0.5253700967068731,0.45043019472365564,,-1.4093400078024958,0.20721661480974876,0.15777344844722196,,1.2357868677224957,-0.08572038770973628,-0.22062545859368135,,1.1922927694356704,0.6836046989632829,0.7124050789311909,,0.6024264195090272,0.5881664213277513,0.6121889303256383,,-1.8308568031893824,0.717766277783366,0.5575728486067076,,-4.811807980665392,0.5754434169118848,0.31542837028256415,,-1.8184784604281314,-0.06450472418761916,0.040775537953447884,,2.163950664344125,-0.2599994433141577,-0.21895745620383328,
2023-12-07,4.12761598856708,0.7497532539280094,0.6405895926959393,0.7212251605616733,0.6702049122533812,,0.1497857925355457,0.716001034420762,0.6557642173304201,,-1.896872365445635,0.6039567780862285,0.5222967659705506,,-2.37569273365935,0.48646746777803584,0.42953855976476635,,-2.3071874051927814,0.17736697644808952,0.13683642278333785,,-1.128798977689824,-0.08384129888879718,-0.21292938797899286,,2.142670547517744,0.6759991173930391,0.7079827854771044,,0.4811778543097216,0.5846131797224405,0.6180965262129591,,-3.4568801814090113,0.6832852643843501,0.5518951269389576,,-2.20472327624752,0.5503384309621191,0.3221708387986749,,-2.912854980874061,-0.10075072074441863,0.01972323123853677,,-2.3066609138032867,-0.2716312447253211,-0.22234120630559395,
2023-12-08,4.24388562199981,11.626963343272934,3.0153304039066877,0.7451870348960412,0.6895112037806805,,0.028515438654015846,0.660919862895057,0.6352725135245603,,-3.7186024355525116,0.30314035180863286,0.38804656386421366,,-3.7724824237082557,0.17760870357896247,0.2785158467922631,,-0.6472307112248323,0.1295252535878707,0.07069489100682806,,0.16067593230121613,-0.22923996107527367,-0.236191299406937,,1.9831809707433279,0.6476991849896457,0.7087837919101859,,-0.45800329841036813,0.5326815783816489,0.592881235154103,,-3.8229456743675843,0.5028658970908501,0.44575441089893864,,-3.816815332255417,0.230442793494795,0.19782908258230364,,0.24736363564768027,-0.17333605021907858,-0.040954746253960214,,-0.4991486525789446,-0.33925467133014675,-0.23626009690031408,
2023-12-11,4.23805438728912,-0.5831234710689692,0.8304554899950529,0.741565409180418,0.6927959765803215,,1.7853482340179807,0.6486022505604164,0.6388245922020522,,1.930427127380669,0.29795473767666847,0.38956217813971017,,1.3286304203824706,0.17880560065998474,0.26887976567102184,,-0.0011341885109761307,0.12595816765456108,0.053676444263064435,,-0.21226486704848035,-0.2260490407845027,-0.242658750796456,,0.27781656848440317,0.6482493516380952,0.7085032397165216,,2.167455069003987,0.5261805865390818,0.587916624236433,,2.644235612441024,0.49089424252603425,0.4311617546132019,,-0.44708039760054374,0.2255012742866594,0.18659314513653968,,-2.766212939506566,-0.17594529662671035,-0.06197379682861628,,-2.937627063840449,-0.3309025151598686,-0.24567778417957556,
2023-12-12,4.2053781587801,-3.2676228509020078,1.0400790727303584,0.7270157543989448,0.6819425991286948,,0.8759687857793632,0.6408315229704405,0.6194416262083523,,-0.43068584879480315,0.28921690100845965,0.3743769427448441,,-0.957257909674109,0.17654587923566548,0.2594718209619284,,-1.443781379418336,0.129388277845164,0.0449521878424345,,-0.1932745612929696,-0.22433154012535114,-0.23166417940333503,,2.06894252249664,0.6224273499348781,0.6865849050578177,,0.47898068662047105,0.5311972207512747,0.5674511652435521,,-1.1025748051933215,0.49451530278244005,0.4358597412933541,,-1.7678759208755963,0.22190932059408544,0.21841464925777135,,-3.3193805199686013,-0.17927989117324006,-0.05194140882269723,,-2.229834461787597,-0.31268440891490623,-0.2506038092914869,
2023-12-13,4.03241801901424,-17.296013976586,-9.63258027484288,0.730691285253391,0.7055605992123146,,-7.402271335369068,0.6646144154418678,0.6672228007443063,,-4.0920353629376,0.3420834882218447,0.4458920078127988,,-3.7696370810063033,0.23300696008366625,0.32687184929583535,,-2.2125245228838715,0.2615616852016032,0.14669420091544072,,-0.13612118594556932,-0.07583701262543266,-0.12716750938347518,,-9.254304081523905,0.6302857744508517,0.6991121638297644,,-6.28890194648207,0.5134038399231491,0.60932025505685,,-3.402794264468544,0.4145916934380773,0.4923905753907795,,-3.1225897983481925,0.20474036093868783,0.3080010869892268,,-3.7441129636237127,0.11705273468171455,0.05647802035942184,,-2.1789270450803517,-0.010228981530447469,-0.14742919992400516,
2023-12-14,3.92915405924601,-10.326395976822988,-3.1722102771580483,0.6888413507557762,0.7019114990361149,,-6.251501913860675,0.6279890181838498,0.665530152626254,,-4.402924728997571,0.2861177199668615,0.4528575739492063,,-1.634098278092419,0.24105998442186957,0.3158059235948856,,-2.9854228007511647,0.38301226880745515,0.15279529524107244,,-2.674925448029593,-0.009499966752153628,-0.08667081685239846,,-0.49380188412598436,0.5459574620562759,0.6766862202152566,,-4.770098744368768,0.46589642509882484,0.6125818978995986,,-4.684786970646911,0.33467198582438745,0.5010191675745179,,-3.3259783429306498,0.2668059291105418,0.3026758041836275,,-0.7863355084645248,0.2527214856879983,0.03719981757994504,,-5.867121424661735,0.02585961504886369,-0.07222308869463866,
2023-12-15,3.92687989161524,-0.2274167630770041,1.6260065146569413,0.6752466895895658,0.6914717332925534,0.7126068521509878,1.622243984998784,0.619094613964758,0.6474490210133141,0.6695706717388411,1.190610540913088,0.2904945791265351,0.4214125312554936,0.5389441990922489,0.9580139994624002,0.2563479883919805,0.27525041341795964,0.46819566575406113,3.3554111032091507,0.39439930108338384,0.17386750296323136,0.21270592146918188,2.7080004427398725,0.11197761745288443,0.006568536605668507,-0.12078538552524944,1.9851748897519168,0.5228496746120498,0.6637498966283008,0.7378819654465839,1.5717387116643873,0.44534631353075893,0.5941495389450427,0.6284180527594858,2.3988959382201758,0.33001317345996006,0.4743502164353298,0.54885317615019,3.353057546896864,0.29942106062954554,0.26633565114405316,0.3630159003895668,3.510689612400384,0.2871194824303788,0.03741797364518746,0.09494873449244555,1.8407453781894718,0.10038437079853259,-0.03930644578989882,-0.07813561586785603
2023-12-18,3.95479525206531,2.7915360450069926,-0.2878716615958561,0.6987621700182929,0.7184080554427269,0.7116853099030793,1.869078869992832,0.6428145606025207,0.6779362773150521,0.6712664421289819,3.177360246965088,0.35022408806802846,0.4694255384995196,0.5386475580251964,2.365331602957315,0.3316546035854205,0.32451246008854856,0.47132936241363366,1.138743165022989,0.46779380487829114,0.19334878401775604,0.21622843537858566,1.5954053127340673,0.17841114663757449,0.01273815875938284,-0.11643421567845673,0.6735404690756579,0.5834473181992997,0.6888544763522587,0.7382218558610277,0.8703785246285856,0.4974903977028398,0.6328540491458724,0.6308658309736148,3.2204935560949246,0.3893947112277669,0.5044277358082752,0.5490385004294093,3.7363972940211907,0.3555713442917532,0.3088725376228388,0.36612011763865226,1.4763351810200098,0.3053690447420338,0.05426182583569338,0.09935407896152418,1.0474771408385788,0.14802881367151793,-0.04101376715639006,-0.07716014603106049
2023-12-19,3.92100577587592,-3.3789476189389767,0.23257628058686558,0.6947444930954167,0.7419551611098367,0.6942012821560906,-1.3004097626324864,0.6455381180659898,0.7309028261560361,0.6648987634202316,0.17090203422589756,0.34953764023653544,0.5343896652036844,0.5232600207666125,1.317473066034192,0.3214248506125733,0.3527439355421928,0.4507844496769725,-0.10483875935389439,0.4674332352592388,0.2040349295192585,0.2572282099207681,-1.021981631593335,0.18247627970134297,0.01684408251531952,-0.05634709541119605,3.0441268045845726,0.5570239887727351,0.6851102584106045,0.7118358382580661,-1.4556457670066272,0.516337202785031,0.650113663935041,0.6221531332791008,-1.2391504135477343,0.39596493041695213,0.5457615319121857,0.5315360828498856,-0.015571251267283204,0.353922063758303,0.33272988557255145,0.3492790543311312,-0.523530474679344,0.3097884215859127,0.05363105156662662,0.14163749385568805,-0.48222963740098557,0.15183486288886985,-0.042205209004693156,-0.026998668676544466
2023-12-20,3.8761462608201,-4.485951505581998,-0.4109691531284545,0.6868089907129613,0.7526382224341903,0.6994992563407154,-0.4607390832448446,0.6372449033964934,0.7396342263267905,0.6699546263376969,-1.749253118247808,0.3504214142793971,0.5419873175989799,0.5265649313585099,-3.797320049997315,0.32016069963475624,0.35022437692094077,0.4538921558539336,-3.7038885149257186,0.4445442515534472,0.2068905420952479,0.28609686459018374,-3.1860315723233565,0.1856420417451133,0.03721412043160715,-0.031197076565179917,1.0428285324510882,0.5490165976619541,0.7045801015085852,0.7141013872629814,0.7171819339614816,0.49668150380645243,0.6558886093162266,0.6319006021654948,-2.5587261784193953,0.39461091683182564,0.5486237373476007,0.5337733625184704,-3.6918698775587195,0.349621618866344,0.3329174044431633,0.3516345614327161,-4.7898621357620765,0.29728335056226934,0.07185075847702128,0.16302238880375253,-6.2322401529218565,0.16257197010759053,-0.010271499501327198,0.0020929488095628892
2023-12-21,3.89275199360404,1.6605732783939953,-0.2975832703583085,0.6867308269363592,0.753986301442846,0.6904420004814509,-2.2603778750399326,0.6208918051832792,0.7168836704361861,0.6519401203549301,-4.241505927540895,0.2828847716741646,0.47223334764736136,0.4820349344391695,-3.1631560580071105,0.262486045028835,0.31040112735203507,0.414424239395022,-2.8144149057355845,0.3823967876581619,0.16758042504258117,0.24242055365984325,-2.175579133614784,0.129989348061368,-0.021216016607248516,-0.07425386029283026,-0.635862379239065,0.5431133388073737,0.6961292608506894,0.7018020099361094,-2.3052636930433343,0.48414566083192856,0.6300870911944724,0.6129317547363166,-5.619707886363569,0.30853517866805197,0.471404986152254,0.4949850824228025,-2.669672006369315,0.31181549644971557,0.3093422095802954,0.3286033973951613,-0.9938833131930878,0.2773152493598158,0.07135588542626595,0.14262277575919263,-1.1277080347129926,0.14152521238082033,-0.06430629996923733,-0.029818073181351438
2023-12-22,3.90710743721508,1.435544361104002,0.16876199941397152,0.696166412552059,0.7563415031044528,0.6901162622238687,-1.4379753602316478,0.5904658390908676,0.7103723170915953,0.6478426327820257,-1.8178531598492995,0.2125929268501241,0.444407741255837,0.4737318568212767,-0.8077960085733764,0.20005505870456763,0.2797703204117408,0.41022780980716833,-1.798127120100128,0.32365188594386357,0.15886729916531844,0.24010488454880385,-2.0794287634943682,0.08628854281266249,-0.016944045208872296,-0.07552332314409377,0.6631016456376928,0.5522058804493234,0.7013050139958239,0.701801344987664,0.47369434153286427,0.45211006248163943,0.6277884559512055,0.6139946594247312,-1.9553742810587718,0.2503990479754575,0.4463155698203283,0.4885842829769213,-1.8397853964969602,0.23892086970001347,0.27757469053956535,0.3244270288248041,-1.6982719870405436,0.21318100582186367,0.06894243163006546,0.14795234978250157,-1.9428782786651198,0.12607113307823103,-0.058879707291274654,-0.029407328993516287
2023-12-26,3.88458137704368,-2.252606017139991,0.3361553637234186,0.7344373927178529,0.7604477261015289,0.6843746590527123,0.5111395066629417,0.6243078517835701,0.7095470239651843,0.6471816806950996,-0.008017891305127048,0.24829114908303984,0.4418548275769384,0.4746453947428964,-1.0370460425705343,0.23185470000798566,0.275536393712482,0.40979505434289104,-0.6568108492270883,0.36550293231120384,0.15112487524491397,0.23911249954068123,-0.4667659232297824,0.11494311532921403,-0.03937744239684988,-0.0701186979736911,-0.4491122769691587,0.5690076639987612,0.7055397266923749,0.7019535294312279,0.2250816840557306,0.4634031212572255,0.6258623807990751,0.6113699550306029,-1.0688524225651932,0.263203373707922,0.4442131578299035,0.4821623403685926,-0.8118491148183278,0.3025117408840236,0.27348310101294726,0.32455325192015266,0.43275640740125443,0.3051464115824068,0.062162812608914084,0.1488643210102192,-0.2274894357146931,0.14529902262815933,-0.0709787857860217,-0.023147415728260023
2023-12-27,3.78795310842675,-9.662826861692997,-1.3704517737135042,0.7178355039642427,0.7595522210718549,0.6906234397113401,-1.5237640536949697,0.6171754023445557,0.7039173483604807,0.6543341465015735,-1.3719103743776384,0.28980178647126176,0.4381566784615344,0.48153661825151584,-1.6567854389185186,0.29193923832083113,0.2786381588576553,0.41857614922248165,-2.1229325529569154,0.38442221529516557,0.1714071528484594,0.2546089834490815,-1.4737818882535167,0.118974934400002,-0.030896177930943233,-0.058269943460661416,-1.4782605703706175,0.5648775354422543,0.7078268031647573,0.7077353516464011,0.6153206906682978,0.41225746207865027,0.5956046283997367,0.6037819354493761,-1.1175414745157375,0.26094780067033874,0.4358705822185967,0.48671369205211046,-2.8704333996929026,0.34665532495857804,0.2915517621531316,0.3391190181950258,-2.9066336020979744,0.3343765377344082,0.09842400199452211,0.17092568786511142,-2.8162292095228865,0.1735790428684838,-0.056763176574721186,-0.004776189626128701
2023-12-28,3.8489289731176,6.0975864690850035,1.4237616424855648,0.7254162189450607,0.7710484593310843,0.6973695010110655,1.2855205261284375,0.6314528978957472,0.7110732387820702,0.6616506598353714,1.2754838249573504,0.33482172482104294,0.45457383932192363,0.4931427300215093,0.08566652931654728,0.3425675956753297,0.28190125950148154,0.4306524775312102,0.04783270067255052,0.45590125627509853,0.1700771810767189,0.26940312756745655,0.2437049607119648,0.14566361188928909,-0.03535867112977209,-0.052788152726295764,2.1197378839715997,0.5761198366021422,0.7186487143839861,0.7132300314109129,0.7080760267398319,0.4192932209094455,0.6013124889593732,0.606422459173197,0.16730551980406405,0.28546713629075476,0.4426383251656136,0.4906219258946605,1.515797044474024,0.41744342520280664,0.3077055340968999,0.3587602063697044,1.2688849765999903,0.40094410772035277,0.11033844789218902,0.18728273820176164,0.6274945878281311,0.22275694117208342,-0.05499790064536485,0.002821778917281362
2023-12-29,3.85948694112431,1.0557968006709828,-0.9434969490571221,0.873624822591872,0.7655980959455777,0.694168927321795,-1.5037515002558015,0.7375708357198659,0.7016968742510253,0.6601417056882838,-0.9570329895296863,0.3817710876557728,0.4449986605711271,0.479264621231444,-0.35931574511448305,0.3224611753721972,0.2847650181578579,0.41027808019084655,-1.0622060769928034,0.39175536533210353,0.17230618891517177,0.25628000483226443,-1.2346917873552705,0.11968830484991722,-0.05700365486337166,-0.058063704660749726,-0.39776605030241274,0.7539715657187793,0.7132981033108182,0.7090147566637721,-1.7249662968450785,0.6351788559399945,0.5945509203275979,0.6149387809139286,-0.49336090740889915,0.3424439721699707,0.443714289757958,0.48672000438316804,0.40982367209184334,0.41023339036546164,0.3174151702769444,0.34188651378321705,-1.5008905456129282,0.35559256370108655,0.11246156976075904,0.18399717794345888,-0.6397423947094429,0.17709682097874418,-0.062163215758433366,0.017307330373112294
2024-01-02,3.94347033597003,8.398339484572004,3.1213652267918848,0.876911826247895,0.7767014096808802,0.6984199296697023,3.167730410076992,0.7715573569878859,0.7148769375165049,0.6552080274194928,2.021952329435232,0.41070331022489825,0.468297884298236,0.46323102874285815,-0.2576162104677122,0.279173084043612,0.3328082043509778,0.37051430314417977,1.3362297613377274,0.41868839508314526,0.2754134450146755,0.2277489529110545,2.5913509982553595,0.19801936784776875,0.04931651709646183,-0.06116411625013551,1.527740807224752,0.7267836082295277,0.7016883582567706,0.7036509237762687,2.530894822604384,0.651267542373308,0.6093065352655904,0.603329966400082,2.5091479234603136,0.39781940431715324,0.49723889494043355,0.46856847798037576,-0.39760545886300847,0.4082162248205438,0.3680833337011451,0.3089044343510019,-0.0762146136308477,0.35275162001107097,0.14667852991630495,0.16775761352108517,3.9354982860067844,0.27336329886059485,0.020855860131578165,0.01707179595834808
2024-01-03,3.9058566177203,-3.7613718249730255,0.7773188408161376,0.8568201170339477,0.7622183267638339,0.6932996843467106,1.208254774330383,0.738379998810338,0.6959721029533918,0.6467991640470684,1.371214804312749,0.3642847072132273,0.4534259009064074,0.452898316075329,2.1801608126129857,0.1979594399746528,0.3204001636213727,0.34962048759297804,0.15990890640554878,0.36307194004813403,0.2978684461978414,0.21278221826650098,-0.3429503363236419,0.18346792903897388,0.050339543693734105,-0.07316239666684815,0.3465626606923552,0.7085834599198202,0.6836723271364542,0.6982641490784169,0.9237490318765568,0.6332900631149273,0.5828423201092326,0.59507925013975,1.3872758380161216,0.3452352508523417,0.48779909321902687,0.46355383865603234,3.756426006281434,0.30332661063893834,0.3619552779366923,0.283139492509024,1.8026081004800354,0.27317868262195083,0.14798972864477108,0.14931080247268314,4.572371670866173,0.1926857969168552,0.010367614946242077,-9.369703975829005e-05
2024-01-04,3.99026214857372,8.440553085342017,1.6231086553335041,0.8349889443609964,0.7633448265173707,0.702535696082785,1.324871823594199,0.7236236059147954,0.7220984980506447,0.6519477314792438,1.4311059563632769,0.39885534083602503,0.5019928108644142,0.4616149836430563,2.592954479467469,0.2926936121849907,0.3844103952872368,0.37041555813325794,3.4355387631344514,0.522234900363945,0.3460953958890313,0.25023928099472176,2.0225223764145914,0.41644862106351643,0.12213569773261546,-0.05340149941846691,0.6885330227115551,0.6462455020571162,0.6644455370600002,0.6977170993316573,0.20890026560237088,0.5626464054880111,0.5916662219624664,0.5934631606875093,2.4539633637271683,0.3411262694833115,0.5470948649854807,0.47693390930859514,2.4073488799590566,0.34133243183630735,0.4348787468982744,0.3001460338264938,4.689035357646435,0.5310783129611375,0.21578137007533427,0.18845608505637734,1.5839413478940414,0.44862368198189456,0.06507925894585889,0.012010066826721712
2024-01-05,4.04099005980185,5.072791122813047,-1.1724219300590395,0.7971244414922211,0.7579944924241888,0.6983390631438656,-2.6794634217746243,0.6573179234673834,0.6890586123441208,0.6390917846076666,-1.9859787533622084,0.3525678991458469,0.46848920224803303,0.4491486754509039,-0.8935672516967683,0.26481641226223845,0.36328522589926654,0.3612002327429032,-1.931312048503008,0.47535219201874784,0.30693440304217495,0.23707893608329791,-2.00796539612496,0.40083640167233636,0.10530364479805654,-0.06009653965395365,-1.702576573128896,0.6109657453335721,0.6578013858776454,0.6867385401244418,-1.7429219624931518,0.5377129879826107,0.575115543594745,0.5962463579251761,-1.7793198388563836,0.31206778997203727,0.5216772164815291,0.46964286264263466,0.28720749843465576,0.3251121208858285,0.42488690475724156,0.2994858758407923,0.04225025648489478,0.5262980948546498,0.1941593270016729,0.19027947134732054,-0.37977779014876845,0.4979153466843513,0.06776457878259243,0.009990067850910542
2024-01-08,4.00111728753722,-3.987277226463082,-2.1155401957124416,0.7996885717178808,0.7556917557292371,0.7042215647896856,-2.164593439434224,0.6616847137576501,0.6858332646891696,0.6497690171208074,-1.9958579411926527,0.3698067823688587,0.4680792975683013,0.45887167917285304,-1.700387304103075,0.28789187034396685,0.37156656473731486,0.36556402192137605,-0.272441723465386,0.48399944208352685,0.317946127872542,0.2391525614527728,-1.249812104755469,0.41414768378407135,0.12722822425257402,-0.04338018899469858,-1.9253846972591264,0.6206691937178819,0.654305276296601,0.6852712227010334,-3.017746170002384,0.544412556564471,0.5706232777662237,0.6008391297133057,-1.7615057162029089,0.3367140845384492,0.5256927809532689,0.4815719507157141,-1.7338070917406694,0.34381534855054857,0.43394153302534055,0.31680126787577856,-0.8371265078112895,0.5484656791883392,0.19885883281696828,0.19243504536534572,-0.4860147526831673,0.5018356645291405,0.0761279620143629,0.013753469379174535
2024-01-09,4.01613446013593,1.5017172598710715,0.7539991370792511,0.7834891082776804,0.7591290071068312,0.7090594052779337,0.9382971409425471,0.7039126622470347,0.6724662503583874,0.644499696701347,1.8304691571837506,0.5788010259623168,0.4313212621681675,0.4366306763981758,1.802305551692951,0.5219114616150943,0.33749381384655164,0.343574080782141,0.7003533316332162,0.5396931373416674,0.3228509285868956,0.219029839581189,0.18219149648671973,0.4223013080409428,0.06008039399936872,-0.06212337789760304,0.5453023059939606,0.6113876539856641,0.6305233561500583,0.6837291780957709,0.7981780575521247,0.6002758516153934,0.5565734158337514,0.5928008655812081,2.755210273836896,0.5194379261267291,0.5099818888185514,0.46110243778599835,2.492629343707024,0.5497897022768121,0.38090276970494824,0.29734114563503483,1.9508442610985597,0.5740815061446836,0.17884030054908007,0.1671047172623851,2.397347431342208,0.5472515669296106,0.06439839735193792,0.017191032277176485
2024-01-10,4.02928404004939,1.3149579913459775,-0.1421756204106399,0.7850639099264488,0.7591200455631922,0.7128736889460513,0.20453790826461438,0.7177059534880741,0.6733311037007373,0.6526932281448272,-0.06075231718210894,0.5936958381647462,0.4324567157757317,0.44227765768249533,1.0440172382777344,0.5340848538148755,0.3415928098959301,0.34108660355579673,1.3082711035955903,0.5437535534112306,0.3268221601920224,0.21570554750450563,0.5034886024095904,0.42800405492446325,0.06600353888826105,-0.06183421794660887,-2.219461489768057,0.5823621264458084,0.6222722707869397,0.6782352642254622,0.5430352668817213,0.6214594346840311,0.5598331572164036,0.5944211261124107,0.4677399600829468,0.5393886904309475,0.5129852237743445,0.4574196893905236,0.20417545748552324,0.5513503616573457,0.3821259122929535,0.291775868319071,1.0652365498686658,0.5979597622190501,0.18179691707273202,0.1611991047224684,0.6627047159539649,0.5661043948086493,0.06743019377660589,0.012957483377269497
2024-01-11,3.97432235611871,-5.496168393068013,-0.8952865421315837,0.8005571101765027,0.757323074910936,0.7108454446199735,-1.063013026347904,0.7332320558308301,0.6761239045415636,0.6442073747812721,-0.6326284230789438,0.5906253074121873,0.4290991699068733,0.43218943943102917,0.7261473849636157,0.5011543034401157,0.32855576666652625,0.3270514192040059,-0.4992625340709438,0.5341467548184331,0.3262454393633194,0.20835457560982884,0.30326082265180876,0.4095175206093164,0.06086180795324069,-0.05708260881286279,-2.9429219492469922,0.626765762231343,0.6260323489005832,0.6723975564243359,-0.23625127562598447,0.622072645019476,0.5657071144432088,0.5793346576364561,0.4950168959495045,0.5140631394417546,0.504799579925687,0.454857558130573,1.5684696645123202,0.5091844258427133,0.3627066309064731,0.30311707375372515,1.1484333264856956,0.5724427279262335,0.16830395364096645,0.1514648367341591,1.4989602767508639,0.5258303265072778,0.05918095017432147,-0.0028719243713897827
2024-01-12,3.94931464156287,-2.5007714555839833,-4.15111884543705,0.6310645863448944,0.7054988982946049,0.6977244174243823,-4.520713158380732,0.5760649253764167,0.6303929487738388,0.6397637330750272,-2.9970751937402884,0.49337135631380746,0.4007033446189202,0.4436515819244051,-1.9936758360303042,0.35803887895227887,0.289897524721485,0.3270055962464243,0.2101731903779518,0.5082159453447804,0.35614831537123626,0.2247980966694016,2.5850013460640318,0.459448173075012,0.14614255186086383,0.004322743613718097,-3.406759820656026,0.32902043779235873,0.5605446294035664,0.6533143374481434,-5.933098345442957,0.38397265782269113,0.4819406482557376,0.5711774025725467,-3.7275474245039772,0.4595192637592637,0.4327872356394949,0.47464052314587457,-2.456018382997695,0.44093608436480175,0.3132466594583799,0.3325328374810997,1.6729556262974077,0.44417661739563485,0.25322910160558426,0.15218043947446847,2.92419916474016,0.494262305364009,0.19919949846745313,0.02329877582406198
2024-01-16,4.06475469209608,11.54400505332096,3.2103130680101377,0.6420197176505669,0.7019531823409546,0.7052870960075573,2.865094040318573,0.5297822049739972,0.6251984146228504,0.6477207768335959,1.072054586875315,0.3969045017554525,0.3747054638066192,0.44206920411202233,1.6763941825770874,0.37439049178288153,0.3303350326686819,0.33151433733938324,2.156333781697024,0.4935288160378227,0.43333442146608575,0.23673629793201365,1.6860025177576965,0.4314943805685633,0.18041814605265294,0.023378872922491904,3.63304704458415,0.4810734764057936,0.5621399984948774,0.6606139523949076,2.106772793118252,0.3209575603698235,0.4698306051940223,0.5768438067636875,1.302193147544896,0.37360840019183866,0.39941870879623076,0.4759543293179153,2.670476663236259,0.4124858407005311,0.37542143225536057,0.33869487862990566,2.3551326457596256,0.4803817295901374,0.3627568940490777,0.16107423601893356,1.3019138469159683,0.3486655529377559,0.18430272857112698,0.03505337092255093
2024-01-17,4.10282841838417,3.8073726288089915,2.107584761278211,0.6707964064429272,0.6951685622184369,0.7032310889879602,2.36364718453696,0.5604379209759708,0.6243470387364652,0.6402403197023687,2.581174835044032,0.426468524603598,0.38243533500953597,0.42834351134240134,2.2314607305857592,0.40039170888800435,0.34619261925110295,0.3155126349082275,1.2066852225435518,0.573555090816022,0.45759122549064096,0.2542563058543197,0.6874478523230403,0.4866415229403177,0.259895360784956,0.08307712861385322,0.8978202390033507,0.5120345142821556,0.5423574444177008,0.6546276339410759,3.027525152392969,0.358118094459415,0.457482025489612,0.5690508232246253,3.632462070055248,0.4142353164838612,0.4036057586676578,0.46583827476034145,4.040115942190496,0.45919456375814216,0.40242787346286196,0.32925825844336665,2.439959915034592,0.5352419014393454,0.39170988615267144,0.1677145654550901,-1.545469206436544,0.3278468198122628,0.21607997730514536,0.04633633251103372
2024-01-18,4.1429769139244,4.014849554023048,0.3315623497048352,0.6757963262235359,0.7098623959040969,0.7255356259519053,0.6700818385369185,0.5641286134043602,0.6333954198869092,0.6637285001393698,1.0155454099717793,0.44176272041713116,0.39999682223979305,0.4650016649019837,0.7672795341737568,0.40301547666672577,0.3681494124820435,0.3476087913367933,1.353384966918218,0.5799468444136765,0.4862118660519068,0.27150641985964574,0.33667736783940805,0.4871481010600294,0.27281091007976427,0.08005169798126971,-1.5071614233649635,0.4734422605439772,0.5586643069213381,0.667947522578917,-0.7892581689203265,0.3394890971895125,0.4716821534449168,0.5942308014007491,1.4007611283181314,0.423451386570772,0.42334133094048393,0.48857737261901396,1.2457791559380351,0.46693303555501975,0.41664531851589637,0.3548186252166191,-0.18665077664463037,0.5186070931222259,0.38621534511537287,0.17038146026333126,0.13724727860671682,0.3198559064073054,0.22660654302328959,0.03949338564217938
2024-01-19,4.14464620195392,0.1669288029519933,1.3416654522225153,0.6753014127948521,0.7107287509483914,0.7453264661549017,0.6711790075538048,0.5477465858613976,0.6356390204662081,0.705125430080276,0.45582381436990405,0.4548219096810124,0.4078431800782755,0.5186362676991092,-1.0687394966818151,0.45301875050314655,0.37177520457302865,0.3740069670434732,-1.5161462950177471,0.5896375193423207,0.4807297969686303,0.27672704456145436,-0.4848677924465722,0.477710488742033,0.27066270645134144,0.08241439579342678,0.10808177007578545,0.6003907718302616,0.5656120360463287,0.6789064806468004,0.3828105799838015,0.3185756555877673,0.4874989929545293,0.607349140039327,0.3815970599684768,0.41073101327885025,0.43127815253344987,0.5214688574576999,0.14549052464975687,0.4709892866328181,0.41853272034425903,0.3743509411925121,-2.9667479703014497,0.4979821826956486,0.37063303330350084,0.1611751990910363,-3.0902318659659773,0.3122622221472903,0.21614140285805225,0.033563791710718285
2024-01-22,4.0927960986321,-5.185010332182038,-0.38596326754057575,0.6717756628726447,0.7057157881113719,0.7531065796218959,-1.0102901687813084,0.5592204768708587,0.6350618885840238,0.7119753600917114,-1.7527213275861824,0.4570223923433014,0.41386562827184903,0.5248939176110411,-1.4181037495706912,0.4249926018653592,0.37824416850062464,0.3782896308676786,-0.03403788659404494,0.5314251996981016,0.476710076416845,0.2765009757713965,1.8468324115978558,0.3160127723372381,0.24383536663169628,0.07579044087270466,-0.16774891098076816,0.6426163881931184,0.5612785816858881,0.6958555170893044,-0.43556200234329623,0.34943931519990806,0.48259435500305614,0.614212985741961,-1.6916812559104288,0.39851931156525217,0.4361365725198834,0.5245014555220717,-3.2217622205953473,0.4749710855823645,0.4313035097835998,0.38028193787120385,0.1549697825816545,0.4368278548731072,0.37193848169864924,0.16406788163053607,3.0423255017174595,0.12099100660534896,0.19120713618424173,0.02867640331469384
2024-01-23,4.14063552874343,4.783943011133029,0.39099702563311367,0.6703756472973971,0.7060069755873264,0.7557601225866021,0.8038928014730913,0.5890471008032625,0.6409194073548332,0.7069145517497452,1.7493428816328416,0.5603373329972109,0.42730585771416696,0.5179617867508622,0.5737535043325321,0.49268409991706347,0.3865319238968631,0.3796672837911858,1.0853092825586272,0.604796525267809,0.4932192968857385,0.2808276641501874,2.1727416097762293,0.3729662690871237,0.2660463133115265,0.06553085354860322,-0.7275364049645758,0.627405940017763,0.5539350884274905,0.6857485595245788,0.3383979900604448,0.36930729294784986,0.488256525071729,0.6039774351522085,3.108330951991008,0.5174623728251899,0.4511868172523837,0.5152126605058472,0.35291534167438077,0.5008667617979661,0.4339318615665269,0.38300491035417544,0.1479132728387712,0.43649981924677517,0.37191021239875044,0.1712910684058203,0.9527524024518179,0.13171867550088645,0.19681386456075853,0.0030476000627108345
2024-01-24,4.17713491431995,3.6499385576520105,0.37510993819706206,0.6689625427431233,0.712930589350399,0.7555719856792295,0.8094539662089424,0.6029661928996023,0.6376592436845645,0.7058519886014839,1.177203194292746,0.589424148673838,0.41952146240883004,0.5069397007251661,1.2896277177976896,0.5068759646879676,0.37695703667648256,0.36312545373877914,1.538868602260973,0.64409427432211,0.4933171720911888,0.29466832325205244,-0.1478686084814207,0.3931266339179359,0.26713386333386574,0.0819013750177199,0.8559429161113066,0.6365902025933523,0.5576819167057129,0.6894973045107393,0.29363870908176093,0.3715257723000848,0.47606097887862736,0.5991505467071125,-0.370135017719473,0.5250872583441186,0.44075848635744663,0.4979773305051878,1.5829403547307261,0.5246580741406193,0.42656369595724364,0.3715186887498013,2.338104538831811,0.4641962697003816,0.3693647085386042,0.18932603625154135,-1.3959863245749164,0.11253178578901385,0.19345030913368474,0.007640236020815535
2024-01-25,4.13085928962617,-4.627562469377988,-2.1431611554857857,0.701849868453181,0.7401863567806524,0.7630986764691201,-1.6252138560622402,0.6362758409490941,0.6606055304954509,0.7097087023255616,-0.11700830143276786,0.5845358626279984,0.4336079256218998,0.5050517430273044,-0.12866491463737617,0.49137659031918596,0.39032608270559677,0.3628995331738336,-1.34076315540816,0.6587993369658369,0.5227881653623576,0.303298102155473,-2.6242868744351036,0.43935958095569017,0.29773544825888276,0.09203869230241477,-0.8857557559724577,0.6383141007865805,0.5714533360718209,0.6948368242982437,-2.1205201180464,0.416140421350345,0.48475264295079357,0.601962245201793,-1.3314546250725374,0.5363632830400151,0.44245163517531033,0.49893223396416425,0.3135747468766401,0.5051441643682077,0.45312195487406426,0.3690480121652731,-2.173820152372925,0.5072377314437824,0.43671512861635475,0.19543459143313618,-3.4193301499648636,0.1881531875182871,0.21598798656167695,0.016429351161748373
2024-01-26,4.15947285339532,2.8613563769149586,-0.34254387781846407,0.6996535272577715,0.7348020929242638,0.7674835300218964,-1.1246818397049503,0.6188061863734676,0.6583363883242507,0.7059975818705864,-0.6833332451944254,0.5409322175873815,0.4654326866198664,0.5012950240932896,1.4121318255116608,0.4117897251537176,0.4351548662055513,0.3664437469040352,1.4171076470264672,0.5842362694813772,0.521167829000409,0.3099118124536721,0.8276288027339744,0.37062471156147414,0.28250737835264816,0.08954208175553326,-0.7641827407855296,0.641765961677567,0.5601028201102519,0.6985516580329674,-0.1386198000859904,0.5186831379997586,0.486052511473689,0.6004457971904378,-0.606321578827155,0.5080999451895011,0.44985856728824974,0.4966497431689745,1.28198087740989,0.3952503786811929,0.4674417696139872,0.3749405663124962,1.9116431758285053,0.3942495466257591,0.4358221108746957,0.20673833019522683,-0.15993890346597955,0.031318475342749896,0.20701203793793083,0.009126830692933713
2024-01-29,4.0902197203309,-6.925313306441971,-0.21107065694058535,0.6549619544752671,0.7163640181760901,0.7644856329521788,-1.6836877543167807,0.6240126017204862,0.6502584676876264,0.7064218765651669,-1.708560314735693,0.5692269998467951,0.46350656443988936,0.5076345748345723,-1.153123562747075,0.48246425424579553,0.45027960239497306,0.37026646585325657,0.12740388463726382,0.5912557839806186,0.5467466633223094,0.3066482539488538,0.34417729257511676,0.3598719411434395,0.27652026134749713,0.08557476522738733,-1.3181799359058108,0.6188639492488364,0.5480563583686908,0.6985434763080394,-1.691781380947456,0.5265405046938753,0.4719361157724739,0.6017858068588254,-2.032517367357965,0.5704459280250802,0.4458525834521641,0.5046119112549324,-1.5129493597790682,0.44476806678699493,0.4816287872701159,0.37982958978551856,0.7611954282707648,0.361243967149581,0.43916698061010995,0.2013595107209876,1.3279918197188922,0.0026711605980771587,0.20721048978436224,0.00039512970172864614
2024-01-30,4.05569855601934,-3.4521164311559716,-2.0400281619680993,0.676187970735288,0.810144759799221,0.7603040280380191,-1.9311151519116845,0.6469880105031095,0.7196598441446617,0.7012222656332955,-2.4259372829284414,0.5970047373657632,0.5046882967415767,0.5007901443464339,-1.9182729425690357,0.5143308689981578,0.4561216907762642,0.3718553250203562,-0.3653856177071715,0.6233058647028678,0.5307434560727976,0.3124005811446511,0.6968473190019875,0.35697911497729395,0.2768022233508386,0.07136537451919708,-0.5658658033475743,0.6093599980280084,0.6453149732016443,0.6913294766685716,-2.703044021886371,0.5553249729751234,0.599120594898955,0.5990947043538185,-2.979592919586816,0.5944953715961874,0.49167618500704474,0.5036338230212934,-2.6223669261502627,0.4775642949419733,0.49097419681268917,0.38480843847720814,0.15146875436133111,0.38487268753597653,0.4308532701381675,0.20965513546255304,0.4650952341636354,0.007161134634456653,0.1897567886794617,-0.006546099188519947
2024-01-31,3.96431260724418,-9.138594877516049,-1.1686307233411393,0.6259913746152415,0.7906456800033589,0.7539514381174164,-2.1990244924513225,0.6225927717419785,0.7215451695933354,0.7000777012031878,-2.366359206691328,0.6067609096049184,0.49420610740309834,0.5064690386731825,-2.0671995843261923,0.6317214282241259,0.4328642037967721,0.4181099205676118,-0.5080034928107842,0.6219355001867887,0.4993763042403371,0.3707848063847845,1.834213879982368,0.15110953589043688,0.20109322997938697,0.0901934443380573,-1.1554114939849858,0.5527977101461886,0.6267952303178309,0.6712688433886785,-2.2962374759646496,0.5290712123082865,0.5937549414549141,0.5976881204667571,-2.0495380746709824,0.5884171466573195,0.48268629239173527,0.5271653312890352,-0.3564221671918304,0.537259411644027,0.4681623143571327,0.4222086108128305,-0.0707655197563839,0.4614388142582609,0.40651935170543535,0.23768060649920747,1.9339827329630654,-0.17498099092657557,0.14406390587561652,-0.0015554592396919656
2024-02-01,3.86240137465479,-10.191123258938983,1.7972307769166713,0.4821256035055728,0.7200196830309594,0.710468491034523,1.0103890297348164,0.541046493506103,0.6650914357431509,0.6649232263962799,-1.4645225780415032,0.6673537391746576,0.4907289767392208,0.5076212448578964,-2.4388855298314565,0.7597040291317703,0.44809059579868227,0.4392653795876633,-1.5876827718936322,0.6705297156781836,0.5001131318690668,0.4004525504900771,0.9637085065750717,0.08983233732710068,0.17309481950940397,0.07512264071083019,2.5457430467422713,0.3260784837569254,0.5392123160881107,0.6158997002505923,1.9764659687008317,0.38953739836245843,0.5216909171684849,0.543817281002979,-1.888970112873536,0.6432922181921434,0.47964306446675414,0.5302662683098078,-2.318535441272224,0.6899340000868168,0.47292095131922113,0.45072087646075365,-0.945594670733696,0.5303793542965283,0.3947271736506395,0.2513146979330387,0.638698559479776,-0.1140677168625967,0.11227404125050669,-0.006456670788944047
2024-02-02,4.02941367092672,16.701229627193026,4.747858125565447,0.6164779127032716,0.7356828511497134,0.7297255645034005,4.319475159708249,0.6511498162329726,0.689524896596401,0.7061386484112152,1.53310538311024,0.6550281745714349,0.5051124891409389,0.544377829471312,1.2190770256178878,0.6961621319151232,0.46265395337080023,0.4743097297473091,0.7103677932846075,0.557340665887469,0.5226171831902842,0.4060607066871707,-1.2490839346567997,-0.15840029264689467,0.17271859204582746,0.05907751922751707,3.2667198451388963,0.47197215186577146,0.5445774402160843,0.6167039479429552,5.407106062549082,0.578469646785451,0.5659236494936148,0.5934217936889812,1.6487326400314752,0.6057178248934826,0.4590872828112073,0.5674239864760535,-0.6566915706968004,0.4898691619792003,0.4066260589077292,0.4564365064820364,0.6780521398255681,0.3732348350527767,0.4619332539714791,0.2589639229020396,-1.5880356543991039,-0.2820898227785206,0.17485566278471765,-0.009987513593134609
2024-02-05,4.16270644188275,13.329277095602965,1.5613765377876354,0.6570354749214631,0.7264411928569993,0.7304417315328467,2.902321329002275,0.7650212773523795,0.7026028092415807,0.7138617239397643,3.711664796690496,0.7756463964928567,0.5467469990340136,0.5674896796981866,3.063679246655597,0.7787159397553903,0.5011548609455958,0.4980068661759968,1.5229038688074334,0.7234105250070885,0.5359110446433072,0.41506800600416954,-0.9922029800569248,-0.19192468290304254,0.14791248458130085,0.04191451049290864,0.1373793536976864,0.48981772829752196,0.5365502243213158,0.6105532147243397,3.4945425100082628,0.6651366815026336,0.6089421001513362,0.6091318983083924,5.645801590138538,0.7238695951605105,0.5161250455244444,0.5914946781353462,4.296647217507504,0.5834930496977356,0.45136578306639097,0.48241715374461724,-0.7976428522356227,0.2706539058618177,0.4152030933810127,0.21872782252009243,-0.455005242912768,-0.2857089540350013,0.18307522035097074,-0.01321035818577235
2024-02-06,4.09138672361555,-7.131971826720029,-1.7238544689856,0.6664148285976975,0.7308610247845844,0.7283119589363968,-1.2031648269716864,0.7639922231020027,0.7019202199340578,0.7097349644139705,-1.8239964298455618,0.7833323300911743,0.5597950649474435,0.5694495375499353,-1.8044103564673633,0.7887797691773634,0.5222307181713834,0.507172417743535,-0.48736870548505573,0.7283139246154072,0.549385011254711,0.42368374300044837,-1.764005961620032,-0.13457037710644032,0.1751002479956445,0.06915314171448897,-0.9186806111497808,0.47998482708484674,0.5425674384665002,0.6038031028154777,-1.2632640004516722,0.6619950560797365,0.61089586305913,0.6035880189228574,-2.12750838020187,0.7310010132904622,0.5373720866590272,0.5959741002251154,-3.1711022674114284,0.6033964916935111,0.4754283814498023,0.49546064104137316,-1.1692747108324322,0.2932959473058783,0.43618450553493143,0.22710249379102374,-2.295924380983392,-0.20805369552942407,0.20511721306042047,0.00623520176732955
2024-02-07,4.09444956370945,0.3062840093900121,0.2929316001360065,0.6659199353715879,0.7162524564548806,0.7290898999005824,0.13713954300736964,0.7647351318852573,0.7223359573682812,0.7017172613238178,1.8146676448281185,0.7755688924448237,0.6691497528442131,0.5468226316711752,1.9730174010837025,0.776090537476602,0.6473912798062036,0.4862256181857698,1.0046224635417595,0.7213027776409083,0.5832150631882391,0.43023471857450274,0.5717670581223357,-0.13356119931782295,0.1766974554601108,0.02496078092131541,-3.4980956191017603,0.4471132269010112,0.50834648968091,0.5742296005474332,-4.812413457153581,0.6082626194358121,0.6052892663420036,0.5797235993780475,-0.9749876845185725,0.745044915214692,0.6339983622343988,0.5888968436254932,1.7829949735397568,0.6040070243158727,0.5775211319868427,0.4644241706895094,0.01992160540164445,0.29372331789408573,0.4461392662467802,0.21011271302929085,-0.8135871653155071,-0.2247469576263061,0.2163147666895423,-0.010678794456201596
2024-02-08,4.16858880426155,7.413924055210064,0.6699260389116963,0.6636649576763946,0.7155814118010903,0.7282384174686016,0.4735005379225763,0.757204883998861,0.7274527734162397,0.7008474777172051,0.3635087698064927,0.7682328912020473,0.6777099890005066,0.5477301486620032,1.544011057098739,0.788290788942751,0.6624788411493564,0.4960687346294452,-0.9288619300012608,0.6412810683149138,0.5580324731416918,0.4147824452704288,-4.205211880008067,-0.23110867672207924,0.091347896405559,-0.024857392990823363,2.2430004530881695,0.4947153409264932,0.5239087596394583,0.5834185327721876,-0.07806529970041609,0.5980524246827389,0.6085768943163159,0.5780996164193127,-3.4803283101812066,0.6311331980620131,0.5885076184054612,0.5568221304150038,-1.1369015115048193,0.5591782252342103,0.5536569293223048,0.4522609324448142,1.3312521752910977,0.31524777057360387,0.46474543249052086,0.21828741993671752,-0.11925413557315201,-0.2254346051365629,0.2168618592067727,-0.011518530134092042
2024-02-09,4.18608581160411,1.749700734255999,0.5641589939367263,0.656903898913474,0.7262350976874585,0.7298486756118574,0.19530427181923843,0.7532404339808211,0.7381627736745214,0.7055947541362764,0.15234037034012804,0.7701340646870111,0.6790626910776024,0.5488188811796523,-0.35426798330195525,0.8194582648637507,0.6590641099117105,0.49528625858248354,0.40601741748741343,0.6308047539542161,0.5556957532184598,0.4160498830160617,1.054029646364874,-0.2276670018461105,0.09505906766485173,-0.021258860744549184,0.2588327313488832,0.4663455260589423,0.5446456970291174,0.5843252237875309,0.05959491463356814,0.6102757783802619,0.6159143207129825,0.5896832864284964,-0.23546124462256968,0.6593228043635139,0.5873267872154365,0.5616691220840067,-1.4875180992540449,0.5971353770255803,0.5429400245128355,0.4472727212779304,-1.0564392741031583,0.3375913768116729,0.45725598269336,0.21408272643319975,0.3830143773834078,-0.19303562649194164,0.21058498926041475,-0.010970268547903787
2024-02-12,4.16761761282563,-1.8468198778480271,0.7747461189428255,0.6986864170881013,0.6667018875563854,0.6917169142794704,1.076720167530541,0.8037003820905023,0.6695676550699468,0.6767955435496739,0.6260314764445154,0.7815093754255977,0.631582986918836,0.5317917660247681,0.15892118148797119,0.8233800010163886,0.6081290280812196,0.4750002433878081,0.3141625796331904,0.6298922145492601,0.5220807148824845,0.43529987478204596,0.8316566122228606,-0.21085466903751138,0.09677317596551088,0.031860506422930576,0.2850412377541567,0.46010026075130145,0.40572808032454843,0.5296524594283722,-0.15254166244109446,0.6409460408229467,0.5431105203552405,0.5447452875385155,0.4047542132950017,0.6539722617577111,0.5616961547603281,0.5170956354433848,0.8653110278888319,0.5792685378031435,0.5055963572422324,0.41598367404473785,1.0382377605410145,0.3576298205610718,0.37195323881922693,0.2785638731708822,-1.1447870631746366,-0.14952036020997722,0.17200767549926874,0.0929146088561628
2024-02-13,4.31530635165388,14.768873882824973,3.798043704936694,0.7187019573370937,0.677312596737017,0.6972400841504461,5.0834776527172165,0.8207675619272924,0.6865992336293867,0.6914262192154723,4.046139965700576,0.8301054471849816,0.641667329185606,0.5506342518747332,-0.24863445570675324,0.7221574862969068,0.5510403342352762,0.4633962490227206,-3.3226798152023997,0.16618546714259871,0.3100893655809066,0.3560771647601933,-3.531240423339903,-0.4403526024685331,-0.08021338494268249,-0.05216029916210423,1.623154244592064,0.42083867813661335,0.4304600890172239,0.5161640972461576,2.9841291324011845,0.658949354552656,0.5351182898764403,0.5472945090806988,6.0672026108169925,0.720117889793489,0.5873293246057403,0.540224309397165,1.66218614727536,0.5553286767925242,0.47748840966939443,0.4416966952848381,-4.663223549372033,-0.05246552598500715,0.1790736727070507,0.21558215753374071,-3.7901092719679683,-0.37799425084281846,-0.03275237850425847,0.007193736840040358
2024-02-14,4.26616978307302,-4.913656858085957,-2.062918283261235,0.7282818391959199,0.6942066871830086,0.6902424088001607,-2.3799193655117854,0.8281437728167078,0.7027246644008065,0.6884430866933512,-3.1661412549901056,0.8341790048453651,0.6560038763949383,0.5507341246104784,-2.0972979371005085,0.7453211115942873,0.5674662377972803,0.4698152234163224,-1.815578515697427,0.19612008264560957,0.35698553708460357,0.3719708092250018,-1.727522493001536,-0.4044703511658183,-0.05316727333265562,-0.0032153853032881436,-1.311379969823885,0.43400058627559074,0.4526350876081291,0.4983416339218917,-2.856150592122544,0.679241978721697,0.5548870384102568,0.5367199336178685,-4.832283165603306,0.7335551892088606,0.6092230185718337,0.5386224534309224,-2.153229292958845,0.5974565133567976,0.5097097209421175,0.45572239609271303,-1.2516590766867202,-0.06081958034832481,0.2070672118974797,0.23261820789683957,-2.7992482183264227,-0.3033729716700151,-0.0004940161394021267,0.04932224790186851
2024-02-15,4.23879364441174,-2.737613866128008,-1.91354066473512,0.7276193492842141,0.6988405690122103,0.7016357443495506,-2.186551962616986,0.8219107744036912,0.7057144042508862,0.6929680464052788,-2.473561175486902,0.8240158444964082,0.6695016461453452,0.5584234442378143,-3.3078459559268474,0.7145869110208458,0.5704413318891493,0.4800183800888714,-1.5017222876225924,0.19414498163200922,0.361158184932706,0.3846953451027756,0.32288510076595145,-0.41964100493583956,-0.06648302454682092,-0.005257635528094494,-1.2614366130853214,0.47491714059531626,0.45592289061325114,0.5199460999249826,-2.5636080884683006,0.6904102981284006,0.5578506120395303,0.5506732600864067,-3.3804890681501987,0.7296276980036006,0.6167938899626747,0.5458211809935722,-3.702507813203744,0.5847342133681593,0.5191954573660046,0.4594199404138826,-1.9486390141383998,-0.04083716651800344,0.21299902283531574,0.23615063894920266,0.17885441956831993,-0.32217935868816283,-0.007338016012481666,0.04916562586814157
2024-02-16,4.29391518913925,5.512154472750996,1.8096639193582593,0.7426748763819861,0.7073393184088909,0.7074303115994116,0.2233072076033249,0.8178603615370921,0.7003859152245266,0.6942264150846881,-0.7698985894936512,0.8065106307530489,0.6659197868015954,0.5584012711996108,-0.3450847438129503,0.7091084706789679,0.5884678074479648,0.48241431753592173,-0.7387331726485122,0.1808174462395345,0.35518981081701273,0.3784164358848467,-0.5515693607847072,-0.42089463174560754,-0.07769803230297567,-0.009713475199952444,2.0411814176895424,0.49157773506302127,0.5191452634456435,0.5317172850889512,0.5395634736872224,0.6948701223781685,0.5558564321119688,0.5648304991511071,-0.07899224904009938,0.7301115569086828,0.6134041565615863,0.5513393870508839,-0.18759602987262392,0.5860116225746662,0.5192609193303739,0.4590636081573185,-0.47139053218965754,-0.050374504370884275,0.2052812243777343,0.23031978804709732,1.0139763744438528,-0.30668181536938466,0.0005601093117890249,0.053906555289281635
2024-02-20,4.27429985881646,-1.9615330322790392,0.7438678104874561,0.7340403664568733,0.70135111579216,0.704213764619146,0.6472433383916738,0.8062172882431666,0.6958666847454333,0.6913922459415566,0.053113868461222236,0.7955671260983875,0.6569175446413413,0.5569709179359041,0.6676880070041471,0.683088275886607,0.5733141132562275,0.47881226911856245,2.5299530730038975,0.13322539312804685,0.2974445707023089,0.36253348163891713,3.5263890016793087,-0.38831322439276533,-0.13874752994413092,-0.01815383756755145,0.41644257893696013,0.48763218331756586,0.5358861273112836,0.5301602794742305,2.0262594401975678,0.6676185354593194,0.5508035730965885,0.5547429036082082,1.3436070726641247,0.7053210619162875,0.5940858852276891,0.5465765651293286,0.9537222040998177,0.54610948189988,0.4982165550414139,0.4586236765457277,2.558854891829088,-0.06888031744876952,0.14720200754916196,0.2250877837433833,3.8258275908278403,-0.26393877295339335,-0.08543744125933067,0.045429133255118305
2024-02-21,4.32162260600282,4.73227471863602,1.0662505999327445,0.7403535508508509,0.704841170625259,0.7060426281596301,1.9547054860037374,0.8074302402866548,0.7132783318296957,0.695598859685366,3.3760774445841983,0.7749722368959133,0.699048827519365,0.5604689471650411,2.0562743981509892,0.6791077429723923,0.6090760731650359,0.4889997919496491,0.5115636878900158,0.12424525631758884,0.32023477795484034,0.3716467898400808,2.106983063856192,-0.3905436164626618,-0.11766063787541613,-0.0028360362121525044,1.5773076935541017,0.5171243181036171,0.5426842820350702,0.534579402642219,2.158167318654787,0.6723966588367977,0.5649237408041412,0.5607598511482478,2.7967382025790717,0.7069857933221095,0.6404451395411012,0.5520414815866748,1.403386317233024,0.5508981638928462,0.5167860684310912,0.46547145520168126,0.2697901858538243,-0.06704741702673182,0.15002818026137793,0.22791923988398655,3.011162873549792,-0.22042695181315555,-0.06205626340037332,0.06047402397640525
2024-02-22,4.32563127566386,0.40086696610401873,0.22512349635380446,0.742495159570649,0.7049640776618549,0.7104246775651047,0.44480323446692416,0.8059391146456105,0.7193826536279906,0.6925757762125647,0.2943847251728512,0.7723873191440653,0.7090288358387725,0.5540993085461273,0.4504612788201664,0.6746340948936385,0.6105756139181939,0.4799764262650093,1.3304656650768991,0.09983496604308886,0.3235378560735185,0.3635694114809086,1.3888458918034146,-0.38768954323128635,-0.11933370106731571,-0.002243508117970738,-0.5152228718484531,0.5121957276571714,0.5435457664427352,0.5343160270350994,1.1906321226623744,0.6666526877970979,0.5612957289310867,0.55251123398897,1.3122354927477504,0.7010797902729228,0.6429731460684937,0.5465403122668225,1.3465675156985184,0.5358152470329003,0.5200745023551607,0.4556661105241821,2.463166805312019,-0.09941521738405928,0.14738275037469467,0.215864691846703,1.5869906776324834,-0.20976632040640003,-0.06273352185115151,0.06421685986087333
2024-02-23,4.25881705861284,-6.681421705101975,-2.213555828991712,0.7519943364582925,0.7188709483284696,0.7275070692121742,-2.387275994782163,0.8107636393761406,0.7342111159535508,0.7083832056236858,-1.322815736663782,0.7851015498633419,0.7155340211743977,0.569221495757355,-0.6919089987678976,0.68113002606572,0.6090511049374798,0.4918861327484889,-0.6572500054302242,0.08799988279674874,0.3280967932897876,0.379457710076469,-1.5597144983733058,-0.4045186811215605,-0.09176421855299277,0.017798148660774556,-3.3233621040653434,0.5357408632384159,0.5640364937863239,0.5502398006201996,-2.5906855819235246,0.6735761036920528,0.578826099446914,0.560373938095506,-0.5354495709335917,0.686484567327359,0.6365682251851872,0.5435436792290834,-0.19374681648276135,0.5393973023173845,0.5132619303999797,0.47458242248675686,-0.7660055301924762,-0.12690847314964376,0.16225019886812309,0.25702228034387625,-1.8190219276666069,-0.23664899374419762,-0.03486624416558675,0.07861023202698765
2024-02-26,4.29822692596237,3.9409867349530003,1.8063926459436128,0.7636304889575588,0.7146625032841151,0.727163507156705,1.0765285574353023,0.8315426792515556,0.7329496059493781,0.7108844417438549,0.38660494546801916,0.792719795140748,0.7129238411964259,0.5937514045247428,-0.4155333230009086,0.6793123751960467,0.5878382902102122,0.5179612725518831,-0.7748524249815743,0.06296197295312053,0.2716634284708308,0.3680762910427456,-0.5877475449288065,-0.41822406873566254,-0.14033309429920057,-0.010414938039975969,1.9457998491811503,0.5512120057005656,0.5573361275970385,0.548206087075155,1.8840244447965342,0.6791494649220216,0.6153503318540664,0.5633269628032849,0.6950778829067135,0.6920822377820945,0.6406972528545232,0.5510048791914489,-1.2272726687957567,0.5231996890212465,0.4696068512622525,0.4754973208343671,-2.0535820147112065,-0.17158963532789245,0.08170730980408565,0.23815662059891327,0.34443026170125446,-0.23060227144992024,-0.10134106981061926,0.07319728929055001
2024-02-27,4.31407220971851,1.584528375613914,0.40716651377436486,0.7681877756816864,0.7113987730439848,0.7234806424962853,1.3327679935045555,0.8201799395065125,0.728099521839123,0.7049264036699963,1.7979295968651552,0.7735741909338422,0.7031963141460756,0.5869171203010967,1.4698528114783374,0.6610076955102931,0.5876203902674993,0.5246824758802888,1.442243527701066,0.07974999035125126,0.27324589801661014,0.39248465360017537,0.9518956816545887,-0.4110699879250641,-0.14140109529163103,-0.007837819083044829,0.678553337095968,0.5323214931434542,0.5475258192067509,0.5390772728641906,2.2747064044402814,0.6605215403970329,0.6076590398086541,0.5533108278087787,1.2356407007139265,0.6811828441296073,0.6437323628089037,0.5452073736413725,1.3951884185349472,0.50418132442555,0.46161487294403586,0.4820166499062818,1.4887361682442877,-0.13436453374677534,0.07193949916648201,0.25192771755923726,0.28087713267743997,-0.20022012321928226,-0.10520394394879402,0.08472176863368722
2024-02-28,4.2727206144991,-4.135159521940945,-0.8736136721465759,0.7758550988380775,0.7186468571416332,0.7874447519215433,-1.2873322304893504,0.8249649886378173,0.7380860063074425,0.7524350355839724,-0.6975910503676608,0.7750092432121728,0.7074075386139674,0.612549557445757,-0.5541681160285377,0.6532720445086951,0.590567764687344,0.526345013046015,-0.7173155157158306,0.08902878277170904,0.28540199277868883,0.38116627893332544,-1.2028902957417595,-0.37481817276836504,-0.12395548716774171,-0.001197190274543054,-2.3623049805156957,0.5433195429090013,0.5578104428370539,0.6066825740402545,-1.940222737105939,0.6633960258773837,0.6180222839819068,0.632767616960225,-1.1577669405210305,0.6775963097890719,0.6473048204199637,0.5725376411636743,-0.5478623312056321,0.48956007400966967,0.4646190418696607,0.4841771150055779,0.2963760053689919,-0.1380390874570591,0.07167129561676938,0.2409677997832281,-0.9140011481765118,-0.17424372003587713,-0.0919006855161213,0.0765538796959812
2024-02-29,4.25113964415576,-2.1580970343340056,0.8709844943623744,0.7547771529301984,0.6991913330912206,0.7721012609775755,0.8943373137709887,0.7972582787402567,0.7189981680519268,0.7443334776350086,1.073658670722957,0.735130924597107,0.6873434681847862,0.5917617476443949,1.924198101360861,0.5672567523300402,0.5835342108293696,0.48774510490505674,0.9936490505100863,0.052057137072977606,0.25787766998487105,0.34992714942116954,0.030032871446175946,-0.3244763406546779,-0.17348742926744914,-0.02531736568701989,0.528839259639104,0.5183524442973001,0.5376717535309948,0.589185784975703,-0.2239874436498176,0.6403749233636833,0.6038995089901702,0.6226948230679057,0.9051510484519552,0.6529510602049482,0.6299160878456987,0.5593636964991904,2.6048583591953665,0.44565138790104586,0.45812437775394715,0.4600431067917044,1.3761382698351359,-0.1575662422369631,0.07138200317898055,0.21822115098976724,-1.5560964314982817,-0.08172961249216172,-0.14203402537699786,0.06650076645041303
2024-03-01,4.18075003065415,-7.038961350160999,-0.6614532658694975,0.8820223972167901,0.7100521907341983,0.7659915831952188,-2.7517668169003198,0.8889824577159818,0.7481174084645377,0.7471361458911931,-2.424850798693293,0.7466231216025456,0.7210644982636745,0.5987301146652458,0.6512475371665568,0.4624757979517861,0.6007106783489793,0.47059769860043565,1.6299258585753542,-0.11676371256958297,0.21885112024545325,0.31367929525686444,-0.5869354743345728,-0.26887460636833815,-0.16326115760536664,-0.02319834375527917,0.04383678308959027,0.6767822872753553,0.5328373629220559,0.5750079807430419,-4.344762252073082,0.7811720683638554,0.636155962501367,0.6312408310808463,-3.4207731921689026,0.6727412309448438,0.6616364923127478,0.5664246015336277,0.515322823046467,0.3569818115411543,0.4982175265924689,0.4442141000573648,2.134184938211796,-0.27767927835130546,0.05372022602689753,0.18227546122923735,-0.05692940022190074,-0.0487975670979455,-0.10465625348798073,0.05260194185647449
2024-03-04,4.21794892535201,3.7198894697859863,-0.32699726175717114,0.8217448046978626,0.6976785002462574,0.7481945102844286,0.5698560182042115,0.8605534746937461,0.7463744319701039,0.7363486934652174,0.6811045637910883,0.7890669127933084,0.7172379666422283,0.5971624799171789,-0.13309112128681472,0.4479191016680486,0.5777669730120406,0.4656152041519472,-0.502491899876583,-0.20468850073438222,0.15336375173315112,0.3261033223324428,-0.27418434588845275,-0.2438204597906979,-0.20939840045780786,0.019929823306225534,-0.8803468482381556,0.5788551537103501,0.5215363904973311,0.5459457758317824,1.5632542373962561,0.7189236537680933,0.6454086619189364,0.6133202926163942,0.35857749676737893,0.7067358040536762,0.6508693773040143,0.5454695311246842,-0.16955833335868803,0.4613671216474502,0.47610205808896433,0.4271029463688076,-0.5086822963923069,-0.37959767734952593,-0.03128947129511608,0.23008183263397788,-1.00052425540504,0.02702153287598035,-0.1410093770266122,0.13421882404531407
2024-03-05,4.13598100760258,-8.19679177494299,-1.1903438014570944,0.8431450352617677,0.7252805969665165,0.7460973906665944,-1.2732044253010464,0.8442613804020821,0.7948293134232273,0.7327470075720792,-1.9429074031206852,0.7600408647830323,0.7605566104522329,0.598909026031154,-2.681865287471539,0.3966627732213895,0.6180698921765212,0.47382804134811246,-2.927230617040387,-0.1848227489066246,0.24967337116109778,0.3435265725139438,-1.1828431194641695,-0.1789712693434466,-0.15948637999423682,0.04423219782771414,-1.8401014435672765,0.660600482713431,0.5579446413150869,0.5654657389145578,-1.8685409182253827,0.6748193374043028,0.6693345467719454,0.6256552507932365,-1.700850173148397,0.6255251437988733,0.6755701704410313,0.5449480125412943,-2.942849668725664,0.37704021107613,0.5038787642794507,0.43385647589261706,-4.038929750513152,-0.17321591426159008,0.052981698487199434,0.25258137597702585,-0.7197806890716287,0.055514619628761815,-0.12206504491919697,0.15296482757453567
2024-03-06,4.10298322635244,-3.299778125014008,0.5793486880442338,0.8112714849945607,0.7164854684943303,0.7419927983106442,0.7304774307918047,0.8224209258692347,0.7841877301542481,0.7267275954938635,-0.015370312595120117,0.7393744353335197,0.7551818947930525,0.6017743696527965,0.3447722985823648,0.336257828887966,0.6070726650179108,0.47845101292986936,-0.5908569879097696,-0.1952009889998096,0.2521391544223632,0.3528141425582572,0.1578464946097472,-0.2512216865371504,-0.17580884209619355,0.04411320006254914,0.6159291862705888,0.6387088647301904,0.5411264611606025,0.5643734223485716,0.5879032079794753,0.6576780581397618,0.6571835331861579,0.6205242929812275,0.5528062974088255,0.593110728163664,0.6649799217617619,0.5499792530026474,-0.6514708403744065,0.30925267609946455,0.4989786707396367,0.43986119748275504,0.46836907145111234,-0.2226211523174567,0.041388086622588846,0.25630776893102375,2.002512000387008,-0.05605554433248617,-0.14013731193602633,0.14547764680565778
2024-03-07,4.09039629801714,-1.2586928335299952,0.7912445833229445,0.8023548125824066,0.7125850771408281,0.7290668143711155,0.3884488884778552,0.8192581034694376,0.7826212885008602,0.7432921863210337,0.1629508281960641,0.7532341965050879,0.7591599961231792,0.6906235460598059,-0.5977927568339192,0.3530550028041609,0.6125316059526896,0.5780785570367843,0.3330983364335358,-0.2045537020154323,0.24910276269978154,0.3715084129644767,0.9426417774751039,-0.25833905414082453,-0.17855749516255812,0.03853003204167473,2.122298955192128,0.677546891614876,0.521303447371033,0.5443166936460604,-1.3348617469893762,0.74635328098676,0.6572335353030538,0.6405393950451744,-0.9706401576206076,0.5969352340667967,0.6719239942474388,0.6209170439373067,0.12784358113664052,0.314756088352302,0.5024588198490517,0.5182938747328936,-0.8041697453051837,-0.21834664240560747,0.039458112361651025,0.25888935404832814,0.20085593821321535,-0.05694745583618453,-0.1505869114348391,0.15300023295305032
2024-03-08,4.08751945416117,-0.28768438559696463,-3.253475584145952,0.7241710908842522,0.6841110145255737,0.7158912027363724,-4.4046642032156385,0.739532283925733,0.73882070718856,0.7273622982395499,-3.3320053599535293,0.7180333074880025,0.7325690809024773,0.6838033534157046,-2.2329544078034242,0.2751753885407644,0.60046851514588,0.5753400346336756,-2.188436785923904,-0.17491203608403993,0.24228303828461967,0.366630300703023,-1.5874446423396797,-0.11478034998419291,-0.17570203844238955,0.03828324155763292,-2.700011836850509,0.5939529680114275,0.5246450953621086,0.53776963034514,-4.518816407844297,0.7048617050870114,0.63422978891454,0.6305835905897714,-2.3882903168546563,0.7503657665424277,0.6659283340591736,0.6258442328918379,-1.7957378785112006,0.37004287476222364,0.4984994262104324,0.5154877094538145,-2.8279234042194554,-0.28476573863137083,0.038527373486671616,0.25767766311861073,-2.3399296461148795,-0.05648616976957471,-0.14751002937972035,0.15279826913843333
2024-03-11,4.10304809780107,1.5528643639899364,2.7238760636379293,0.7054711522693725,0.6706944848118123,0.7182146871452585,2.2792896906998976,0.7357429981175927,0.7310810611409038,0.7313310240021924,1.2163162513196286,0.7201186303356163,0.7328729218859695,0.6842341110242488,1.3348640672322816,0.289275296590399,0.6183714617836362,0.5736743181075225,2.35347277547016,-0.14165341440671908,0.2368068065244654,0.36235658186701947,3.1835834217634975,-0.08215223413572066,-0.15694139160449203,0.04553181659970867,0.40919282113972033,0.5950005081784471,0.511181297115299,0.5536855123712943,1.2816564116565474,0.7068061858762588,0.6408875280726881,0.6356494136550466,1.530228772352768,0.7561798808898513,0.6789735285995777,0.6250622015062518,2.329346245207856,0.4014801953295817,0.5233331537938686,0.5121356694045808,3.0284782866096958,-0.22982477044718408,0.06076792932180483,0.2526221736175136,4.01715555190544,-0.0176769131243543,-0.11181350244137502,0.1506814825399447
2024-03-12,4.15366883599352,5.062073819245061,-0.2077578238295632,0.6868123411997649,0.6870688957997714,0.670282890534328,0.7417353286923932,0.7471275510555224,0.7563485459505214,0.6886882329531897,0.6363658061196209,0.7290277098680759,0.7408234129002338,0.6576844701181686,0.3298441190384417,0.30466563240679895,0.6176745640469058,0.5291984351813003,0.41871167679840315,-0.11365195726800989,0.241915480038034,0.3302458659624309,1.003312187631776,-0.04401146818853995,-0.13260056184881683,0.05420273554849526,-0.008554675102809606,0.5887845436203399,0.5119819894224343,0.45727826681496614,1.4833617269922175,0.7193130713427527,0.667462573718269,0.5930386971605903,0.6920370336771263,0.75640899423031,0.6838624745424716,0.6143579859156006,0.5454074426067745,0.41936848639841406,0.5218814081217918,0.48474004266788673,-0.6159752497502783,-0.22588048105413464,0.0657947865262473,0.1771469325820939,-1.1958014140168833,-0.05518209020961214,-0.10679739991920187,0.10763630261496493
2024-03-13,4.19083991519551,3.71710792019897,-0.8805906652643842,0.5052296697967164,0.6455146305674809,0.6403403193080596,-0.2670278287352632,0.5930593854193991,0.7355239393729666,0.6653854295115192,-0.9180498970217599,0.5792896598716135,0.7353584781486702,0.6275507223886221,-1.6194807757770242,0.333117578378015,0.5770366846454562,0.5038831216770523,-0.735564742893728,0.2164683642377692,0.17887092732877574,0.2858720932516153,-0.4870370232933441,0.36481533829087087,-0.18954796733136653,0.005124754884943214,-1.449582083144752,0.5101376459336996,0.4424441091412826,0.4498543269666282,1.0169070890136287,0.7123629733936655,0.6605214293598881,0.569549427363092,0.2315494913929279,0.6058630554809001,0.6866087445798161,0.5915017146049035,-3.5261598828601564,0.21792987385044718,0.44486800748866123,0.42962309479498195,-1.8823880255432317,0.06686700890734158,-0.00662590188803448,0.1575940227835795,-1.3657766734952643,0.25512992578577387,-0.15573808008843695,0.025011562345786553
2024-03-14,4.29719686755143,10.635695235592024,2.1429760496895236,0.5438404495537198,0.6583099237321514,0.6570865325478966,2.7954126372771233,0.6379722538965197,0.7497751499789763,0.6841590181820121,3.2178992669806235,0.6438666943537782,0.7558152490388529,0.649705332140176,1.8217609836679678,0.3851061139057985,0.5960189749373238,0.5219031732908146,-0.04524844166399955,0.13536384724921885,0.16287373257784338,0.2964995703874819,-0.6234003653340476,0.19857449526209567,-0.20560440147982204,-0.0017585658386319411,2.2167103453914825,0.5668078481499481,0.470408518949365,0.47841708383470927,2.5731232038608733,0.7138094024246161,0.6748272659308213,0.5882756984495993,3.5430910721496955,0.6773217720751429,0.709426889494695,0.6175643270915732,2.714681834614656,0.31429089501302865,0.4772302698929431,0.46295741301856536,0.9792881276172798,0.0951075084501379,-6.321314497951539e-05,0.17625708831544792,-1.2682371955911043,0.0640500183523391,-0.1650542264906351,0.009438635483772785
2024-03-15,4.30331150352205,0.6114635970619453,1.705074428123328,0.5207310273681086,0.6539575391653455,0.6554658983083853,0.7041640321447806,0.6288775198942139,0.7487206929682543,0.6836104311995,-1.1815488794381603,0.627432938307932,0.7496747472775227,0.6546237756109865,-2.42155794264671,0.33195780320025603,0.5752919972102672,0.5143785265688781,-1.9624293251597247,0.09496540486700143,0.14599026206638888,0.2895752514248643,-1.8951319868883392,0.1876899467451267,-0.2071610171850864,-0.008113348069738449,2.5863143716410844,0.5294806328473611,0.4756926136593468,0.4676759857109707,0.640570458021664,0.7083117523826232,0.6818147335679646,0.586554340928252,-2.2036478156328316,0.652621376716484,0.6992526699381669,0.6163117191411751,-3.0128585807636483,0.2561012499965355,0.45791832280921896,0.4572083312061368,-2.5254174035010433,0.057524147021912234,-0.0011810295021728989,0.1699396113088169,-1.836585900935664,0.05882383878685171,-0.1675505492205041,0.006046220563633143
2024-03-18,4.33910539319769,3.5793889675640678,1.1943782953814874,0.5023327300029727,0.660778559163153,0.6596807354071714,1.842383439927456,0.6586998556112645,0.7510801691631295,0.6824574623551362,1.7969686827042244,0.6923810295554792,0.7514143641098598,0.6601785777506932,1.189511054976576,0.37732682510196663,0.5807087628505808,0.5326627686529243,0.029967194437757083,0.12816739305955105,0.14772565778767927,0.2912877871457571,-0.5326992621369759,0.20158864012763578,-0.21033200447230405,-0.016658405821631854,0.44331386907888637,0.498000628753553,0.47710078155419655,0.5045995125186529,1.3934947640810014,0.7269321303664694,0.6847748954059423,0.5858563732875786,0.84830798748024,0.6854992877451934,0.7017215709758711,0.6160284262570903,1.3376955639136128,0.29074637438491957,0.4632807356686094,0.4623061695889635,0.18654713391778888,0.0757832468012688,-0.00012337596330687302,0.16872696974210488,-0.8989848044739612,0.012167335519396614,-0.17829021912893805,0.0008534571150771744
2024-03-19,4.29550347301076,-4.360192018692999,-3.0858210634130208,0.5483630348152647,0.6618386410417368,0.6620802919214935,-3.6670034472421182,0.684542205560722,0.7455598206883983,0.6857196803918801,-2.0300487741325437,0.7123764994131184,0.7504767849527578,0.6605790759368912,-1.47182422475408,0.42261537644795105,0.5798220965024662,0.5317891448351855,-1.1645106094213444,0.2212389538959694,0.16329031059358895,0.2790972250393645,-0.3647778722151678,0.30919716118954155,-0.1841724080074494,-0.043309277313545974,-3.4654351835572195,0.541664940716074,0.49026493308131913,0.5275578584776331,-2.178583012413645,0.7807859217568098,0.693818694451729,0.6011412380910645,-1.3082166969048896,0.7265626189601322,0.6999786536183255,0.6124569262557651,-0.998648919758752,0.3243127343081023,0.45027881055359653,0.4545563496773636,-1.2940033100260475,0.14217056236773748,0.016531645180738064,0.14936353088026405,-1.7888190525598722,0.11472224395628675,-0.12563278597528707,-0.03297032661765118
2024-03-20,4.2698362439352,-2.5667229075560627,0.058129849514528154,0.5298676648956083,0.6625293658788658,0.6624067371333993,-0.23855280342588792,0.6640736109299568,0.744382727641071,0.6961294400681013,-0.08845036570771203,0.6945396647720206,0.7451112111253351,0.6958139279839209,1.0940340385127039,0.3443225985610971,0.5617311825872149,0.5448148348683454,1.7132755451537598,0.1550532694191058,0.1305649068341106,0.27776653353505915,1.8399924723191616,0.18864799353392056,-0.22567753262643606,-0.05028573151491286,-0.4119844963763839,0.5160701968198229,0.5019111142114216,0.5289001496883674,-1.6896154214836479,0.7718849194051516,0.6968493536088965,0.6114096348942204,0.06893134146003188,0.7026204548714369,0.6937924353285889,0.6490308132900311,1.7514478539511993,0.25969089065645357,0.42981674637399625,0.45326242100699965,2.2645206716003843,0.09156005951190509,-0.003236340991314779,0.13799246671822524,3.138042346392887,-0.039966694678681886,-0.1551932684752781,-0.0451349565265045
2024-03-21,4.26988836561092,0.005212167572032911,-2.091123050948653,0.5051017056137341,0.6512445988293766,0.6553853570894115,-0.5646960077524932,0.662250636536294,0.7427194075364444,0.701181721109388,0.4435917580182164,0.6929246766923057,0.7418769924857112,0.7035390614072212,1.1167827331064832,0.3390870089493869,0.5520545424794421,0.5434405915587182,1.9122437940789645,0.1480250561898447,0.11223895664524136,0.2779700094966258,1.2576520663023136,0.18446005892514614,-0.22503722781374771,-0.049028881365330505,-1.8138396280703584,0.505641143882367,0.4930192327639926,0.526400078632159,-0.9047732152521609,0.7742365203688281,0.6964283759894229,0.6111812003645711,0.6848664321024895,0.707657559521326,0.6951780102198919,0.6541234772360367,1.7688319648490751,0.25470626737459906,0.4171035724176176,0.4547506753802042,2.0859761261826915,0.08617647512183921,-0.02354456560689548,0.13805218123072363,1.1719256568320353,-0.0460106646951355,-0.1476296572093389,-0.044034374274512324
2024-03-22,4.21677070610472,-5.311765950620018,1.0217075535042528,0.39720395593850016,0.6249760125237834,0.6427809309043876,1.4593084576054096,0.5533036583961627,0.7111740879568231,0.684423621919926,1.227619267426432,0.6024760279805262,0.7196320788619704,0.685194411212275,1.6132597702606466,0.23929457566108547,0.5184904004232218,0.5149916690358388,1.4142021437193186,0.05941584281445742,0.07033116125735711,0.25492483521736314,0.3276674058435489,0.08701528206133288,-0.2691566744548479,-0.054191887791407004,1.4156950179454368,0.3607361888925981,0.46080469369717253,0.5035494875190065,3.196456569172141,0.5951086492268858,0.6357633849814337,0.5730953010582771,1.93672393993512,0.6050328594557857,0.6581208640343559,0.6288873017174438,1.1498983672891776,0.21436594333123105,0.4038590617435714,0.4394858924488159,1.268620961634762,0.02096878709273295,-0.063657408445234,0.1278878265589184,0.6297953778182177,-0.14649844074113386,-0.19895280391097633,-0.04954520575527806
2024-03-25,4.25230628891162,3.5535582806899946,-0.6721189348392893,0.3380058250580803,0.6196616128404305,0.631176029434624,-0.7863950732889537,0.512835369893431,0.7124114547124365,0.6757446527726781,0.1622876437277374,0.5984714726757524,0.7247725293393401,0.6818941393413743,1.013788285386704,0.28120938645422655,0.5197663321576778,0.5029817192194026,0.43121707771763207,0.09837117061221493,0.06454868857374554,0.2211882250147148,-0.5792800499126174,0.08984812531176387,-0.27989165064775906,-0.08922961224724384,-1.1663511264666786,0.28847185830353517,0.4546702967997633,0.4889950412039715,-1.4240120678488926,0.5355443418736332,0.624999989086315,0.5900978850923586,0.6544809602538688,0.6047699567336458,0.6633742985041257,0.631319804025847,2.1926809878633025,0.29181137112262756,0.4069906274372826,0.41764220198850593,0.4825553471183137,0.08470362473594713,-0.07228393528519142,0.08546412588765362,-1.0091144899925792,-0.1825254282834466,-0.20450675534966495,-0.10131512037850045
2024-03-26,4.23261689826413,-1.968939064748998,-2.33086723765968,0.34116846768356124,0.6208733649858756,0.6263919172770965,-2.288330749039683,0.5089558148908205,0.7025096903718435,0.6729973295570763,-2.4011616031382244,0.5908556964787637,0.7138671100960922,0.6771998410217506,-2.2043569671088834,0.279297195945485,0.5119006816040602,0.5074668272985287,-1.0127586367837855,0.09192817748643628,0.07564198518981004,0.22796134880627755,0.24972083316623994,0.07030783541261011,-0.2785443517388854,-0.09194821716280722,-4.767840658850134,0.2807568233353101,0.43133464599161775,0.4712317193434031,-3.988254453217344,0.5237478589030303,0.6129269954573405,0.5867857090431631,-2.3874075144090012,0.5945956298927367,0.6558075510524659,0.6357201193887239,-2.460061277010275,0.2928884223276251,0.39832691748582405,0.4149509989837699,-1.040305004001152,0.07895187835605574,-0.05356631574564624,0.08149441113767093,1.310236900782784,-0.20205010326532616,-0.19116646557509384,-0.11018998192028821
2024-03-27,4.19525231224064,-3.7364586023489466,-1.2750129670568922,0.3476831516781623,0.6214696675300407,0.632569846558052,-0.8302702481861146,0.5017925448298274,0.7012697068758309,0.6786248519143834,1.1450863295317113,0.5406729606318312,0.6946430181058375,0.6664297940124668,1.0960681415219258,0.23502318009394016,0.48661145026724234,0.4957577397445929,0.6730664155577504,0.052932265694164544,0.06320911638125304,0.2240922108689924,0.70865615753144,0.005404518306960269,-0.27899632598399815,-0.09568156772014634,-1.329259682688455,0.2621112460482994,0.4360993596238402,0.4751094033112506,-1.2592649877698174,0.515022051752334,0.610880112630147,0.5918155835000053,1.4753989247425894,0.5284820066553061,0.634019902450886,0.6232133235009942,2.318815261018192,0.2304684080019401,0.35904969449745505,0.39560069079978377,1.3951704785245593,0.05662454787115597,-0.06494725599144274,0.07414662617950118,0.6176432300518241,-0.2390661490046439,-0.19267687253002133,-0.1122472903876319
2024-03-28,4.19244966560193,-0.28026466387105486,1.9275376215966114,0.3525190880252283,0.6041918057287143,0.610422767333854,3.0008938504511584,0.4863764606465292,0.6659329948399776,0.6507929177282435,2.6011946587528954,0.5299198410140079,0.6579476501364854,0.643457415864042,1.7376668276048637,0.2646115148521506,0.4491111371166012,0.501523712043624,1.8742396485509447,0.06565537780123258,0.04619603790098662,0.20334340493923836,0.5483111718237765,0.004575828956662895,-0.24408410336066555,-0.1377961522995598,3.557206284189923,0.2495714941133481,0.4046649751300895,0.442668592009723,3.7087512664973477,0.47910232843967393,0.576112990906505,0.5628059572902666,2.029350655504672,0.5275823842896143,0.6148186903721029,0.6075721841556154,1.1584663649190396,0.26533739073137763,0.35925627710350033,0.4068141763185816,0.7137613411004802,0.07323077982925953,-0.06727204409213797,0.07809734328740713,-0.029921081203295508,-0.2635847101264379,-0.15466732980116407,-0.16460696781267414
2024-04-01,4.32810212500683,13.565245940490023,2.635262433698416,0.4688164640192928,0.6984588631045174,0.6358720863542602,0.8426455994687594,0.4014635057647378,0.6908061843395835,0.6510853787570239,-0.6747566319969536,0.3253434484253358,0.5890354646379781,0.6178077252286246,-0.8399658956014688,0.19310220381364218,0.3502128504178587,0.4846492061102566,-1.2066693376940383,0.02695154414129358,-0.05034679948682177,0.16055371524995452,-2.358380124905254,-0.28101817633168635,-0.27885284154372575,-0.19118629718173666,2.412158956560899,0.3828060438070732,0.5252437288988989,0.4742352591738763,0.28667617080556795,0.3456408440790578,0.6158475378418926,0.5570363819516255,-0.6389319072153856,0.2923844751111038,0.554152003316501,0.5839991166882796,0.5622233469465696,0.27565289471686416,0.317386535550317,0.43260662878847705,-1.417257833168784,0.059725802720451956,-0.12638307844403818,0.05400553014778948,-2.44784110426785,-0.3968123619063877,-0.19477767762211676,-0.18456655790067333
2024-04-02,4.36310623624325,3.500411123641989,1.1105861726215043,0.48755818478345336,0.6414576370592868,0.6316648453314219,1.0708226627000643,0.40643379347629566,0.6479266642549649,0.6496822442149901,1.1082464479557763,0.3297860561489875,0.5988448202583815,0.6141757540902804,0.8163223609460095,0.20884185568799218,0.3373087578247858,0.4683386868745058,-1.2009472929231682,0.014119581259055174,-0.10036066622972499,0.10714517045495453,-2.1245925399150973,-0.30101589297126813,-0.26673352330614775,-0.23291379164049505,-0.40109838681622456,0.39099175651935253,0.4690254769948113,0.4697239833668488,2.8872106202420484,0.3501007777986539,0.5530971096089107,0.5627719068470567,3.7790556094421954,0.31415370975509244,0.5611964727780995,0.5725225355235687,1.2193256061892797,0.2938689222803832,0.38153873768035634,0.4205527480482373,-2.0102342113485636,0.03635188957317257,-0.1809241528566236,-0.011546155843928778,-4.040607809655424,-0.3997864824457086,-0.17548051378555563,-0.21751968715275533
2024-04-03,4.35418480257089,-0.8921433672360202,-1.649668960723288,0.4768176419689836,0.6378101771602974,0.6451315989538222,-1.8475626747135263,0.3879302736689675,0.6198241135424505,0.6795951644360082,-1.6318502935222448,0.2623087658633283,0.5483891889540417,0.6370079828811099,-0.01638353429795214,0.059017249117511744,0.25378829497146393,0.47970699128311006,1.2694204985880415,-0.2183671420461136,-0.18265775963452466,0.12428860537524368,1.0880109064736168,-0.42704416921287613,-0.25844668670594423,-0.2223301575087103,-1.387169667280562,0.36238182034184974,0.4946720802727893,0.4852374424313848,0.3179918313162945,0.3004218977423757,0.5111049629090769,0.5752654245279967,0.789428909171632,0.2296809334992269,0.4884085000839058,0.5868928116334263,-0.6574992562767616,0.18066882041264823,0.29642454287446873,0.4224131959648425,-0.9666944486454399,-0.17662021582120188,-0.16928152828716975,-0.009237934938862397,1.2002254578747489,-0.46725818499777144,-0.18651313220568705,-0.21857663222158763
2024-04-04,4.30738896812443,-4.679583444645985,0.3297798979187041,0.47400192090082893,0.6118753574597586,0.6347028490887371,0.09143879205050243,0.3979459346017273,0.6068350371861441,0.6710454117428742,1.2320523937931824,0.21048998579644795,0.5039393870619212,0.6159639858899703,0.8447743426475423,0.03395395218091208,0.1994127941686642,0.4607675417970701,1.2662935629924497,-0.28899294831179434,-0.2188021244960973,0.10696498127206641,1.7803679956138336,-0.47514488154446993,-0.33008105766896956,-0.2485595283694889,0.447156587617648,0.35671250539217114,0.4795037227836218,0.4706760160239537,1.541749453185718,0.26411476410825857,0.4790425917018151,0.55328957744928,1.9045722203372033,0.1744351908047272,0.43741710959019425,0.5635952901445509,1.5192883846565093,0.11383612155372919,0.2212939658895087,0.40035869831916976,1.4040399081114625,-0.20995972468823115,-0.21389088488411778,-0.027336209539175437,1.811858084936787,-0.47305519275328234,-0.25857720340667273,-0.23406964694180113
2024-04-05,4.37550399761197,6.811502948754011,1.5188003526476956,0.512825800721316,0.6209507876399478,0.6392160818279238,0.9671053906750304,0.41785016646732465,0.6085958721856338,0.6719190649652159,1.006697336440416,0.23305195402570864,0.5166298563759066,0.6210115235591381,-0.7704717058880834,-0.016438738319345385,0.18460196593957204,0.4478197395096073,-0.4412279702962909,-0.3040531719596021,-0.22383862194629048,0.09766529905088198,0.7682080994224127,-0.42236563694721474,-0.30802613781651966,-0.23838123428048558,2.428848904955043,0.44088834944381944,0.5170250398075175,0.48253791804242785,2.2712956019757407,0.28897060545348974,0.5214311527419078,0.5607587737185289,3.4375341666544035,0.22939339370102318,0.4624783507208809,0.5774813487607544,1.387655942488304,0.13514241354784373,0.24076759013132967,0.40839483664750703,-1.7380558730909728,-0.26658100185623645,-0.23403675703249266,-0.04814324431664803,0.17246463032829107,-0.4439671216873962,-0.2498548983108927,-0.23666856981756249
2024-04-08,4.42279913015326,4.729513254129003,3.019190756949587,0.5400345814973583,0.6310197714837745,0.641852960097768,2.573557742958902,0.4614931280573486,0.623410248717193,0.6746758703197974,0.1406509390325441,0.21553932644863355,0.519142279446011,0.6193800790974987,-0.7341800821111995,-0.07313894726542067,0.1421866676880836,0.4397744047168788,-0.21025970025865615,-0.37680587836848595,-0.2095759296089596,0.09364315211710213,1.16028122575088,-0.43236452438642925,-0.23110283695690956,-0.22929056696842415,4.723839509479725,0.4503090457632094,0.5046699078178891,0.49105627222916715,2.9944943511289885,0.31227507431679213,0.5460918936404154,0.5653575136824044,-2.1406962258364097,0.1454470994372966,0.5148146237540789,0.5586863466966238,0.7678519766708929,0.11935256998049922,0.276886771651195,0.4101147390887326,2.7803454187385985,-0.24413562137982775,-0.22661342042583146,-0.030123607600925587,-1.8469756952633216,-0.49540727715016264,-0.26897511167595073,-0.24590492491713908
2024-04-09,4.36464002005096,-5.815911010230046,-1.4249698339075176,0.5939077188331089,0.6403344776308342,0.6447085434254075,-1.67290447819488,0.5185046800854543,0.6336916823825458,0.6775367730669088,-1.436794992601567,0.2810902290767366,0.5311350780278872,0.6244641119239083,-0.4542745547380511,-0.038152520330270244,0.14969115146007447,0.4537945367124884,0.8001103062805216,-0.421705995964458,-0.22449896630614793,0.07617108257583449,1.2326566868107744,-0.5234846809211339,-0.2539755273959994,-0.239112707363476,-1.5021332906309441,0.47262886900946244,0.5147678249995874,0.4854406193490476,-0.6328154768235423,0.33882388500317057,0.5468440517224814,0.5676472363777934,-1.2452339860337727,0.20893491164495515,0.5258446548534296,0.5704070053708512,-3.0576664500367547,0.23702535199930186,0.32378228829358957,0.4446400585232159,-1.2428141029100512,-0.19114141335358553,-0.201290636362833,-0.006008764136392692,3.400466348477104,-0.6252493709080784,-0.3095971644144073,-0.2588573157253467
2024-04-10,4.55780906423155,19.316904418059,3.770435763403457,0.6929023328541557,0.6893575147327468,0.6854421372445788,3.525402717696128,0.6153042005178584,0.672693576263882,0.7092010395780156,1.028409924828031,0.2900602769358448,0.510386901474133,0.6067139497132954,-1.9041890214487367,-0.22887356823333888,0.029591048570329907,0.3504122526352134,-2.547634266021376,-0.5890119077665437,-0.3190390094521893,-0.022225551070775985,-2.0991693286235513,-0.6431460722348803,-0.3230592341978575,-0.2784833355633885,2.7752939956130875,0.5166531743588415,0.5448209031470691,0.5087082406852844,2.7894516139448626,0.3957019394391201,0.5588628007925387,0.5876865851374695,1.5531379399873284,0.23407932297890435,0.5041398129041776,0.5588011636338792,-1.795033021004608,0.03544548398313258,0.20188045930887413,0.35850212556832495,-2.8608982441045114,-0.3582619252278501,-0.2751753680672751,-0.07316221898017305,-3.0654275470545915,-0.6616976786926111,-0.3832393157327215,-0.3015741094982351
2024-04-11,4.57529257550408,1.748351127253045,0.853604086502288,0.709806347990081,0.6499267260773317,0.6705545432950649,-0.7167705755620193,0.6183975431548729,0.6134742436359645,0.6954836277389439,-0.286589670495088,0.3055650682329465,0.43249312951051916,0.6056961173337628,-0.9583752195871806,-0.2170060649026536,0.03514557016935335,0.3273348299457379,-1.460435801757971,-0.566258899512316,-0.21891496598623458,-0.0699936141472279,-2.303031035953434,-0.5944838676943417,-0.2137450303234255,-0.3160573592462872,2.5922267547621027,0.5224674891787965,0.5375335677695879,0.47859881045113645,0.1981678210914061,0.39426117273361955,0.5329535492211344,0.5806082466953191,-0.3203514928279424,0.23706432325302998,0.41035771103425434,0.5576985141859203,-0.46394086563090625,0.06954670242581885,0.16202495132500225,0.3331317265398636,-2.1288108500211744,-0.3404477793311547,-0.1622657823705087,-0.1174336086428866,-3.0995778718287323,-0.6267109403562509,-0.30886732048251436,-0.33019390438566343
2024-04-12,4.49719998338632,-7.8092592117759985,-0.32034811196172797,0.6817838419521065,0.6315597664803458,0.6664902890572253,-0.9428573315738307,0.5871958913885488,0.6025625600950432,0.6959978479835355,-1.3190408759018082,0.2513007341621278,0.4251036463379385,0.6117619230538184,-0.5355357926265891,-0.3015182535742021,0.01191457684271835,0.3239500894921174,-0.29515615118041927,-0.5464219651392697,-0.24471986021208333,-0.07241033367526327,-1.256718128325235,-0.501221549108602,-0.20855801023789952,-0.29674661771865785,-1.8359723025059838,0.5297060291169227,0.5443690285502575,0.4877804638783805,0.4809271466708802,0.3371825299316828,0.4979734151348584,0.5668294556671737,-0.5526240935405409,0.17276170027677523,0.38843854638620895,0.5558562318725022,-0.1732203902315841,-0.00952127122000736,0.13687796249874598,0.3264656326361419,-0.2316289324425025,-0.39428229291928196,-0.1739085324091165,-0.12966094256214653,-1.754382373917072,-0.5443876748599795,-0.31080783512559024,-0.30276713051027004
2024-04-15,4.62707311603862,12.987313265229972,2.4149873534632524,0.7178075092766607,0.6473236571920649,0.6782405070624259,2.898760563081267,0.6385120428151666,0.6275404043442063,0.708322388651931,2.051386532925398,0.3390401175800669,0.45199748164978043,0.6218459729559901,1.2374727425981757,-0.2236145332139955,0.02470985796744978,0.33756079520984994,-1.5833768272414876,-0.6275051865524867,-0.30816593253244184,-0.11445454626322807,-1.0723259994873917,-0.545078868745907,-0.23387631784621316,-0.31028574671589804,5.924891695616628,0.6228102144461845,0.5975162331815118,0.5389371441435739,4.715067559093808,0.43898888908299794,0.5428583407720391,0.5991982490223787,2.0687805424723043,0.23710804219981846,0.4067871539451971,0.5621386300383787,0.1997595488351358,-0.02690207153201332,0.10643516133393353,0.31695630618762405,-2.656921566106807,-0.49066657747886877,-0.24943037929830156,-0.16743853773742454,-0.5442032694997119,-0.5215898340390442,-0.3045514456587564,-0.30069521711057823
2024-04-16,4.65604248128463,2.896936524601035,3.0187201918981343,0.6954452966049093,0.6334339992474195,0.6752354757439291,2.7264599047400315,0.6240751579275124,0.6276493862762075,0.7051313567547728,0.9179931249869124,0.3370384536392248,0.4708367649558716,0.6234364224593986,0.9972481520663683,-0.23148688828349,0.03654499428797057,0.33983009048252105,0.05039638472287944,-0.628132133071606,-0.30030631612084185,-0.11680738920753365,-2.0984752796910913,-0.5288760256646133,-0.23409823123551185,-0.3131022388486954,4.464209628354749,0.6059332108635497,0.5813553574528063,0.5305516802100008,3.4312360537639965,0.43240776462975067,0.5442843889686569,0.5964546617912148,1.7035048912553794,0.2392947013813112,0.4184531022549403,0.5633410618297572,0.40670901905129586,-0.03629275026638765,0.11263777581709354,0.3180598286627536,-0.5160855793918726,-0.49708710954007523,-0.24921318732584677,-0.17435383764029944,-3.053803018702387,-0.5100240956290304,-0.3230626332461754,-0.3106794938392717
2024-04-17,4.58423803997519,-7.180444130943986,-0.5720546256756669,0.694324400967679,0.6394807015233985,0.675189438688578,-0.7041560739854718,0.6249669234802736,0.6331135802552055,0.7022869010982211,-0.5656441270684485,0.3161227380935738,0.4751423471504963,0.6164286983347242,0.9524314801914144,-0.3370090096304609,0.018607414150310947,0.3107518234123597,2.0507931890753732,-0.7242160377921165,-0.3277561559222347,-0.1450345092605445,2.0516085817089054,-0.5859261704054485,-0.26150698572764464,-0.3194027477729415,-0.914423928451056,0.5956717424037972,0.5859783476458699,0.5346235289810517,2.479176083374077,0.338769714337021,0.5103176747215741,0.5653610347308018,-2.128454946902458,0.27806622146331944,0.45518374363439446,0.5667824069617277,-0.8749001350658845,-0.022772567690542683,0.13670059058033512,0.3065445899953323,0.5165137896521603,-0.5430310550883873,-0.24648555992015667,-0.17854226966209272,0.9333007289145536,-0.5665304113072669,-0.3290883819684129,-0.30222273179746056
2024-04-18,4.64499020836727,6.075216839207975,0.5752812564855039,0.6865235434894063,0.6344412027771485,0.6750843158686511,0.4506417968900833,0.6152420985922029,0.6250644840672667,0.6997937739504648,0.882604621348893,0.32174582024218884,0.47598076828864755,0.6154574383662541,-0.6783228064563009,-0.33634387904029195,-0.01891664699483098,0.29984391715444614,-1.2555552351704224,-0.7270945033815531,-0.34991826744208193,-0.16469262421646794,-0.4922776396287838,-0.5788017873932756,-0.30138190846573853,-0.3422846105592642,0.9685057916777984,0.5867633775033811,0.5825039888922705,0.542860404960004,1.1206482148410881,0.31332290946335023,0.5051930361367453,0.5679856256480048,0.8291972496895617,0.27170069574666555,0.4475659504039596,0.5648492801900855,-2.2252855652277352,-0.04260137178794067,0.09120727892164522,0.28374950110694175,-1.3225590217201248,-0.5436539508697878,-0.2626721020644892,-0.1881808631412515,1.4939410259602695,-0.5153508757347979,-0.34488902964560963,-0.294349405623483
2024-04-19,4.61349983113323,-3.1490377234040245,-0.5459856420068352,0.7172999680803034,0.637031176512844,0.6772842057643406,0.2641247813040768,0.6110909370477401,0.6214148616513389,0.696671297913574,1.096173575350259,0.29531345351588334,0.4598386302102339,0.6038953410025196,1.1432793040367744,-0.3525973494785948,-0.032281944715280474,0.2850542097760843,-0.08009421998378863,-0.7407852725194167,-0.35099474589622054,-0.1751766438836985,0.08488082007823694,-0.5811662889681767,-0.30550926702425496,-0.34312014375543226,1.4393108757131998,0.5757695919144351,0.5704297489114537,0.5335064415102423,2.06533852607177,0.2914176488560974,0.48940004412012394,0.5571777847205828,1.0893427215602336,0.2604418985044703,0.4394318701359736,0.5599522911928083,-0.21268644155088967,-0.02234574286968451,0.09502551367741785,0.27954996520967224,-0.18008330604476797,-0.5597668164554506,-0.2683417463565241,-0.20297454757116534,0.8361547506802464,-0.52498519927379,-0.35487816364611763,-0.295602076135752
2024-04-22,4.62186532118131,0.8365490048079849,-1.1295651973163359,0.7372416080623254,0.6150629214849508,0.669106524912178,0.804799280983971,0.6590397539966054,0.6037434004916854,0.6922800667667537,1.4124522343594175,0.33107157969997636,0.43876663620387396,0.6027717497063867,0.7466946335158241,-0.30887774269631024,-0.050663710404698865,0.2851458904379027,-0.3121996720132736,-0.7228395696691055,-0.3724469442038847,-0.19034382487370755,0.8920968877360886,-0.5756032884855709,-0.3478848319237176,-0.37426576270019885,-0.5759165211731809,0.5994004840139019,0.5483052871282507,0.5296757042691923,2.4035530048398117,0.3456775801091008,0.46258509052270586,0.5476173546683949,2.753506504313018,0.28823727387536896,0.4228811780853591,0.5492591783323973,0.2005543945952606,0.014990405275015611,0.09270152615107084,0.2841705035894887,-1.0772664056173376,-0.5270138949939607,-0.28128103400221616,-0.22159923516422056,1.7252997053825185,-0.5083472879181342,-0.38483160791039633,-0.325214551374753
2024-04-23,4.59732810384604,-2.453721733526937,-2.7452025653356897,0.7426120707907224,0.6100024228379833,0.6685250308249074,-1.3953390192744317,0.684719997117381,0.6052209628805388,0.700801612197492,-1.36756013938896,0.35465719623185055,0.4448080639398247,0.608675917976362,-1.1497125579207683,-0.2822303508293389,-0.0328889198167234,0.2867639413835586,-0.2612201031653756,-0.7255092705172018,-0.3644011047140938,-0.19715435044109594,0.37734290262694437,-0.5783760911631645,-0.3475338647998697,-0.3802967892211504,-2.726772358954877,0.6259509064905202,0.5483854435086629,0.5353058384221084,-1.8666577850220483,0.40018599219536605,0.4648390958467731,0.551994959749379,-1.7212240776409597,0.3134662679530649,0.42903313838089174,0.5545774824667378,-0.18944246919763152,-0.0005849064617494964,0.10526248548343664,0.2816339953291001,0.6161797681876156,-0.5557450084660659,-0.2777991755174399,-0.23522813358902425,1.6295429149659837,-0.5192548620153984,-0.398182386756852,-0.3302097938730287
2024-04-24,4.65307371931782,5.574561547178014,0.03455106230464966,0.7372082566260124,0.60333704041671,0.6668532956821647,0.411219864346352,0.6857803784857075,0.6041392443504574,0.6930268198886127,0.7752034146815743,0.34444729936842766,0.45309222209240474,0.6020009507257039,0.5703851815296895,-0.36275008406236875,-0.028345880826743934,0.2799408350040999,-0.23164461349041598,-0.7560520337323937,-0.37389002687763023,-0.19624175087750528,0.4768420063684864,-0.5586490338189904,-0.3410629459961898,-0.37286406646197734,-0.4116907973954592,0.6248869219852624,0.5374269047541722,0.5232390391854532,0.08706367192884157,0.37851445551321317,0.4583524694047653,0.5405152956623331,1.6964097929946944,0.3010758510477214,0.4376656587124571,0.5496327842944365,0.2111399739571742,-0.047095200936215435,0.1046392545227638,0.2711983639838112,-0.6165365914278627,-0.5667923164087756,-0.28685997612685465,-0.227592048037756,0.5661110656482276,-0.4935508833180614,-0.3870850758703647,-0.31338836269678444
2024-04-25,4.70498601768215,5.191229836432942,0.9123258826311034,0.7252249502093917,0.6007711981256678,0.6648521129686279,-0.11099075411887949,0.6580822087001055,0.5905381882809565,0.6855666075442296,-0.7547302704974714,0.3551482160789652,0.43229734449013857,0.5896085218820875,-0.5619803469003202,-0.34160947484881593,-0.04579054339392151,0.2646790748537813,-0.41327783789062433,-0.7487201640898062,-0.39039773926220245,-0.20095345589117686,-1.1877511424643394,-0.5527355995577852,-0.3751968643697548,-0.3739922342034762,0.8919379199577055,0.6039629122338042,0.52747404737907,0.5225469801852374,1.779851805325757,0.33830401026184037,0.4511839908078037,0.5382783614845499,0.38236974975023985,0.31868039713990814,0.4252465873811821,0.5438672215177079,-0.17601476222998436,0.03376012898788393,0.09529907437235459,0.2586045674739824,-1.6904751641231774,-0.5490001140241797,-0.2919893478064553,-0.23222266336854275,-1.877329166480755,-0.49156229066520035,-0.408031356495636,-0.3173649031146241
2024-04-26,4.66710174607115,-3.78842716109995,-1.8033303412437345,0.7650375621949858,0.6173703066743838,0.6645067268011052,-1.384654857918096,0.7509395753918202,0.6063309520830537,0.6782335931942176,-1.1267491767399038,0.46949825293358877,0.4550349357300593,0.5769327849233276,-0.9621712154348483,-0.27675828884755826,-0.010812337985042185,0.24221596529539136,-0.15444458510003223,-0.7732641704493299,-0.37996473431231587,-0.21198851521273415,1.3814738639885125,-0.5693295738897526,-0.38880651782088266,-0.36047975278696504,-0.09478746158383977,0.6513671105725838,0.5298291805873402,0.5172856283862285,-2.8930857539180383,0.42538991265231746,0.4625862646668532,0.5306657786902722,-1.9139251780853437,0.3800730158441977,0.44489726990057166,0.5375163048064613,0.5297115190710402,0.0304270748977,0.11298572553670072,0.2534643116086827,1.0514063017174715,-0.5688902908078596,-0.29516241987960035,-0.24121184012804692,1.5325199021559999,-0.5109888340146671,-0.43242323234170427,-0.3050018955113115
2024-04-29,4.61047524323392,-5.662650283723014,-1.6169035905857696,0.7576902118892047,0.6280913107318747,0.7183002964895753,-0.7330540295537632,0.7867112103228797,0.5876373322377041,0.7106064085459632,-0.43914020647619534,0.5829316209585496,0.42541772344202033,0.5676065532047069,-0.22143370620513925,-0.21433079665529625,0.012000052579683602,0.20174994929606443,0.9024045821180449,-0.7820533409533318,-0.36460849601522693,-0.2651344773774454,0.7715867809990945,-0.5213171233343326,-0.4215514038373883,-0.35623286468149923,-1.8789698991891615,0.6708128780904347,0.5503916934967591,0.5770223169679766,1.7049266907211922,0.4875892683905838,0.4017255611799429,0.5502232413121907,1.4647133638574816,0.43311259279862807,0.37941810556715744,0.5091071025579957,0.06327480273944286,-0.03330794253073411,0.12380049449234709,0.22022265657565315,-1.2723568140383776,-0.5282466061830925,-0.2375131356955548,-0.2459372176344252,-0.12833052220131008,-0.4588577864070657,-0.4340732137752616,-0.2977607098031985
2024-04-30,4.68294219403541,7.246695080148946,0.0995842559783684,0.7393821633591673,0.6243029820878658,0.6787414032361839,0.9101111918623355,0.7853632271519834,0.5886901114206766,0.68229317623437,0.8690999842808962,0.5938013349734272,0.4297962859722323,0.5669462516753745,0.36432087565932836,-0.20851035089212297,0.021226812636389022,0.1785877537536932,0.7078889182450556,-0.7276797747703914,-0.33963594242068085,-0.29261175251655164,1.3207675383699202,-0.47254237151254236,-0.385747994802149,-0.32318195396718863,2.550932008557238,0.6939710174290976,0.5699459272790447,0.5643646375033767,1.6255632069538306,0.4824800162398746,0.4042988759223297,0.5109360084347772,-0.10937119501769565,0.4181450494318052,0.3676713409710837,0.503147168484293,0.5794261297188799,-0.02329830396934884,0.13274618578554317,0.25301580806886165,2.0571705643826563,-0.40050830169807033,-0.19035868750402507,-0.2550444956646691,1.5635797651380479,-0.4254638630819307,-0.3988369491420714,-0.26270959573790253
2024-05-01,4.59016940847902,-9.27727855563898,-1.0386064454785284,0.7493209470993786,0.6204455516462954,0.6789451683465901,-1.809713607223424,0.8233924120257496,0.596754937191153,0.6750494817515854,-2.463005732432512,0.6613500014057022,0.4422758941526563,0.5528195322943973,-0.607221904758048,-0.15394239740556345,-0.04292104038261599,0.1195133171143393,1.0212868627577922,-0.7579486667165612,-0.487517390134041,-0.36421544040415765,1.2474862233387514,-0.49482113393788923,-0.4561141823212578,-0.32921460348079096,-0.20135931529497597,0.6896151034196203,0.5458122699802671,0.5771254526597248,-6.074958931717687,0.5543770873336927,0.4456384999532622,0.5226082125463742,-2.6139716825965764,0.4951707999410988,0.38567326622432946,0.4774850538513528,-0.23207710120156833,-0.025925697538057752,0.07063672438635744,0.18274039000402645,0.3983396445204166,-0.42512643420865737,-0.31162015167061746,-0.25865256287741245,0.19063635918569588,-0.4027331500970501,-0.41537542243155484,-0.26594252223160403
2024-05-02,4.56975727661353,-2.0412131865489513,0.21546486829311995,0.7602860748246926,0.6268720353133014,0.6695629113258932,-1.0311556881928317,0.832900657139341,0.6108357801795058,0.6729277761828426,-0.43648786470384016,0.7355233540461795,0.4465694318729692,0.5418917004522998,-0.1152887401890883,-0.11394989347950818,-0.036381141466632745,0.09240362102170945,-0.13033476969436775,-0.7467008634388912,-0.49814322209723233,-0.3760154411673026,0.48395181538140797,-0.4733866653226094,-0.4600680562540694,-0.36533947987996945,1.8805061505409246,0.6777252511951946,0.5381083996356512,0.5649573927490167,-1.632393634546288,0.5803483338544152,0.4548028409907232,0.5204375236602845,-3.878467192602867,0.5391902184364502,0.3932756581909153,0.4642040750464188,-0.5654851313929599,0.050010091038631965,0.06774065240835277,0.14888220975044364,0.6032766644309118,-0.4057591871872032,-0.310942506259845,-0.2780513591315595,-0.21123923434972802,-0.37339957457226336,-0.40198841008531333,-0.2980680476196486
2024-05-03,4.49849848899568,-7.125878761785032,-3.6863674254716225,0.7624120431154641,0.6534860021722071,0.6809704657182226,-3.286289415625607,0.8322253928260994,0.6350597173224437,0.6844978471524243,0.18255835970931233,0.6925957669551149,0.43549101909789956,0.5394260070658575,2.118178968904416,-0.19703881122572972,-0.09630838173519919,0.056156940728201966,3.1605489130019966,-0.7305710568823495,-0.5290275523686537,-0.405625973648151,1.2529237604644736,-0.5297930748707674,-0.4709704033569314,-0.3761665859715387,-5.340933902770521,0.6830860750346581,0.5776647541891465,0.5934557405673011,-1.68823464667312,0.5932314024743592,0.46735308727954955,0.5468589430298576,0.9403507479096964,0.46727758662602153,0.36889459757598636,0.448741320104144,1.2735696193026884,-0.10164570318551401,0.04045375342287621,0.13107982306915167,2.6412664972162876,-0.4407116888089935,-0.35460891038950554,-0.30367340074295585,-0.6382742724533124,-0.35662198462375905,-0.3833387545219654,-0.28832682628799955
2024-05-06,4.48739408878726,-1.110440020841974,-0.8114693364768639,0.774892581542386,0.6726470036802257,0.6830896608293541,-1.0125434171260252,0.842453001886229,0.6758456586686803,0.6883096182187511,-0.3680662734023392,0.6948839348749384,0.4594490522922025,0.5421144980500237,1.0315238371604254,-0.18529141475774383,-0.1172523823757529,0.029623582437418496,1.7915340071575074,-0.7112251636245577,-0.5599325749343055,-0.3988462401977415,0.2633451639200959,-0.568700853777116,-0.4878540531499033,-0.35081282050423773,-3.63463371228745,0.662106406235422,0.5767722984862489,0.5796942988332721,-2.9536448912320994,0.5701602678568248,0.4828498012638038,0.553043087786903,0.4375363663733376,0.5192678230403184,0.3707382308588324,0.499762176270375,0.9775189109876194,-0.1447224954053431,0.029642196538439716,0.14394822841653518,0.9573701848099199,-0.557058676735157,-0.3794829439716092,-0.3277776173272967,0.6547417601142396,-0.34152589466012234,-0.39888006321360664,-0.29287230815771903
2024-05-07,4.46001530229297,-2.7378786494290708,-1.4599751324484032,0.770678912000803,0.6919414412810275,0.6846862962319313,-1.200856837104317,0.8374000800209435,0.6903945423905254,0.6901116571194391,-0.39860162416266887,0.6825886199726492,0.46441459611159214,0.5429039272537527,1.989787796767133,-0.23572836508942085,-0.14006947751241997,0.016016195617330586,1.018454050009277,-0.7093574206385819,-0.5908535516364786,-0.40408686566753554,-1.54191950630416,-0.5021489884293788,-0.4979919033942819,-0.3399936426133774,-0.4032023279963852,0.6542907460039564,0.5773785453296006,0.5800822100679646,-1.6687951132347925,0.57215613302539,0.48915944122833616,0.5564679356157929,-1.2972050392481793,0.5109243541097758,0.37914002443806827,0.504083761938895,1.8345862288957688,-0.35252571674879973,0.009758586537665134,0.13651363570828529,0.8236823185966753,-0.6079265061458089,-0.410483471104728,-0.33037087170673624,-2.2760869118065243,-0.24888053709374883,-0.4058601028492701,-0.2797990385467682
2024-05-08,4.4819247271214,2.190942482843017,1.3946704765218745,0.6752909982178252,0.6964108756495808,0.6891026422884754,1.0320146563268802,0.7732297261377418,0.6885871605403867,0.6970577127103753,0.02793440933676483,0.7065446670494396,0.46049572921506066,0.5465055265920408,-0.2168981829459713,0.034497716626550094,-0.1450402762717731,0.015858398241633292,-1.833406322180534,-0.5990802925165295,-0.5886147029053586,-0.4034281597300484,-2.2870941626686143,-0.3926155110389155,-0.5072129379113426,-0.3377039995100848,-1.5128200822884574,0.6482592025749977,0.5746968239266139,0.5751907073195478,-0.2869838140223617,0.5565141331961446,0.4830099132363944,0.5546823753585634,0.9368807808633473,0.5045272650845141,0.37905420663334344,0.5063108459685711,-0.8926312004936161,-0.13794465818273374,0.0014524044924773328,0.13676708290579284,-2.4424403793848,-0.49397944625527496,-0.40484783147298536,-0.3288753982743613,-3.052889447405568,-0.057536701215238524,-0.3965125019407551,-0.28574991388729704
2024-05-09,4.44822736595472,-3.3697361166679762,-1.5363158130866559,0.6778254675390045,0.7104808206449346,0.6628463005361,-1.9502542233694715,0.7822510310920627,0.696572875261148,0.6625845374092592,-1.9355423797871358,0.7018148736366213,0.4829843981835502,0.498205765718012,-1.1201741469148807,0.09353337326815393,-0.11133201328054575,0.03451139607682349,-0.010843423147007591,-0.5941765479136105,-0.5809252873498202,-0.33812254412765236,-0.3418148198758395,-0.3808130357343628,-0.49844604114708635,-0.2606927648783782,-1.13703589154784,0.6512626860193566,0.5905855261295588,0.5804601754450649,-1.0151666402968003,0.5630294425719309,0.48671411985729013,0.5416393814399388,-1.6533977055690885,0.5189314875521891,0.39060552668739,0.4466615894123495,-4.049620527212705,-0.007179796776491409,0.074327736194229,0.1217943158951475,-0.33145792287030407,-0.48661811883805134,-0.39500646380159105,-0.24980853102705225,1.2022806937879045,-0.04611055555681167,-0.40009230959912645,-0.2325069226906283
2024-05-10,4.50225540684528,5.402804089056001,0.7166306617656417,0.7209745512150365,0.6985081712221995,0.6580233310121552,0.5503245471312801,0.7923736408643876,0.6756022974940853,0.6567840487619269,1.2229271521601919,0.6983950741244692,0.4425737338329998,0.49444899370976364,1.7928358329343266,0.11059641054785227,-0.14559377301613893,0.02982533723885683,0.22947872210438414,-0.6368972189213661,-0.5890493469824392,-0.3641709090018965,0.08029792252883183,-0.4720144579318164,-0.4921151923764439,-0.28457696868124027,-0.018685321900582252,0.6261714429711744,0.5752752597455286,0.5727787236801782,-2.0857904232286657,0.5341523824096408,0.4380494826614936,0.5104964336660992,1.08814736126744,0.5371469999066587,0.3489437428207224,0.4392357229425618,2.3346202328403454,0.08233068460836467,0.034976829437872094,0.12258668036831781,0.9847648876933377,-0.45360579835390596,-0.4211955302348689,-0.2500357757620634,-1.119780781118064,-0.159144944940313,-0.39686678579156326,-0.26759974723622165
2024-05-13,4.47962788534604,-2.262752149924019,-2.2593172791420866,0.6500440268720128,0.7056812373124871,0.6557062226392806,-1.6920738399859456,0.7201470887357139,0.6784756003582779,0.6567780811258594,-0.944720396490144,0.6226353999671562,0.4524367108261109,0.4947204473289326,-1.115074308356387,0.029240385939649307,-0.13832417021804122,0.013543052297725344,-0.9790419144628353,-0.528433748152911,-0.5917084452721924,-0.3718023081591401,-0.14291432011696026,-0.4213497882729731,-0.5023121508956302,-0.2818321746108858,-2.4786267143304643,0.4791800913404281,0.5847643159270997,0.572219486003057,-1.7617672947485215,0.4078712655738396,0.4425939345309118,0.509486600270023,-2.140353683353773,0.48499616970252696,0.3642513117167119,0.4398477684503215,-2.665446952547296,0.09410734257949935,0.05709102644994217,0.11696662224619694,-0.0900048132156579,-0.2899143704037582,-0.4331087683828784,-0.2633610594197403,-0.00396333433363516,-0.13884190449964548,-0.4006737287647935,-0.26684500717992204
2024-05-14,4.44430892525266,-3.531896009338009,-2.0084518908672737,0.6801773810720303,0.7066382611565332,0.6533977370499322,-2.53073517328359,0.7471700343891798,0.679313983268041,0.6614227035563723,-2.486371489909619,0.5960070978978248,0.4539982060863787,0.5129016388464355,-1.460100905676704,0.04033179542176317,-0.12605215953369434,0.03316987882982545,-0.6725123989312962,-0.4958680344133382,-0.5762298345908334,-0.3566894762922021,0.740038264677664,-0.39750521658267357,-0.5037395877961912,-0.28121610200101166,-2.65279195124255,0.47415210676522873,0.5901172702936629,0.5708232949506813,-2.9837239239272644,0.390397120536979,0.4477339197794184,0.5160801759194437,-2.9275086479981183,0.47387406871155346,0.37303718894949345,0.45192677267077397,-1.2084811794871992,0.09567974215710802,0.05936740461650855,0.12801129111913764,-1.2864227945172164,-0.23884424869495505,-0.41949127720277263,-0.2513465059094455,-0.4461036874109121,-0.054148120642577784,-0.39292429461440787,-0.27558028175437954
2024-05-15,4.35359655998096,-9.07123652716999,-1.0925767008863807,0.6899244150803806,0.7021593009367603,0.6584252941098875,-2.3922176295846462,0.8037785780655032,0.6980717194689674,0.677284236697741,-2.088785613017338,0.6555768546782329,0.4740323650458059,0.5322035706188362,-1.7121879349807996,0.2121019768032475,-0.08872900020704719,0.07291421994193484,-0.5482409634308798,-0.35095660006815854,-0.5685584260640753,-0.3344978605659581,1.8501412266786232,-0.4102799134019047,-0.5392837443868858,-0.30761713861621925,-3.2802574208082045,0.5415018500979873,0.6017515879076211,0.5888374508671864,-5.553088320442627,0.6113180712900617,0.4812420819235459,0.5525897859186907,-2.297845426066426,0.4841163763916385,0.39438286097979053,0.4777606620532661,-0.1474912413759366,0.061047572971670905,0.0505040397550192,0.13235095816886389,0.5098864844639044,-0.23940800625322534,-0.4431730172430381,-0.2516442521261483,1.4986638739518403,-0.09664820838204498,-0.4357809115627444,-0.2900818205091791
2024-05-16,4.37594181763973,2.234525765877038,1.852415611530208,0.6620455643658505,0.7021519176769324,0.6545006134220855,2.280981246444931,0.7655303401049718,0.6914695301809548,0.6699774462652579,1.29180180410768,0.6413086259025812,0.4763865795621452,0.5298102095209796,0.02877579402576025,0.27218814082900655,-0.08022352832685735,0.052702806414761674,-0.4175476520314234,-0.29672561569768263,-0.5692198477725121,-0.3433219309395735,0.7733874251842243,-0.35486475124987926,-0.5309901805656172,-0.33318584950126173,-1.1540342891264321,0.49801483744363917,0.596371928549415,0.5803448250453166,2.2500759227760447,0.6029155351668976,0.47952434381793935,0.548275708192802,3.5331579940252738,0.48574135069140295,0.393145582718689,0.46602459389583806,1.8274147545573123,0.22856506298355772,0.07269313348601729,0.12776678294643531,2.397554572335456,-0.08903188885992591,-0.4108610586513639,-0.24149811602768437,2.145207655221024,-0.11969048097139628,-0.41482512115914544,-0.3115084518342445
2024-05-17,4.41884366938564,4.290185174590988,1.2100829335463779,0.6938371273885461,0.7158597467739787,0.6576603796502037,1.3454655400401379,0.80773531041536,0.6955529951375692,0.673541685524891,2.11455089838551,0.7161846535639186,0.4851402911232597,0.5356221301694992,1.1422889967388445,0.34068551092673754,-0.06369562551234345,0.06286354658242309,-0.03066267119494359,-0.30210827094901377,-0.5834648517989153,-0.34626779123706547,0.24771915568444802,-0.3548459658819327,-0.530650883793814,-0.3336292771830024,0.1833886767648576,0.5663720998025628,0.5976797010980748,0.5797366774299106,3.576937000662893,0.6860180970238468,0.4880368627341004,0.5543967658341221,3.553089940294253,0.551741811196601,0.4043357711413253,0.47400711465927853,1.7912589994296735,0.27796868163161786,0.09206342074672125,0.13909216842572333,0.8493959455980065,-0.06604908440582086,-0.40583458832578456,-0.23890991252076818,0.7340303747272001,-0.08482905686666266,-0.4056699292408855,-0.3066373923321805
2024-05-20,4.43646203372552,1.7618364339879733,1.3970515298867294,0.7032900883817234,0.7387290023453889,0.6482777917183635,1.6759654854576609,0.7999934353539605,0.726966055308037,0.663349758158618,1.6789565838930303,0.7210143976621903,0.5135923408055258,0.5261255213162855,2.422087333417197,0.3530243296729694,-0.02153344453530755,0.05850727296751542,1.2604479888002946,-0.2577692696562119,-0.5581402662061485,-0.3545916058398852,-0.1322896356683807,-0.37754093477279527,-0.5318987712441586,-0.36846697157405667,2.734794397072589,0.5621456979960393,0.616320715065202,0.5656939041724653,3.0153533009771776,0.6904532980211939,0.5267368613547766,0.5430188483003648,1.941552760796528,0.5648220801611872,0.43254417720310073,0.47331983073498646,4.374852217609305,0.3008736728409082,0.11386389586644517,0.14116738189890843,3.026489531031168,0.010210348737899076,-0.360449857278116,-0.23441312217061783,0.07595716621590398,-0.11021324590827587,-0.39994322616662503,-0.33167354775080343
2024-05-21,4.41296307835661,-2.3498955368910224,-1.8997608553264518,0.716859451321279,0.7464180371197162,0.6458636141574091,-1.434198389355862,0.7995361582316328,0.7373211936436692,0.6623858254848866,-0.9539997878203232,0.7229569703580382,0.5170991798627534,0.5274713872441006,0.5268390976658943,0.3408037779906986,-0.035893964268184336,0.06021642151752216,2.036713076426637,-0.2738005370336385,-0.5623798054732484,-0.35402863544507324,0.5055740257221535,-0.37906976908488066,-0.5307749350536903,-0.3667841786889265,-3.0038276388048746,0.5598045878429513,0.6263567301731197,0.5628371217413345,-1.8531225333760286,0.6902743180920702,0.542218357700653,0.5416491429122404,-1.445005892023171,0.5647212763295255,0.4360730711155094,0.4749753727448293,-1.2123460002704993,0.3044930410908053,0.10852028624232542,0.15589569535004325,2.590192736095849,-0.009768859598328123,-0.37153767296171236,-0.23164857499930497,2.210014324477072,-0.11221557884143094,-0.40132700842062924,-0.3405938911334017
2024-05-22,4.43155800342764,1.8594925071030666,0.28934589874163175,0.7314991135201702,0.7515277055089814,0.6457932266830355,0.5132778637921507,0.8043742919156294,0.7423998529528746,0.6636152384917359,0.4919987254689602,0.7175107557080486,0.522593072697208,0.530631573423336,0.40396599086281615,0.3381403154915456,-0.056834743980598276,0.057530397203551756,0.4846925998933438,-0.24608014930021024,-0.5756103655197606,-0.3599351824513721,-0.37873000103894405,-0.42491645576635545,-0.5313287208886481,-0.37268609545247483,-2.3556308287198178,0.5365857249622492,0.6245418252725999,0.5529460284175394,0.41742847053928633,0.7042477204863626,0.5458355178101842,0.5422441525490288,1.9496995709862173,0.5511904959175623,0.4341299082451421,0.47489462567177154,0.5973833703451521,0.32368153848722886,0.09795180857031327,0.15481384624580047,-0.30336812068508756,0.028287532672306215,-0.3813341283999224,-0.2376483299795788,-0.6978613199506878,-0.15725970497148314,-0.3986235199586141,-0.3429288981878863
2024-05-23,4.47378514599456,4.222714256691962,1.9753824606973374,0.7383317283700418,0.7497177361922749,0.6475776683785125,2.5385559321206976,0.8333010716742921,0.7386157113569468,0.662996181849923,1.6280008198374722,0.7992882256259044,0.5509446839984854,0.5335345719467135,1.4398328539352323,0.44052263291306726,-0.024589593292543944,0.06298722544098423,-0.4750927986585598,-0.24474147871714216,-0.5751973559325283,-0.3738429953513881,-2.4985476443866657,-0.43759852358147416,-0.528062837626676,-0.39911036455657045,3.5500478473338526,0.5564008170926174,0.6236278929714703,0.5521635503972512,2.3135007297185823,0.70655358393299,0.5457330497360445,0.5420922237085575,0.8910180352739525,0.5671367249869884,0.4511401332367689,0.4721503356276101,1.8498276799194562,0.39021080485822923,0.1402123983590854,0.1604711955076088,-0.08576973549267208,0.11501955268080663,-0.37059860690786284,-0.2359348307061769,-2.139936814971744,-0.15358610080825394,-0.4029604518708951,-0.35909131851960785
2024-05-24,4.47184342041222,-0.19417255823395152,-0.15907448010059233,0.733370650681181,0.7652938665812437,0.6540569138071547,-0.5115490973774409,0.8294265762014393,0.7755977822445234,0.6695494056490142,0.2598610593815152,0.7955692463686929,0.5867584654785611,0.5421365688893582,1.6531898368015578,0.4223140877635406,-0.02388399021628907,0.07206906470497249,0.32333340012355005,-0.2628301308871997,-0.5871644817139045,-0.3708631358905415,-2.193326331835424,-0.40007865839166384,-0.5052071150344459,-0.3872024764797668,-1.739539757751408,0.5692120129581448,0.6432925389775227,0.5541886090443647,-1.0706593057767808,0.6985332727352989,0.5638350977836076,0.5418166997831558,0.25912784544049283,0.557672836963987,0.45924943853335,0.4762261593238053,1.4966268310144641,0.3980560353203693,0.1390756694617995,0.17216973823753914,2.1953876922683233,0.1306835231084189,-0.3656787325366948,-0.2301852977498352,-0.8303225859843234,-0.1307774488282094,-0.40069829141449104,-0.36652060154847865
2024-05-28,4.54102314560894,6.917972519671967,0.977159575224105,0.7311901930476945,0.7500857606722778,0.6583600287005685,1.607513488316509,0.854513593585583,0.8011420352334911,0.6639776512214709,1.7880759216397568,0.8258239716977446,0.6673620901067273,0.5361377487287566,1.104823310431907,0.4207065204542817,0.047544731001315496,0.09667715604310649,1.6240725569284606,-0.13959535858067432,-0.5125447482106589,-0.3207865111044534,1.6326320868091844,-0.23849741986377113,-0.4080961152221136,-0.37031479746401774,1.1054779763436355,0.588456298705515,0.636417571281336,0.5663864148479358,0.7760997469071171,0.7851695296947345,0.5939196159628731,0.522959893313826,0.48347983467752953,0.6067149386658589,0.5092560613327699,0.4524427727252078,1.3144508925693983,0.40918321368562566,0.14962399096062234,0.19043281620314756,1.811563003390845,0.11144724656621066,-0.3004042650327885,-0.1825915947569389,2.9415711884721025,0.033946700381482404,-0.29660950528775293,-0.32573401008400565
2024-05-29,4.62267753419787,8.165438858893026,1.9505999655978958,0.7899469696355635,0.7572755304156692,0.6701190987853591,2.1617079075259777,0.8785102881337646,0.8078092230100242,0.6721958238772391,0.6733774640386737,0.8095374285170894,0.6650887078580869,0.5353979467081037,-0.8907324611325248,0.3130522385820102,0.009314278997657037,0.07957180117447606,-0.6184234792993462,-0.23278677927591665,-0.5159155788449311,-0.32443422689745244,-1.7510114286470526,-0.432642649231755,-0.42796111741037995,-0.38767337158443077,2.561303557632621,0.5933126218048648,0.6517863020506767,0.5816694294267828,3.3609991461332442,0.8071268213059234,0.6069919587514392,0.5343517254599983,1.654833692424496,0.6613885689805611,0.519479328971491,0.4610054168328332,-1.2308314352947451,0.3108658463318995,0.11106709665115301,0.17126348635227379,-2.7989706288272385,-0.17043936785992145,-0.32990144704738317,-0.20961765218213613,-2.331607699536547,-0.17543755629082322,-0.31812048778908514,-0.34102074935820725
2024-05-30,4.55297646560846,-6.970106858940994,0.11492079848331205,0.7618276338133199,0.7453758315141551,0.6568862577688094,-1.5216648165548383,0.8871838237229254,0.8185651139602831,0.6748849990944535,-1.3483853254448004,0.7851318450832524,0.6834371513349298,0.5281211502921993,-0.7415850915227682,0.3121286617187649,0.03255536300294277,0.03931846593319342,-0.019602289277567575,-0.16387041092840055,-0.5033224009965771,-0.4064813587011874,-0.5434838361755521,-0.33053131897677696,-0.4051098980656165,-0.40574514786649946,0.54012053823928,0.5972809150930289,0.6326033271311776,0.5620021000078119,-1.4739989938396063,0.7438232949087388,0.6138365626589348,0.5314965753222954,-1.7016851119620606,0.6404043537129254,0.5366492723663224,0.4596017586142487,-0.7291265563897507,0.3333082290909107,0.12212113176733402,0.14013795200476178,-0.277451727306528,-0.14818155107086317,-0.3225544147588787,-0.2821152552660506,1.004849377541786,-0.21360222215124522,-0.326829105519126,-0.3647288085657943
2024-05-31,4.51140189989497,-4.157456571349005,0.2603438563616929,0.7446927113334942,0.7478946887772627,0.6579012312589101,0.08554776876511028,0.8627049967212186,0.8201131608330938,0.6786292880538125,0.6102980302519838,0.7485308581122396,0.7020690129551884,0.5202238106790348,-0.08337160408112343,0.31638112756865794,0.04991431622337295,0.04374943348609405,0.4335791078790687,-0.17371784381895314,-0.49412148920908056,-0.4173097869934326,1.5475969561455494,-0.3593252208648137,-0.4017799457758965,-0.41549859081295704,-0.5020839833335935,0.6273608445615773,0.6410920070148036,0.5670607926647703,0.8603980862777632,0.6993709370266263,0.6228676189601902,0.5282343013119535,1.6045423432565185,0.6187876175032715,0.5443094679918299,0.4483806980762653,-0.176158415847107,0.33238946285849486,0.1464124496012252,0.13727211718957816,-0.47458890094061434,-0.11670377954322805,-0.3014189964542625,-0.27404433797241345,1.231333290699462,-0.24214972134840457,-0.3211482247369909,-0.36331864198446706
2024-06-03,4.40014970040999,-11.125219948498,-2.21393985662535,0.747189661411738,0.7549545240469712,0.6735361932384011,-3.4957407702244607,0.8745618033904522,0.8354837158041686,0.7009720425581722,-3.1794795092892447,0.8464443652460827,0.7255916482098657,0.556067960569103,-2.575958760424985,0.5889221695706051,0.1663343504613244,0.10799447730692045,-1.0763308155139968,0.14920605994396102,-0.4175984327544702,-0.36690529332224686,-0.8890708911273602,-0.20682661333034627,-0.37745526582628863,-0.37623816601180904,-1.7617353071561181,0.5480025036958756,0.6334721344901201,0.5788466067932884,-5.5572538604907376,0.7651544756423301,0.6512103111166676,0.5624595778577318,-4.17763373057814,0.757901240221969,0.5712031913503838,0.48840452513769206,-1.4010848762345325,0.43319473051502905,0.16035695121361596,0.16256775067288606,-1.1290754102280642,0.09182050705865888,-0.23335635200112362,-0.24429438753902635,-2.9039776061588576,-0.05773924861747399,-0.23329913050931578,-0.2932862707135061
2024-06-04,4.3347076164437,-6.544208396628992,-0.9763176382739938,0.753552890537201,0.7590583703405805,0.6917248378108236,-1.1719467429265025,0.8731141574298155,0.8378401910387666,0.7343082275189365,-1.173213226511151,0.8481067955904577,0.7331373992844993,0.5841984020114568,-0.5838815328953056,0.6053183666469858,0.19275488651871953,0.11653883824774157,0.40636696113401827,0.14483158013271724,-0.4181051327293895,-0.38323625086967544,0.9058070466538016,-0.24568102712226178,-0.41434649508660176,-0.3907821403775567,0.7351815481918047,0.5070846997008291,0.6130771362620948,0.5687227012682168,-3.5805087110490335,0.7913410945786248,0.6559412444467307,0.5874272023247039,-3.5790711542111424,0.7777623572516745,0.618231270089044,0.5098025520065272,-1.927076359799984,0.47129754981917465,0.17742247574020967,0.18220241020899966,0.711983623115025,0.07723550085822702,-0.28641049169558397,-0.2598919348626931,0.17184386275161284,-0.06350325567473392,-0.2194530690900341,-0.29925558512291395
2024-06-05,4.2880473754338,-4.666024100990018,0.5753786911704704,0.7275804496772669,0.7408365830948878,0.6922526277658304,-0.0044563058889824925,0.8571229586162148,0.8277499214515709,0.7365805175119229,-0.26302250052686715,0.8399323095056791,0.7248291169844144,0.5844186283397592,0.3317363344182077,0.6513750407014186,0.18004311866909117,0.11094807976785102,-0.7067657896177248,0.1946413488433531,-0.3928373054350685,-0.388205592301198,-2.0707688332441756,-0.20427671568459796,-0.36054974443473536,-0.3860452766153391,0.6742680311124916,0.4758710793947751,0.5979495433075322,0.5605073235992981,0.380879136378224,0.7633909895633132,0.6506507520734468,0.5822865106226455,-0.01984532096955328,0.7635958291156993,0.609615248993575,0.5081235470587757,0.7940708785085888,0.477535006602721,0.13184746442274892,0.17354993472259236,-1.1391575474226951,0.11452267396166906,-0.292707933216792,-0.2614498210693517,-2.628393003323626,-0.03237018255427964,-0.15419852880363358,-0.2947957897889681
2024-06-06,4.28026176732651,-0.778560810729001,0.17094292162216318,0.7221483356494417,0.6865802929670621,0.6972085069796493,-2.0141393951067776,0.8308957999396591,0.7941066378967027,0.7307852318347915,-3.0322291707899103,0.7765300578603909,0.7239791646616169,0.5665344257999758,-2.886572854139795,0.5898125213732172,0.34753934688777943,0.11048861887112492,-0.7424618277982944,0.28016219215415517,-0.2585763388755309,-0.390735874772287,-0.2169936241705792,-0.16949884351070205,-0.28809952620499296,-0.4011118238566224,-1.0089940127031136,0.4987162944676742,0.5868573644946128,0.5636325279220727,-2.409781498450304,0.7569813511120308,0.6533985523732695,0.5772689916336768,-2.7473823163490083,0.7338286972207,0.6205241537234559,0.502533179809856,-4.053481084880573,0.4478827808298983,0.24456531139432586,0.1693779200165558,-1.6560628414526783,0.17149751644343808,-0.17119992475770746,-0.2526251203471753,0.8325755489724735,0.02075948421865537,-0.025817839932047705,-0.290312799347556
2024-06-07,4.42662330239101,14.63615350645,2.0969094124669487,0.7464826199836261,0.703650526308524,0.7129976743854632,2.379997932349055,0.8316213522251572,0.8090558432989502,0.7427398803482047,-0.4576516999069904,0.6312297250590587,0.6521251872493639,0.5380902127086773,-0.5353944284555859,0.4478313230872491,0.297230538739272,0.10135313017605964,2.5062154894571838,0.49502529704143555,-0.07712204261469699,-0.27709347599094647,1.6624597648213912,0.026861522119260094,-0.1641630155680538,-0.3248864902264964,1.1010084073555166,0.5010661132974604,0.5716310749577538,0.5642876950204747,2.2294917102292673,0.7416155263054316,0.6505456309682279,0.5795336903383032,1.5974803342904353,0.697126648112084,0.6191907893266229,0.5066955551309335,1.3380460184021856,0.4487406618492926,0.2786620258666267,0.21593386632951322,2.026246589074877,0.26454852448741173,-0.05999185746394622,-0.1803735975721575,1.7858483161233507,0.16016174907181666,0.06653442746851027,-0.22790375855441913
2024-06-10,4.46800844664382,4.13851442528097,1.4158200972506345,0.7541032342716906,0.7188420783461931,0.7060542437305704,1.144016313474388,0.8395051101289988,0.8156995649952559,0.732672653393095,0.425474539708239,0.6199742552766906,0.6462293663701941,0.5105487577416059,0.9095906190188442,0.4299890566518725,0.29627544728677774,0.07211706975529907,-1.1336975058331904,0.43321162383164263,-0.11223437060977744,-0.28729094563477153,0.16789908438707846,0.02846605790937441,-0.19889530835919064,-0.3175770047263368,2.8952701303218715,0.5228055141686192,0.5717774964092357,0.5590359702412984,1.5529889909942272,0.7986218900013069,0.676432852240191,0.5724558877456577,-0.7437496968246513,0.6732032656782108,0.6143954528558364,0.4754082727336132,-0.28249653528511043,0.40698898944570355,0.2761131614472255,0.1776994280505674,-0.46699485905082705,0.22936570494045894,-0.07598576036335748,-0.20512895909638432,-0.17906718009919365,0.1912209759981202,0.029763774505904683,-0.21531771484939505
2024-06-11,4.4000978626389,-6.791058400492034,-0.9743115179732096,0.7978198572353761,0.695564535731884,0.712688439973547,-1.956385367268736,0.852348398563075,0.8026335872587138,0.7389152490571207,-0.9883962350596543,0.6216066329710227,0.619368752090826,0.5193697480704318,-2.818601931393408,0.4715330525143355,0.30596799277400266,0.11546788116976416,-2.689907570559952,0.47674762784125196,0.04622604104281312,-0.23298168152511095,-0.6852303717997756,0.05172659041143286,-0.14072954022135623,-0.30762432807088036,-1.9306561042105472,0.5434331549360852,0.5084410908853738,0.5699265000804499,-0.6196574719947776,0.7829846595352054,0.6336012274555145,0.5711378547133749,0.8612681663926783,0.62915807866133,0.5754185407828359,0.4689168895691859,-3.9151645425961794,0.456525752735847,0.327390978918628,0.2192226313349775,-2.911406503740931,0.2963895406640505,0.09028200996273765,-0.1646000683956614,-0.3504551159819842,0.19967573419959433,0.06106066283513316,-0.2109078999623796
2024-06-12,4.29366209974626,-10.643576289264,-1.8897050512192781,0.8432469472050441,0.7184361987472448,0.7179084110521653,-2.7243291025970433,0.8789681328644844,0.82433366151306,0.7487015512522962,-3.2626473264671363,0.6735286601732574,0.6478821917234091,0.5450282318871061,-2.356967481641344,0.518853318354454,0.3494037970166368,0.15381463869961312,-0.840813969894592,0.4899861194172289,0.08033362686330257,-0.2049673201116563,1.4814657248498246,-0.026154731476734954,-0.16103591605721018,-0.3264975265845534,-2.426593857587568,0.5749386981045153,0.5268474917796175,0.579199564759701,-3.752643344567562,0.803254220311698,0.6504444486894816,0.5867550950200447,-2.7851507583131934,0.661820084587754,0.591587726628829,0.48880833438764476,-1.4049051289539967,0.46929292022058705,0.3413258804005919,0.2311244057218808,-1.307130827801232,0.326974155998061,0.13339040045309183,-0.13827410616874716,-0.25027894498591996,0.19836940844725098,0.10476346868784629,-0.19953508931067096
2024-06-13,4.23935830566755,-5.430379407870944,-1.044015275737165,0.8391068114017213,0.7266427787358907,0.7224753522536022,-2.011158135209558,0.8714830219853549,0.8350400092708654,0.7579446581905852,-2.5201288459533857,0.6611541872497981,0.6595714873011157,0.5477548735962441,-0.9755623797685473,0.4973675073763875,0.3871600432564371,0.1521729099436848,0.6264526278417633,0.4532483074304194,0.12167658054708762,-0.2240239048435026,-0.17084133298368448,0.07399175819709472,-0.11705683349302254,-0.32724744529209004,0.3470344659421438,0.513351375422461,0.5155896708925596,0.5689348589985674,-2.209578245984323,0.7938346911390303,0.7096706455277423,0.5879588603611974,-2.745259194087744,0.6525119162221851,0.5900145319041056,0.49369427989187753,0.225496470977248,0.47400359419912946,0.32864740253149854,0.22271628686146053,0.48115752150122226,0.3423537518185939,0.13695768296776006,-0.15228345215309713,-0.17709271931934412,0.2710615986419047,0.12478213009472967,-0.21107894727440243
2024-06-14,4.21218802330559,-2.7170282361960396,2.247794862067104,0.7765457383233136,0.6838487586726177,0.7018365621717857,0.25924010063510394,0.8779273107660238,0.8310597911673612,0.7555102001693897,-0.6979976919341757,0.6592740855488424,0.6518721346883937,0.5499887980432991,0.5630380272810882,0.4840812025949296,0.4035433068487083,0.15536773921368036,0.8998122774021118,0.44977513077231457,0.15758179841693273,-0.2223743040967888,0.7345205615476162,0.04711917445538217,-0.10802651295332662,-0.3264569469166649,3.028553511688,0.48398445643343846,0.4748919719704714,0.5509202160247589,1.1235338209059522,0.7795085328518111,0.6958404761261803,0.5815999675159451,-1.709896324574144,0.6670106363088325,0.5876098448743717,0.49666369619179584,0.09539941971356747,0.4627964320192201,0.37878743011822547,0.23118428212991124,1.898786435853216,0.3029294856390258,0.15985214709441115,-0.15200888157339915,0.34494809668204773,0.24899787960213052,0.09717702550532634,-0.20652797072320844
2024-06-17,4.27797183983736,6.57838165317699,1.7744311548917056,0.7843474009751653,0.697323587586664,0.717305672524266,3.1401108462340925,0.8771695107698699,0.8428079837394968,0.7595147299240864,1.9362625736598016,0.6747856318850494,0.688448721570252,0.5612221085418104,0.7245066232472801,0.48122341671164276,0.42680803292637326,0.1645656915336386,-0.20271320082371513,0.4315740016939151,0.14305389640021524,-0.22906610025031762,-1.153527610898976,-0.010178346996784925,-0.13866625382114328,-0.33974754831877163,1.3846859845271424,0.5051482466821725,0.50279600356839,0.557315916090925,1.5324125429654474,0.7834334276866741,0.7238237032892917,0.5856377919583828,1.6158752092624193,0.6828770488507271,0.6102416147528267,0.5037604811101437,1.9363102279996607,0.47465296885882263,0.4016780926306642,0.24866704677847037,-0.32222276094137614,0.2672476421632107,0.14355933258911852,-0.156449497009063,-3.024507769022967,0.10987449594720664,0.031583411796060105,-0.23009097075237453
2024-06-18,4.21591452654725,-6.205731329010966,-0.989901040544655,0.7916959487503732,0.7079930251906132,0.733871094293421,-1.7595676419400064,0.885966109230354,0.8463256873224215,0.7848086887830353,-1.1393008581148587,0.6843935317917093,0.6952404099901323,0.5866221909811232,-0.8035108892281504,0.49369347066133845,0.43053420357511707,0.19408168097326214,-1.5227982958996542,0.4506774164994136,0.17339059621802463,-0.19006881217382204,-0.5717333724584575,-8.241148830121601e-05,-0.13129756103323045,-0.3279532895255091,-1.3737050265296866,0.518043978789568,0.5080746231439466,0.5739305513851473,-3.590599399175904,0.8044337378798366,0.7359048409883793,0.6228025534574823,-3.4111411139546974,0.6988593255006009,0.6277577030896936,0.5350849687196468,-0.22055262385557128,0.49632019349712914,0.39955660337131543,0.2608875091005284,-0.91152370119976,0.2702377550139519,0.16521170615512148,-0.1356701461880659,0.533066359516688,0.08589938093839294,0.014335419003928582,-0.22986571169425735
2024-06-20,4.25264390123994,3.672937469269044,-0.2855914531090208,0.7993673645505645,0.7168406607451032,0.7367919625947119,1.8722943768187137,0.8909532152951714,0.8479840252026288,0.791692485564909,-0.2763477894909856,0.6808314816801754,0.6918611209308322,0.5839649527206603,-1.5669509612338688,0.46476059035244033,0.3985562913010471,0.17381171446670676,-2.8816810128905535,0.37100864980264453,0.11124553406343263,-0.2071476896486321,-2.9519049684003615,-0.05931051322016398,-0.16527582109493766,-0.33229911773617526,0.1094862722552224,0.5308995746278136,0.5098665220247273,0.5801206504801746,2.8086384084927456,0.8061935515765073,0.739366689796215,0.6335299095290717,0.3361787641718112,0.7027660697385972,0.6287424588740348,0.5339953287848671,-1.531042503111564,0.4582664260367213,0.37606108951939665,0.24184459252140775,-1.5310471187795232,0.27459886269353706,0.14206749729233725,-0.14723234736932464,-3.6781609827881607,0.03138514010722309,-0.023030407036192174,-0.23724541337662075
2024-06-21,4.25641691471577,0.3773013475830034,0.15659732777358415,0.8006957379342263,0.7250780607705376,0.7432464466771085,-1.86747729531456,0.863537417084663,0.8377178825636554,0.7884365502147448,0.26967987249933745,0.6772772294572389,0.6855407392242561,0.5880358431809607,0.30166991336069127,0.4594519168309144,0.3922056911906221,0.16942097488871902,-0.7020352967562815,0.3594076973322453,0.11496613853499019,-0.21249541270631153,-1.5419848603170017,-0.06641511859364121,-0.1841485205418649,-0.32913313932038024,-0.1929136574971424,0.5911723330613707,0.518889361765783,0.5911461747908434,-1.4906997968465472,0.796233908817363,0.7402299261211033,0.6366627326070853,0.8635602690268065,0.705713427805464,0.6178600563075916,0.5338676201574472,0.2636306284044576,0.45367970196616086,0.3783518614274381,0.2388507369686403,0.43200952152585914,0.27846785406809327,0.15961592905659536,-0.15048931083663716,-1.1655774689942175,0.03001337864836117,-0.04042996145489933,-0.23433990231026522
2024-06-24,4.24668036152237,-0.973655319340061,1.255795727990947,0.7838312877522705,0.7129528737583681,0.7362689683987623,1.8082094443254304,0.8407408770853205,0.830901082959661,0.7774619444436985,1.8823887195499487,0.6250899443808975,0.6826158671367334,0.5888467964120799,2.1197066948499836,0.39592827881876913,0.3948856357895152,0.17122657216808404,0.6031658310014238,0.3656527035547025,0.12655392509772817,-0.20881576198173318,0.25583265559769597,-0.00854617273990763,-0.16449474328666724,-0.3254636744692114,0.2944078854365375,0.5801604575697042,0.511666215271448,0.5881706904618307,2.475930682503997,0.7615788700655314,0.719848468119442,0.6272592082782026,2.1871474242782916,0.6613790264524891,0.6057569498316944,0.5368269195348432,3.2062896119301056,0.38239923828803046,0.37190671127751135,0.24467526612032248,6.5974276677004156,0.19745539095587725,0.16863921122595726,-0.13457049299881657,4.366673079596208,0.06217451834744268,-0.009538563929523415,-0.22529921579646237
2024-06-25,4.23694865929796,-0.9731702224409666,1.0085634885037442,0.7826220365992258,0.7085074444026404,0.7415980064777671,1.7508657216960994,0.8236254113824646,0.8168937720942024,0.7887653846569619,1.31523340224736,0.6068059328752722,0.6708290396237395,0.6012000222461001,-0.27607602220489635,0.4091521037780442,0.39021145576760036,0.17599122365819966,0.3145523382310076,0.36305339406494996,0.1250911563079132,-0.21240384498854928,0.8109571534575046,0.003270018278339493,-0.152544756965616,-0.3262067203518313,1.3972831530497345,0.6086721363098893,0.5104389769532031,0.5980385707211218,2.0280957098444636,0.7496276902363657,0.7096493022343883,0.6341532761282893,1.2435308826758398,0.6494516554279941,0.5987957367060894,0.5387828515463338,-0.28821310636022357,0.3857061041964985,0.37645280896736083,0.246782169402041,0.25073813861014393,0.19543148268649307,0.17402544201768325,-0.1347304864440074,2.4865995609250238,0.06405707436285685,0.0022031954801322797,-0.2253170442244651
2024-06-26,4.31473693433924,7.77882750412795,1.785788902057705,0.8009142545884229,0.7155126764109055,0.7340337453017098,2.247183100403933,0.8304610156551204,0.828046759463207,0.8085834369811103,0.653003126635687,0.586076179935097,0.6758487279318017,0.6415701635178881,-0.4984303954434752,0.3477408675453951,0.3680328547701478,0.19630654130476616,-0.021361666513955213,0.3006780050095386,0.13574046609192422,-0.1839712014673723,-1.3276380440991424,-0.14690360137797762,-0.17055567960781567,-0.2974840380838455,1.1716506556742976,0.6091010157546088,0.5116578772722156,0.5900485922149352,1.7127479669981358,0.7626708827845572,0.7464183580349188,0.6592519045307373,1.379395220149891,0.6663567462880772,0.6358260020680427,0.5767585973307647,-0.03445128982341761,0.34485874849421083,0.36893562101237604,0.24009472572054513,-0.9952428021181565,0.1089323843293694,0.12450070304689806,-0.12106991179089677,-1.1152684801013517,-0.06178553839138541,-0.020751319016846504,-0.19951166022674732
2024-06-27,4.28740450423156,-2.7332430107679606,-0.19914355887851776,0.7819302868059941,0.7317032227639779,0.7324125486465682,-0.7988388250926048,0.8168901645599543,0.8315239178525404,0.8080262863296013,-0.47332537537144675,0.5661977827507032,0.6702538426685334,0.6394090836036326,-0.47559904179769275,0.38190896251285106,0.3676572966696654,0.1924693773274449,0.07067213013120355,0.32993897811762657,0.11922065313783886,-0.17686955180466035,-0.253944053673264,-0.06760090385483783,-0.21979499397780047,-0.2878089984988172,-1.1552928523524544,0.557136742550496,0.48821481744910994,0.5955558300885188,-2.2909093830059746,0.7306564277575567,0.7417583102159003,0.6580753682618383,-1.544242613034915,0.6412229303685626,0.649487105662079,0.5792753167346496,0.1882518366226431,0.3971502898252225,0.36586546315171875,0.23287544511887065,1.5140225313000895,0.21745221659775857,0.08810552111193282,-0.11673827538842556,0.5562333971747169,0.014559055399049906,-0.05847746069651326,-0.1888719881795176
2024-06-28,4.34205085845739,5.464635422582997,1.2741092477917568,0.8007524111016627,0.7354524317846737,0.7405949553312526,1.3814110279501217,0.8181335448443078,0.8336268918067945,0.8151920704022093,1.9875786390342687,0.5903009611499144,0.6643951513694344,0.6491983542067095,2.274748372704112,0.439327066288831,0.3919706898226009,0.21320438438461226,0.7689296347257952,0.37919446524202843,0.16990834881804887,-0.1643417597680172,-0.5947090305735232,-0.0938076650643664,-0.1903712309383925,-0.29150688695421545,2.3046815093502504,0.6092500553920133,0.5224857025274485,0.6023180623279574,0.8273377153414336,0.7317215282974683,0.7252217597423638,0.6583498069375402,1.0968928777873463,0.6497287926421642,0.6409294749491045,0.584457447365442,2.8645508965263327,0.44635056163617215,0.39727414397958355,0.25071939425284756,-0.22898063044262718,0.20066625658132847,0.08203092174914339,-0.1200594070239361,-1.0916831657204895,0.015169777470150733,-0.06777180447308848,-0.1948485285725691
2024-07-01,4.47815413207154,13.610327361415031,2.04913680986689,0.8183770009495256,0.746385814467907,0.7514560922217242,3.8029871226724676,0.8564564942640831,0.8519088879923722,0.8327009671358174,2.3571204577660065,0.6767067822240018,0.691583559507327,0.6886161157577995,-0.006887047761920506,0.433353221035648,0.36462179237567927,0.2178679410020809,0.31304311620063974,0.40780546200647,0.17139307959700448,-0.13590032770672408,0.02834018038384034,-0.021431105698616826,-0.16143744643871638,-0.2647387257913728,2.3623320325895407,0.6455097974496158,0.5650191252904302,0.6144169752416208,2.9797321024610044,0.7771595765354787,0.7375863947539176,0.6797809295961981,3.7404253760902786,0.7592957465400773,0.6920119164446449,0.6305610630673278,-0.05094375895142367,0.4110612535478655,0.36371292281010476,0.2555771593786399,-0.46427086569900844,0.14746577251631685,0.05211501084380818,-0.1173136711626686,1.0237121518192636,0.09882493148651234,-0.02505785537571131,-0.15468197778395523
2024-07-02,4.4345688092052,-4.358532286634009,-0.8901487223054718,0.793444402099452,0.7512126383559642,0.7497769425049701,0.9188138076611363,0.8105620350779712,0.8314009656385981,0.8226188318040962,2.0638736270332823,0.5440649592734178,0.6639294850906406,0.6520367453228256,1.6365059499575652,0.2869368476500145,0.39676008123390955,0.21025120623351606,0.4609954566372563,0.3567594202766526,0.2645935992485113,-0.13571323606605845,0.852272523118438,-0.09870989040637528,-0.14438467352413703,-0.28721359969383786,-0.04999438332989126,0.6049952537356581,0.5408690945093431,0.6059945294255015,3.2728223925120767,0.6480611410009841,0.6883307951076605,0.6482060503424869,3.1894956613219185,0.6148662198377258,0.6676755264060131,0.5871774454889851,0.07161799188114237,0.3779515631218381,0.38849829268961555,0.2424296823668769,-1.743269479640456,0.1343564850619167,0.11240700144265695,-0.08797750451716153,1.6074115927559358,-0.0495032342830509,-0.050803738739584645,-0.1678811319195813
2024-07-03,4.34591520398256,-8.865360522263988,-1.4126010980585504,0.8019122838305499,0.7628662571641168,0.7567654945076809,-1.5674925884425555,0.8138823197018402,0.8347375332471247,0.8244531312998191,-0.6674619662749994,0.5288981262513963,0.6587658883405642,0.6514843597190303,-0.6448214372946766,0.2879934438649471,0.4065671119146244,0.22559316849130848,-0.4333342436951062,0.3887511713395307,0.2846340242239241,-0.12459940622573584,0.3915111817030977,-0.08584118444722322,-0.15763774823123097,-0.30834394277729094,-1.7414101517644127,0.6651310828909766,0.5716948477092835,0.6117769997229247,-0.38359563627157733,0.6138470882187771,0.6803102308709547,0.6377832861659923,0.5067501192614303,0.5457768863316841,0.6428444225754237,0.5926204192615381,0.08755228346591618,0.3225107058470323,0.3807505782337325,0.23185665554386942,-1.179501692574451,0.1880063054527049,0.13716996983814533,-0.09275673049165405,-0.4775995790977171,-0.026851242759175848,-0.04000164042392869,-0.1498188551757963
2024-07-05,4.27152856892678,-7.438663505578003,-2.4936151433554654,0.8188925993602211,0.7733436856048089,0.7592084577717664,-2.9875431518610642,0.8296350350861551,0.8398920183773335,0.825743201077642,-0.9405047794584707,0.5405802795398761,0.6605209084880471,0.649139772514084,-0.2081581882972321,0.2962515631653027,0.429148188829999,0.22261182638939514,-0.5404893338667773,0.38271309759214284,0.3050071846777,-0.10595283969890103,-0.236279772621955,-0.1487608757363319,-0.16782874722832045,-0.29267095112115327,-2.6613306072040417,0.7040698807091308,0.5877753443422388,0.6168628372082742,-2.2116111516920065,0.6452528172491633,0.6856006750706715,0.6441130070041526,-1.6191412402472354,0.5697425936420121,0.6476566582233976,0.5949066933033473,-1.8344528174134302,0.3803366037244614,0.41262780245988107,0.22873533768733534,-1.6952767616083007,0.20848369218581506,0.16592610163715366,-0.08410264237141832,-0.9560497081509438,-0.04864884251458551,-0.03746557578102868,-0.11519355766439024
2024-07-08,4.26759987297293,-0.39286959538502586,-0.32010004149743676,0.8166206136053831,0.7720822194661955,0.7285640729722228,-0.4635760984077744,0.8471131297531161,0.8383804283665639,0.8158907057586818,-0.37901061146737536,0.5823968277242199,0.6609025531088422,0.6655792099515373,-1.513838293307147,0.31061027501226673,0.424935228136329,0.32419038423112023,-2.7128277384129573,0.3529314235376051,0.3095272246859863,0.0020591646647213093,-1.1820087731289952,-0.1435870527319768,-0.15404086617952667,-0.23494559597417358,-0.3798291475717951,0.7083079838998291,0.601389189152788,0.6071842104713611,-0.5075111543385408,0.6612712097290029,0.6875569842641553,0.6446162579318124,-0.31269689327184647,0.5925459915815143,0.6456933629470382,0.6059629167448006,-1.2198946309373793,0.4215832211348218,0.41721557048869085,0.3092695663756766,-2.0684621582624865,0.2049931287644519,0.18229046985387246,-0.00025903381539713673,-1.459915766902685,-0.04380261401128717,-0.019630134265037093,-0.03220615491249345
2024-07-09,4.29783449130701,3.0234618334080032,-0.9369189912742302,0.762859841483425,0.754664888393218,0.7179433682707792,-1.1662783859183037,0.8238025251979192,0.8238806332274523,0.8092803417498913,-1.1202486189356162,0.6712970694956214,0.6448868824494244,0.6557581854967006,-1.5769857370076483,0.3435977406668462,0.39886976185046336,0.31384075028145403,-1.5222444625872642,0.11488626348937109,0.2889966982142429,-0.0026764208167252314,0.3776460877519998,-0.3932468851303066,-0.14854125459408885,-0.22530974521596067,-0.7712067110168577,0.7203098229324807,0.5903218944273562,0.60277490576883,-1.9187761312051843,0.6076257579592665,0.6697351889882469,0.6329286353043787,-1.2165949209837437,0.5608915081016258,0.6302796483636229,0.5984924486466118,-0.12332185058911982,0.37469724723215914,0.4153764803911553,0.3100552506509949,-0.5992844357633604,0.093589394532449,0.17395182766405284,0.004168539555331919,2.1970952188806723,-0.13988345335906435,0.006747363297400237,-0.00830497655314449
2024-07-10,4.27924766211075,-1.858682919626009,-1.2198524442528902,0.7457658767345398,0.7511786843469884,0.7230896673182581,-0.4018841054848502,0.821168435280851,0.827241617768251,0.8115099398914963,1.0003420854650982,0.6603055639727801,0.6293832829413698,0.6439362127312691,2.067169734450752,0.2839066318162951,0.35709119654888805,0.2965425398466371,1.4216978669195608,0.11779574941062212,0.2689475027767375,-0.011987442482710383,-0.5952224363008128,-0.41734534633520576,-0.15308669281415024,-0.24838264449846725,-2.7425640589859746,0.6815267046710143,0.5886978164937865,0.593920110051826,-1.6073817239857182,0.5941456546912587,0.700870110061281,0.6464886904636945,-0.38212285903347454,0.590475237317275,0.6270995888486783,0.6015153382411457,1.022199098433501,0.3756451889516377,0.3916558964056327,0.3082399039936112,1.7344358011956602,0.08953295483906581,0.15711990326215394,-0.0030489343203188926,1.0714048911886016,-0.1423008976164886,0.019681720554249705,-0.03312751866032726
2024-07-11,4.19170818504889,-8.753947706185983,-2.8523555796663906,0.7633082901181161,0.7771600624631415,0.717832300170815,-3.598374659624605,0.8284220404582897,0.8371984159008928,0.8081048139531705,-3.219092606713043,0.685730898986309,0.6486346218797453,0.6419156221883738,-0.6869407854034337,0.23464682810853588,0.35903173071869027,0.2816676606755277,0.4583388083084414,-0.017609530392280734,0.2422089878143683,0.030028444622999268,1.4577640739934625,-0.5052687580134,-0.19074022999970985,-0.25091118824281855,0.538018514541456,0.6102139473820143,0.5669400436151241,0.5278448493949501,-3.03157871909334,0.630657261156433,0.7114989418540572,0.6287802217530923,-5.218455987590582,0.6661565754871592,0.6480254148148474,0.6100316002561426,-3.0294372947858794,0.3994170785200555,0.42702480425456374,0.34531918901006786,0.07813610756694045,0.016423741956773864,0.15340151628608406,0.061169782255357394,1.9698933559622145,-0.2117205070154626,-0.01621958573130628,-0.0466355834858635
2024-07-12,4.18575764024482,-0.5950544804069757,0.11052181635737579,0.7417860008726601,0.7833394398560886,0.7258094937885993,-0.3846303131288966,0.8103838320228365,0.8413446543566143,0.8119481666660221,-1.5040035548078077,0.6139459312128117,0.6446573796155618,0.6344074553583589,-1.1564089129761275,0.10338406730313378,0.3504945292758321,0.2735331716799376,0.9098168467716157,-0.06287742900730686,0.23602336200600765,0.029911767975664475,2.022665213776768,-0.38402656428768167,-0.17632800678815236,-0.23260450496383736,-0.3138212552349442,0.555849719254474,0.5662196445996687,0.5303609192615918,-0.58617021173648,0.575645516456914,0.7114202115438389,0.6268733912559944,-2.8058556192680317,0.6135140288436266,0.6360962869120489,0.5982988617691755,-2.725062332380448,0.3224603723833695,0.4099781763474733,0.3357146473261251,0.31303862771283253,-0.04412274868134122,0.14603579120825017,0.06538086162484157,2.547409354089888,-0.2371059304459885,-0.01933054297411842,-0.02642802982316291
2024-07-15,4.22744553630045,4.168789605562928,1.6487938316267585,0.7430561850596711,0.782819837410756,0.7328648155017894,1.570852687933003,0.8073206146306404,0.8369520992005143,0.8185897727647424,1.1232180867765311,0.6043346519489098,0.6342563887388364,0.6412223767916688,0.8590113432279745,0.09506546486221554,0.33283952998308153,0.2997308444635645,0.5431325094187551,-0.006211028861224534,0.23598634489434522,0.07135261069829513,-1.0664554642234818,-0.40891087636583057,-0.14022483192417273,-0.21758841005046747,1.102952942991184,0.5857155717009247,0.5437943215054756,0.5349551529629971,-0.027230244820723226,0.5461078658382185,0.6898909962575114,0.6614131617083528,0.969526011032368,0.600507311688561,0.6275567447658472,0.5944641289373739,0.7569010362997536,0.35014622811870244,0.422585728749682,0.33583605418326573,0.9307124790376642,-0.017049283988016455,0.1641621143305018,0.07766347560853809,-1.4042866165043837,-0.27714846068691745,-0.009984786437427878,-0.030803320557918318
2024-07-16,4.16630366980014,-6.114186650030984,-1.2808235042259901,0.8395878307994384,0.7910490909448589,0.7355538247151814,-2.321112126847536,0.823993476499036,0.844528410531403,0.8244272039031214,-1.9963410267590465,0.6259968114671842,0.6418571763908112,0.6436690908790527,-0.8168531370861313,0.13777122843581305,0.3401510712904322,0.3193412050787273,-0.6474098986400094,0.03532725203823589,0.24806928632021905,0.10273111157545221,-0.0602597014259072,-0.39661568332793856,-0.15144929969827334,-0.2104388217330419,-1.77411666200336,0.7212672406116553,0.5668826148453208,0.5357246646014154,-4.068879588046547,0.5973772426522099,0.6963755151178659,0.6650466947096301,-2.8460948361490397,0.6200057331447685,0.6429478166534736,0.6002671117375002,-0.06347756021729278,0.3454717919735681,0.4135324471180565,0.3673268843704125,-1.8915384594118143,0.05776332344107198,0.17536991357599443,0.11360230439868217,-0.8047580935521697,-0.24185359446619667,-0.010909068115479753,-0.03866257449783916
2024-07-17,4.14499275196376,-2.131091783637995,0.20126425658950076,0.8190285162915915,0.7864093987660277,0.7334217986321713,-0.49021087301330557,0.8093417801413877,0.8424420664478262,0.8283135026555322,-1.9100996244872381,0.5884757352507435,0.6315868501890384,0.6525002741322672,-1.9491518267848673,0.11875811634637148,0.3285519977764982,0.32863649911904236,-1.2066056413830082,0.04321762829039142,0.2519508108963955,0.10557988305669441,-1.2366302063152643,-0.34667152865057643,-0.15393030654812973,-0.20405087767557809,1.7383841866473024,0.6546312581765491,0.5575410057596915,0.5369432992452216,0.39843271675387504,0.5734250583168413,0.6895462420855853,0.6770001089973945,-3.1610430709630433,0.5951219353977002,0.6316448871492423,0.6035767651105595,-2.251537386657674,0.2940308933239395,0.40082675905151394,0.3670614318042847,0.14179297299369642,0.0662969112142615,0.16736647969169605,0.11247923709104976,-0.6059515278442236,-0.15123868658108447,-0.016657783613840127,-0.03395793812960266
2024-07-18,4.18750900388587,4.251625192210984,1.539647130122032,0.8222576848901838,0.7913282318617414,0.7433963923060785,1.4651872136069213,0.8070464851989263,0.8466414929608639,0.8309286110010617,0.9827956431896319,0.5840752035327061,0.6383108046153909,0.65888454120341,0.16207869486341764,0.10185280438797413,0.32809467041158097,0.32788176278975245,0.46672777920829756,0.013262190913316204,0.2523418217447622,0.11219110914278674,1.1105610528431167,-0.3053078254694452,-0.1294633789433749,-0.19167067694889556,1.235743006285828,0.6511496547539452,0.5655847630747773,0.5434845672699687,1.0108634495420423,0.5500125215825318,0.6978539677975184,0.6827856818955776,2.1329564520398616,0.584176142890175,0.6390578525069279,0.6140741841317144,0.1226877837323519,0.3067266440130936,0.413527888167861,0.3660848920245171,-0.28282414049032956,0.03787540433645384,0.1522818821788824,0.11218368004055701,1.6919426956589376,-0.11336877621097254,0.0018654809934066296,-0.024186114214561308
2024-07-19,4.23793841904899,5.042941516312016,1.6988170815019712,0.8472557393197229,0.8071741001226159,0.7595585813785822,1.4341420988449154,0.8084046096235997,0.8503335090651908,0.8336898936038808,0.24359848699061448,0.5918985813027513,0.6369779608872669,0.6582084041648439,-0.26716958324905615,0.13851947749454147,0.33053077375418877,0.32111475557721875,-0.2557321096778753,0.10915365115853548,0.27420306990188986,0.10672099197266319,-0.7097785179688479,-0.28800053956198357,-0.1332862195923148,-0.19730753819883629,1.3710615932774401,0.6713007721484573,0.5838475315611275,0.551318951888774,1.9448583555481376,0.5558670724305782,0.7043422536871924,0.6875269551002129,1.4107426453363712,0.5967387000112209,0.6446782191118892,0.6183444924085818,0.4560610234552991,0.3571608381188165,0.41632047225652263,0.3681353114552634,0.29604158565732164,0.07366539992691326,0.1728885947567667,0.11497684250485628,-1.2904916069501433,-0.08956154473022866,-0.005592608734126186,-0.03242204261084454
2024-07-22,4.2593753108291,2.143689178010977,0.3153773375562816,0.8468310733963735,0.8070740605791061,0.7657905517031222,0.0936661972321855,0.8315829182599416,0.8488170518343747,0.8358582836716094,0.7680934189942847,0.5951855444015064,0.6375214390122638,0.6564238175152655,0.7432870007847137,0.14799324861004234,0.33228943019072243,0.3190750350968256,-1.1928269670146785,0.0864054957238889,0.25784598784722706,0.10180254470251535,-1.6617002056315457,-0.3101153897785729,-0.14200116059897236,-0.21539975465178526,0.22890760293765444,0.6717744821733307,0.6163270763539536,0.5592860546406044,-0.10436003771928326,0.562958037459865,0.7026153203612681,0.6901590612849641,2.654814387276851,0.5977738668849053,0.6426387788664489,0.6122721788000264,1.7026270676041344,0.3657602562174581,0.4177280452519844,0.37308113893153294,-2.486098349964032,0.04456177172933197,0.15526497428644329,0.10890025854559174,-1.91639546822296,-0.11004452596347698,-0.013016792689664703,-0.04765396348655708
2024-07-23,4.23786962403994,-2.1505686789160094,-0.312032875002633,0.8712053647812161,0.8058840395992952,0.7638477681747216,0.04228723098922205,0.8569059694363864,0.847748625345531,0.8409978476551648,0.6192291050051897,0.6168947513504137,0.6240250220753155,0.6643297886617334,0.7094387464432288,0.1624526852904342,0.30922601421146517,0.32471234984238373,0.7544994941928641,0.07493463761192411,0.2561590025562804,0.10551195016085908,1.0049621369224289,-0.3185695811092292,-0.11766302828908863,-0.20495130024217,-0.1169002179561921,0.6736166970660846,0.6155889357443672,0.5552829276869752,0.4871612668847008,0.5894933911602603,0.6935318680574497,0.6822073373042701,-0.029245266191615937,0.6179678387632772,0.6376052775001227,0.6120924524424136,0.4718522876318941,0.423935690809187,0.4002563946764429,0.3758580328991142,0.26680167093334073,0.1162092030307079,0.15338488713251194,0.12902238083539136,0.4028968478332897,-0.10664493731375851,0.008087058568047858,-0.029917174647046886
2024-07-24,4.2847589636973,4.68893396573602,0.7938865334311297,0.8923608650806295,0.8074635470329093,0.7655582129500714,1.8477324813240767,0.8909447786389192,0.8515832282010529,0.8427378257568097,2.5145667892712034,0.6493779687529307,0.6317234881088962,0.6679270357062268,2.5731701731016834,0.2218916165278825,0.33936699609631077,0.33857970955241434,1.8948671356300895,0.14514136975142455,0.2808591148433518,0.12652730886381555,1.42175047747984,-0.23969777375577414,-0.08829419479998057,-0.17327555366802522,0.51006838102208,0.6957844651926268,0.6285199929383114,0.558380598126521,0.6684850284679418,0.6245632253789379,0.6962803940859176,0.681689861107104,2.448672642303491,0.6431748157409122,0.6459205659892844,0.6167999475998439,3.549417499191024,0.44980872157286117,0.4221566901139382,0.39598316714461784,3.2123047117637054,0.20065557431819395,0.18711490449689328,0.15869786684481943,-0.008950147803200359,-0.10138262835847897,0.008418690352344564,-0.021804384860147037
2024-07-25,4.25537734554676,-2.9381618150539524,-0.48322281751542406,0.881405278945142,0.807844853841245,0.762450384724568,-0.40577897236696003,0.8793678899937403,0.8484100621104703,0.8439367560747029,-0.36054482982226244,0.6590732954564136,0.6170215336452181,0.6696841569871073,-0.5147504475250593,0.2742287102253345,0.31961842794987266,0.3403416629298164,-0.5634651792533567,0.1624442227747981,0.24859158940186357,0.1419565629837817,1.0485486766666816,-0.18515178160982232,-0.1467545457644875,-0.16965145388176653,-0.8123984184727584,0.6889264296221418,0.6259595894185067,0.553446562204252,-0.41627504258112635,0.5966814667839702,0.6965302288893173,0.7033408891947496,-0.14120848605007363,0.6349138308810703,0.6465745355409713,0.6344207642767453,0.03605492422214729,0.4697927913676585,0.40396918215156125,0.39842106803729616,-0.02224788421678725,0.24583365584386985,0.1571073805686642,0.1486646869488706,0.5136210147684894,-0.04873874732370138,-0.047549295434338334,-0.02518017603862377
2024-07-26,4.19872059068288,-5.665675486388011,-1.8802181212907234,0.890015658811534,0.7990377796405761,0.77595259715511,-2.269094421620608,0.8838353537676238,0.8440535395639035,0.8482848054465175,-1.5111327830740446,0.6726611686836753,0.6207479921586849,0.6713591456461316,-0.7373370694587518,0.2882972055374762,0.3506048608793169,0.34383792963659604,0.21056883331180787,0.15019093248076673,0.2604046350245275,0.1269933995300443,1.7429928944125628,-0.2503649223365263,-0.1251341424592894,-0.21883937863444078,-1.8213425817689792,0.7020752819344632,0.6102795717116271,0.5433960502134358,-2.0359913965162515,0.6125162331000803,0.682079023923035,0.701212613099978,-2.187321402199923,0.6463846613174947,0.6433057364007678,0.6481936240694652,-2.0450555121570626,0.5041341848017524,0.45161816530539056,0.4072105136370238,0.23430022921684168,0.2620075738807289,0.22054188367245212,0.12404444180745931,1.2241655274246628,-0.0775300053663673,-0.01085579617811003,-0.05884284795051366
2024-07-29,4.17632483024707,-2.239576043580982,-1.6195810818539296,0.8745089055294896,0.8037544281511647,0.7738324060384445,-1.1269563030963576,0.8785360596525167,0.8415972288494686,0.8478600888057778,-1.473668774568672,0.6469788467868106,0.614421608578482,0.6580498920809943,-1.3910682479987206,0.22328134462116273,0.34812382637107586,0.34196190721090547,-0.24244018479920326,0.11440293001163304,0.26766042910408316,0.15385455344046772,-0.4856446256224225,-0.20672970875191618,-0.1360684020614044,-0.195120794094434,1.0531473920668768,0.6536652258519802,0.6198109958455316,0.5489251828194305,0.03426095593839995,0.5985271554001552,0.6783729011503788,0.6853819259186285,-3.197457350717859,0.6318074194825019,0.6328862176247754,0.6353322973604183,-1.7508738766663487,0.4593816582175753,0.45080231883984234,0.4136303404382388,0.3685643116753792,0.2599221187841499,0.21895419073733313,0.1299141692695674,-0.40316211047123507,-0.018636555297718828,0.0051154917633519075,-0.05577885509384348
2024-07-30,4.14040809142743,-3.5916738819640415,1.2157605693688533,0.7985206631881261,0.7897387336732071,0.760810626156291,1.5579183664998655,0.7561773270330882,0.8251257102172035,0.8312233825105747,0.47389660563503777,0.5496142663973358,0.6182102193053782,0.6515387881930461,0.36784265143097605,0.25095042440311005,0.344173292955129,0.33818076654060664,0.7467078788176449,0.056448258231824894,0.2649581797114251,0.14700122622512607,0.47578025881773756,-0.2341480317776301,-0.12520285250596314,-0.19692264908871096,1.8111718640534336,0.49179789144454106,0.5932399661039757,0.5433140868942411,2.0320228033367167,0.419689734350204,0.6669064687078619,0.6677343903468964,-0.16037581143159052,0.5357974948142893,0.6514217197686982,0.6422179035223726,-1.208031021925629,0.5517950110243263,0.4566988196010417,0.41616472633424145,-0.8073621250656127,0.362853237529586,0.22057326186807624,0.13542807453379918,-0.6341659684447478,-0.11173758271554964,0.01965264486748211,-0.052818809101224044
2024-07-31,4.10363152871149,-3.677656271594021,-0.9849451644398176,0.7995708720096388,0.7759240738879857,0.7626171270910712,-0.6960253600642048,0.8056885901871933,0.8106750850049133,0.8277928859901373,-0.8527436817044094,0.657565115898806,0.5868442645674156,0.6653757433244644,-0.9755043735421443,0.3287632860453621,0.29582997067556754,0.3860088226292486,-0.8009289480601507,0.08821799312484489,0.24725378277874072,0.2208096234972329,-1.3038075394998239,-0.1767073496808998,-0.14825157395811925,-0.16766319458598536,0.33642455042930886,0.48648645001323326,0.567926155949369,0.5259581722489091,0.7907398553621536,0.5278556253556043,0.6217262840211841,0.6579561009919307,-0.924245531000224,0.6427195623509452,0.6241957191063404,0.6627408796042527,-1.0251868521053087,0.5721060704459069,0.45102085873103165,0.4406992553697684,-0.9889640221308416,0.35092774213318056,0.20792133769326945,0.17533785609504923,-2.0934191519891234,-0.037442677904304694,-0.04366704432075943,-0.048545339741220855
2024-08-01,3.9769582369446,-12.667329176688957,0.6495573807857888,0.58668382359602,0.7078155986003384,0.7180089944141557,-3.7966511144267487,0.8539358833565193,0.8282820738359361,0.8406563774206383,-6.522056281366803,0.7897536590988652,0.6351809421027474,0.6921174125672509,-4.965896711292963,0.5567047072970058,0.39898949461739347,0.4542640301825128,-2.18278462964448,0.2600368481354503,0.3261869587519609,0.27849246715531023,-0.5923599949704643,-0.06948205722661482,-0.09974902923844925,-0.14740073297260528,1.392202137810608,0.23378693555669064,0.5102850858786125,0.48846278849658203,-3.2803663273924255,0.6494869196904569,0.6377568819541244,0.6765827120186328,-7.5863745075080455,0.8313135072860605,0.6606451946300804,0.6937184048574322,-6.610124957222455,0.7645892590093744,0.5183529917622443,0.5005399185922852,-2.5656279144768512,0.44591480596488703,0.27838563253424986,0.22027425924009045,-0.9029786049216959,0.01448052081109829,-0.011874020158619296,-0.028494472859858264
2024-08-02,3.79412075265613,-18.283748428847034,-3.455838487078161,0.6812914718313461,0.7627722326682422,0.7500509197222796,-5.932199945601446,0.9004770632344766,0.8640978139119606,0.8622810460200483,-6.922295283387664,0.8802853573407091,0.7121251796894231,0.7397743518276019,-5.259377606703296,0.7311604816976623,0.5226650673117158,0.550646260281096,-1.857065054789695,0.37548097660885993,0.37427887397642207,0.3331135856359519,0.4464712056181117,-0.11369324138334527,-0.15064841254710154,-0.16713827848464494,-4.04014381368485,0.45597629702015524,0.6007004302796713,0.5410384209620782,-5.51882870402402,0.7554377218368347,0.7028995675628421,0.7075581780798966,-8.755228711957006,0.8996651932030773,0.7330419544087943,0.7389965718603211,-6.472978990463201,0.8366369184115475,0.6192180095116568,0.5789922724026022,1.3541921328055038,0.15457015816730915,0.18629735442397985,0.16859514850467627,1.0549094751479373,-0.12519305267867117,-0.07812849904934584,-0.06477420926127647
2024-08-05,3.78180164624974,-1.2319106406389668,1.138163771444992,0.6752290521202574,0.7565666706798835,0.7447178391883769,1.7828816799782716,0.8793726403983312,0.8630882460743458,0.8538102669834388,1.584217040142656,0.8647122233516522,0.7191019525107384,0.7331651522492307,1.0332843848202886,0.7387128633208954,0.534411468284957,0.547884186446933,0.12866451194144002,0.4673647820136812,0.3752744036428457,0.353616459770631,0.44622931546166367,-0.09374577111487163,-0.15004404537307559,-0.15494877655993405,1.122398168772416,0.4624607123288602,0.6023224479658753,0.5503361193602633,0.6800163779095678,0.7523489859289967,0.7117756908883759,0.7077135096866072,0.8700889335056958,0.8928687046292018,0.7371081478594226,0.7357467963439482,1.2362316223113927,0.8324642726789916,0.6384045186811272,0.5800148994802117,0.8086229656676807,0.1944736117083127,0.18925724546727832,0.18526815050305095,1.3213149406472633,-0.09823975502019147,-0.07858428535714432,-0.049309169906221445
2024-08-06,3.88715479724467,10.535315099492992,1.518110940643155,0.7355439366716968,0.7503579934025174,0.7502190975159291,2.4395176121080673,0.91562505066365,0.8740320554451215,0.8585791210058471,3.3836794566520254,0.9039948203051377,0.8005152146454756,0.7484416463992765,2.2414118500030016,0.8078942752677649,0.6157831867267797,0.5679199428533794,-0.7496145279966753,0.43718517722794026,0.2393289124435502,0.32765387237145455,-1.8857003173740994,-0.26141780443335205,-0.3322396319645136,-0.19704418450826333,0.0874353468092477,0.45041493004426764,0.5869963482608427,0.5356666785225375,1.5336069357732374,0.8078267553076595,0.7086733595123027,0.7076967596904327,3.7668318027719234,0.9190335060108634,0.769374147357474,0.7478860202600578,3.0642282604854953,0.8564299282898703,0.6688848796723154,0.6051258482556584,0.2534292253238559,0.21500128833242355,0.129104637356544,0.18247701341792283,-1.2814367682383647,-0.26385557655394554,-0.19183974582231128,-0.06875722792900954
2024-08-07,3.96562114455478,7.846634731011015,-0.09735232479435507,0.7075003885863221,0.7246817699232967,0.7359480809481147,2.0502350518874475,0.919474425199985,0.8761439703685697,0.8637246330922409,2.7133027328936796,0.9206972962954151,0.8116145269396303,0.7542784142070709,0.7362371367767766,0.8344144530039143,0.6135369745212217,0.5624399116913208,-1.5872812198804511,0.32131994955197096,0.20859980594566493,0.28603854832782044,-3.2367406604003457,-0.382044516618961,-0.39637622725639404,-0.2458686856566862,-1.1338351304246783,0.3972331990299562,0.531101221316579,0.5153129493238,0.3467110447436095,0.7975566834129441,0.6944949399779645,0.7243001276578855,2.841038235003931,0.9249382817543422,0.7875699337849285,0.7537014347534664,3.0996741379080035,0.879570171665096,0.6924016843334325,0.6115348291411778,0.33838483000439834,0.23128945544701557,0.14097052805721458,0.17608333626642986,-2.4745586244515647,-0.35817992450109076,-0.23520630287060817,-0.09080952508562619
2024-08-08,3.99633641076253,3.071526620774989,0.43230631018529264,0.6885009146172456,0.7220169381312692,0.7463525194362227,0.5911085157865184,0.9158450294410452,0.8734586752691901,0.8655323553668375,2.665691743987296,0.9129920079711341,0.8129401792269331,0.7535292491066307,0.9515998034987776,0.8574135142600897,0.6081582725333071,0.5653461650321032,-0.6477325074292031,0.3617722850979777,0.16732083669868666,0.2792692989425043,-0.9175685983634367,-0.35299497948314107,-0.4163421026462208,-0.25083371839857443,-0.5196841205154845,0.4078640824582514,0.50947025324346,0.5139939557136091,1.4738078617352033,0.7876368199089335,0.7015931487241918,0.7267271350858987,3.3647073074403493,0.9153466467149894,0.8075230062620015,0.7541432464745809,1.9693817850499717,0.8760973689070121,0.6902672544804676,0.6177290965953738,0.9566304534191,0.26090158013133086,0.11706427639715013,0.18045628968148777,0.07277168589916,-0.2888650104388811,-0.23892780328170923,-0.09008424496227087
2024-08-09,3.94074622509508,-5.559018566744989,2.3834005241114555,0.5828097369394155,0.6474596461210866,0.7106034937280165,1.2116646238877729,0.8775595178394904,0.8460752531724508,0.854064714930903,-1.235422333316544,0.9182730367167975,0.803834445653441,0.7558974289785569,-0.3642086109076481,0.8530220463348406,0.5857823294982452,0.5619724372031187,0.013559815518880303,0.35412163072190866,0.14602426793321055,0.27340229923164805,-1.7275038183769407,-0.3337283686026562,-0.3496572871699645,-0.2272602558549825,3.4721270137953795,0.29096812468867744,0.4055965171894185,0.4700278014137549,3.15112878497167,0.6781910997160436,0.6268718251784589,0.6950703808743202,-1.22863164852112,0.924473421970139,0.8052555449832612,0.7546043468326933,-0.4679057120223673,0.889081386044816,0.68938575364801,0.6153604216836546,-0.8631356192172803,0.27666161283877333,0.09840913978883727,0.18161478870324724,-2.309681637355354,-0.26349556526437473,-0.21798813349827553,-0.07307469416367833
2024-08-12,3.90734443498628,-3.340179010880018,-0.37048475185216323,0.5662180593055146,0.6434087454335948,0.7069051197239301,0.6504572926464895,0.8640050730033384,0.838033125917591,0.8460503524532298,-0.4122144061889408,0.9169332813605692,0.8008109295144795,0.7512642154202486,-0.9952521762658781,0.850435987977356,0.5845267287256117,0.5548452537842126,-0.35607890495719996,0.3262351688891167,0.16471624556062917,0.2709901467498773,-0.7810613502510785,-0.3117767647923327,-0.3447439533192496,-0.19499363225587052,1.5259140793030719,0.25978524949699283,0.3973622469610751,0.43950246467246507,0.4776681046218241,0.6842423994607365,0.616280002054604,0.6826624986419932,-0.035702462378143895,0.9221089305716432,0.7995056167621976,0.7505892932912611,-1.6051621252675488,0.8913603512005456,0.6993657201205816,0.6254773439221575,-0.8604729416124992,0.2583065867987906,0.1094983484764538,0.19337211610497768,1.5045069511554527,-0.24558924460970322,-0.22709294921917444,-0.05998548652283104
2024-08-13,3.85317719888474,-5.416723610154017,1.3595934309343582,0.5101942466092253,0.646957927810975,0.6888444623264454,-0.28047728183008636,0.8580203579784311,0.836881621920316,0.8456454121026221,-1.0583606356110336,0.9136143036477966,0.801259361767368,0.7509903788003166,1.2460817413056833,0.8069815700043389,0.564535407864572,0.5376070331259282,0.8809374129981209,0.26762757105222695,0.15189381946306482,0.2587237027490972,-0.28826984503755393,-0.3067253687436191,-0.3397207830716287,-0.20191013399046745,2.0411571135248576,0.18762381877738862,0.39630803558175576,0.4290427783802654,0.2735510706082497,0.6862366590663878,0.6165584896800537,0.6768312371519231,-1.4362846448846849,0.918715051674087,0.7996102686529658,0.7544335476261769,0.5951581491308218,0.8850874522396739,0.6887659779702595,0.6158602737759984,1.0720013520315073,0.19045225323809697,0.10661704611852119,0.1761644977128713,-1.0914080981612921,-0.2404815941013876,-0.21213634442756987,-0.06369244832415027
2024-08-14,3.8210015966694,-3.2175602215339882,-0.3565952514408639,0.5124477199890595,0.6338718201713323,0.6860926800622894,-0.5889131105258656,0.8589126214385862,0.830399471127391,0.8444217718938201,-0.6445106628313506,0.9199807062200346,0.7963755094562373,0.7478318531627651,0.3804579960454815,0.8109639207108168,0.5554792094267437,0.5288571842822989,0.9635390996371809,0.2436781253712967,0.1392074639318618,0.2503342969735669,-0.2160370574428383,-0.31434777133697667,-0.32610160334168364,-0.2091046773289171,-0.657914831545264,0.2004029751920456,0.38494119698611534,0.4332118253264113,-4.225386251678205,0.6361009355719811,0.5965639722941352,0.6645345283932236,-1.3935977481654462,0.9321262082334767,0.7988765321677231,0.7528063466595214,1.722687650850205,0.8716986480535417,0.664017440608105,0.6006032745411019,1.5585499393360926,0.16959312327461828,0.10450865665014719,0.16346960246482864,2.536189938367443,-0.2413365522672139,-0.17617150457837163,-0.07900371760153196
2024-08-15,3.92546229698186,10.446070031246002,1.209148762308663,0.5117197516805789,0.6350216674583984,0.6873369741710348,-0.15872785690501118,0.7839312330998498,0.7900958732985461,0.821421480584245,-1.0407602122735333,0.8248918470169215,0.742392768536771,0.7155920696967991,-2.4081243558783325,0.6401696968768354,0.4588626904754092,0.46708956922598,-0.5262773636630338,0.17796452789349537,0.10034489699119331,0.2285414173728358,-0.31221266590292496,-0.3539107446897527,-0.32186689928920764,-0.2058880903683181,-0.33580336181117443,0.12982979609276715,0.34198606343886834,0.41101140059575814,-0.963947473971792,0.5430720568647258,0.5427615058959877,0.6386067809808752,-0.8486590924323136,0.8475595400869329,0.7528565156157384,0.7275763261759596,-0.7966516252901374,0.7954405508962846,0.6296515015212606,0.585633876522496,1.9162033974373185,0.27848574944004734,0.1392046657623305,0.1837824495525767,1.947592391507808,-0.15105949192895346,-0.11166765973436901,-0.04188515298862032
2024-08-16,3.89112575700978,-3.4336539972080082,-0.5515172618378017,0.48688921221175696,0.6455836219551632,0.6952644673367329,0.050769406237385795,0.7735690365371174,0.784882165051454,0.820869060706051,-0.5024243491666496,0.8326482404925799,0.7480516452383235,0.7150091308449777,-1.5668910956123747,0.653601714732347,0.4836975515515477,0.47257610958596297,-0.7092108407382751,0.1857743311185751,0.1638823627913402,0.24710888519931246,0.9634559027048162,-0.352306171678565,-0.3097023076719034,-0.20891661850664384,-0.6276730377145759,0.10562655431421215,0.34791827989920404,0.4181977300979383,0.5331454421899937,0.5130084034246254,0.5293565364453872,0.6351477129602804,-0.6684593577017217,0.8438391665026186,0.7535091900479834,0.7269341678894612,-1.1193086159820673,0.8033867475465806,0.6490112656624305,0.5863360382848795,-1.0668436215565889,0.2867800018775998,0.16590884966011077,0.19789094711627328,1.477064841459421,-0.12899789336832346,-0.08501508323443964,-0.04302962596799511
2024-08-19,3.86543613280276,-2.56896242070197,0.636424186041008,0.48098935826020334,0.640931157774417,0.6927473179436943,0.20644242726239037,0.7752810850708434,0.7975813305347894,0.8193703823966338,1.2511781493117247,0.8190579981398841,0.7389956559351253,0.7069316419223519,0.7983089106402881,0.6382180534978684,0.4763327279983644,0.465668951787194,0.2944767095221441,0.21552737726007098,0.16365915074104315,0.24100108530457046,-0.06029751652611859,-0.3331644052728365,-0.3096720206123695,-0.20903334599810114,-1.0794154078244704,0.10742971388673324,0.35145325564953445,0.43979961033210746,0.04667423641983026,0.515188519173489,0.5351406749128838,0.6335748081402063,0.7337709304017215,0.8367072963915029,0.74888453361817,0.7229787071973162,0.6773546134302435,0.7944914436804057,0.6441434539759401,0.581712618470452,1.3246611166050593,0.375066075444547,0.1589083522835762,0.19451907586876138,0.5229095978250782,-0.09706645062419866,-0.08239307723629796,-0.04163508839042082
2024-08-20,3.81612992926918,-4.930620353358028,0.2142082856926848,0.4771901827921395,0.6418621194138538,0.6857999543968648,-0.8955172973315946,0.7772838815961206,0.8079647982249352,0.8186522323727923,-1.0538776274851296,0.8229172166097377,0.7486659133751644,0.704054311183271,-0.20409766363757337,0.6384004143931226,0.4857780549233662,0.4556395734174634,-0.41638666678112957,0.22483233729518062,0.16776375413228,0.24669172718674443,-0.14637868873647042,-0.3417777826570947,-0.308884158756185,-0.19046453178791276,-1.251126623044589,0.1226892902143173,0.3598586025945456,0.4345876763772543,-1.5572413987871965,0.5231029254291376,0.5511756975634866,0.6306137103474656,-2.423474677545418,0.8398138826689113,0.7596843056431827,0.7234074026321616,-0.7784156910556475,0.7959979016556925,0.6652595898809882,0.5763657747228066,-0.3696030052232249,0.3820588484233033,0.2085865529744071,0.19780560085367763,-0.24726552404728705,-0.09191175145320127,-0.08612565684657829,-0.023142295374683645
2024-08-21,3.7755121900918,-4.0617739177379875,-0.7372956175169699,0.46730835788678965,0.6479240456199553,0.6879054459820989,-1.1348716232280474,0.7650253705866342,0.8184949425643351,0.8202371145170799,-2.642618270356067,0.8075734043963065,0.7525473019867862,0.7036218451851086,-2.327589062051635,0.6093596728264702,0.48950656737986575,0.4616967882770659,-1.7789109621251167,0.1365897504553108,0.18068419906397262,0.2522324265432614,-1.4416716791145276,-0.43409099177429517,-0.29340332556847815,-0.18076145906304036,1.386798789606059,0.09943376596601163,0.3486358927943837,0.43364992263954194,-0.5357132074897683,0.5154083038358306,0.559582563644902,0.6320665273407264,-3.862176565709552,0.8225482372567295,0.7611921857785937,0.7217296166184014,-2.392071944635126,0.7820094980594241,0.6668792316635301,0.5800032987080266,-1.0575307253370623,0.31837694067669475,0.2155014598379086,0.20161760330717204,-2.271833891050624,-0.06942595455146286,-0.06803990681958037,-0.011241724932338411
2024-08-22,3.86064365075413,8.513146066233013,1.4820680928328758,0.5067459302376706,0.6448792320236626,0.6924081567114264,1.2475048458440958,0.7676275980535059,0.8096041743288489,0.816793920398398,0.7957463897000809,0.7975901419485668,0.7525878055533467,0.6965107722407933,0.8900858156166079,0.6256516504693808,0.5156981984956707,0.4605589140833155,0.2643208261647295,0.18659716572119578,0.19099668229105135,0.23229879023869718,0.056333333489593684,-0.382934150443969,-0.2505754833754662,-0.2112555721364851,0.6914141762814718,0.11736166213251993,0.3389776699926397,0.42794787288141106,0.44898522603389757,0.51148920798075,0.5418819005337646,0.6273578345048699,0.8533375374948544,0.8180840691334412,0.7550135017247966,0.7221013405147065,1.5832223517111679,0.7905684308720743,0.6865332569215865,0.5823278409162308,0.4856742417885399,0.3248686353384224,0.2578690872659921,0.18641851367401926,-0.7898338665971552,-0.0980389548765669,-0.0616501796897987,-0.06097142734177345
2024-08-23,3.80560081568173,-5.504283507240038,-2.468474662679517,0.49868683999209473,0.6460310481115287,0.6801575789346556,-2.364488783273642,0.7661833264416598,0.8106865610800892,0.8122815025314808,-2.4340463678109763,0.7994742782468637,0.7560056897971299,0.7001028415497226,-1.7126540209254717,0.6339778612139142,0.5222403454270556,0.4817597837264128,-0.8409718011337599,0.21939426335762013,0.20149691662019742,0.24893702954098496,0.7366928444920324,-0.3873149452741601,-0.2616686119902072,-0.19195444370476966,-3.013408882127238,0.1273509975540959,0.3517712137059164,0.4121374683402187,-3.700149203699427,0.5069140353266883,0.5489260774768423,0.6142306820803668,-1.6621606255219845,0.8157285567639927,0.7554136436333247,0.7191057683133346,-1.8240251537304006,0.7899883937920001,0.6926668057599787,0.60768598726896,-2.547293717751936,0.34483677005410784,0.2896506500780461,0.2510320300243725,-0.90142823494784,-0.062310281730781215,-0.04812095644127683,-0.02209339901155449
2024-08-26,3.81693273466031,1.1331918978580102,0.6413868862410881,0.5196494222988075,0.6385664943291494,0.6865473374051442,1.0997441308198797,0.7714778511517839,0.806988682966501,0.8107770143887342,2.0393640878293375,0.7983859441874503,0.7465720045296335,0.6971716560234295,2.1917230959990706,0.6315561646038426,0.5026987105570851,0.48098717563790694,2.5023462438308286,0.23290869144815568,0.18835135655096483,0.2563895882687156,1.9979290529728382,-0.2920744947731871,-0.22527208669943616,-0.1806213342450241,-0.05038659666021439,0.12751189064137305,0.3261655205185219,0.41886251095192306,2.1421475970591968,0.5133461196914435,0.5441381620488774,0.611823546736054,2.769614020817379,0.8174231448755914,0.7499162062957235,0.7157245672135353,2.642489045625142,0.7867405274873936,0.6771880899439211,0.6067870280862135,2.242780888480611,0.35561034633783756,0.3004225083249269,0.25525455904689137,1.1788799572145572,-0.041312544446635534,-0.020512998325632754,-0.007566569884125896
2024-08-27,3.8320759872096,1.5143252549290054,-1.179228645670707,0.503385417459988,0.5917468050720652,0.6778407895883751,-1.0602502319535967,0.7836827293662302,0.7687741615389037,0.8076231405194381,-1.05163839129153,0.7992937746983251,0.7323010896215333,0.699730252501574,-1.119884703801024,0.630887334970708,0.5214676393251888,0.47852198969567633,-1.8763682659887682,0.21207756453674498,0.14660241993431095,0.2476678010222917,-1.8228324961651516,-0.3013241226347243,-0.2621292258993929,-0.1794328860165156,-0.6852641840636671,0.1359432601589912,0.2535054710245515,0.4125400947380247,-0.13379997353571182,0.5438053729410317,0.4989836796948403,0.6185409096160944,-0.5737733918658883,0.8199333432037208,0.7300491438722078,0.7268129164609939,-1.8914445459277118,0.7628811400162451,0.7059398991127721,0.5993008062565459,-2.1984493388811517,0.29237019332475656,0.3115068753986873,0.2400717139885768,-0.49091899697024033,-0.05035253998808927,-0.07187203293248498,-0.003198025361229276
2024-08-28,3.83964937489264,0.7573387683040167,0.46364772902547524,0.5019726177021828,0.590915514671942,0.6638438674348893,1.1055769526961663,0.7825632969119034,0.7845186710864208,0.798010094084794,1.4124864704076545,0.7983538372684704,0.7616204089277616,0.6874347769430433,0.39083367304722894,0.6320411274749198,0.5489506057912343,0.4598878545453776,0.2356326111405792,0.2149024386958723,0.1596755688436335,0.23642287626178754,0.3102265759935199,-0.30313739208542984,-0.25023668685928135,-0.19786534444611317,2.890109024781003,0.15495679745536198,0.2610807665878592,0.3919038803256778,1.7824985446644543,0.5581149635776774,0.548414119812021,0.5956401184150903,0.8599409356895603,0.8217963665522786,0.7699887689483481,0.7166084227723346,-0.6906481083797824,0.7584541083424754,0.7083770275235077,0.5983325859064507,-0.6433493216120416,0.2763597275210642,0.298718600118262,0.22599900270973605,-0.26337131681617926,-0.07615919224854735,-0.06091178668467367,-0.05361787755400362
2024-08-29,3.86625763890919,2.660826401654992,0.5645026186742103,0.5787606603019506,0.5821733326621753,0.6609336932432156,-0.9400280285611144,0.7220844808359578,0.7712649054614321,0.7893808196971559,-1.158052416380524,0.7455042458974324,0.7630354593129075,0.679819850677641,-0.27309978964376636,0.5523427991899885,0.5530193974647539,0.4598574204218031,0.12314029663577597,0.10295269169753124,0.16309367308426745,0.25011109204093007,0.20501084265197433,-0.32215156135944023,-0.23392728001379792,-0.1823370970572882,1.1745607556465376,0.2502271015905842,0.24457170894235958,0.4047343587323264,-1.842559132053537,0.4747042495926663,0.5410168144591586,0.5756423086339731,-1.2172376159044929,0.7776314471485124,0.7954599440129139,0.7064917678894812,0.31960331613756154,0.7146376056151666,0.7321207659057951,0.594391911157202,0.040254721416390415,0.14250999911972317,0.2812053747377813,0.23573037059278054,0.4619946567850688,-0.12627172260453695,-0.06595595583644503,-0.04887388314434662
2024-08-30,3.91014085021176,4.388321130256978,0.2866954716416512,0.31963398875584287,0.5634027575445401,0.6661620948385805,0.258249404365235,0.49345884786695954,0.7610377958805659,0.7907725013270678,0.03230569495210234,0.5589637245799731,0.7651693332952854,0.6808624468759352,0.909290095323485,0.26899205105262103,0.5717074689800676,0.4722372963278556,0.3888398779864195,-0.11980955074563611,0.16954362111445243,0.2527031673571582,0.9128364065366399,-0.23174032700079966,-0.2137214370308786,-0.18973620088635035,1.3956938024030787,-0.08201319346500778,0.22389931356041717,0.41646814174377433,-0.8287194427237641,0.17668035047315467,0.5180447983650499,0.5732104271382571,-0.6752258244193923,0.5929173579851491,0.791340769028286,0.7057566597603584,2.571118351957604,0.5379588841689438,0.735898165592776,0.6093712382049096,1.1892774702187074,0.3783966898214323,0.2722529311474165,0.2384374488030851,-0.24191242745153918,-0.03228093846821756,-0.0891613916001279,-0.0704423348561176
2024-09-03,3.84334609714659,-6.679475306517002,-0.5301553071896066,0.36864411438459,0.5662238881944505,0.6670806647219862,-1.0464920805053057,0.5710879111029684,0.7617478803389494,0.7979032623441601,-1.4259567281089718,0.607388391611665,0.7652619636484436,0.6935574663789801,-1.4821057287954913,0.33618315388162506,0.5836812809614365,0.48867538836940877,-1.796346260006753,-0.0071532183749281174,0.21647781305580885,0.26872065975421183,-0.3054072352965248,-0.21850111264232483,-0.2069727874954625,-0.1859115801587411,0.2755344457954112,-0.06998518968978926,0.22008681361530172,0.4136906811464712,-1.0196318724971838,0.20965881185039031,0.5190497165370982,0.5797133230131433,-2.037380655381122,0.6291784465724537,0.7913065811017327,0.7128263442535128,-1.7936681522659457,0.5858866510693527,0.7419110981032216,0.6310807035605553,-2.72386095073267,0.46431577384383727,0.315457639834577,0.2594630800395124,-2.0557849096064356,0.071138379475032,-0.049061669600817946,-0.047619665029290756
2024-09-04,3.76750058546372,-7.5845511682870015,-0.519361797532128,0.31776430588050913,0.5873571615823706,0.6505328035779134,-0.48820441685630755,0.47495292487818835,0.7712792998165252,0.7906241653189258,0.2593535989876416,0.46625767687294156,0.7554579917311874,0.7231842185583973,1.7760993855470866,0.08115752219197656,0.5521886706524856,0.4866054469971603,2.431554861404486,-0.11615364221620306,0.1624333458877736,0.13335596374810807,2.356934329110774,-0.233426704720009,-0.25599796899242555,-0.29823421597280925,-0.4341804358294912,-0.028659798219599464,0.2398511255717587,0.41422148691718486,0.6957141143659618,0.09169914353545501,0.5154586667392134,0.5512104458178197,0.8120415033997888,0.46746923363943615,0.7688050877332959,0.7019546449734678,0.8756110767223357,0.4531757653190709,0.7170161759912355,0.617364965643019,2.27018032178721,0.33549512922927927,0.2678818008510797,0.1874552724814817,1.0877344249326404,0.09038215033033013,-0.10084278459360696,-0.11562007674644802
2024-09-05,3.73163380623406,-3.586677922965986,-2.383852783368141,0.37202194701420754,0.5839157670659992,0.6393111487416928,-2.625475729855901,0.375584525014448,0.7650037339082811,0.7846852439430144,-3.2100466865731296,0.37552964106444453,0.7569163024817324,0.7192018653085682,-3.862781656569363,0.08417252789721823,0.5579214100125449,0.47558657763528805,-0.6684704580042911,-0.00021611682578256763,0.17349429376145245,0.14837343789872504,0.6385245070398717,-0.051971671940214084,-0.26148559459100756,-0.30710198520914017,-0.593604271395574,0.06773513858939434,0.2509143298301944,0.4030986094547597,-3.3252814534252995,0.10760265072386502,0.5152680477712198,0.5442316669524866,-4.24496989030873,0.38415748510809694,0.7643559673145387,0.7041586616656849,-4.73975465771432,0.35662568871399725,0.7059149580898286,0.6113365766824478,-0.7712480183017825,0.3527068609804143,0.2794444109424111,0.19501909534193573,0.028246907010889277,0.26432021263484806,-0.10034071734489322,-0.11523181898343125
2024-09-06,3.70892777693104,-2.2706029303019903,0.4599250502756287,0.35986318455640376,0.557073550111204,0.6336175142719658,1.3332939358923805,0.32127739250870035,0.7418628473469642,0.7741189430401377,-0.5187444372376961,0.3247563054682037,0.7465144582321664,0.7200606840580072,-0.6464480770229153,0.048918621769774594,0.5646170257458002,0.4643886020989628,0.08300476192662387,0.021926504991161555,0.19539924167463896,0.11918755247874815,0.2828536699198754,-0.014664326657518488,-0.23260381922096143,-0.3185180067320588,-0.7543832891258564,0.09951511677617988,0.2653467616969049,0.3915884235616959,3.3147919449320637,0.043830984104419594,0.4636622394229362,0.5267218229186384,-0.019273144860479707,0.32870237601846247,0.7506641656347802,0.7189788320249951,-2.6621346852972163,0.31863994551491404,0.6910826707710983,0.6004705543258969,1.3338115507493473,0.31904239003689977,0.2796561553654793,0.16911230922882795,2.683135834679648,0.22879703374359556,-0.06150675025572109,-0.12184540034884697
2024-09-09,3.69760632443716,-1.1321452493879836,-1.1678556578162305,0.503305416405881,0.5504703398544498,0.6157799245428269,0.6394234398311871,0.397859641476004,0.7405654424454038,0.7641170996178965,0.7046287043301569,0.30533575098644733,0.7478249579097936,0.7067010291595165,-1.4004217664430014,0.05049034323124027,0.5646568318616313,0.44382200163151675,-1.9678946177357952,0.021602703977868957,0.1885016168837707,0.10461009524777443,0.1648681141001309,-0.10259039356372614,-0.24666964411241188,-0.2921874258327418,-2.2131141544711137,0.2115089091154972,0.2578071868318332,0.356230335408947,2.601473302806621,0.12744917489873678,0.45367100136715777,0.4958334499593694,0.9407901240573058,0.316286936919342,0.7561455667261691,0.7130741634783461,-2.770434701429293,0.31308978320649744,0.6931411843810404,0.593950553069956,-2.7679947754398526,0.2774240403230069,0.2661935227905001,0.1475327639976494,0.17693428287103696,0.16892724326287561,-0.06959605617147939,-0.1292884193900622
2024-09-10,3.64321883687476,-5.438748756240042,-2.0879621098089505,0.5299336093382812,0.544549871764622,0.6165646052656558,-2.6428057468531136,0.4631999736054369,0.7359604423930628,0.7631376931024669,-2.0664547908890305,0.3420282541015555,0.7471557403723826,0.7065856028593461,-1.2433527519044834,0.06415641791833646,0.5603823445698243,0.4453432546709613,-1.7545816923985087,0.07154988723652798,0.1925674676486982,0.13059398739875758,-0.9203473508040796,-0.07266845639609884,-0.21563035140062398,-0.28262453121837033,-0.6003688199505824,0.2567207673943951,0.25225295633761335,0.36365371880081643,-1.5065082687913356,0.15995315974468083,0.4633308286809274,0.49382752899021903,-3.673924121339664,0.3723210612089234,0.7568533163103344,0.7130773707120973,-3.1870490065906303,0.3430718695314586,0.6953531644791435,0.6059878383550399,0.1849349386374688,0.2577698349103379,0.24959456582191242,0.14998029073781471,2.0209255965014177,0.12694387920773414,-0.07267631994698216,-0.1453852942719834
2024-09-11,3.65250935761643,0.929052074167025,0.5511902085272384,0.6409087588450207,0.5377284431192046,0.6419716261234125,1.148877795263312,0.48308920947047135,0.7313602796151405,0.7650458663963854,-0.4302775897690272,0.33572877228810954,0.7420800348661263,0.7050985517201716,-1.3900128458985537,0.10911420347098422,0.5527947004058321,0.4436902960678894,-0.5903373721597152,0.10855192377865375,0.1850264426498659,0.1354992163569533,-1.3792261970753312,-0.12131610471122503,-0.22387838803579274,-0.28322800450233787,1.7156135414299905,0.3685132075314439,0.23983889310745507,0.38768880405091416,2.434096033614941,0.19854588813421764,0.4512136752968979,0.4987333499543251,0.006666163906310363,0.37270044442411315,0.7531277912408195,0.7127605625728648,-1.4554044017450176,0.3737050395852712,0.6994905295746016,0.6032352668613127,-1.107557879038016,0.28054764197785825,0.22109810600343188,0.15375334587788808,-2.3837295693253506,0.03912846962412988,-0.09879114997083858,-0.14986942272069
2024-09-12,3.67868395302133,2.617459540490019,0.2851509169330304,0.6482273009425988,0.5396177536148186,0.6311396735774827,-0.5710180306457953,0.46790944577985477,0.7225333321960986,0.7515129307905201,-0.8048249603765472,0.3262764178830688,0.7366830924080788,0.6921180330757454,-1.493657076038204,0.10573836741851117,0.5391282977539222,0.4260904000088578,0.3752172328643937,0.1554027235306871,0.1914208289546803,0.14114779906572156,1.4458495411826107,-0.07935537831248632,-0.2025470117115871,-0.25025199176553364,0.08755586245076485,0.3627738601415395,0.2455361846565505,0.3751342697714635,0.9163600930456826,0.18460530377451,0.4566871126449645,0.4936760707061208,-1.096052380958624,0.35655846290323684,0.7507500421225001,0.7035668412285925,-0.8460961845723802,0.42252111293405975,0.6952498092615957,0.5893230608547216,3.2706302931050146,0.35231532471003263,0.2432691327536215,0.1750005382932754,3.4566476077134753,0.14962414830598,-0.05460865272911185,-0.08700116231718136
2024-09-13,3.64853339589231,-3.015055712902015,-1.025228155091379,0.6107259560021138,0.5273035160621966,0.628314265853566,-1.063818323507248,0.5393925673939408,0.7165684976357999,0.7486272700039723,-1.557613836361373,0.44428084689653197,0.7335866955014394,0.6921271388951726,-1.1707090623254048,0.31129265257923733,0.5387457866925155,0.4267857723722944,0.7225353839913504,0.18952186426777184,0.17009969402482925,0.11999808857991644,2.486110482545171,-0.0625852728011126,-0.23456913526607814,-0.2610853399594837,-1.6258724614077409,0.46397380068627714,0.23615712657118285,0.3683378675443411,-1.927078007963552,0.30768170871573647,0.4523154801737283,0.4843697547709836,-2.0277619557725473,0.4347459967467141,0.7448799659105769,0.6992877195860662,-1.9885514255444,0.49827000147923023,0.6976689463459715,0.5963862033458208,2.3073848960077634,0.21980957284339814,0.23372320222429283,0.15701888938601646,2.5022823999974944,-0.012188470501250728,-0.09271696492810945,-0.09093171177038159
2024-09-16,3.61949339574679,-2.9040000145520217,-0.7299285121487423,0.6131880114663328,0.508689055504657,0.6350840342324514,-0.12900455524796642,0.5472374131544091,0.7072119089711134,0.7444570130405541,-1.5600691888288254,0.45608868046937795,0.7368936691141698,0.6963693662850114,-1.5933889204911265,0.3081221884846044,0.5447600759307306,0.4434713727475815,0.8796070906512383,0.16058721924355607,0.1645426673099178,0.15412351651846573,1.5497085287228893,-0.06754760914116983,-0.22626110150669387,-0.2449019249175754,0.9394711509220639,0.4362272023129613,0.21148841091216344,0.3651202363018639,-1.2843978151606976,0.32713334554058043,0.4371051778762823,0.47699977434118723,-1.7478898953944657,0.4460186410219894,0.7400925278008625,0.6999694257194972,-1.9300837584973152,0.5045045720588296,0.6981697705377213,0.6088986256773339,-1.048612266235883,0.21644394251497004,0.23647086087655364,0.17514636263990802,3.6343037996559873,-0.030852322490645904,-0.07833605537706685,-0.07132983566153601
2024-09-17,3.64092808624802,2.1434690501230147,0.6318500086326124,0.6578614572817614,0.5112672994578474,0.6367049664065413,0.2742645308855386,0.5687041132328956,0.7084867376473463,0.7550154972239388,-1.6377010860234624,0.46539818701833524,0.7190323080621962,0.6852659308420471,-1.3616179118787008,0.3084581814868869,0.5269815487465584,0.43424690473885436,-0.07995431779433915,0.16816115462144815,0.18233124430874972,0.15698209049970616,0.9694443418468576,-0.051698080081065204,-0.19495552750788994,-0.2332957218500329,1.6989482598006465,0.45796631760804496,0.22448355873209505,0.37176740367478467,0.7382119192341247,0.34154751084640883,0.44296824998433165,0.48400749295735823,-2.9773407867611965,0.40684543953017993,0.7142533683598778,0.6833858566813314,-1.6062292304908676,0.5103312660751282,0.682444959611729,0.6004133588412526,1.0753441524511398,0.25329991100350163,0.2816728192833467,0.17907632878436797,2.109516196608311,0.010336086821684586,-0.03738538191142115,-0.056871938231917246
2024-09-18,3.68589037959254,4.496229334452018,0.07138846493336959,0.7005522812408151,0.5083777263747778,0.6393236634106791,-0.27068695024156475,0.5455900417422161,0.6996172319608462,0.7562573494670095,-1.7395743439258176,0.40022161089880337,0.6973218587887523,0.6737424654787936,-2.6475874187067934,0.2302713398641306,0.4865202001152077,0.41078239646029185,-1.381554420730592,0.09478395942443564,0.15505386858015852,0.13716325298901835,0.529763745315424,-0.06858856839655146,-0.18158909657738398,-0.22441771348978048,0.520593453037559,0.43143672354862184,0.22832151578093068,0.3732523205342146,0.24986232443224643,0.3133827795479421,0.44371959917297055,0.4901008954922116,-0.4017029292523206,0.3898278343063293,0.7116287289866167,0.6865429393001566,-1.3820033051716383,0.5023496318605372,0.6692453918856849,0.6045563269050065,0.005311370196033602,0.2408234992583011,0.2757763733671217,0.2060662010859535,4.0068572664842845,0.10411004678933708,0.022156310782793624,-0.020773720255218227
2024-09-19,3.73862562709452,5.273524750198,1.024904825374752,0.7240098584525233,0.5123123836217682,0.648796817147659,1.6982933217376321,0.5793997357403523,0.7002174400578366,0.7692901343822878,0.6880436667637762,0.40999102221837247,0.6903512264069894,0.6805739275722182,-0.8178845179613439,0.18612223836157074,0.4535391789464414,0.4029247129943871,-0.14272235640601583,0.04391913513335482,0.1121857502343202,0.137323520821856,2.4495503968884353,-0.030174630712927947,-0.14912847421559247,-0.179484329666521,-0.4887709576115524,0.4391303141718778,0.20886961090577286,0.36508784892402857,-1.6850974566929597,0.23316614662918864,0.40698861347283527,0.4746791985966215,2.445269148421664,0.42453973579766907,0.7130186894212056,0.6966703350088107,0.4830634724060481,0.5125399021767612,0.6607941162922726,0.606704797085524,-0.838671723681216,0.17827725122135316,0.21353653615011928,0.19404132665476675,4.114607982578489,0.1444027410533009,0.08711153714070696,0.020518982122087685
2024-09-20,3.72717103134002,-1.145459575450003,0.1653756900091199,0.6647302837268204,0.5111635225863055,0.6349172013232037,0.10615813887720327,0.5334341100769545,0.7001276126133231,0.7603875932009937,2.9833428295970243,0.270607815256359,0.6673470111055395,0.662939291198757,4.0494064604087905,0.034204308423782435,0.41696403008944366,0.38502016858057164,0.50815745049408,0.00486088055804694,0.11051012817350754,0.13463998333703994,-2.132587203863456,0.03642837767430746,-0.14111205279436365,-0.1493039391999283,1.128358691644351,0.43070337825254973,0.20517320210463802,0.35285307097220076,1.0608305594901248,0.2238463758925168,0.40521696018757436,0.4603519924171423,3.7293494749467486,0.32238821608495777,0.6897574722179859,0.6755438453970654,3.155696276655594,0.36886337193257873,0.6414942555095642,0.5956801169747801,-1.168757132816992,0.1699406818852116,0.21111921481941018,0.21458874753565832,-0.915730218637056,0.2837638255888818,0.08616327249303692,0.043858899590347
2024-09-23,3.73563758063506,0.8466549295039982,0.36315247926001926,0.6262657003842848,0.5016426168535049,0.6358596269517066,0.10374497209756162,0.4784675994609264,0.6949616626034608,0.7600645436556891,0.9888981360730784,0.21560650046251525,0.6665537487855955,0.6637072437191296,3.0067604782790243,0.024428524781172193,0.41640730721717245,0.38282034352419275,1.3151038558419712,-0.015359495641871142,0.13015627894143442,0.1411271761860678,-2.2446234273961663,0.013337707721614732,-0.12943930112436686,-0.15610260715396557,0.9940491011649408,0.3472495053033456,0.18922491081708714,0.3526454009773424,0.7601310081299903,0.11723382518623808,0.3967918466168861,0.46080512880366126,1.8056447817999008,0.30925563454968064,0.6865868575470833,0.6744528659423296,3.105879978272573,0.356221259186811,0.630444816304626,0.5928545736131765,-0.7537765894606943,0.07511051755349248,0.2103246184618178,0.21980446173123147,-1.7552835631019459,0.19621451814341145,0.08342778560387008,0.03750125302793095
2024-09-24,3.73465373827399,-0.09838423610699643,-0.4364995702640224,0.6213488673233843,0.5039447714788836,0.626993385436228,-1.8612433937712511,0.44368962184598054,0.681533370181969,0.7471421466567364,-1.5532603523732196,0.18949157205090383,0.6619884687971765,0.652203683680233,-0.6089335771191551,-0.005988779421683701,0.41508255625339185,0.36451308712341146,0.40086365421465286,-0.0637574544161707,0.13227496177337747,0.12784996380831237,0.04824103257904655,-0.012174145043675566,-0.13079502560423295,-0.1484763883976803,-0.110018559357008,0.3528097532691027,0.1919994816350734,0.3336903413758033,-0.4412058184902815,0.09487849582414411,0.39639731172964043,0.4564078161227915,-1.3653141343604192,0.29287715139834175,0.6880127600389846,0.6703319883723038,-2.611611773496576,0.3368945674988803,0.6207916186147782,0.5740379729063888,0.34048576746276804,0.04980628378494517,0.2127663847007735,0.22455123577212913,-0.11297652511641298,0.19111269321261756,0.0803169074914712,0.053472150761619715
2024-09-25,3.78011821058351,4.546447230951989,1.4170668174906367,0.7070201009857771,0.5385399777346679,0.6094216652204995,1.0754726179019585,0.5074046988743733,0.7120668653493517,0.7211900024843351,0.4332146545243072,0.23505799329658125,0.6728463147829425,0.6385243201248175,-0.5670337694151648,0.0011983537303140398,0.4173397960302625,0.3718100441488984,-0.7476016921294848,-0.0628768980216862,0.13149465592000273,0.10415902838540313,-0.7487964238364575,-0.02437861832893306,-0.1372247565642666,-0.16697081078033119,1.9487231117902017,0.43639256713963187,0.23160567919797437,0.30366844064894066,1.659335408438006,0.15253459162021743,0.42913554075229066,0.42807711164295426,-1.1038212250523585,0.2638574180569004,0.6802065552421184,0.6392716642703452,-1.975651429899891,0.3028506136056487,0.5972940635019243,0.5800423319560043,-1.2396085632477152,0.03430789038624422,0.18392391829480997,0.23309364599589427,-1.4336202451864406,0.1222812755718638,0.0493785404308578,0.018309925377929748
2024-09-26,3.787695115065,0.7576904481489954,-0.36037285387432316,0.7016643789312675,0.5313736685291628,0.6052565194459284,0.33914948642519993,0.5114442540775056,0.7120753990912215,0.7353868781141416,0.862934213728064,0.23518017741400787,0.6735660628115823,0.6644365569940024,0.10067554920262078,-0.001027362519535873,0.4173752135644572,0.39096811998898096,0.3357206385647917,-0.06150368083823679,0.12939007791657425,0.11366888716016371,-1.0482501390715906,-0.037333657727316984,-0.1548332785467252,-0.1650359155808276,-0.5001926710127358,0.4444532432704945,0.22999329939539723,0.30105841124434213,0.2072675896282914,0.14360024120657444,0.43829213826293817,0.4622737659020654,2.0801453476902854,0.2639295298150812,0.6785951195179157,0.6694134707185446,-0.004162231574076802,0.3059347089767477,0.5982814473015956,0.586114562260743,-0.20776723878479744,0.03827311117336874,0.17622885572919872,0.22388832122963873,-1.3971185950282687,0.11215593356676531,0.02668498532104186,0.020600540456737256
2024-09-27,3.74772678139941,-3.996833366558983,0.8369377863782463,0.6074561107481166,0.5796976025922753,0.5838963525504693,1.0421165851683105,0.47749215115058946,0.6532537771892952,0.7189144166363511,0.6577979500232003,0.21172692859147577,0.6072951751331558,0.6649543910645039,1.3086356794018144,-0.053315629056023474,0.3134752939143241,0.3810050058864618,1.9014603433547006,-0.14198424487462666,0.007546126035088126,0.0891427916688983,1.9504704827453376,-0.08816143014922137,-0.20457919758014897,-0.17134752321123867,0.972719153984243,0.3773341045858171,0.28248960394397316,0.27153648910147576,-0.17806910969999046,0.2036744502812191,0.386557621039833,0.46762326042156016,-0.37325629366679647,0.2741064791558994,0.6251620290224483,0.6921753811284266,1.745194456674912,0.21336253418170417,0.5119362823315262,0.587842197110311,1.4760087801164672,-0.008019958156893091,0.07527001421113307,0.19674580054056703,0.4797440660225216,0.12553738403434564,-0.011631927807036408,0.009035675874317061
2024-09-30,3.80092517012434,5.319838872492966,0.9210289927169217,0.6372054243151203,0.45544151951863326,0.5751118008738257,1.8638586827292447,0.5422431871543343,0.5126004404007329,0.7172709779852757,1.8934346137707425,0.296097698567843,0.464939223479174,0.6766000977877877,0.08061736897878413,-0.07920451069689599,0.1110814330164365,0.3891113978954668,-0.950590633793424,-0.221637175856049,-0.16735822946175616,0.06844660225387758,-0.7980027010493504,-0.17276678900721912,-0.21893065791478059,-0.18767169014860394,-0.5102286801706236,0.25688299248763646,0.041474134773703354,0.22993241862498498,-1.2833534450494426,0.16986607600184306,0.16606127558171566,0.4378193048853921,2.225179022034438,0.3639097561698965,0.48892371886328934,0.7009593517200455,3.6925999055008982,0.25722309266433224,0.40104448215872024,0.5978820071383949,0.35716968029818874,-0.0399992811776878,0.1804654520414628,0.17967737575986506,-1.5433982933067039,0.06744310158218592,-0.00835241527693179,-0.026562196351633587
2024-10-01,3.741968738614612,-5.895643150972774,0.4535625411512093,0.5693290243482617,0.4475522280154486,0.5636964322633725,-0.11505739020317757,0.49816703569355025,0.5289435185059819,0.7114840321321075,-0.8600066483968765,0.26866375535387294,0.48261360999269287,0.6747663115227297,-0.8164716153363872,-0.11354494892866657,0.12574379034548447,0.39227139670842537,-0.4364048396472739,-0.3429526009111218,-0.1539557483249618,0.07841275623718061,0.24875747301693313,-0.2083045435769159,-0.2196440854229938,-0.1891618516041439,0.6824190255094784,0.23411363444593764,0.03429703773555684,0.22229229742645915,-0.9746588460642185,0.16366792052218676,0.18277474942511268,0.44049122591075957,-0.9178153066990397,0.3277740988763686,0.4950574531880272,0.6973303154638384,0.6762014359166761,0.1769722202822619,0.3863493065591285,0.5848250181982882,1.0310422623386715,-0.2503540205019041,0.1591606947586817,0.17125956621645227,-0.15719097590940478,-0.009462480527213747,0.0031294893228871593,-0.021273736445283152
2024-10-02,3.783732089817813,4.176335120320074,0.24607119912717135,0.5803519168474414,0.40409245094389273,0.577397482320169,-0.843997399584512,0.4483502774211583,0.4427299479501962,0.7115011108381396,-1.850164350611581,0.26447294473519956,0.3695378624068347,0.662962313260888,-0.9338801210332126,0.0003506286602788189,0.028514796290627514,0.39578469576570946,-1.070227937586432,-0.20895655224368173,-0.14935536114816195,0.0807702407804915,-0.6449590377194241,-0.10822999130210638,-0.16491593179838132,-0.20009552374171963,-0.2941350049293632,0.16963921833331733,0.03240900580151052,0.225268877068953,1.1747328145868992,0.2505205117469466,0.15684515606101462,0.46371897166641557,-1.4208334690931521,0.3775602290099408,0.4100078604436549,0.6926862012780379,-1.737737052934816,0.2383138452104944,0.3037197676811172,0.5705180247445031,-1.209707489434336,-0.17285652357372067,0.1372527885874595,0.16127510282235072,-2.3139983354392766,-0.08158588728135337,0.01954055470988323,-0.05899680901954076
2024-10-03,3.848649628344398,6.4917538526584995,1.6353521339839105,0.6155709292953843,0.4626349037602221,0.5921176520819409,1.0052701184161346,0.4221010962521948,0.41286869262551534,0.7137739781360402,2.66110289510816,0.31330207981914254,0.3582340208505273,0.6802337263473704,1.4938643860368317,-0.010230660445592307,0.041806722272445446,0.4225208419274441,-0.7817337251288965,-0.27909001183215776,-0.11492305776422201,0.0721205987810319,-0.3372171044247354,-0.11134269786280318,-0.06959290421880612,-0.20516930808973283,0.015551040170099228,0.11491025099098713,0.0748384134284645,0.2203808641526729,0.9739866060470337,0.18416709531947073,0.1706738660124936,0.46913366887945723,4.684837839677642,0.43627176168783866,0.4186573871773262,0.7047081372331206,3.3688775923702754,0.28004615243217984,0.29800188808979405,0.5907083922406218,-0.4261572928376962,-0.22420075207310247,0.11701490471029664,0.15749635223778902,0.3565335783491195,-0.10625600649909273,0.0916052675165512,-0.05415936631893474
2024-10-04,3.9798135511343915,13.116392278999367,-1.1380885630238078,0.30933508562050777,0.3300042692971044,0.49263567155131954,-1.4441671042294755,0.19755432795959996,0.278147102403262,0.6231472523599796,2.762826623768224,0.45906394228106956,0.4301185961621599,0.6846370625311888,4.3030305379854745,0.30714919139570984,0.20576088712773696,0.4871745043109276,-0.5314606124674883,-0.2645542043581357,-0.12242202493542118,0.0709167639873102,-3.587041357607968,-0.3782917273340475,-0.2298925051160045,-0.2706970172649668,-2.995065505020868,-0.27751363024315434,-0.08394228872139166,0.11793917635576662,-2.5796354965323807,-0.029313741394220178,0.039119208689843823,0.36203832706654887,4.3964421548690895,0.5660455553651449,0.49506200245707044,0.7123723045266572,7.768234260462369,0.5322169034548366,0.4472608015002229,0.6318539068388426,1.2495693642820154,-0.029717611723226997,0.15301448708488116,0.18895317275041817,-3.48072192280864,-0.2840814311113134,-0.05358732851308121,-0.10983935480291183
2024-10-07,4.0245923119824205,4.477876084802901,0.01256717623702075,0.27842762036025176,0.42379762657227754,0.4890812892551074,2.218999890913294,0.25392695189692505,0.3473690368573146,0.6291902807591054,1.3380995183877826,0.49034223956381023,0.43458246177178067,0.6900112088939624,-0.46060565642144957,0.28201753921184136,0.20246910060727588,0.4832724468402934,-0.31289774788597446,-0.3533334552765834,-0.1234930528495919,0.0703947791081988,-2.944983217167661,-0.39976056725725256,-0.30618818223341016,-0.29339783349379805,-1.2116865413617475,-0.3862269245901881,-0.03814686498391908,0.10254569894794555,3.0061057442903585,0.088319925758429,0.1350953567285357,0.37536522984303333,3.782818162796563,0.5906085414428013,0.5064288727167221,0.7204691154824543,0.2681635358024672,0.5155601172287368,0.4507369605101032,0.6350684748512646,-1.4080483626063616,-0.1351837641809029,0.11326691494268179,0.1720327696414125,-3.25154844233064,-0.31740242742474856,-0.1317194333405492,-0.13326296943852473
2024-10-08,4.034378950830937,0.9786638848516382,-1.9133995451582912,0.10662068671735928,0.39599237170853835,0.46295959737519776,-0.9787038983898433,0.09913484932837374,0.358113290649902,0.6199652613386737,-0.975031145100064,0.4328947776567613,0.4324653117398279,0.6846968529674898,-2.42455274393936,0.25247919211046654,0.1879752305409954,0.4685611274377972,-2.0207698806199996,-0.49875305991379365,-0.12967153547472,0.05317598864271657,-1.1412632182799038,-0.45480041606286964,-0.3196887371396636,-0.2884109560703253,-2.54674481249512,-0.39777198108927453,-0.023081589982006885,0.0842245577563258,-0.7984972151344576,0.007644697565977625,0.14106851481255228,0.3748521882948597,-0.1433989623399361,0.5279213266055358,0.5108999857505763,0.7191903281768406,-2.209219571464787,0.4593744746438864,0.43723010992380995,0.6272514699083682,-2.7851328153899515,-0.1005970452845655,0.09246000059704873,0.15200826154695127,-2.0608439299191357,-0.2615846523300855,-0.12288887806574685,-0.127076207550706
2024-10-09,4.065703853198389,3.1324902367452445,0.5336556783666946,0.1185168024466704,0.46100229158361367,0.45465151831685735,2.445223440178771,0.12666765856626042,0.36852813621905645,0.6119719305021345,2.6537292268327457,0.4251526897382718,0.4315459829308095,0.6805530299978693,0.5836051409674463,0.2502517667851102,0.22688382927392492,0.47117024954046094,0.5217168423624576,-0.49429782519318427,-0.09398238077702337,0.05381039205030433,1.0321252149898559,-0.4532878312162904,-0.3167720992641025,-0.27859189065032847,1.784394400788141,-0.3623384556062922,0.044401041709171675,0.07400457975269689,3.457901202824922,0.05524829676403665,0.17058286756188237,0.36143987786481,4.515197371785191,0.5126970621275228,0.5043428249579928,0.7110436733780131,2.6225525526731355,0.45914102938557055,0.462859626829961,0.6372572769250614,0.7293571932678495,-0.10448512307555018,0.12422400214463672,0.13731718781299632,-1.0891661372138874,-0.2859960158992322,-0.15290427335625534,-0.1415863994425692
2024-10-10,4.093207165111977,2.750331191358768,2.015356879954198,0.12194556687151037,0.45795215591779154,0.45892142993761775,0.61248125394616,0.13498181626643138,0.36715306269924225,0.612589398682418,0.5108639616266423,0.4349513009077699,0.43188161907045264,0.6811071059167904,0.6509213736190281,0.26174051917342295,0.24203097833980655,0.47184062239570534,-0.24935350639353826,-0.5016021812443191,-0.07484894390454411,0.048240508447290394,1.3148811852018933,-0.45390776529530286,-0.3076655592731852,-0.2732180668440996,2.7326452595875232,-0.316152055044234,0.05558059635010087,0.09482006525229568,2.76732178860528,0.06182720866785111,0.14732182167080102,0.36855636429892513,3.673850893073443,0.519497967902728,0.4993230068945731,0.7115057405214811,1.8053500625113021,0.4672417108271943,0.48974150748806117,0.6387008593612489,-1.8645348602405216,-0.1461720090140814,0.1334162674171083,0.125177914883435,-0.4679654843584413,-0.3141586114835923,-0.1344476990323698,-0.1456021949910502
2024-10-11,4.071780862900979,-2.1426302210998394,-0.5488368308288831,0.08644206850960971,0.432406029186878,0.45208805329795265,-0.8212995207318143,0.11516537751550697,0.40114229278527097,0.6088135700999654,-2.15555812462576,0.4362701277768877,0.4986002496209184,0.6785609173886994,-2.4532997913150467,0.2829740613768135,0.3415832037009126,0.4723862589659633,-1.5125298934435518,-0.3637880100545269,-0.044988752559056246,0.046664384868272034,-0.46282994922540777,-0.37895081440915546,-0.30685363970977064,-0.28632308564490705,-1.5083247495488483,-0.3384440394632476,0.08756329203022732,0.09126850136656613,-0.8042039233235296,0.013994680681381546,0.19785204193729072,0.3662019918916988,-1.1896708967989404,0.5046068121033805,0.5576811371274961,0.7090306039488106,-2.327162881444688,0.46561286832762167,0.5406585857717631,0.6412781594119971,-1.0613095305727365,0.011931315037722824,0.07454193135849564,0.13140977889228783,-0.03113582804815973,-0.25745059686401434,-0.19863760738328176,-0.160442641266932
2024-10-15,4.036554660866552,-3.522620203442628,2.356450255674349,-0.11823721485213284,0.3514898600163725,0.4047786222638244,1.4034433711576995,0.028826516909677153,0.3715267646873953,0.587021960326126,0.0909147741068157,0.3877265855565974,0.4906329692159545,0.6766911013733428,-0.2294218940919679,0.24411974659022342,0.32723313582253566,0.4738049949478302,-0.19147890160614356,-0.30478490610927206,-0.055070468236145344,0.04656972966266324,0.34906932060716755,-0.34420645666478195,-0.29911280055155015,-0.28411787104464353,2.778076759851193,-0.3961546323563965,0.03409312971633294,0.05851561240592731,1.9603358624407359,-0.1163156375484439,0.17758167901038296,0.3411785740069151,-0.09011262823583976,0.4769565125339451,0.5529489983766951,0.7050544083646696,-1.745487528565664,0.46525789283357366,0.5444095183467893,0.6447019851568615,-0.8492145122435515,0.004317598613529761,0.07174305517728848,0.1328726064963699,-0.18898395545219238,-0.16541304572090032,-0.18130000054442055,-0.14961517964779283
2024-10-16,4.015088690798752,-2.1465970067800377,-0.6829158232254439,-0.0636107303767907,0.36980150107609977,0.40549713133417437,-0.5443884064570064,0.06443563845310854,0.3801060172000561,0.5880803880430094,-0.11516432222568607,0.41235307181995196,0.5102815169496957,0.674505370034795,-0.5804313786625488,0.2610370255967251,0.3420704901420262,0.47173972214586607,-1.0077549159719164,-0.2575492795026284,-0.03724540667468915,0.05747315032494366,-0.07756955433713275,-0.3542342425614546,-0.2994662771303976,-0.2786203275344305,1.8067754004376866,-0.43528253328631894,0.0046819247068018805,0.051475297288252196,-0.7700262916430973,-0.07653219677043742,0.1836294009762374,0.34382696075578717,-1.9729025452272961,0.5521550449426432,0.5658001297152861,0.7051165296970782,-1.3707569081157822,0.4943794241597738,0.5571736268720926,0.6438862921276671,-0.20999583634884145,-0.007229424500651412,0.09014030847265547,0.1496854982923494,-0.41465775466263377,-0.1746361424755687,-0.17399449111552362,-0.14158538312017604
2024-10-17,4.095489835131741,8.040114433298928,2.5799623617664924,0.08238170554380225,0.43657664836475696,0.4342805718025571,2.954186536789606,0.20137880877436087,0.42284314241405835,0.6076487306199893,1.5311707818871363,0.5012542530224032,0.5231928743974654,0.6834323487535052,0.2727779373186463,0.3148419126389574,0.3514042094464852,0.4757065786193975,0.7634336144819422,-0.13962767637699144,-0.003999659423642622,0.08518657113206356,-0.5031193372854847,-0.3654738642419506,-0.3116253199196395,-0.278156635218202,2.1152312451096194,-0.33207817538999407,0.028263233374606657,0.08072201355295185,1.241017036116896,-0.035148553204150904,0.17776735203882835,0.3540674754136564,2.0548373812136385,0.5809854914216597,0.5615629153384952,0.709703935709765,2.1461698637545794,0.5386003278749535,0.5743378476843806,0.6531899123822901,1.3340185005192802,0.08765412654958157,0.127809136818817,0.17119677553646248,-0.5354211750195201,-0.2806349048041088,-0.18467417798340857,-0.1450809110626138
2024-10-18,4.073990109813237,-2.1499725318504304,1.3340641967097315,0.030236963461284724,0.4018671898645582,0.4197482791062712,1.5174117548823554,0.1327799974244996,0.38424069117315773,0.5903656706436924,0.3942091739142144,0.5031808633059331,0.4962407626407619,0.6750528032181535,-0.31802115256560004,0.35560299712584076,0.32902810118994874,0.46414844704012276,-0.4923521420420256,-0.1286030207526944,-0.03831976773847398,0.058474174452201655,-0.35653623796210243,-0.4973364706034484,-0.34178484711213386,-0.2991925363327545,0.8550476029156163,-0.3249019612978903,0.042545268483023625,0.07544199070878843,3.008072358523654,-0.049717597758823645,0.1386764314340947,0.3359413042512703,0.49768471228841604,0.5761066987098151,0.5390542089602157,0.7028539057891419,0.3391412671132481,0.5489749482685733,0.5577980076193305,0.6449579754092126,-0.025468996875603223,0.09061658976790923,0.11205916410621287,0.1440632239071895,-0.4002977120011133,-0.597648056936928,-0.21840135186346568,-0.14485579686288633
2024-10-21,4.180711474596794,10.672136478355743,2.775766712136592,0.1752900778480083,0.4447710820139825,0.4562436486884673,2.518803876670612,0.2335324451126279,0.4230927852277244,0.6094212845053054,2.64024877688816,0.6482970273429265,0.5373683837832713,0.6894142798898593,1.2979693159031997,0.5112139040578759,0.3407655476256929,0.47672993578813,-2.0175131735175684,-0.24220651687233488,-0.14050580185798864,0.0010924714143563654,-3.6607209292462177,-0.6407280494229712,-0.4409837692090062,-0.35010341884224544,2.9675123317641696,-0.138873512427306,0.12207671062949634,0.12221184846596132,1.6773895504000098,0.01593462246449975,0.17174195471400366,0.3486522701610442,4.391666970101888,0.6819716877198874,0.5909754451506218,0.7199820509023245,3.0475949986187203,0.6139682037586559,0.576790275691341,0.660044660141516,-0.8606228940443525,0.017877459104173113,0.06579847662753058,0.1221100840036782,-4.2444126002132485,-0.6780703227879695,-0.30003715495179534,-0.2049679956274517
2024-10-22,4.204637006633451,2.3925532036656705,-0.4446238172042685,0.16928096439066373,0.39743014149020334,0.4382824065134937,0.0905201737472704,0.22798264895663553,0.3832572474497285,0.6002455609573246,1.5282653682855964,0.649033295348345,0.5126387936146319,0.6875379221429467,0.6122154615532288,0.5924142812271221,0.3233213624655843,0.4792484204719113,-0.8155121374708321,-0.2343444822867131,-0.1669063734686864,0.005886194245068401,-2.3425513559813056,-0.6569027191168045,-0.4336987000126024,-0.3390642249856529,-2.554903651509861,-0.12643447506281455,0.0345848502014283,0.08758839775460124,-0.07744158765986553,0.016188466999684462,0.10074125077470247,0.3351677092091995,3.2431192364001236,0.676329260017448,0.5785477166799489,0.7153677396252281,-0.17718396645515533,0.6395474804026194,0.5680664857505586,0.6554645263900856,-3.4576616683372507,0.008992345474069005,-0.006896378285578628,0.10495849928137647,-4.831225630230275,-0.5870653442940524,-0.3194946717183175,-0.20249893818343484
2024-10-23,4.24060758081238,3.5970574178929127,0.9935960818981696,0.15429869372527222,0.40370744746653986,0.4404966849636882,1.6235045056452064,0.20432897458464294,0.39288359334060063,0.6022626897497181,1.6768613591273054,0.6515620043967422,0.5273812233614192,0.6890198303877226,0.6221541202471874,0.5886400779939314,0.33558590463027793,0.4801222242105528,0.46366270531366416,-0.19815201196242838,-0.17082003528748133,0.014001977457508955,1.181844089336416,-0.6122072297567234,-0.42674218634866495,-0.32592146975129604,0.43781770948460474,-0.13311147658418257,0.035866956781956616,0.09246398972742088,2.3447243929662114,0.009205951501948138,0.11548651839459613,0.3423290853312721,2.909466874809824,0.6741181282282653,0.5893674681020431,0.7186922922295588,-0.35739442737611826,0.6279680660564134,0.5717121561393756,0.651421495936513,-0.6634714944442237,0.02403815625584098,-0.011956909238500962,0.10377963938729622,2.356025081613664,-0.48154251508814017,-0.2976060745352952,-0.18634407149123455
2024-10-24,4.200798388336124,-3.980919247625625,-1.1660909284804477,0.21442914435620106,0.4325628672979409,0.4604646860451993,-2.2412489026129787,0.299844709552883,0.4269982445339158,0.6228360631456126,-2.6961811738349057,0.6913877472900036,0.5520841943676239,0.6982543105026455,-2.442844981744084,0.6441943581083939,0.3620289274900963,0.4931638667911126,0.6576199177096448,-0.24958293327863218,-0.19183165144494882,0.013876655138162858,1.0695327629203426,-0.6384686346452024,-0.44216326898901903,-0.32966177796407986,-1.2753283937206241,-0.09560721690858352,0.06459139439402589,0.11466355493590455,-2.6840587761977535,0.1137983560561117,0.15725282407613383,0.3667377364801075,-3.7203572237519937,0.7496512798956187,0.6081176752096917,0.7225954187254494,-3.218340993529485,0.7073777045598671,0.5920663522644407,0.6540584759242228,-0.5730874137110751,0.040586419813038725,-0.0027164270057824682,0.10233730514349171,1.243723725835536,-0.5248841652471913,-0.30888945334204526,-0.1967863668636199
2024-10-25,4.23093546468221,3.0137076346085756,2.8277719914871806,0.2068673919320885,0.43134112785545836,0.455080757540419,2.3785833816344253,0.29709698607951845,0.4333318585022815,0.621245473340558,0.15805842695037775,0.6911276078861089,0.5573179111604556,0.6973827969891647,0.31742891812214413,0.6466182651960936,0.3654382801445759,0.4930756909458484,1.9079914337653436,-0.19561400644005625,-0.15951771633799636,0.02510514808989473,1.1159142001834557,-0.6212568080108026,-0.4287113543106043,-0.33016005154558375,1.4479800762103998,-0.09503446947048746,0.07698067135742775,0.12202522934467469,3.089130990584909,0.11695270930248089,0.1712951379895385,0.37726311340125385,-0.48258092770269756,0.7395056477882057,0.6020171067581315,0.7189741564558645,0.3296117418474145,0.7039512938303262,0.5924934261687834,0.6536392668778988,3.221301765455853,0.05639664259466544,0.022343227180493117,0.11095015136879417,2.1324715132203838,-0.4781134296922288,-0.2926485301310255,-0.19860149213318973
2024-10-28,4.277071897745187,4.613643306297721,1.3115075746631,0.23102817024591688,0.4394449966888869,0.49613196393518405,0.3353018867468256,0.3173574714703462,0.4432980187576766,0.581277154499388,-0.8438090666169953,0.6899231286962952,0.5516424777602488,0.6511126581398405,-0.5873626221054304,0.7318761068935815,0.3592091386607115,0.43268877671368833,-0.5436451244595658,-0.07275431612263057,-0.16748461969276007,-0.049343449707147505,-0.8400730713589633,-0.5821071294013326,-0.4363758430367173,-0.360746920794728,1.0451611654294464,-0.06380938302269062,0.08141181474260711,0.16466139616986797,-0.11453377868000636,0.07922714741448106,0.17902510125541057,0.33018856567461136,-1.3236530313503003,0.689519590866265,0.5901651331367043,0.6746281289632264,-0.5234779236953443,0.7476449852988172,0.5840349410671989,0.6109068152204921,-0.5138275358720998,0.14171993319821755,0.016601774401215016,0.046817124686015114,-0.25277530410640225,-0.44355503185613127,-0.2949084320379019,-0.2258811000150677
2024-10-29,4.273147129796996,-0.3924767948190855,-1.864721718070991,0.2592081604703211,0.4387645898150387,0.39348159799185595,-2.634899745890947,0.3262993998331805,0.4385398889237103,0.4487399005190116,-1.5842457478526337,0.6883637938791792,0.5552251477121707,0.5540104870098229,-0.3080713784542719,0.7334037645696835,0.35052842234167547,0.3152444160311146,-0.18288486890953592,-0.06364330386534957,-0.17995566789374076,-0.1585677193803948,-1.6415438260685118,-0.5500044372926063,-0.4418482955493809,-0.36766144660850525,-0.9358577491357216,-0.030654590166974728,0.07305659489840181,0.014331298340558915,-1.6667076443158177,0.14675773157825564,0.19956379188532714,0.19302345884073835,-2.4898048091298337,0.6884638906878947,0.6013774165760646,0.5897387919027266,-0.09434229368451197,0.7463068057303831,0.5755138029973249,0.5426310398990346,-0.5023447548464315,0.12866068986388327,0.0012988936646850207,0.11862244613656868,-4.07885457694768,-0.36424052685912145,-0.2711961125208364,-0.20108751202060735
2024-10-30,4.2632051462669915,-0.9941983530004528,-1.611319778542032,0.3130785914097518,0.43618929161823466,0.40236686255605214,-0.8106507247046497,0.34213555987089506,0.4257943140906439,0.46428504346277366,1.1813979971305664,0.6539754563007615,0.5295779681047497,0.5583332731011228,2.8331411405027263,0.6116655272449109,0.2992442307408866,0.3012954202149925,2.293111407966867,-0.1593807276411119,-0.2675170707899709,-0.16376979568896566,0.12275005863664035,-0.5549949568426525,-0.4628512230693671,-0.3664932205911577,-0.7271245246792706,0.010525633769415345,0.08462043863615219,0.022401230868309314,0.6197593256839808,0.07685104059310323,0.17198636801498196,0.19350896941551163,0.44032914594750405,0.6846733014441183,0.586833768019028,0.5916404977159406,2.920602773124515,0.7492093917766323,0.5443753513077538,0.5325316687752537,2.6768845409606175,0.13600803578392195,-0.09163933579877864,0.10834304693178258,1.600043134010368,-0.3848215920603734,-0.3264390500977709,-0.2010496879853519
2024-10-31,4.283366512404326,2.0161366137334547,2.303110009857303,0.30070661939934173,0.4264920813115134,0.38248627902796367,1.0005045614035586,0.3610574591535737,0.4250083102225434,0.4345902385458229,0.6905850492534653,0.7176465663968328,0.5644769181063751,0.5261984238782785,-0.12184063856070093,0.632981786282171,0.38105943358878025,0.2647231784203069,-0.45342102637868464,-0.14696523608269763,-0.17350892070204693,-0.15253872739132052,1.5885828791043197,-0.5374451470869523,-0.4026948222600461,-0.33211995437930736,2.0231343470786816,0.010004783399900677,0.07207286156611259,0.031434443444037875,2.526577884405014,0.06691877020683942,0.19025479059816514,0.17991068534539795,2.2770037443376543,0.7166730614187709,0.6254733535754958,0.5705947657151769,0.589177909694333,0.7851706298299986,0.5946069838064477,0.5130709843953155,-0.2380185006319584,0.14720832883615897,-0.016386329390800262,0.1039788472110536,2.046988649618368,-0.3682669064680399,-0.3096959178474772,-0.1817506654250649
2024-11-01,4.3623530950082365,7.898658260391045,-2.696430567245216,0.13771127630411578,0.2790176687685192,0.31597057186394706,-1.502550248357184,0.2601224827545137,0.32666034426696605,0.3685862712737898,0.2252498710141122,0.6675748974247854,0.5285912521466685,0.49827521818551984,0.8830887317724478,0.6213999814869136,0.35582005539283035,0.2668995795876077,0.5362810625703363,-0.08098754066490559,-0.15865166899779465,-0.10352440605837072,0.6889516936846398,-0.48283444926961705,-0.35995100453737366,-0.2714282304047356,-2.9867241958332165,-0.08070154370814314,-0.022042262076543834,-8.277681160872042e-05,-1.173380731127616,0.000807883425374779,0.0949082233052281,0.157514645034893,2.0226569325016,0.6959729998777942,0.6106350455235362,0.5647235009162629,0.298848211995808,0.7406639448146786,0.5622668757833279,0.4887170426725228,0.10697470031187262,0.16343664947856118,-0.02253823859089362,0.10004883988867404,1.9882496872233277,-0.300303379257721,-0.2688816748571877,-0.12566717475890832
2024-11-04,4.307894778733157,-5.4458316275079355,-0.6088167533845057,0.31714766627619045,0.2994554577609677,0.3223997702980779,0.5532425577528159,0.44182683776953136,0.32964684595640825,0.3541063828280237,0.871643845047888,0.5240860783419254,0.4883564003809865,0.4751981274889898,0.6706076285721441,0.3531910815219709,0.320631578344538,0.24647131932856212,-0.7528310609810944,0.0050352191798808295,-0.12682387955049496,-0.08590282762681264,-0.4125437561026368,-0.2905024189033943,-0.3392797804780419,-0.2592363391252401,1.5930846222985313,0.07175671651629696,-0.06890742192400527,-0.014395894675054484,2.160554445025274,0.18626108163273675,0.09213287936168921,0.1269966446741286,0.7553310385045822,0.6180330356184603,0.5888153100511908,0.5491612293799036,-0.35881918534000024,0.5849343057421504,0.5404753170042468,0.4812193606124345,-0.92850000942888,0.08009224261204113,0.02096033104945831,0.10468240446408594,-0.8090079069567677,-0.15832924343439553,-0.22728696366305767,-0.11607274767499318
2024-11-05,4.287361159955532,-2.053361877762505,-3.7030676387394914,0.37159748708147894,0.31436449355593493,0.3740267935559169,-3.491736339653837,0.45173608144898747,0.3569696167066472,0.38204281205357166,-1.9990468167334718,0.5356938635801431,0.5087251466681397,0.47190390832062495,-1.6420107180540793,0.3996569664652753,0.3257438039558112,0.2538102096202639,-0.6594017702393913,0.027717788778598505,-0.14793726710109584,-0.07915797780307145,0.5653750427103672,-0.2671286621978377,-0.34380083886396695,-0.29558821311983735,-1.9433925868981183,0.14977083967218022,-0.06443695007839963,0.044136819450075235,-2.8154545168878524,0.2136654913503928,0.14582589214728847,0.17837169948475703,-2.860638364516992,0.6225390208724714,0.602930431904047,0.5484378232484729,-1.9874594249604165,0.6063565970345016,0.5431900934455853,0.4882684069402589,0.25594381279708767,0.08834251220177237,-0.011796197018214829,0.09272492274742028,-0.4262110760703681,-0.11797883980048032,-0.22168552358644641,-0.14175490611841945
2024-11-06,4.424571791178695,13.721063122316313,-1.3618737004874886,0.21079755855253496,0.1750779411099784,0.3023097856812136,-1.3253049551747198,0.26973835693878684,0.20917008920696545,0.3245838145365642,-0.37715015124182383,0.4033730588531458,0.4139685606941926,0.43552050662506037,-0.7997176582453758,0.2790458398577468,0.2511252636849904,0.21716050190943584,-1.3241897303595191,-0.12036490958897104,-0.2819697844719387,-0.12379597054707955,-0.3666317653621771,-0.2585498017075375,-0.3524467378839386,-0.29708409575165257,-1.0710528000900474,0.02545712925219006,-0.1327709363405843,0.02003672238807105,0.6581431470302075,0.172725258466035,0.1061407635908895,0.18297086584692213,1.4161024123064312,0.5601549994111468,0.5444647938026553,0.5416117809024954,-1.3713351210645754,0.41888155294267854,0.42237526561451727,0.42793242234149786,0.9749925929082881,0.16792861445782672,0.04553002945098025,0.11159533951363697,0.5838342725452161,-0.04989780275835951,-0.15357308692490632,-0.11164562208541765
2024-11-07,4.341309995365306,-8.326179581338966,-3.890426432678521,0.3455861388263308,0.28293735159288336,0.38210073194786376,-2.9929156900978597,0.3740903502152958,0.2957048587750255,0.3666419168965343,-3.4070933365293343,0.5296113293995344,0.47924993089968554,0.4656805894335417,-3.2443887066978556,0.4214555712588665,0.32301053713459177,0.28480397941446384,-2.6728752098896322,0.08352346945556147,-0.1272990532452343,-0.031003468197380965,-1.3599797140064966,-0.16198423233573006,-0.29606065755888133,-0.26511469009429844,-5.228959785857344,0.23952514013031334,0.04610385724465886,0.13961031019294792,-7.7031732431942785,0.39468042842986556,0.28353982141970285,0.2732045892006886,-3.73535781948311,0.6465634229354467,0.5852855712351295,0.5597851976571023,0.5614435514593277,0.3519753779784934,0.3899952900206095,0.4188831949791615,-2.6093371114775676,0.28198517793227734,0.12694941388546174,0.17445486659998372,-1.8547330333943677,0.028902708846093434,-0.11066416537586583,-0.09265826663339671
2024-11-08,4.307218042973315,-3.4091952391990255,-0.11284479346909149,0.3360067922289892,0.2815955860429915,0.379846407911477,0.7528405580345119,0.3441852839091835,0.2835647222314455,0.3534348388992888,1.2215334055703775,0.4752430922881514,0.45790538158274463,0.44675819485500795,0.2033279545368094,0.3957344119157863,0.32127119289657413,0.2861114101890692,0.161829729502045,0.06476833230440113,-0.13722699591359616,-0.02186273950822749,2.667553243079501,-0.2462219746703055,-0.3354710515177979,-0.28525317979228176,-1.7943904159357311,0.2582287235744085,0.07018644949813597,0.1481371273211066,-2.5188928361585408,0.4172011606081474,0.30480057011975303,0.2689226812567713,1.1716943284754526,0.6310890692785902,0.578022639670145,0.5453846556827,2.980525964167245,0.24136274255851897,0.35131214949012013,0.40576899343130507,0.34994392603502733,0.2835657608429443,0.11282922118101764,0.18662238435779724,3.5380960455790844,-0.04320586073709994,-0.1589788034705044,-0.09917902855070172
2024-11-12,4.4324425253148,12.522448234148431,0.7456592131625471,0.3387138710153989,0.2756276855255976,0.3694292922855104,1.1478661523473215,0.3599800475307716,0.28705211482471005,0.37972661788039785,1.467694603451469,0.49366510517705553,0.4570252023560254,0.49451394542574356,0.6311602287516416,0.39387679864768477,0.3139395400947339,0.34912232688198175,0.89091109107168,0.11608989346420973,-0.05777301460051059,0.025010434193876503,0.17977353217921932,-0.21468047436111853,-0.2797470038061672,-0.26919729715147656,-1.9731702452885058,0.13975311511376678,-0.009255966629584703,0.10636950751294227,1.8630321183538656,0.43679538647548843,0.3117724058567983,0.3130654076941732,3.5978084016754464,0.667711813919038,0.5877978821156965,0.5981942391962993,1.7955992769857345,0.2788190729396133,0.34746092885974006,0.4403569535858125,1.401409188710195,0.33156253541115244,0.21688582542940252,0.18142779236419546,0.3602813131205438,-0.018683686257979587,-0.11432309202182618,-0.12201985950647862
2024-11-13,4.450173416179437,1.7730890864637416,-0.45002431677928323,0.41664440757215143,0.2671254747438618,0.36598126581923524,-0.9162722279624318,0.4073284388002108,0.2850137603655725,0.3797053832957515,-0.4150349854667521,0.5021585160597224,0.4420767534659474,0.4928903105092715,0.2028052008143355,0.396327410799223,0.29761971062016285,0.3417447310726986,0.4522316981188803,0.11562443396780736,-0.0351046106442006,0.02043034226400557,-0.46136695462252764,-0.20357544601958263,-0.2587806511131824,-0.26244464784915444,-0.6529960210438983,0.219275257250018,0.0036323875469269655,0.10118579729312763,-2.690316048118985,0.4776970189090288,0.2957144506884978,0.30965917176408525,-0.5007390555922496,0.6712632405573254,0.5761352248845074,0.595724737997682,1.0844577338569088,0.23595671183432274,0.32995458211881123,0.43736119211900154,0.8434609567634849,0.3118561881440376,0.2025944428206002,0.17550356014965673,-0.6787498267517569,-0.020106598361965995,-0.07594550188710744,-0.113356900758421
2024-11-14,4.418672634943065,-3.15007812363719,1.201569140970307,0.37115984926207235,0.2457555386328241,0.3578820358220367,0.7947911870351041,0.3738648369554073,0.27087480586736074,0.372691166668433,0.19607114010742066,0.49146295144001817,0.4465502108624073,0.5022629192507242,0.7465284934477601,0.35033479948604274,0.2857850539236127,0.3405996057220991,0.271745735138861,0.07457324386233619,-0.04576774490408998,0.019846315506971152,0.3959107324833888,-0.21659686356477123,-0.26885462829632717,-0.26618046049006183,1.726547336040411,0.2110589702295725,-0.02098613132758713,0.07959775925195046,1.523854524727005,0.43486479441627984,0.27526772270578476,0.29854215128206174,0.4319645833119712,0.6481759600324744,0.5925072720332547,0.5963639450826856,0.8272935722317794,0.18982937354662643,0.3267944921569978,0.43507432195631995,0.8242896630546306,0.2794980978518599,0.18157692445025228,0.17869137189948922,-0.7746592875573826,-0.011831190326509922,-0.07168783405496648,-0.10506959294235879
2024-11-15,4.42464060815544,0.5967973212374744,3.6623520338590403,0.27882933620098765,0.220890924436444,0.3444902914176063,3.487671804433334,0.27142457359047883,0.24941371652199265,0.3477515537338123,1.9964230775751357,0.4361630291560527,0.46135378147958916,0.4888312688002345,1.95644420351696,0.3171543768538919,0.30747134197136783,0.33757774741858976,0.7884436353172157,0.0297846404741426,-0.037405572979004605,0.01487197554841024,-1.610462435450784,-0.19276056695814137,-0.2692202656204729,-0.26647735518358134,6.424556019638236,0.09891428800468545,-0.04051189995032501,0.05512741792351071,6.942169809729764,0.343413515637589,0.23114810148948986,0.26151896879723363,1.8178547754796162,0.6259596614132714,0.599463875912253,0.5842288589165382,-0.13166325775497612,0.1429645688799995,0.34374884856736865,0.4337181920241649,-1.086972689390656,0.24957563791722878,0.18335215327335933,0.17793546987694056,-2.40441349846832,0.006416835107325353,-0.09760246443205337,-0.10515065208125475
2024-11-18,4.412858708502937,-1.1781899652502759,0.06788716632218561,0.30429205027676753,0.21486422604344943,0.33895216388371685,-0.008636327536108879,0.3046345323415418,0.2393126170832606,0.33903312903795346,1.2554886491347168,0.4209871303070981,0.44952543406914275,0.4665193387973888,1.3441465989698655,0.28080353015013204,0.3085502073565777,0.3125723258526599,-0.18311433062967364,0.020297865589406036,-0.03692973292484262,-0.009437119675540442,-0.5961576486104991,-0.1902824945557583,-0.31433835212711686,-0.2840812913091905,-0.5500737027768449,0.1173999780512171,-0.03133623408234061,0.06992675415226793,-1.1579813181772032,0.3940727558638322,0.2556173755525408,0.2616768836974696,1.1188401994388737,0.6212872749082559,0.5910930615465996,0.5700569574307572,2.4935884102564927,0.10404222343291321,0.32989785162246876,0.40984792280153665,0.592479781374448,0.23957758060489956,0.1833177000335541,0.1651783862146688,0.28513284508421766,-0.001638532423341827,-0.15533087135565754,-0.12675954630404518
2024-11-19,4.376556125342508,-3.6302583160429336,0.2658171687284354,0.19911778988055526,0.2115842955444517,0.3187799355172256,0.8130370008773249,0.18604116019269576,0.22670694264052468,0.31710326183009135,0.9110243509452287,0.3034438519975019,0.4752592145135892,0.45103469390964773,0.6231886375455362,0.21117598413113176,0.35886623948751467,0.29375878491077584,0.9189172314781437,0.14488736133270536,-0.05337363977890177,-0.03350701795926532,0.9042562339001918,-0.021506647302385343,-0.3547685558762347,-0.29880491907961565,-1.77626225848168,0.037705503101893086,-0.0019679155527047854,0.07693113161766969,0.0536631809994752,0.3681702354159076,0.2605090241337241,0.26316426528685083,1.0163180177699456,0.5362404926796117,0.6124000550296415,0.5669603348454385,0.5070579506356703,-0.03873139600646715,0.3495602484414512,0.3959340730113403,2.191333083695254,0.23111276419690233,0.12370394572717072,0.1306412109355823,1.751349194178112,0.12770231198163268,-0.18496061630680677,-0.1322274871161249
2024-11-20,4.405034634415713,2.8478509073205593,-1.315735911691656,0.18957346946618794,0.20493506005146234,0.285665505146277,-1.6686241744225185,0.16698253662940662,0.21620174105413126,0.28170476573318803,-1.9309665644802338,0.2634372345774107,0.4568975844413474,0.41696337406968553,-0.6552042104418527,0.19599736435257756,0.3811965851295182,0.2751689804071196,-0.6491262308937276,0.14468291834679986,-0.051805780286608705,-0.050989830188172706,-1.0253193524193311,-0.012391647692347194,-0.37091570192295087,-0.29460307662004814,-2.3026508397181438,0.035905501147977206,-0.006303946427977819,0.03435113951210779,-1.2608923508859105,0.35947124061908853,0.25617777110740264,0.22907838825324242,-1.3788942448309853,0.5234293331681888,0.6032449720488964,0.5507192853280148,-0.8194835300800638,-0.04672559747682591,0.3551882631337677,0.3813969770423305,-2.884858126032519,0.23685366753054912,0.1054250490365453,0.08387067698901622,-1.4285882892092485,0.16750596021845587,-0.1905217492737611,-0.1475925079171318
2024-11-21,4.430646521986968,2.561188757125432,0.4988726119926912,0.18169170744277682,0.2031394015740048,0.2870632667810738,-0.0677086189678271,0.14817852897021666,0.20898665739457373,0.28176093018857173,-1.6345761743803104,0.22400599789149198,0.44142598217571277,0.4123138355885383,-2.485964732772547,0.1484873394514683,0.3567286883884734,0.2663047609322582,-2.2723273453228,0.09456263724784285,-0.05254060657280779,-0.0630952308285083,-1.5888107186440958,-0.05671386472391499,-0.36916312134414964,-0.3032858350863776,-0.6921146280203552,0.02559298993466049,-0.007721911655612546,0.0322016964159985,-0.07508361078032011,0.34719729512281067,0.25349106162229834,0.2292063201543886,-2.9086878101279234,0.47217022404817366,0.577586303058098,0.5384161350250125,-3.2898470297603932,-0.06368860035113927,0.3316183473737236,0.3698716822158002,-3.089067280742592,0.1989707486270563,0.09586293740075304,0.07207415940518529,-4.17681068510656,0.09573332328149885,-0.18802313689815112,-0.1538401505127718
2024-11-22,4.409049996847259,-2.1596525139708334,-1.7589146020989364,0.18382202342516576,0.21070831338643672,0.2984475752433589,-1.0841100909299968,0.11510674380310726,0.21463307039480917,0.2901922025569027,-0.37917332083275834,0.16512589037533354,0.44534766836253986,0.41608371743285144,-0.30041893274729903,0.08606035002698896,0.3658995609628459,0.2681819100810297,-0.5445037776868991,0.13640824519064546,-0.0410470853285186,-0.05786866980195708,-0.016353084054950617,-0.0133780581885458,-0.36806620498793635,-0.30456223959622303,-2.5369410079238923,0.03557514305650266,-0.0004824184502876106,0.04682340902827403,-1.2339299452774943,0.32756796353672957,0.2558229531850972,0.2348961541291901,-0.7301649785657793,0.44049193212670634,0.5994568787502282,0.5417139897033107,-0.3801187305655329,-0.1643845709119845,0.35879459218423565,0.3741299016522811,0.050449113468646445,0.18465049768964487,0.1023910526474159,0.0737298877249318,0.07881074929107834,0.12663083604150033,-0.188534564242213,-0.15409595192431114
2024-11-25,4.262452834760663,-14.659716208659646,-0.31935627409062717,0.12879390094848212,0.20571390174273002,0.28703014586560166,-0.8034797176108481,0.10662571453154228,0.233471526076577,0.2963240789354748,-0.9290975805451821,0.2023902734802793,0.45131780049270637,0.4156271638113403,-0.2985781738099453,0.0945871681679641,0.3444204984329853,0.25249953882873016,0.7391592639513068,-0.005539911752094063,-0.09734661062595149,-0.09504633674279951,2.304406714574976,-0.26354571838915936,-0.4448898196933892,-0.3573455194587522,1.2689478855102754,-0.07726159359880172,-0.04649638025098843,0.011204004798514869,-1.5093895345080641,0.3173225756589105,0.27705867132566453,0.2542526098791419,-2.7065291159358273,0.5190017006329926,0.6272719377104254,0.5568342624929495,-0.4806233906938444,-0.0823009250388648,0.35313091050621764,0.3570003397635062,0.4628646781061664,0.09646934538459376,0.06219971810444438,0.04868338956264266,1.5284814694288396,-0.015647365038564693,-0.24246081231606728,-0.1800213714744161
2024-11-26,4.3013483040338345,3.8895469273171557,-0.5535708703931229,0.09601884225601372,0.21334845237814026,0.28052871881765123,-0.1510113970801438,0.09579532836231258,0.24666711782456832,0.29948574987231774,-0.1974508919963264,0.22103113334249808,0.4588973300557894,0.4200922391136445,0.3428263999093396,0.11789278553757207,0.3741336774301493,0.2554546347323998,0.6641838836588349,0.02857482209639492,-0.04518136389266409,-0.08839566947723455,-0.31805511040794576,-0.2503558251194857,-0.4264092490612451,-0.35963024049085124,-1.0103625818186335,-0.10827675960607472,-0.03934929390429198,0.0020098825210695974,-1.150764525759136,0.30641891068074717,0.26907153028827036,0.2544124759344363,-1.6561664517298207,0.5165112785732258,0.607144784904906,0.5502777787312082,-0.3403181155884544,-0.07643158974110144,0.36662871490782506,0.3538576313388177,1.5960047974477152,0.13719358358829528,0.10082848431124718,0.05864917492203574,-0.10245761462337344,-0.013132352620098998,-0.23053379738194563,-0.18144906506455022
2024-11-27,4.240106128674896,-6.124217535893894,-2.076388550984614,0.13048126741439803,0.23623221021997806,0.29969158381159555,-2.2071025783391245,0.14439860187920858,0.2655987250958182,0.3203642297415128,-1.1157326095178786,0.2504007133962917,0.46205267384101883,0.42884438929794305,-0.8269827933112386,0.14251307087263995,0.3839307347432613,0.2543877362449918,-0.3054683141032992,0.036274674831093014,-0.03166387470440446,-0.09142463303310859,-0.2030107392755678,-0.25185752918933996,-0.4163327148283271,-0.36412690851749446,-3.014399523252104,-0.05867248464057981,0.004439841241505279,0.02536098428497156,-3.4204261130958624,0.34024344573336834,0.31408748423025906,0.2854255609194925,-2.411420297496981,0.5558389400445144,0.6170535477488038,0.5679262519259656,-0.6723128810011869,-0.04728109820008424,0.3599008268979103,0.3467037491427134,1.4380529454243298,0.09032097275895454,0.059384614277078085,0.026957742713674977,1.929636583813859,-0.07172849015922272,-0.2533139781805048,-0.19767776077754654
2024-11-29,4.19264726494961,-4.745886372528574,-0.2881009552278112,0.12166487796251577,0.2496935174813431,0.297480695846508,0.18757938235503369,0.12826489355893936,0.26200712063219916,0.30621021699599876,0.14754754830216954,0.25139632565036435,0.44728861092605016,0.41207213758794276,0.6303083060895651,0.15244736807482187,0.3583808184930097,0.2295763758696058,1.758165214914467,-0.009914087680320184,-0.08251277914337997,-0.1550559185741294,2.706537519081625,-0.2912659100104491,-0.43806822287798214,-0.3912373871871935,-1.2915849861200908,-0.05050141307892805,0.02923003586996755,0.04054185911246968,-0.7867015802927966,0.34285388836907577,0.3120155798357252,0.28294106089726456,-0.2992384303683264,0.5546929277780792,0.6129266587641361,0.557842023379466,1.2428652681129886,-0.0651781012071304,0.355019695375794,0.32184093794576935,1.877764217216715,0.06212825984291795,0.04884903699110545,-0.03385753073661154,3.4664764243991204,-0.1212951675224349,-0.28654193176312615,-0.2450903221783446
2024-12-02,4.192622322987401,-0.0024941962208480106,1.0185420798674132,0.09975154068191174,0.24468613196121725,0.29291138844327874,0.8776421806837487,0.11530100034440771,0.26793296900631447,0.30195744033406086,0.7602982289429855,0.24200576782866387,0.47392349881030427,0.423492906796174,-0.5143290215638049,0.15163400717816183,0.3713733240342369,0.27098100280780124,-1.031806642533728,-0.007053992003760605,-0.06839394617448027,-0.09808739937845631,0.004385396949699194,-0.32359681056923423,-0.4364014687716162,-0.363988438505127,2.5839731068669023,-0.06688585260670363,0.023038910355142377,0.0335828641264556,1.2083302093857027,0.3322917286113202,0.30515500329887363,0.29432916933307324,0.7093424081118208,0.5537106664314515,0.6297190598811931,0.5759855685026797,-0.7962004776924576,-0.07323994851806796,0.37558481455605497,0.34020504820101233,-0.7601226513850432,0.06424495048951004,0.060540342534561635,0.006886871990011931,0.5848860323477696,-0.14228513637197834,-0.27929740697790045,-0.23792269376949224
2024-12-03,4.219676991484565,2.705466849716398,0.45477257816046723,0.21188712633852744,0.22890491062844404,0.2797635753435536,1.4270955192681183,0.19676695204365166,0.2622679561650361,0.28981813268934675,2.3521230327694176,0.26123738872442676,0.45392629292487857,0.4128539528497816,0.6436155846440033,0.11899575444625496,0.35750642015294015,0.25365123138203366,-2.3701516545484416,-0.09871787560025162,-0.06840324592699852,-0.11409688646763419,-1.9434238960492962,-0.39022834820462643,-0.44010981571730556,-0.3623605392797172,0.512809515063256,0.006990714692244401,0.02320282229462194,0.03204302151977794,0.5942800504567811,0.36842776895779805,0.3017031157595409,0.28082232758778264,2.13891149264604,0.5259265545117503,0.619761208512818,0.5714407055789009,0.6199922274544128,-0.0766100749397221,0.35465945174473285,0.3258136230446557,-2.0761642335351684,0.02533704228744566,0.05516182656105917,-0.007833927058724656,-2.1275481805222913,-0.24633909202257678,-0.2944143930540784,-0.24312443621448673
2024-12-04,4.180986288750029,-3.869070273453623,0.6989154387134591,0.18965518291789013,0.27039162075972517,0.2745665324324867,-0.48751593781322555,0.22283833099219474,0.3400256534834025,0.304012559934813,-0.3200052732808447,0.2960064677484613,0.4011279526275858,0.41164541010480504,-0.28192404560343376,0.15029397899991495,0.23383442404271607,0.25106482326320206,-0.8007507653330945,-0.10318016462550131,-0.04663076131072667,-0.10263456933017057,-0.641382914394931,-0.3913631236568306,-0.35038321651515086,-0.3526783949204577,1.6484081032072386,0.017857724144544052,0.08061947729283589,0.01505686390516302,-0.48074681202048003,0.41876838878889483,0.3902241857280784,0.3032471706102602,-0.25382858989674884,0.5539667371691208,0.5826214302085684,0.5713307314269409,-0.3929834958448064,-0.08036580484016524,0.20390039608770397,0.31944047393877767,-0.6520530711629888,0.01385411093128247,0.012868141757022082,0.007058823359575477,-1.4261186166398847,-0.24270953420279545,-0.21922038241420716,-0.222321171397461
2024-12-05,4.180959254994492,-0.002703375553725351,0.10973978675754559,0.18754435709188716,0.2720637070402136,0.27117783653414435,0.1674625903694975,0.22526491865761422,0.32496521664031963,0.30684335496897314,0.18441769907734717,0.29485651427620985,0.3913689453297604,0.41501342213397546,-0.4954898607196798,0.1397833764017675,0.24111838623278606,0.24798095579960194,-0.3768231656149601,-0.1074410633104685,-0.04549779868564221,-0.1149079615446837,-0.005191377047603307,-0.388359691094721,-0.33267073047450674,-0.35205065863479246,0.3252500283975135,0.012670326771970917,0.09059351883136696,0.007706531107362044,1.6853687132850559,0.41323172635241184,0.3743419869887255,0.3108725518433792,0.5178764522696129,0.5652409167143401,0.5750056308328609,0.5737180517024918,-0.15744764586960636,-0.10411744980430586,0.20338331437870644,0.31654080152802555,0.196656344658384,0.016551763430500615,0.027259460979661893,-0.004585349250371155,0.33105280965450246,-0.24444518439396604,-0.19918822430426014,-0.22223160794871885
2024-12-06,4.150979908963873,-2.9979346030619247,-1.4687433873053122,0.34594520921783095,0.28911218121409166,0.25900407767369643,-1.7968146058884482,0.3987181585213177,0.3391445747110426,0.2920144594518422,-0.8440618660077757,0.38984773406287765,0.4025002061495519,0.40236779089766583,1.1072520592662718,0.22548081851947582,0.23898882244913366,0.22373768015468593,1.46434689695488,-0.02338289095514583,-0.06345627407156099,-0.16510724847448988,0.5578097455488642,-0.4258207768480271,-0.33798873954658104,-0.37209333771380804,-1.1790337056624645,0.05481377885415286,0.10273739070675517,0.009018458925793713,-3.297385226041776,0.4323567940240801,0.38645242929088913,0.3128395654259476,-1.5085813112120636,0.5584535675649365,0.5807714104551879,0.56396105540344,1.7324139524182405,0.019671850978506412,0.1939763575966078,0.28081182011387684,2.349555295308416,-0.08927922664753807,0.007969365258732923,-0.02119180649523879,-0.5873183355470086,-0.32780132388479905,-0.19462851449080937,-0.20251133782592182
2024-12-09,4.197288871941426,4.630896297755349,-0.4410651559041152,0.19649364212661896,0.2787686341018394,0.25374087806874357,-0.09607266953665927,0.29439374138199104,0.326262770528012,0.29043330375926074,-0.7203337132489472,0.23032460486929454,0.38114282134551764,0.3933362743407444,-0.08394666337367995,0.03792372395561968,0.23122636166058388,0.22413394283227323,0.2504438467707981,-0.1806515793949485,-0.0639850042147339,-0.15991051273937137,-0.138261574726672,-0.5298207036217231,-0.3516822575732092,-0.37297367854529884,-0.9682095024840822,-0.11059991316615812,0.0836692637562585,0.0029599667387430026,0.9294199662090656,0.3489069971856304,0.3826856644769238,0.3188342269112071,0.7315903338588375,0.5073593450656642,0.5868244139151488,0.5635728622884282,0.5254300668822602,0.04075869052298535,0.18311100326516355,0.2831048549411256,-0.9906400459455127,-0.2564921450311685,-0.010663442047328667,-0.028707217900560758,0.14385896145625307,-0.40551557403184657,-0.18494046636190747,-0.20191172956765935
2024-12-10,4.219549524146168,2.2260652204741938,-0.4507749577099265,0.1840401808099331,0.2682503382411868,0.2513419697705281,-0.15275265105888636,0.31013774873967204,0.3220206635609752,0.2927208005984097,0.07386430420409607,0.2642893386400124,0.37846591374907196,0.398039752964836,-0.14496377989970255,0.03285818354074559,0.2251476596417336,0.23138075673756536,-0.37948430937000643,-0.18463945781932065,-0.06484553804068438,-0.16387002846405896,0.10912849460730256,-0.5334181595268146,-0.3682549288298621,-0.3821453484992504,-2.164601745155661,-0.15250172898032333,0.06153391203692628,-0.0021229729574723214,-2.114618422912029,0.3019892112229148,0.3657409480187268,0.3104231925340552,0.04998426772361597,0.5375641924618152,0.5906010290525401,0.5687414696614519,-0.2767222238236031,0.09515140529074852,0.17120294165647004,0.2857190988574684,-0.9442797165882593,-0.2673983163907195,-0.0026929311714584125,-0.045397093185452556,0.5114903624350946,-0.3818020638642423,-0.18014638850765155,-0.21517435988971675
2024-12-11,4.270098035541315,5.054851139514671,-0.7260615044229056,0.08360763951296157,0.25476255614319804,0.23578123792400096,-0.9618528427160542,0.17495928218929716,0.30164614321298056,0.27353923621376186,0.21199342790218245,0.13350047148280894,0.3723811872748119,0.3882284672488553,0.8798751536230494,0.008561637732230194,0.22671728901533245,0.22939889095455226,1.0479930822168795,-0.27498301164488437,-0.05675110950707143,-0.1378060418950735,2.1322672513149024,-0.48108448056288444,-0.32113008011254507,-0.3398005950482778,-0.9106953725771167,-0.08095439648255288,0.04729290055139163,-0.018016625938778764,-1.1817919860680641,0.1897901602293578,0.35059277658005794,0.29303604523983345,0.247777004424896,0.3538976438859484,0.5845703577756781,0.5592594276083881,1.2215454283670466,-0.03270040307064475,0.17146353527368977,0.2795614402871878,1.4886581477759842,-0.3763902321825538,0.010402269539379864,-0.008975417925511065,2.7151814290167393,-0.3517311293638079,-0.14441664555926625,-0.1798184931551825
2024-12-12,4.322873662958306,5.277562741699171,1.8908782529792383,0.18082765594200073,0.30876079034997,0.24291121648951092,1.7999074999991456,0.27185257662067575,0.3407752237524095,0.2841098843731279,1.0089319776666654,0.19588741288729117,0.3846670327313208,0.38399479223238236,0.7815731796790724,0.05031403845399074,0.23515655781352737,0.22343464179830935,1.6496826731544965,-0.16847082698461618,-0.02502689872735311,-0.10127400148408333,1.380075806328672,-0.37481299273192925,-0.28857362484798066,-0.3105290159754086,1.1816916888240223,-0.030761774754533247,0.08921361608417308,-0.0024417982932156074,1.4412007671294047,0.26607756395502674,0.3819343110746743,0.29373110283746523,1.1981117374818786,0.40208995627351946,0.5914864717675393,0.5548804097458647,0.3096699476467841,-0.043317646086776164,0.1514023149288636,0.2672080196861933,1.9294611133695034,-0.2925877619117457,0.025257694712316456,0.001639250466621394,2.0374665242943997,-0.24965811096307627,-0.12196313283797985,-0.14434488518737604
2024-12-13,4.397678555102491,7.480489214418462,1.5680537589186496,0.28621553225232055,0.32493896332045447,0.2568636578985471,1.2780503737287743,0.34561156419083944,0.3532510237480268,0.2946842713360264,0.6465138965035231,0.22925237687176397,0.3888692800143188,0.3943696246838934,0.019924921166726506,0.057130964219776335,0.22463233099423946,0.2248768742821333,0.5334024772374399,-0.1177936416721659,-0.021400994605878364,-0.08781172337140467,-0.0438466112785183,-0.35728089083624487,-0.28588613709699606,-0.30944419673104734,1.1995580823758047,0.045774936231974706,0.12236283621352007,0.008091447295897567,2.6452106486560734,0.3641387719212962,0.4008659603387301,0.3097003083924508,2.7853155556271645,0.5033706283799254,0.6035328565181787,0.581037752907568,1.988722952268064,0.09828124523142931,0.16997972781890244,0.28454413566268966,1.5970458491727362,-0.1895907109539561,0.05037659299895691,0.022361309186646555,0.22134141670826546,-0.2477984662723604,-0.11973781727496696,-0.14355169449143743
2024-12-16,4.397701188172889,0.002263307039829243,-0.09997629547552633,0.344101210629625,0.2895409370898461,0.25825668571322385,0.6040880395659647,0.4053961080589286,0.31119542083459595,0.2970245270375046,0.11670903428431667,0.2363885820989058,0.3666506097109997,0.4169630084041,-0.6203318529929183,0.04590451798797293,0.22405018720647446,0.25529405566909974,-1.295634759887347,-0.12192623780922858,-0.040336775999836504,-0.07167970108069241,-1.5721627929395041,-0.3499035291849098,-0.27134335123781517,-0.3095811946087057,-0.3962583165740736,0.03236351719129862,0.08870825602936473,0.005420692524435246,1.7788434915264322,0.47240246376871003,0.3873856020098799,0.30537044766297694,1.6244879933126495,0.499762777280711,0.5858806512320461,0.58528523958833,-1.2561016228936257,0.09557005201551735,0.13506130690344273,0.29883632821239436,-2.4625948882612994,-0.17771153292608016,0.030651372678166516,0.027589575800253396,-1.9642066252004673,-0.2429463913695302,-0.10883713167170533,-0.16821969010384613
2024-12-17,4.383901174537579,-1.380001363531047,1.6234164954172448,0.30303041932897834,0.29012187089267366,0.2415892265736242,0.45055417929214725,0.39695280139497324,0.32607321472496953,0.28472980352295285,0.40008994170854395,0.25390237051008235,0.3680866266355249,0.41363470315722817,0.462596934845088,0.05920099683352926,0.21640736450661563,0.2642643146527767,-0.009675814469343624,-0.12356267615317953,-0.045914933165711214,-0.07233271764321803,0.2212166641823683,-0.3597651721511836,-0.27694341703171516,-0.3481822843863802,2.182624475888019,0.008939152726299835,0.08327745564820296,-0.001141611334355528,2.0743667552574943,0.42904076264104907,0.40029884139056604,0.31008587138278787,0.3064161579030724,0.5113962398925391,0.5884435727226207,0.580213050576519,-0.5817640212622397,0.13482082518911967,0.14152932168106994,0.3028422140164049,1.3716909307623677,-0.1818108216104406,0.021820885552716492,0.026313168534928856,-0.23368412322275223,-0.23900796405604785,-0.11048960525363506,-0.20909390351478438
2024-12-18,4.496037874944606,11.213670040702706,1.1908136901866047,0.3883156353625801,0.2551846692882194,0.25608941168351373,1.2968749675616065,0.5075552043558934,0.29850451885705714,0.29988073865601483,0.4102087822385698,0.32350451843445693,0.3055210152911108,0.4343410784905971,-0.48911418019438413,0.03506187238763812,0.1449442317741854,0.28378450438274594,0.3800262928862943,-0.04372263393099883,0.05094948816558153,-0.05189037332811969,0.38506800235573113,-0.2856028276896769,-0.15457034326225555,-0.34047908014619344,0.7443710312800096,0.04188005945033987,0.03686678970374164,0.016186420821914155,3.216769467609101,0.5412573995893724,0.42356788214870733,0.34221313725018965,0.8158577877590625,0.5541076274805944,0.5360435768894624,0.5899127254577315,-3.7256566717232196,-0.13988190081254626,-0.07849135662867486,0.23424693678554062,-0.9486184189196096,-0.1853167526866807,0.017719104456690168,0.0015992114923687722,1.5055230718642272,-0.10947381123628545,0.019285289016148576,-0.17279060943699437
2024-12-19,4.569168576321578,7.313070137697242,4.464477971836349,0.485757924201914,0.30594728521889764,0.2874403256137654,2.5577339651250517,0.6136861439831537,0.33184956765427476,0.31980538826014354,0.6418511910870023,0.4336031391127752,0.3119970065440852,0.4375961463024279,-0.2191585981793139,0.03926680139052812,0.13370225649145712,0.29401967524372624,-1.0974722776002823,-0.08397132586067,0.026353041497644572,-0.0663215912880457,-1.689003515995507,-0.33436797412318714,-0.1849822106738314,-0.3635131332199826,5.9281852687416094,0.22718415825809085,0.1213137455093276,0.06823650760304333,2.7306690330549346,0.5992590012640949,0.4424728493653482,0.3562152554150904,-0.33968651250401605,0.5528979244097513,0.5282993643989856,0.5787702990701226,-2.5459113903382242,-0.21029033189156013,-0.12203879855286219,0.20807410150346659,-3.278246208090608,-0.25520372647694156,-0.02742675402618735,-0.037516896653317665,-2.314339556796794,-0.16563019956095854,-2.905579233446347e-05,-0.19104863362612895
2024-12-20,4.522208619413681,-4.695995690789712,-1.5102515895695938,0.5113306629390377,0.31516736958872393,0.2999073808718547,-1.4923138535326848,0.6391627013339798,0.33921450222925065,0.3328068056644466,-0.45796950319057594,0.5378242438576294,0.30729466048548376,0.44196065410305246,0.27359682861861745,0.10449426664536429,0.11924724026656788,0.2855175133885509,-1.042053137944016,-0.01190907424930248,0.042796101689854864,-0.048084133453074884,-1.2809099826489823,-0.25905854651403765,-0.16643410806664555,-0.34201585725485667,-0.62707179049447,0.24869998273521127,0.12239301690939237,0.07295155887246753,-1.0086121635358565,0.6120151310884275,0.44056983464185073,0.36092305348973136,-1.6623122098177956,0.6650036775953484,0.5377030921754031,0.5866992699330454,-1.0283005412186816,-0.16655891988074006,-0.10227506116159703,0.21428148784707912,0.005913989892483151,-0.2399471625395559,-0.020546431094955152,-0.03728000905006048,-1.753487796328122,-0.08375507243799117,0.010184465081835452,-0.1738825356345599
2024-12-23,4.597608144587912,7.539952517423032,-0.442603089559145,0.45836385931497214,0.29381253457117046,0.2842121134275015,-0.8825661955072832,0.5568975946616179,0.29794139734931135,0.310870811357186,-0.7333815404361983,0.4384475644326876,0.2556226236771599,0.42201272997060496,0.6778729247092032,0.14705644760321854,0.09424909290603298,0.29793641305610385,-0.07916146181672334,-0.026407662212235554,0.05528784442564794,-0.040957017554895406,-1.4367758416103136,-0.31208119360485015,-0.18012158312124482,-0.3507633697939009,-0.09558155829130555,0.20889684051585317,0.1113666186748112,0.06291231524438295,-1.4267542421288215,0.5306640288483174,0.40180036892053894,0.3380215852669916,-0.7141847315958945,0.6062547048514955,0.5049823721998881,0.5799764708843402,0.9156977872628448,-0.11309047654058854,-0.13528819125127753,0.23259706456708085,-2.013795720486992,-0.29730279056256825,-0.06568113416785373,-0.052685828151548646,-2.681050587429072,-0.1724154465183686,-0.01934844169638688,-0.1883260922469405
2024-12-24,4.58464054933194,-1.2967595255971354,-0.49533365272462915,0.5183974654532367,0.29084608283093544,0.28613515263506467,-0.5911939487117626,0.5881458943894969,0.2957871866759284,0.31385838695559215,0.6571866991831584,0.31475961300831523,0.24730979591753066,0.4198169721381922,0.4219912060309037,0.0447382332905451,0.0883761890729399,0.2947890410168399,-0.10027353151279231,0.09336997756463904,0.04078570151363235,-0.04064474555572979,0.5535121251794141,-0.10559925482989692,-0.19532914644210733,-0.35597021096954246,-0.0349154733868752,0.3544767042980246,0.10491773691642359,0.06247993462438491,0.48070685279572706,0.5218725557520106,0.3957575060230451,0.3363109619572268,1.7066583431935027,0.4209923983378009,0.4918996946022006,0.5766937069448377,0.975676327820529,-0.20169569581857838,-0.14263215051222908,0.2287771749926199,-1.5972965242613504,-0.2863637005208096,-0.07712501027371543,-0.04478941330670326,-0.08586339704660484,-0.06915841797746403,-0.03041196095312875,-0.19056791205557014
2024-12-26,4.577655330672912,-0.6985218659028014,-0.6005352699606861,0.5452616532933225,0.2818193932977014,0.29795770912968716,-0.8136375374074483,0.6028822685704275,0.2939001186904572,0.3298365726056013,-0.8416152458516863,0.34382045853456045,0.2658612945821843,0.4316367901839063,-0.11319545567668476,0.044093014395504455,0.10080978828588652,0.3173999295826402,-0.8020749870261856,0.09099331989322419,0.05190583832342086,-0.005582447306379408,-1.50103693657592,-0.07085111285761005,-0.17471162181456998,-0.3307368127097125,-0.1379366932366624,0.3801524588227778,0.09627582927451679,0.07121877162018375,-0.8805151560222768,0.5558627053921238,0.3993888154603676,0.33844059487821765,-0.6957853006766623,0.4925189315718133,0.5135548023005871,0.5769131973487929,0.07855121976820789,-0.20060574529488084,-0.1368275863294535,0.24469028105593743,-0.7920848266662817,-0.311824843181338,-0.06969673239526498,-0.025555292642370928,-2.560156675072403,-0.03235546788330539,-0.019670738666683396,-0.17559365225192514
2024-12-27,4.61823329587486,4.057796520194756,-0.7016505078711455,0.44721087051402675,0.2740015337369407,0.2885697040489393,0.2825656409175359,0.5307303914312923,0.2990029413392573,0.3211311874748231,0.2651516822720734,0.24586754055197893,0.2671470668890278,0.4236211417148349,-0.039669330987679885,-0.12008984346480404,0.09714766309783208,0.31715666456175884,0.23269556679982406,0.09017226786233884,0.05584952354301454,0.0065074897286545984,0.32496516081555527,-0.07256262856525517,-0.18068370325665736,-0.32295228412935434,-3.0639744961781603,0.20434913217969947,0.07397611037881151,0.06107906878492413,0.4526671924777599,0.47171774820746876,0.3995970081488779,0.34916103534389287,1.1715701060250021,0.39961980966727156,0.5255269103948361,0.5737334371072953,1.5255500505866944,-0.2175361286944572,-0.12147235246274792,0.23451666663031395,0.8991637712473408,-0.22762959074157452,-0.06193677835761607,-0.024012390620173463,-0.09996574371017264,0.07181733126968531,-0.03305977634078099,-0.16794945348464196
2024-12-30,4.543703004493128,-7.4530291381731395,-0.32108734972135294,0.4392801547452048,0.2671907495068658,0.29816148701256934,-0.11382383330033602,0.52994678960068,0.2888424647694642,0.3194814131772663,0.023679291284331508,0.2516904067439719,0.2724385261257208,0.40841279181459933,-0.4193386248725533,0.059856588914517395,0.14422321139164132,0.31037929337634207,0.34926986905972546,0.1817440327238081,0.059678729577943485,-0.012649687524888258,0.5591363301141437,0.04308204343620272,-0.19187079427904455,-0.32798872103799076,1.3947515608052639,0.07898057532626242,0.04440495503456216,0.049783420827639605,-1.6343162342037951,0.5053516400630699,0.41337706307465427,0.35580735841009137,-0.78165266168848,0.4324049472007674,0.5319193992143434,0.5714436512893722,-1.078678092908592,-0.06936458055358803,-0.0792848661193659,0.25596204657912286,-0.8474066265101217,-0.0913395471877222,-0.03127287246153706,0.004817016312284785,1.0212338943189792,0.1646783493814516,-0.046860308948482254,-0.18306767605080596
2024-12-31,4.576030323610564,3.2327319117436026,1.8829918193924287,0.455508423836235,0.27409180045019116,0.3010936610864653,0.8905800595992833,0.5529465882484057,0.29210119189709555,0.32870254855995695,0.8504628115089057,0.2789745269285775,0.2761051710228886,0.4327049843962655,0.835993143125888,0.0555849829670073,0.15282652417748302,0.3222340397516316,0.34100317886044484,0.17391664738122872,0.06635735635120031,-0.0023442916060454778,-0.052319522780339245,0.04913837740468942,-0.2041642632501237,-0.325128625037733,1.672467674647696,0.11527496758660404,0.04799835167196389,0.05527640975366164,1.982633140407677,0.5211903910458742,0.41832256652156014,0.3557987547478915,0.46594922722082877,0.4401413228270684,0.5375235502374457,0.5839288006792779,0.12589851203068791,-0.07803051316144337,-0.08071328418334658,0.26742476465208403,1.2584565222160322,-0.07965721841551607,-0.020837957863950263,0.015910705932722553,-0.22708378735282553,0.18010837317919373,-0.055567802409605904,-0.17556712899726068
2025-01-02,4.574079383123847,-0.19509404867177338,1.3225133488104217,0.4328274474155754,0.33584546500600865,0.28576085608915963,-0.6926122463149932,0.5683179039714709,0.3354823640823683,0.3238506017548838,-1.262059051587481,0.34366506604298946,0.27473366783673386,0.4186572723951149,-0.2912374936256257,0.06478094378252976,0.128690180526843,0.31006400207664137,0.07730969036650892,0.23159569194291663,0.04589699998411295,0.006311297418217628,-1.5731136402574655,0.09487930918860865,-0.22093654621213815,-0.31850395351323946,0.8485560564861436,0.1082190149026308,0.08950109064229407,0.05347509381285833,-0.28275148235293435,0.5245050189208093,0.44205008124826484,0.35397851322617535,-1.684890863866896,0.4566923737436792,0.5154170452023876,0.5751915431557592,-1.309889677237853,-0.06268495765064853,-0.08529310252756919,0.2502569636474819,-0.11644422881652794,-0.07262123061097654,-0.025498456260999034,0.01856769582819851,-1.7471855481768448,0.21273782937143468,-0.09398200981223832,-0.17883868044950474
2025-01-03,4.594472244125244,2.0392861001397478,2.991392622980291,0.4309891269024956,0.32805968537640523,0.3263731631128101,0.8612441671450625,0.5546707169708689,0.35579328927452725,0.38154257281250675,-0.4997094768317665,0.31955707956322876,0.2998952949663111,0.3681881335186218,0.020806172903644615,0.017178028846557464,0.15154810841320773,0.20877911071567903,0.20781809044374722,0.17731396064604624,0.03215273567564253,0.02200040367296795,-0.29725710645903347,0.06997041333855261,-0.2324360799738516,-0.24896153578794838,1.9643810216446176,0.15703117148759102,0.11713301198127232,0.11402556146458943,1.365544699127149,0.5139659609541609,0.4809341636772447,0.42201776683822784,0.865523759935376,0.44772410219346,0.5384885871308837,0.5416525715692194,1.430286901042979,-0.07495534106566092,-0.08556665308884738,0.12013692154862658,1.590144130958355,-0.09386659941291797,-0.033689156537730504,-0.012129699753714147,-0.08562381483864945,0.17645105050682566,-0.10495394963373805,-0.1256323952599246
2025-01-06,4.614782030036344,2.0309785911099887,1.259700512411821,0.4248117926267458,0.3241231766068275,0.32960028646360323,0.8487604545081824,0.5518589670684628,0.35617089572469673,0.374181988515195,1.0703161686061056,0.3059514288017421,0.2919542053853615,0.3618889583199653,1.5007931586183099,-0.014891363267299116,0.13971997854446014,0.2154797237792713,0.9325709423885457,0.15930475965875118,0.030745147777837566,0.027231166304898108,0.4767422776215859,0.0725890275478533,-0.22343575969991086,-0.23276489068342274,0.8059040301544158,0.15648386638794978,0.10966533670151099,0.12265710410554946,0.6909358633366209,0.5398829754751362,0.47682763661455757,0.4155336556370239,2.34096265196336,0.4219077043102528,0.5333415933424662,0.536462099132951,2.501706440712762,-0.07442709696301696,-0.09319467367271694,0.12174205556160067,0.9659787004698849,-0.09043563472382277,-0.027731384002565578,-0.0007497031316174018,0.27727871270530247,0.18724016212569405,-0.10557421406021436,-0.10952946459728113
2025-01-07,4.68397701663073,6.9194986594386165,1.5199069809839232,0.39127605654810305,0.43151764690700867,0.34324780524942916,1.7910398998184065,0.5361610569146107,0.47943784819617585,0.38911400765840426,0.49892068681596147,0.26698356872604206,0.3441739279956737,0.36612185271988357,0.18786322105491204,0.08606038303977573,0.21045932218969587,0.2257560805928476,-1.127078043203424,0.19694498934661323,0.07791289253541431,0.008541804983733057,-2.2743486906434622,0.01666461892394534,-0.265816484128133,-0.2584081708772008,3.984019815597066,0.18416300862221727,0.19255729952295503,0.15304782678296605,5.159842895802455,0.5194764611662711,0.5208866595536806,0.4357518380165294,1.1083271199864608,0.3813481793570672,0.5332277706462247,0.5381708063846513,1.4075240807188858,0.03502158550405692,-0.009276333730361238,0.13739816788198578,-0.12554516437294394,0.00215498372866385,-0.07076267627621413,-0.0014290642592198392,-3.295300118464211,0.07195005889053915,-0.18619311089954216,-0.1376470621470793
2025-01-08,4.692231282563306,0.82542659325755,0.1707809835680414,0.4224815157644823,0.3622223485645207,0.34265594164166546,1.4447288771295423,0.5173564114181685,0.41580901007464127,0.3839832559155405,1.7426624280001568,0.23078486939961818,0.23897630652171023,0.35955158422649325,0.8633480185174398,0.0722760258037223,0.06779032506097689,0.22126493485032642,0.5630511200633279,0.17382043443546102,-0.03839045337078126,0.004047117515207198,-1.1361172736437117,0.02726506862135265,-0.3220556219537389,-0.26489623466398415,0.00033769429933117046,0.21454382843707287,0.10136681251803749,0.14909078557131644,1.1382383353356575,0.5152947974805918,0.46129122233570163,0.43333915794761274,3.3590610715474467,0.29254849335991995,0.45691084470205245,0.5334401542248604,2.3115678982600834,0.00018062819426779096,0.001505979561501938,0.12659301753492333,-0.7495636614508481,0.023694407436176294,-0.15215728816730859,-0.004641745365351382,-0.37620831280009615,0.06294178068511083,-0.23680239566640848,-0.13505884752903044
2025-01-09,4.680079034964145,-1.2152247599161115,-0.7192217984854534,0.4501830875922109,0.363425403213619,0.34289210478195364,0.007663605094323289,0.525335112598117,0.4310641483822109,0.38276441377638754,-1.1344668320512865,0.2787981910959943,0.27687302651435103,0.3618026469907924,-0.8565179136192898,0.1369719175596917,0.08158547829727616,0.22319369648456533,-0.04821189636566059,0.1751918993320613,-0.03442563692162039,0.004506044022942176,-0.769102538701856,0.04212674115191172,-0.28908195905189243,-0.2707634589345292,-1.6058976990611908,0.2622721036306033,0.09084209075644972,0.1490994504802064,-0.4432027579366177,0.5635347216034543,0.4492202832015504,0.43319741013547886,-0.26242983577664947,0.3109710311689244,0.4775145240927807,0.5397963787544782,0.32451935200936,-0.0043269664093923904,0.04230259380811703,0.12072129478778783,0.5766174659922303,0.003824338267947239,-0.15208080327594461,-0.0011952977670610652,-2.8948211774167425,0.11692565156683704,-0.18206445824650755,-0.1223620954783135
2025-01-10,4.772599733610049,9.252069864590418,4.274295045565505,0.570531918603991,0.4386874730150999,0.37717761765241503,2.5544321635513274,0.6502347330364527,0.4642961931217262,0.4045031802435042,0.5792788004877121,0.3000333738120706,0.22817386947330714,0.3575573371161134,-1.152874810856928,-0.05867429710913028,-0.023700426534727537,0.17250252700271648,-1.2941215208337926,0.007063674708855365,-0.1511781109032474,-0.039668152753099775,-1.0044514547768957,-0.06802988806224566,-0.34790484086040413,-0.2842499013667576,5.002875502142125,0.39844722808547756,0.24297058394695856,0.1901003738389777,4.600910699448704,0.6804745830169069,0.48689650469004775,0.4572893231822374,1.851977703892639,0.36372915650022003,0.4289351894790397,0.5446984285797881,0.7504505141744637,0.003846520738183103,-0.006985840327757055,0.1152294320131065,-3.812553674754527,-0.18674478358541693,-0.3010632317900895,-0.06811221034834952,-5.577004678163584,-0.1418675310183387,-0.3130011943656476,-0.17873064393517896
2025-01-13,4.802614455918977,3.0014722308928654,1.5918729485772674,0.562881603069585,0.4475661652552127,0.4044964323751212,1.5893070081070368,0.6345808177550984,0.47805813308100725,0.42386096104560794,1.1354994971378658,0.27573861243669484,0.2395381407069537,0.36192272717785284,-0.4953149554680065,-0.0997096650756925,-0.03211019856651366,0.16619014247494046,-0.238247757430605,-0.07267907861169186,-0.15599192691781633,-0.04211071952150995,2.3842580279565793,-0.09797939436019301,-0.3025036702147535,-0.25892054602533765,2.6729517219287895,0.3991185929288064,0.25340582906350395,0.21511866564540486,3.0947399794447907,0.67250710099625,0.5100853745407007,0.4735045012493423,1.2362711313781856,0.35756777853638827,0.43657787413261523,0.5466850299528082,-1.262903347416973,-0.004777122114654189,-0.02071894586691777,0.0921334625508987,-2.111016145589939,-0.24442537335895445,-0.3123558221024704,-0.08164245262303724,0.38875076349178883,-0.20232395980809859,-0.30583934897175974,-0.17591128954792626
2025-01-14,4.787252465566085,-1.536199035289254,-1.8631777498991224,0.5778230540296144,0.46726999380573203,0.40590889522644835,-1.6859765167173664,0.6329541575441467,0.495050845861618,0.4255662103660769,-0.8778396242710367,0.2888886746629346,0.2522344177541617,0.3656604206463854,-1.097175225528912,-0.03057307866610676,0.003239853711634292,0.16854226551038248,-1.5210128425674245,-0.05809451374809369,-0.1261890927910858,-0.03902686562811891,0.11099684801782717,-0.14402195647383179,-0.2978945363661192,-0.2602975114166545,-0.37127238067684226,0.4255593737933517,0.27194327799591855,0.22650162374782712,-0.2751662456666719,0.6711188654033199,0.5274124562460905,0.47187151922495135,-2.427768448962509,0.3399273960780003,0.4470348491108393,0.5440960030494245,-3.1212256468192257,-0.0009798137464423406,0.01775306424636223,0.09767171224339077,-2.295887043807725,-0.2933488283690477,-0.28075618024469967,-0.06912965225199202,-1.4664490099508543,-0.2495624329619879,-0.3031373461710919,-0.17105108141675962
2025-01-15,4.652070319096797,-13.518214646928772,-3.9337030495448064,0.7030842200740421,0.5852884419905101,0.4489880169229962,-2.918716849816147,0.7482794463133581,0.6188080726992915,0.45343515683052554,-1.0440696257896325,0.4017567630070956,0.31757338050673184,0.36719100867365534,0.5387525939884479,-0.14408549198455897,-0.03975994588887514,0.13301113641151974,0.5711455244682879,-0.2236542418107949,-0.16254515964670885,-0.08391735405765804,0.5828019405425375,-0.25414067921248723,-0.31639063398366174,-0.267583086602463,-6.68473532757127,0.6359287827320059,0.44594335468832996,0.3115254229330833,-5.384272294859655,0.7967912459300601,0.6758321566946461,0.5236025363638418,-0.9423626226105926,0.4058241570926298,0.4574229314388538,0.529672856805444,1.7470422664718406,-0.15254424710143083,-0.060336831972771836,0.01980949385812266,1.2660788431181764,-0.41474331122599106,-0.3137754106463856,-0.12412991365102144,1.1430853826156446,-0.37389011054070437,-0.33456790779887535,-0.19417891315406882
2025-01-16,4.605398494609171,-4.667182448762652,-1.8972744170410238,0.7409670158327907,0.5972240139269165,0.4681880091351291,-1.03971517691721,0.7666884224817783,0.626977540927716,0.4735615118969149,0.5040277675902143,0.37540572568395353,0.31828250723064117,0.36122784079983383,1.3363651653381314,-0.20745685435055683,-0.06726469213912667,0.10611143763906536,1.9117331175270305,-0.3035856345974751,-0.2010581964418443,-0.11601642868578853,2.1449866474648567,-0.3153172741160094,-0.34698887334280987,-0.28979258648069,-3.4324709905337345,0.6797421702875232,0.4629291085088341,0.3319631477521014,-1.3612668044843939,0.8284942603193539,0.6804927601897885,0.5458067350603434,0.40527218788019237,0.3935800919864925,0.4554930939858724,0.5263800470912997,1.7424877705068225,-0.20286098755786802,-0.07538008660819884,0.003401673814114178,4.4607788927657985,-0.4508055473270792,-0.3424893019477067,-0.15975135195280987,1.8682660247377345,-0.4140002633724177,-0.35148577895310107,-0.2095151368947513
2025-01-17,4.609762767321205,0.43642727120341007,0.9647640858215552,0.7707500973702632,0.6007637548916251,0.4422971314480798,0.4994458298158977,0.7697949217829592,0.6449725946783803,0.44518506854159373,-0.19794835081798712,0.37120567360856954,0.34432822074733427,0.3175580369150339,-0.3124541980100992,-0.14917934139405695,-0.05203608527201007,0.07280867584486111,0.8440677983252864,-0.3799666595281006,-0.18426577697200502,-0.0649865974155447,1.103048822010096,-0.38977903946463227,-0.3337999758323039,-0.228835812071157,-0.06191266127902084,0.730434296623001,0.45470495088207735,0.3064794695728039,-0.6553333509544703,0.8164355240731158,0.6830647931869694,0.5430502005874182,-1.6602435711438754,0.3799359606067359,0.4666543606544943,0.4899749602965064,-3.99191249958488,-0.002396021380008344,-0.06243438374351876,-0.050170670480180535,-1.4623499251012957,-0.45769169738412113,-0.3244881904740419,-0.14908793264663114,4.687156443106359,-0.5019530006781415,-0.311880659157584,-0.15585936832738234
2025-01-21,4.573335401264757,-3.642736605644803,-0.6007515946721504,0.7518452866908,0.6215000785116824,0.4464345419496155,-0.43604389258872334,0.7457511482151952,0.6785332240985139,0.4462547575823224,-0.36348018642359015,0.35326266718298344,0.3960115164116391,0.3179023673545519,-0.040607339974105594,-0.1185469358222121,-0.04214430167031529,0.07046160058135358,1.084550962973603,-0.35385393064541865,-0.1962562692164494,-0.07411367841510527,1.588830995650608,-0.36770597045008824,-0.34381649738361836,-0.23861043888965447,0.4562360561675618,0.6876719423232144,0.46730720289558736,0.31062763671437055,-2.279435209892995,0.810104747778986,0.7014409123708782,0.5495694126375736,-1.256726822260669,0.44076451934832156,0.49102220467307134,0.4993829144256129,0.07992052723823684,0.10663178479594126,-0.059380195427880395,-0.04959297730714512,0.38492512650607047,-0.40353667716691244,-0.3214440041162437,-0.1461876027556155,1.2677484175973501,-0.49812793883231493,-0.3177880722246978,-0.15843415761651952
2025-01-22,4.59773258024444,2.4397178979683076,-0.13212499509472964,0.7325103303066128,0.6179109481966404,0.4427053801382977,-0.41609737553341763,0.7182697124816807,0.6749391053671291,0.43964751178909184,-0.5183516647678559,0.3197394873092183,0.42820955894001295,0.3074893947161861,-0.5542480272778465,-0.12423120665511438,-0.019027312727739384,0.06182906811426235,-1.1511585649728546,-0.4486237766432666,-0.1939679499431687,-0.08385158547236807,-0.5960110912448093,-0.43882612399564236,-0.3418145242829732,-0.251932112926083,-0.6039844661815841,0.6792175759867679,0.46813426256675994,0.30781869477385443,-1.3320658248751232,0.7834213372790823,0.6921242222007881,0.5412356845753239,0.0046512939047456126,0.40349364265993076,0.5360371453665466,0.496448994171763,2.0618322097479553,0.09319395985103471,-0.02813897032258243,-0.03966395996597783,0.1495852361066401,-0.3996704480901884,-0.31505493836508563,-0.14248930046831224,-3.7726216003605697,-0.5391495556685386,-0.3178291841351523,-0.17781710452061036
2025-01-23,4.636449758160009,3.87171779155695,1.163254983921776,0.8077784937746727,0.6197233409163954,0.4408206636288399,1.2354364761998304,0.8349391391614988,0.6768603130207584,0.43362229533637225,0.5642218066767201,0.42727222480666266,0.4300046995347678,0.29315524456542713,-0.4806147945235718,-0.2234021468085121,-0.03804732484573299,0.023226646799406878,-0.23438228598104321,-0.46766117213880615,-0.20504345434714868,-0.07711394030416882,-0.2142933839401306,-0.3901241062705538,-0.34445003778449235,-0.24337399444326818,2.969852439470861,0.734677329861559,0.47130320516299695,0.3102850747153074,1.8544773449338274,0.894053065436293,0.6934312535850685,0.5374555495946803,1.2398632333764001,0.49320733545707407,0.5382209134204431,0.4919143180561491,0.41208967281650555,0.07391360912662229,-0.028129532208349874,-0.0700334176975093,-0.23309741425395836,-0.34926335290823446,-0.31530281628683876,-0.14910677632886274,-1.4977253323286432,-0.5174306602092873,-0.32329908302420235,-0.17459786930882445
2025-01-24,4.622439609772511,-1.4010148387498589,0.4701663092979328,0.8032204002550635,0.6621693775510492,0.4370778071811656,0.8351955577576055,0.8198831011118686,0.6911261193396111,0.4267783627269084,0.9786569725803105,0.412990946242851,0.3703090522602597,0.28432077804131856,1.3029692697594153,-0.2279988023893362,-0.10332097743985867,0.012457258808730366,1.7147881173947934,-0.4617965426993175,-0.18320872021154164,-0.1017391848560663,0.8359888924894849,-0.391735009313609,-0.25500315437478926,-0.25552622623365484,-0.426668726431944,0.7359275258932672,0.564402909636551,0.308023542625565,0.4557003052302697,0.8938829091594502,0.7143274622992317,0.5345465892241651,1.1536153921247423,0.5055851345177058,0.45647050264977773,0.4892869843562209,1.8144517440018326,0.06452162983653535,-0.07216007229277077,-0.07703436090294173,2.00351950839345,-0.37687174590149153,-0.3355133558985584,-0.17424259044247065,0.30787006218894386,-0.518853104058529,-0.295534875073366,-0.18690411682275357
2025-01-27,4.527228333342193,-9.521127643031768,-0.9443047053755806,0.7929709435503159,0.6744966231415939,0.43534147889316815,-1.2879253385863767,0.8380579927707957,0.7095627010846892,0.4378242112775063,-0.8040759340733936,0.46551585565969666,0.40980335625341796,0.31171391452494607,-0.2390101640230427,-0.17858796033849353,-0.08117220640946403,0.029493065704292994,0.0559689925317456,-0.43307469053864284,-0.1872190095949879,-0.09589411577410722,-0.2330137039165301,-0.3605559338769393,-0.22998222533687443,-0.2364881915036274,-1.6759483191451212,0.730481053096785,0.5858948114224433,0.3155928013606034,-2.306529646111708,0.8942089730134207,0.7417537885014396,0.5480634159956664,-0.25085255511613824,0.4967630765581638,0.48554166978965696,0.4988932318026115,-0.3644339466193226,0.09545428886858626,-0.04834785954604039,-0.05962180006494925,0.25282713972687904,-0.36021887634768507,-0.3471883538139877,-0.17182248360807634,-0.3802504409869696,-0.499299616035388,-0.28181464051332644,-0.1808305216602704
2025-01-28,4.547496659296194,2.02683259540013,-0.3080732776964066,0.8228733012506708,0.6537026006204941,0.43571745395230804,0.09190161990680967,0.843771582320493,0.6921573274729116,0.446306178192915,0.18141986657316167,0.46503906246550836,0.3790898780086045,0.31465206612824453,-0.2896817173734112,-0.18559362736644805,-0.1346155495661408,0.026829941301483553,-0.0248722234548735,-0.4458555304130865,-0.20309386229607573,-0.09627692642588638,0.8624229903437728,-0.35477069221091173,-0.234513503650011,-0.23927874038210648,-0.5002651606308992,0.8167945395543535,0.5615895331920517,0.3138861790114921,1.1165844193769954,0.9069116052791637,0.7282850363497704,0.5495346706401825,-0.12156924755923204,0.47460580919800643,0.4486460696907517,0.5049980643300552,0.4286178269871872,0.07015193050901976,-0.06600205897900252,-0.05923624734160962,0.045895735330393705,-0.38687268483646775,-0.32713051145006755,-0.1724240878038963,0.09979418294866238,-0.5064954302136682,-0.2520242776857577,-0.190773581757256
2025-01-29,4.553632885563746,0.6136226267551947,-0.21766381912893118,0.8361355005103779,0.6539044893418323,0.43495717045270166,-0.5988401680718399,0.858250218140145,0.7002969486669255,0.44438888149060496,-0.6523358432104895,0.4716812085015866,0.382511436944662,0.3215917173366124,-0.602633584092253,-0.23988145867458702,-0.11099986798605346,0.04237610676775683,-0.6285831812577409,-0.45013623222341037,-0.16060851784851626,-0.09032167167119169,-0.2719681301709025,-0.34736315287250197,-0.18593618728305236,-0.23906586635696755,0.297092377075632,0.8946709382615332,0.5537122487692829,0.313018673423047,-0.7830019394458912,0.9013200537626146,0.7251745175683114,0.5504849894025212,-0.519231272202384,0.44521206212929815,0.441688163813598,0.5052105877803543,-1.0287309635383552,0.009141660288737238,-0.04614373187145901,-0.052932348115032,-0.8229113853407295,-0.4493850379826599,-0.30265242713633855,-0.16903335276701034,-0.2356278948429087,-0.4854554514694191,-0.21095902649727635,-0.1881529607694082
2025-01-30,4.511262942257507,-4.236994330623922,-0.34458887358365753,0.8303399107480987,0.6582381191465685,0.4357629163223354,1.065175664515862,0.8044558047163329,0.6733617993669914,0.427368685681441,1.629252112097661,0.34322589258560443,0.3221536213267045,0.29010373514782317,1.0984887799114815,-0.32350390681215196,-0.14986477972929133,0.02552282577430071,-0.3514167541685922,-0.43619984344466184,-0.15636011164365293,-0.0840628812439066,-1.0818977523169984,-0.29551309784593577,-0.1587353509862266,-0.2331798934549663,-0.2515712612088608,0.8847419511289392,0.5645328625114446,0.3103827399732843,-0.31153267980033916,0.8925181654774677,0.7263254851605,0.5495094573401453,1.091715825445056,0.41078489925650286,0.4209024268303462,0.49395012439501473,-0.11817711442245121,0.022271611841305505,-0.04447478408896736,-0.05215393298009015,-1.0296518616452512,-0.44883029579496364,-0.2863294099471413,-0.15890253070765534,-0.30498471140407296,-0.49347094412615944,-0.20889849407215047,-0.19471615266472678
2025-01-31,4.566064315589389,5.4801373331882175,3.141667867055267,0.8467388277445523,0.6667683326266189,0.50183392199738,0.6400140005889217,0.8054456335631597,0.674542785490271,0.46712212666548425,-0.0014210136568191256,0.3460887958832713,0.32171112770010823,0.2878756989105723,0.09353181894143359,-0.3107780272514793,-0.15724973412899132,0.005301009032079786,-0.17838709175660794,-0.43638247271608277,-0.148318803756549,-0.10065624939721546,-0.9203456089121472,-0.34145303769579133,-0.16371096381575967,-0.26033106949488316,1.9796770180860128,0.8872481663735488,0.5721907398475119,0.3576099377476796,0.23377847213594238,0.8669504436193728,0.7179579781786224,0.5678288100645454,-0.9342447520066496,0.36212178806182044,0.387480291299044,0.4641140362878477,-1.5131344078987456,-0.03551158827212404,-0.07008034271696896,-0.07128373382788962,-0.048989800853731225,-0.43522666558353723,-0.2763575250631316,-0.16260511492696225,1.12884267851152,-0.43496639266432247,-0.1795666037355875,-0.2135871622149846
2025-02-03,4.541814596056027,-2.424971953336197,1.2489959084265216,0.8446113933417898,0.6645219870728667,0.49107604911479086,1.1134973062894051,0.7766497265493949,0.6498477152937534,0.4685666787913604,1.3127433473637278,0.3253411608870033,0.27610079321585057,0.2916155865417271,0.5363813434984639,-0.32014989278943623,-0.18197866535840315,0.013429580306517471,-0.40115517471328,-0.4276365529642146,-0.16536494239862373,-0.11100353906788733,-0.9185377626977154,-0.3119365258767503,-0.16361339819410486,-0.2604029450450801,-1.1005522502997502,0.8886773053734432,0.6007025504392021,0.3772231781379285,3.1412493212215553,0.8045404993291705,0.6765833954154368,0.5723034961432031,3.0621652338167453,0.2867875726960016,0.32590885668883873,0.44603179625539174,0.18732900553423937,-0.04973469316477761,-0.07874899919666188,-0.0774141244418595,-4.841234035024463,-0.3473895915836878,-0.2158534568019679,-0.1383241658818294,-1.5704808363406078,-0.42523185889303067,-0.18308247358082524,-0.2135503013437212
2025-02-04,4.511550579590502,-3.026401646552479,-0.863201945544738,0.8450208898514788,0.6690442148703333,0.5002579465207825,0.0633076865166432,0.772434749013867,0.6471804018870394,0.4766371044946674,0.034182979688112014,0.31442125054220055,0.2765487219700339,0.28626550376759846,0.5364781653411328,-0.4087917059518294,-0.19782637983309917,-0.006379936650561881,0.2878312678108128,-0.4684710456687188,-0.17204738218633212,-0.11920998767702866,0.8757283277436256,-0.33516161858571336,-0.17696030909208899,-0.26349672346488645,0.29018357807005124,0.8802865298015533,0.5961205383712346,0.371201804801787,-1.0521492623249318,0.808160509854581,0.6868849965120167,0.573146344883375,-1.107962827806048,0.28600099279705277,0.34001817057168443,0.45066774677915633,-1.1831268826021817,-0.06487912877658497,-0.06306612769049563,-0.07947650319318943,-2.9150856384024637,-0.32416433137422124,-0.17946254676086135,-0.1173144068784867,0.07608717212787508,-0.4406479899961991,-0.18525119351331967,-0.2156901884763187
2025-02-05,4.41911401964851,-9.243655994199251,-0.8572458371555007,0.827899020105652,0.6630875563834527,0.5746715328171629,-0.07927339497852803,0.7172762470197425,0.6252078519245139,0.5465031157942485,-0.12784533604666537,0.31005866596187825,0.26355496377209914,0.31910486567719,0.5551200878084928,-0.4731432483171467,-0.19920815703930042,0.01761708136043131,0.5043023678648448,-0.4256587801750862,-0.16618602681671044,-0.08474570756322185,0.6214315304605535,-0.23903205661312893,-0.18856120950781843,-0.2747365833474345,-1.255402243463664,0.8421921771550316,0.5927980227798917,0.4165093037496761,-1.7425486542246624,0.7837899588797912,0.6928814008260265,0.5969900391705253,-0.9863810930618013,0.29971125032460116,0.35166073311152996,0.44990618998221865,-0.3921771703880096,-0.11246046569869035,-0.02932056260635893,-0.031738222901261826,-0.04144421133724807,-0.35868946778099126,-0.1578231817102081,-0.15252035118801363,0.6367793670929119,-0.39266199971323923,-0.20519214625549098,-0.25501208906014483
2025-02-06,4.43718917383895,1.8075154190440479,-0.5955525222550989,0.80985389909202,0.6726981169723375,0.5448361481934385,-0.6036879379796408,0.6911599505858774,0.6273146523594212,0.5138009499343715,-0.596215458855506,0.267661147082478,0.28259728058088346,0.25520965160871,-0.500144780872884,-0.5254381295535667,-0.19831153715845962,-0.10076386537652873,-0.312568931862304,-0.4495038979087861,-0.17451719766467583,-0.17238529550265821,-0.2499250249086144,-0.2337547641403449,-0.18919250877575258,-0.3147936610511474,-0.1875827675752897,0.8369651882676421,0.6081706394629698,0.3803007170169549,0.21368696237463042,0.7792687183113208,0.6924031743914808,0.5761073552024228,0.41557412229713286,0.2992181657397893,0.3488543087114343,0.41547947492070475,0.004596182642457647,-0.14865395882334642,-0.035989950885352937,-0.02468407338500202,0.0760500057530944,-0.34511994803521984,-0.1506876466454814,-0.19476986253451942,0.8862190864644095,-0.3707015338266269,-0.20707036788214672,-0.28022578609167575
2025-02-07,4.485598472073155,4.840929823420481,-0.5865246703797952,0.7678812097358577,0.6596362836540041,0.5321025462798689,-0.78520060042408,0.6272047223964836,0.6033228856124013,0.5056870509981171,-0.02603366044375366,0.26789356746352705,0.2768856632948302,0.2697329616275261,-0.11134380471513272,-0.5354860852200334,-0.20062601010414677,-0.10313744222601236,-0.3420891200921663,-0.45672969074955394,-0.17860353784724825,-0.17549606533923656,0.2371564875919232,-0.235226882772852,-0.18376772183849627,-0.2975104842069455,-1.7448660093187458,0.7738569487871266,0.5969653250799312,0.3575230422963665,-1.5496275790173666,0.713970890299817,0.6832312085139062,0.5531819566364595,2.0297185109430655,0.3542030266212825,0.36625676467428514,0.4363124715495849,1.1445869164655291,-0.09564433751064924,-0.0197318359239669,0.00788908872062653,-3.8355907403470626,-0.4003716025258907,-0.1783119856085764,-0.21376396414876017,-1.1950692142682238,-0.3995564150819583,-0.21798806304006532,-0.27230778962024477
2025-02-10,4.493722199209181,0.8123727136025494,-0.587482116783379,0.6937682680340027,0.6798587466971306,0.5421409808054418,-0.9258437491699969,0.5054216548731295,0.6296483717601655,0.49354388150510553,-1.2152800297992419,0.1751480119332155,0.26506309803202976,0.2172054394480009,-0.26187616876309106,-0.45285832026490314,-0.2320937065439496,-0.13838169353358595,-0.29493531421251173,-0.3713606570407943,-0.21138714025831873,-0.22660693692630793,-0.18852544619525125,-0.13432956908053215,-0.23957977790060642,-0.3209362730230306,-0.4561709556180512,0.7101849172588002,0.6149246227026053,0.41585374120757934,-1.8168777563634957,0.6100849584995561,0.69940521103811,0.5444419396135246,-2.8436322864284196,0.1924128832101984,0.3462955925898497,0.36263655258596383,-1.2994153432497215,-0.1832723752650188,-0.03726346290517715,-0.0425245105603813,-0.6277807726404512,-0.3005885657586947,-0.20487226873757142,-0.2648252044136125,-1.1095815085697573,-0.20604534091487509,-0.2652176706766868,-0.3017791744419254
2025-02-11,4.536257452991474,4.253525378229295,0.5109947105576128,0.6832046136216274,0.6703638858647369,0.5452790059366892,-0.020698492091689613,0.46990017332032874,0.6120011416338951,0.4973513369388301,-0.7256581317835008,0.06130737817710551,0.2219415077181481,0.20629175245387868,-0.33070796702614713,-0.4475074020885959,-0.2721879473354359,-0.14572675565231663,0.5840934353115008,-0.3141973497277305,-0.25826776597032286,-0.21901168370991078,-0.19637689635181765,-0.2932701058611237,-0.2811828067509444,-0.3194746306486695,-0.569057169394784,0.6765801574792437,0.6012454532478788,0.4116587316565399,0.6772657724993171,0.6076116396074844,0.6952246470331424,0.5603602614827543,-0.12460499388275204,0.15257564296132922,0.3297678945766159,0.36153568221953825,0.028774998544319356,-0.1443126639542313,-0.041712828382048935,-0.04634642753141492,-1.9142371074351103,-0.3019586313167808,-0.25367795519824565,-0.2786527540700367,-2.0162186463704495,-0.2726654369577931,-0.31860148194205007,-0.3098002749099033
2025-02-12,4.632377621920022,9.612016892854847,3.6598286469876893,0.7674290236811193,0.6924811020098346,0.5844637684585972,1.6865730154063585,0.5783116710438773,0.6213385934770368,0.5249710608416844,-0.2708693750618272,0.02742180291449669,0.17698829804824434,0.1922105664982062,0.7814099984344032,-0.33201085901589833,-0.21412181591574597,-0.104526809923536,1.2531855272371777,-0.17923272130734058,-0.20122626860105752,-0.1659330537809599,-0.6721536797299743,-0.3546599754817332,-0.3009846701391862,-0.3234390343825578,3.8939976747606524,0.741970814816678,0.6293562409712625,0.4529246633137226,3.5255860423590337,0.6869595039926663,0.7042192078192449,0.5914926528907699,0.46930607127514246,0.1823859868982309,0.28542006420857724,0.36296465016490054,0.17101782366465246,-0.13667184603981777,-0.07900929113649162,-0.035376315262577084,-0.2778593967314209,-0.26986351720678686,-0.2875274605845592,-0.26477214138203375,-1.7742064175791485,-0.34204998429370775,-0.3559909900636343,-0.3265126723700715
2025-02-13,4.523951010473913,-10.842661144610943,-1.6362173302337393,0.7020269188784835,0.7033415879188143,0.6186788986410128,-0.5340931318516413,0.4009818238977538,0.618108956735529,0.5571228216348879,0.15344777431582207,-0.170617735170893,0.15988459851466186,0.18576868625454404,-0.14294305412663263,-0.22768750870372628,-0.19087456540254172,-0.09928786208916418,0.06197960891011069,-0.11542517481593562,-0.20482141707816373,-0.1642412475712903,0.09652994978690177,-0.3083585334073491,-0.3064456073320853,-0.3201530096899482,-2.676699028109677,0.6673062377207284,0.6488574411926734,0.5050550573789759,-1.4693135167581504,0.5616537530524155,0.7094129878053321,0.6456569755554366,-0.09133153699203511,0.11350799605339587,0.28547198980139044,0.35678793776875745,1.0752403194971392,-0.06596104630503159,-0.11380159803343587,-0.05929939594066278,0.9798611816440895,-0.24902645157374204,-0.32026968979973364,-0.27945724010833917,-0.49506956814296965,-0.25350624082410944,-0.344839502046121,-0.31422881836009814
2025-02-14,4.475272355631543,-4.867865484236944,-1.1668465219444064,0.7049317203773927,0.7205689553570145,0.6237641407833179,-0.887591641873648,0.39988591834761095,0.6289633140839629,0.5627746319908263,-0.46782640436897904,-0.11687647825899218,0.1759538812995431,0.20192227655447323,1.1736444613293888,-0.2261304826120628,-0.21677474556849624,-0.11637422399728387,0.5369033914212191,-0.05553646542204691,-0.21735903592184097,-0.17262284476875314,-1.4912188065281247,-0.15213849750999042,-0.26488695609178065,-0.2961951182139828,-3.456238853904525,0.6696009802751827,0.671049052287754,0.51482370824995,-1.085007487300413,0.5580622419382031,0.7271005225209045,0.647978085681748,1.0001516779623552,0.09328136635527351,0.2683022097033564,0.3477283483038119,1.1415198199885697,-0.05172405816613296,-0.13182822537063063,-0.06535130775725576,1.0465833691856832,-0.2187433503420288,-0.3312013915853799,-0.2865677036132138,1.7039089307049824,-0.25293925775744935,-0.3623331066626141,-0.3249639325213271
2025-02-18,4.543450842011653,6.817848638011004,1.0543092409683967,0.7133527586552171,0.7313430522083804,0.6293846203023217,0.7358395311784992,0.42963830631876815,0.6199042001722039,0.5787190048813053,0.8681681895702464,-0.02355860334154065,0.18718505188191797,0.2343213878282231,0.4660759729151398,-0.1733924164514566,-0.16279473890811075,-0.09398598543695312,0.7804969217529281,-6.949976746156475e-05,-0.21555452312055293,-0.14257717750418736,2.0327314687236826,0.013303750607884265,-0.22367677062963467,-0.24034285508567538,1.9024286170935167,0.6958559296169374,0.6979643221530716,0.5186748979071978,0.6966752022067904,0.5695242956676375,0.7026164106191123,0.6486497980261244,0.21742909258437126,0.11233779968373359,0.2548571592852302,0.35609282963165284,1.346935681882976,0.055460157091476156,0.014080399366654709,-0.04115793806441695,2.853049421525318,-0.05873084361520774,-0.2587854379863607,-0.2294488664363283,2.189213714860845,-0.20710886182767982,-0.38077634181728065,-0.2800591499806132
2025-02-19,4.533639901953417,-0.9810940058236461,-0.9315989758339072,0.702727514964866,0.7193226500103391,0.642758418878896,-0.10215346687712934,0.4197641147547585,0.5962928613114266,0.6036963783496989,-0.13491658361620473,-0.038367655828647165,0.16625041825697107,0.26512121444821074,0.05170105480434861,-0.18427571909154492,-0.1488803215764252,-0.0870262071596335,-0.9093855472231649,0.05466175667234062,-0.16563448899169425,-0.1328461398870861,-0.7550476978139518,0.08258732224219019,-0.17995051423057143,-0.23209455796032608,-1.6648797996875615,0.7098285210356343,0.6822434623626443,0.5334643710221293,-0.8969704146365569,0.5584836077491355,0.688874372255077,0.6579565118116609,-1.146355470203178,0.08639203169673389,0.2742713311876821,0.36855138285715533,-0.3674950138504287,0.055830600839207135,0.0840648162764769,-0.035775456221698754,0.3168602118428896,-0.047684917886183904,-0.21854851594022714,-0.2231599783257221,0.6526714551597346,-0.1821617247019226,-0.36129824134806104,-0.2777770853506205
2025-02-20,4.4984767818254845,-3.5163120127932324,-1.4044471901771032,0.7162989872766355,0.7167784345954294,0.6458842767910269,0.28361143349915297,0.4303841597545611,0.5788636958112559,0.6010694390080821,1.7358130814107744,-0.0762793841505513,0.11211891090902261,0.2560532513902114,1.2813544416608726,-0.19620227914485688,-0.16712304007630324,-0.08717049545179906,0.16374631829565445,0.1062763167482237,-0.20508056615570466,-0.1225695410714804,-0.25589338170326725,0.10418815765018638,-0.2059478801631537,-0.22265632918958736,-0.6484623846499751,0.7195719056430515,0.6838127049518089,0.5382903375011571,-2.220902366197629,0.5977593419694555,0.6903460384763701,0.6626651839670329,0.5078677627551488,0.08033869526592258,0.24799912512003144,0.39379636708425053,0.9287472960832531,-0.01761432846557651,0.056812598950751234,-0.026784282182992378,2.431609010316806,-0.09577675215881737,-0.23398713637314383,-0.2283151299354976,2.7670214329830767,-0.18807300207282837,-0.395016985681666,-0.2844026462979349
2025-02-21,4.418719771521595,-7.975701030388915,-1.8816042865972127,0.7300125997219181,0.7617482474812529,0.6573706463943237,-2.0472883482720423,0.4732240466730831,0.6589215555185352,0.6172768965310295,-2.356186620105616,0.07619943651838475,0.231405115300304,0.2995475157413876,-0.7073391273332726,-0.043105429330918855,-0.15026090502010264,-0.058644243710298305,0.6365061599321217,0.07614837113949584,-0.22264794120931397,-0.14155581574858653,0.6383354012011712,0.05150080395847188,-0.18377346109576911,-0.2324016443245322,-1.464390398748285,0.7233349170118327,0.7039851342112243,0.5427054576252704,-2.1778184396572704,0.6093721318185279,0.749398401976188,0.6697635033393339,-2.758039524319981,0.1664099187372784,0.33244721832465096,0.41974633488962,-1.6618976649864672,0.08201327404572234,0.0858615437388967,0.0018331466183462094,0.21366927339721922,-0.1132952633026773,-0.20987694740773535,-0.228728822444674,1.6670973325648448,-0.21184569009225873,-0.3893565889508029,-0.30067965144363945
2025-02-24,4.391601847134687,-2.7117924386907966,0.8592153501758144,0.7146896972495542,0.753213623196423,0.6795740754567892,0.6201060334017504,0.468899041454844,0.6507690123147427,0.6171315644618719,0.3775491274435617,0.07428972703457637,0.230477360498691,0.2640167004250393,1.5194299578045118,-0.06549948623113301,-0.16199285444622194,-0.10862121687339542,2.9848070325153313,0.014412812152406059,-0.2263611910099548,-0.1332362772088834,1.246321087064368,0.030870627915195195,-0.19137778556670623,-0.16365469909052985,0.17177399324273596,0.7135459126731858,0.7013111849937412,0.6054898438651185,0.7989707763477151,0.5953425592953844,0.7436843502944904,0.6743115556923601,0.22267723220044836,0.16843337100899794,0.34060825525437927,0.36448458551706553,-0.035456746494630376,0.09523521222301749,0.0898275145994162,-0.015766728583600117,2.15921927635847,-0.12791212820128428,-0.22338620350832145,-0.23575719621155086,2.9778463433279168,-0.2180626725949942,-0.39242028942897506,-0.2871916019785033
2025-02-25,4.297359768720276,-9.424207841441135,-2.0903853973369126,0.7457739699513379,0.766983031830996,0.7012238989164112,-1.8813742123347552,0.49094656412300147,0.6792777199045101,0.6411225495627156,0.19903296214716545,-0.0055320927133761105,0.2169038230469958,0.257085587245812,-0.11384928628167679,-0.08092546287327557,-0.14259427339439323,-0.09888248132366556,-0.04086464461657152,0.02298804605437949,-0.21247738791882528,-0.13374625976296517,0.7808901981723773,-0.05639862033088139,-0.21931665282884072,-0.17751925104255542,-1.8650852388705477,0.719063516380841,0.704706220089194,0.6210754752745554,-1.9912100814034495,0.5870649665423954,0.7506784554541306,0.6925634098040205,-2.2138976181874397,0.26097537156726963,0.3832706379506141,0.4174227522724679,-0.5975828295891297,0.11358865166128866,0.1078192873359114,0.002090647873105983,1.9149536947745696,-0.18704692772005843,-0.257100305427563,-0.274939472722227,0.3929650642822049,-0.2600932711032186,-0.3985858891861659,-0.2885883895651667
2025-02-26,4.247632781660348,-4.972698705992773,-1.2870645217574144,0.7611831389618131,0.7906796668096907,0.6977331836493472,-2.428425042030179,0.4937716913467709,0.6790510092093842,0.6354177974469782,-2.2972398536012,0.05741375266047823,0.2410250846692248,0.26248284233975155,-2.531818824682067,0.05767113171220221,-0.059552229482617056,-0.0584076762835099,0.5955482522301505,0.01775151337153685,-0.22228004480771318,-0.15060040198046024,4.168751489449225,-0.16388242755436358,-0.2543397429371544,-0.21690708988815463,-2.058364513405043,0.7323939226646883,0.7624522706973074,0.6168230329999298,-2.7150935640254206,0.5876864464262034,0.7565071230133183,0.6897510906073826,-3.9164076047379903,0.29556982829812145,0.3868043955542562,0.41235137958516377,-0.9948977864343522,0.12483715661609517,0.10091288618065816,0.0038130385125938688,-0.48038630760470413,-0.18677060697355963,-0.2660970235732272,-0.2575599583026345,1.3395504254835233,-0.2737708122308975,-0.4108047526024868,-0.28217363731795964
2025-02-27,4.284752494120523,3.711971246017498,1.2780548883637857,0.7743212161896323,0.8015108178133293,0.7011584823601011,0.7375382580453471,0.5235008549547049,0.6928679698368772,0.6439328008784738,-0.8336552276809664,0.03497247392275524,0.2263438283441369,0.2520654785306532,-3.2832057553452834,-0.07744748594874674,-0.13584782954797273,-0.0854667632170648,-0.7167899427718754,-0.01620978329558473,-0.23728044612628296,-0.13639374544022467,0.6232877783968545,-0.13925461476584214,-0.23847259187024736,-0.18635140590506158,3.06719039146773,0.7323366826175635,0.805075266498971,0.6168898320074396,2.1002950343175453,0.6155911125253524,0.7580235731218677,0.6919856625822206,-1.342496908684936,0.26388038008279463,0.35833655928663183,0.39551184075599444,-2.1467008092256665,0.039385429612224805,0.04299007310354936,-0.0006782528899764482,-0.004585959380569493,-0.1733942280583281,-0.2813958830188036,-0.2425648817611665,-0.354854123916557,-0.2838792508131504,-0.4018347070752578,-0.2631459845996827
2025-02-28,4.228199652762877,-5.65528413576466,-1.1621363273917218,0.7815704537444477,0.8017830452822738,0.7071443825471729,-1.1516078960049794,0.5916021916307832,0.6950905767275114,0.6532831026224568,-1.705911603116357,0.13462716248939177,0.240126280914711,0.2772911464119282,-2.502078571457424,0.025023231050003043,-0.08911677731916778,-0.030063763676864308,-1.0863731833251438,0.024438759580782274,-0.20364176657648192,-0.11305673341052071,1.485474040572089,-0.20291079191831654,-0.255046945161613,-0.20400624881017043,0.043231597873875316,0.7188315104076867,0.7926234577083064,0.6187855826538234,-0.7202041081272481,0.6185054762766169,0.7525881988391246,0.6935498083115409,-3.1737146358576016,0.332565284946906,0.3771112205439298,0.4155118194360896,-3.9729082517839327,0.13949413720917897,0.09508230882358479,0.046326763387379045,-0.008280113109554689,-0.18703314073902438,-0.29679949972091835,-0.24216252067204777,2.129789555449533,-0.32911155402015474,-0.41807833362440894,-0.2800289879932108
2025-03-03,4.177781085870151,-5.041856689272528,1.6706578245509185,0.6887125475432876,0.7718225703782589,0.6818474227067425,0.46833214017396196,0.5362901789474814,0.6854983623517139,0.6407877908677838,0.9923670518080319,0.08102735186511967,0.22260432623036092,0.24864389808973356,0.48986390131086077,-0.003440160182878934,-0.09747520134410181,-0.04422749140772428,-0.7337450686303999,0.08294893291837592,-0.1820298086549818,-0.08096771012094933,-0.037299381989840175,-0.13478906400486287,-0.25117386778593626,-0.19181250871200725,4.1091661352220195,0.5337230935001391,0.7202591302726963,0.5669476570780326,1.6801217993777504,0.5629764576632902,0.7256216596733458,0.6720581592389978,0.08008869901185944,0.3420242099619217,0.37892244547180276,0.40742329999169946,0.3004573841382978,0.18828824001106922,0.09381915492230083,0.038608645683613815,-0.0316919944725762,-0.19814199824547069,-0.29543545405280375,-0.23500623260590195,-0.19357621527266877,-0.3546660903715467,-0.4146182322760051,-0.27160306474514334
2025-03-04,4.208978562899038,3.119747702888631,1.1155896351369665,0.7262646234256671,0.7842362721232284,0.6912881571693156,1.4540819106081326,0.5909795964591513,0.6879167278040632,0.6414195028756904,0.11350289584552953,0.1100440956720668,0.2317894236914851,0.24681236734625756,0.7283348935133908,0.029987764419004425,-0.08371339797671182,-0.04025756019258244,-0.17155818324181116,0.060845435990201896,-0.1885106080517167,-0.09695736852645363,-0.17025839987731195,-0.16382571140054905,-0.2508425354976551,-0.20258175258769848,3.179680778995555,0.5587473882306028,0.7214340972987737,0.5827182154283709,1.8924243800344513,0.6551956812841965,0.7276636609341309,0.6742391524872492,1.235580553727296,0.43266535601300626,0.38338903229157784,0.4118859800852915,1.3758477368597501,0.23441203582249354,0.09755785527658037,0.0447977565277522,0.462365899709344,-0.23701803513000763,-0.3043704513364779,-0.23577695553784844,1.5782553772137633,-0.3371607253592558,-0.39414684084850443,-0.271099596618247
2025-03-05,4.265095884942468,5.611732204343056,1.4422169473749271,0.7434801363897575,0.7873830578393485,0.6951007375691223,2.2456423451123233,0.6340486563566924,0.6983704170360284,0.6490541728393202,2.611240871774996,0.23752643552344344,0.27293111885487953,0.2756275926280528,1.9436406448347938,0.12667031651601698,-0.046155760611104824,-0.0046252172493308,1.2807261441958846,0.1279917085193568,-0.1585147677898658,-0.07234162369481273,-0.2961595327573474,-0.18799338713446875,-0.2625775236810804,-0.20647806305423122,0.4489229277851009,0.5554279374061827,0.7132852121400124,0.580075555537663,2.269813538053619,0.6825542029619006,0.7352665543251987,0.6835707509830393,4.293600684588557,0.4933787738406268,0.4122222369586957,0.42902759297678356,2.674561284102234,0.3145573510089062,0.12516711608773354,0.07264977097125523,0.5253431020668482,-0.26867713410188554,-0.2984180101565303,-0.22731181391814922,-1.1283850748322433,-0.38875942229883337,-0.4062169648006713,-0.2778852167262329
2025-03-06,4.280305660356898,1.5209775414430027,1.6113691201757792,0.7460054785807088,0.7821179679430721,0.6920436432861129,0.7364529683380768,0.6757966978934058,0.684620685092144,0.6492774734256236,0.14570895933257916,0.2577654163172042,0.2642482536187812,0.2696965252657646,0.38964012833451195,0.17630717551386965,-0.04996206059039276,0.007837807130110508,-0.4901671900411356,0.1389052378381808,-0.12280295334492758,-0.06112998235187273,-1.1560190595495392,-0.19973365592345377,-0.21423847848110658,-0.20569932866714216,0.170408293235072,0.5465465986353558,0.69486037509063,0.5773342415511727,1.7975979804387194,0.6670288539300228,0.7225148509426049,0.6849304802094583,0.6378549204036481,0.502754980957795,0.4032159934983269,0.4248342864812557,0.2967085476423872,0.31744537139600765,0.09798037655941357,0.08539669407580375,0.2280314403914847,-0.30011990578760395,-0.30312566189361406,-0.21668983005484993,-2.1829129163292693,-0.40719335185842886,-0.3745034569430881,-0.2829643906758882
2025-03-07,4.317456169844501,3.715050948760279,-0.26810418926879365,0.7424753612759013,0.7714335829188248,0.6962981846792179,-0.6313185707697375,0.6610882254155793,0.6686715973888951,0.6443302489937187,-0.4637507243478689,0.25380078777752574,0.24818939096852072,0.27632955106254625,0.15274088640511363,0.18834380637721992,-0.05316141381867165,0.010985371421197859,0.9380691728872321,0.17869872885353177,-0.10598647451459173,-0.05271617635213658,0.43094089421603843,-0.1848870882349056,-0.20319404329794397,-0.2002144483266634,1.189653998016893,0.5601330819127677,0.698456147294172,0.5909944176578421,-1.0435299630213952,0.6319624755917941,0.7032318613145923,0.6731548075794601,0.3384321528768256,0.5029887176831032,0.4102830136184225,0.42238928621461097,2.475404685946099,0.35514547520416523,0.11919745269389219,0.09642569217142713,1.3222326704762337,-0.2642396972737083,-0.2791749523922668,-0.2002129268504006,-1.165813413157519,-0.4385274315901353,-0.38157313318895236,-0.29103658215122086
2025-03-10,4.212161059597761,-10.529511024673965,-0.7660799344341758,0.7706940512880053,0.7630526603745714,0.6970744528129309,0.2711326561995522,0.6407466372024906,0.6338126446797877,0.6226519998153326,1.313931823025344,0.13565330922508606,0.1817206958837141,0.22143589710996647,1.0524177691835837,0.11639347742907419,-0.09310299557717217,-0.021485108745969834,-0.6948832347980156,0.2793129284487532,-0.06383682396508918,-0.018498356539808285,-0.5217254739116157,-0.11799357600540487,-0.1674017488069823,-0.1778656523283591,-0.11059180258880019,0.5992556626433228,0.6782803951838192,0.5908608402785306,1.252756920644582,0.5914584439592074,0.6460148339866717,0.6500480563211207,-0.36854300858127953,0.43661613224725204,0.4007968277521346,0.41893391377710043,-0.3636523756725434,0.33108207490001895,0.123735967916882,0.10265470414758486,1.2649791271631035,-0.19774428668512103,-0.29815094471212317,-0.21546478253569562,-0.16371014158851205,-0.35741889582671005,-0.37577246515859264,-0.2847682220064956
2025-03-11,4.286572963142335,7.441190354457383,0.9949485668375551,0.781283238400848,0.7385236886792661,0.711786541199765,1.8118984056166942,0.6986924255067758,0.619271934836048,0.656431466269768,2.051474519838259,0.2506492074503535,0.22510596015357798,0.25451766267963466,0.26057775677974726,0.1267972368218769,-0.03535665612293481,-0.029841854945949393,0.18793598839676173,0.27342629451204875,0.010358277892282265,-0.032669237307056495,0.3382840491765311,-0.10430649590067183,-0.11599330462608796,-0.2031264239394202,1.2397781296122625,0.6082074617748815,0.6444186319363217,0.6047375725155126,3.3880839726001857,0.6733437595929336,0.6324393114227396,0.6798849660365422,4.458125100654144,0.5568620451390539,0.4250961924776684,0.44776159315032776,2.6199122360954337,0.4254483708135855,0.16264689613903177,0.12475590602576919,0.10912988566279003,-0.20847167513351203,-0.21456389424212244,-0.2266400286268345,-1.5838753830337826,-0.40356465754884496,-0.3082760511183865,-0.32865637350087995
2025-03-12,4.315293149433415,2.872018629107931,0.4511073533312737,0.7837751743551771,0.7349285378994784,0.7065722476885439,-0.01667495730613444,0.7054794595572856,0.6091973193982397,0.6472209943264231,0.3159327680610047,0.2885170565301312,0.2133116145233571,0.24473775331757144,-0.2639545789160478,0.1325998942523249,-0.031157259976033785,-0.04529656477716524,0.14089764511928649,0.25727464845042314,0.01844176170315012,-0.06276664749371656,1.357092493088871,-0.05887166233636348,-0.13885999618357203,-0.2129410810868596,-1.0247564812265153,0.6075196714595336,0.6250130624610093,0.5952623739210977,0.7066120506093376,0.6770918158175983,0.6301257773550396,0.677840895355576,1.3950000112324448,0.5787248278770539,0.4257157221738588,0.4460785762723123,0.8007753931069056,0.44472225313776403,0.1877821826382872,0.1266701233764316,1.1912819299641728,-0.10866900100016193,-0.1816857477652311,-0.24177704032424635,0.2030582160982688,-0.36680945279902516,-0.31060902387143735,-0.35283051654146713
2025-03-13,4.2748970845443015,-4.039606488911307,-0.5123544399898592,0.7379637878339657,0.7476023425343604,0.7037118256819628,-0.8110292754083359,0.6746218730928099,0.6253091445962348,0.64334716359181,-0.3941864731048351,0.35148057781667197,0.21796021496089607,0.23978881004488845,0.26467619785992946,0.08552646965853351,-0.03533268587375006,-0.048021607098530025,0.8485215539399872,0.159874098929042,0.0071509268062866635,-0.08728927678184502,1.4279371769977118,0.0058225316567040815,-0.14971713602347483,-0.22519494152765898,0.4710058658787648,0.5264198296027672,0.6180821100205496,0.5912763085280872,0.07793643308099218,0.6148218241940828,0.6263039926178441,0.6675456604480309,-0.017998301128044902,0.6063930431130008,0.43207308711025805,0.4250680840552143,0.5563412195727522,0.48419075567779596,0.19078665931078734,0.09743031520749718,0.10385889566073603,0.01615317595987775,-0.1875598912787629,-0.2715011890177739,-0.8368471898730947,-0.2450809755898323,-0.3056034509824231,-0.3592564445291488
2025-03-14,4.307277610865742,3.2380526321440506,0.32114175351450236,0.7110214727497601,0.7049506898214363,0.7025139478520267,0.3670849040485151,0.6921011555957647,0.5670662269817628,0.6441334506987091,-0.17059896484832315,0.3650261120404167,0.16865487232642848,0.2365108550196468,-1.6292079271785471,0.029175438499764537,-0.04177814908211708,-0.06437952647698598,-1.650137554614672,0.06532701444658733,-0.010610273642948108,-0.10566779175338618,0.5521605871718793,-0.021647975835512163,-0.1406529990509785,-0.2230146285708112,-1.3518960174781536,0.4156952068425888,0.5243776552590225,0.5799957694929603,-0.8308771057642752,0.5519122349898676,0.5465498517776815,0.6611431751145019,0.9361790527640832,0.6535663468880732,0.43711355834607984,0.43051247072842963,-0.5053222530573792,0.5383498534087695,0.2611476360549264,0.09446511841312069,-2.8187263772763296,-0.0981086570077702,-0.18818865586867076,-0.2849225744180611,1.4339247170119167,-0.29348561232588927,-0.2732604277938946,-0.34796236127976354
2025-03-17,4.305272865547165,-0.20047453185769726,-0.12317357376231364,0.7003467430535782,0.7015305413178813,0.7107803109639359,-0.23559441577215356,0.6811906106735037,0.5583047067083102,0.6456937600563901,-0.2736955058406625,0.35226900877622264,0.1774853795204458,0.23806276566777082,0.19125651480011507,0.06601683653126504,-0.01933739349462701,-0.06282916638229834,-1.3967768001748095,0.06892599431996255,0.020930590503635122,-0.10321984637353274,-1.7029944833960993,-0.09364443914947441,-0.11459608543068377,-0.21791970834613245,0.426669217752096,0.3887607452198401,0.5172153200235049,0.5877808368912228,-0.6724969970430976,0.5326879841482282,0.5380098415812797,0.6690026273962228,0.7681034525515815,0.6838821550385701,0.4445951292926141,0.4305476704161425,-0.03816768950649274,0.5720133438547104,0.2881647543529508,0.09313923797172093,-3.2249101587843594,-0.08738640593602866,-0.15334498973342625,-0.27569470615830616,-2.8129284373715167,-0.2560296238873088,-0.25411964635437134,-0.3418722191841993
2025-03-18,4.2802113468702325,-2.5061518676932515,2.1915921395918017,0.6109769793076634,0.6645171350458382,0.6978437549132042,1.1314914497800896,0.6539712943898714,0.5403953879119459,0.6274645225455397,0.6913466473572127,0.31994775556012317,0.17274512748665216,0.2280161412770544,0.7078755381813824,0.0277775399355907,-0.022829316810018225,-0.05040511409792099,-0.6222596240051808,0.022624823269156217,0.02230889126446681,-0.11600753163736077,-0.24921302983871674,-0.19758807917334612,-0.11646033393103918,-0.23404838649975207,3.479484992076915,0.294802846207617,0.477997035548826,0.5782990508187413,1.2508468184808639,0.5272211224817261,0.530829310608865,0.6451065827085191,-0.49791374797138244,0.7179296869368609,0.457413839261255,0.4333290961801544,0.09417154385576021,0.5523515706936826,0.33896136264280746,0.19325619390459395,-1.0468326451269567,-0.22779601318258771,-0.14441569074502927,-0.2666265045365272,-1.173078423307021,-0.3587756761432509,-0.29232771743552144,-0.3886903840940566
2025-03-19,4.255198092351565,-2.501325451866787,0.7858960277200864,0.6136711815720782,0.6547881085004037,0.68239728355766,-1.2717274826032061,0.6480494020031945,0.536585900617537,0.6097885075052631,-1.1646466001680542,0.3239611126110422,0.1746786554618187,0.22242829200738704,-1.0076749506506557,0.03434595947204419,-0.015615450079034145,-0.037157260167059836,-2.318866218703104,0.04587987593454911,0.056094045177601505,-0.0666378540349976,-1.6556033600509448,-0.1667222635610024,-0.08413956909726211,-0.19122833369546205,-1.1919178645807904,0.3130654283037837,0.4847106305261321,0.5585712211009978,-2.019038608008141,0.5274146017205158,0.5260771772368067,0.633004451423111,-1.6521010734584989,0.7222343316329505,0.4539436435359229,0.4498097459716993,-2.6786588962151137,0.5348481529925777,0.3380636507339612,0.2521327256612575,-2.507238055776736,-0.1890901515787981,-0.12560093616110032,-0.22080608374114125,-0.6774599313403202,-0.35215329320711525,-0.28012245702063404,-0.369791360291712
2025-03-20,4.232144099792571,-2.3053992558994096,0.21113760406533444,0.6140898957004798,0.660582790290653,0.6772799472859716,0.924386883651152,0.6405429899358484,0.5362408579290419,0.596055900400049,-0.15767205159131525,0.37214014879762364,0.18538508735706646,0.21833281202352908,-1.5094119412301104,0.06757262262421641,0.001971952047620691,-0.02419894145573951,-1.5034216777453855,0.061168175092353866,0.08459217024594459,-0.07180914415140166,0.8291239752334991,-0.18209541960632145,-0.07834258010698286,-0.21320809949468764,-0.751462719144688,0.30699971068370213,0.495294567094849,0.5584842994600108,0.5899832055576884,0.5223613616039722,0.5424148453566994,0.6279717021667212,-0.13616517035204156,0.7326352849807729,0.45666433983556226,0.44250379783450616,-1.8972554396641854,0.5502406210257208,0.3268419792314877,0.24825984835129786,-5.1396864184910305,-0.10230498617203622,-0.0993580136832744,-0.1905016520247279,-0.2122922509075329,-0.3407666495727755,-0.26254975601039315,-0.38507173257382976
2025-03-21,4.250997763364938,1.885366357236773,2.5057852445123374e-05,0.547497589876474,0.6505281206553422,0.7007525240518401,0.5086340318542598,0.5986607322372913,0.5270923097658494,0.6350520779293473,0.8518236633000352,0.29470259602018445,0.1848174103000251,0.24917492618478915,0.8242000854470785,0.07008225766158739,0.022246416809383607,-0.0360035737947105,0.09858401583268483,0.1242360076158096,0.09192658794090566,-0.07029310551711124,-0.37779533946675525,-0.1919275972157311,-0.07758790538606812,-0.1878263823670913,0.512504842751438,0.2503536203942841,0.48044805654907774,0.5727516110654799,-0.17279614014174113,0.45207872892366446,0.527102067161224,0.6628154692659559,0.747151985955746,0.7080240017406753,0.4510667843694204,0.46719917764458396,1.2491780115527904,0.5348655725495453,0.3312637386126297,0.24410500452384803,-1.8417318156732674,-0.10867556142210404,-0.11148629837405323,-0.1759529926825182,0.5518655802920929,-0.26516093823366393,-0.23699965742691587,-0.3574811039841579
2025-03-24,4.3297777361643845,7.877997279944626,1.9044006547077768,0.6106452856310123,0.6702859649862768,0.7088889614300031,1.9674013139676738,0.6576873884504846,0.5660640196505132,0.6513027969662897,1.675536061432672,0.3747082494818489,0.23866806396970558,0.2837098764353527,0.9211367799148702,0.1646386594878195,0.058948580167607574,-0.009482475154295213,0.3263128574570242,0.275709929901465,0.114182227583853,-0.0594015215585558,0.533890620184128,-0.1534029858156894,-0.05922161970998152,-0.17277180272816373,1.422650416228964,0.2701236067566391,0.4925558009310797,0.5752825815119561,1.2887816852245486,0.47106216168468645,0.5380688680053846,0.6636568780319864,1.862431265858505,0.7205885976999289,0.4767914351825328,0.4872094805728874,-0.9714660422693377,0.4525860172453202,0.3018249136611712,0.22142199358385187,-0.47209335302337907,-0.07628163771979703,-0.10875661809794492,-0.17787150571839913,3.568888361975011,0.007714451363559052,-0.11588862779745361,-0.28175193057701065
2025-03-25,4.306552131060942,-2.322560510344296,0.09361851156775369,0.5196092915436473,0.6638405306122667,0.7099361724556535,-0.755776884436416,0.6009810543835877,0.5451411226651296,0.6549385517196966,-0.6974845612509536,0.4228857695498105,0.2186401713509445,0.28778392453434665,-0.2727346938261537,0.18953539283381265,0.05363522454104685,-0.007862600652678641,-0.32125024169309313,0.3339465265978988,0.12610076742551293,-0.058281118403257774,-1.7244185997981694,-0.08427840232197562,-0.05953121163663952,-0.1632457883076315,1.0249223769690978,0.1545508976824504,0.4666604991585027,0.5712267367830015,1.1209770868019775,0.3720464108445975,0.5006973998757654,0.6595630232816961,-0.6860744487931841,0.6983543659125655,0.4886976656646053,0.48923333349867354,-1.3030941710518176,0.47543418139794036,0.3080450375706043,0.22507509406178933,-2.2611115711315906,0.08726390463758735,-0.08714599941508999,-0.1697067436057586,-3.0316524981683424,0.08208685846055262,-0.11025994936649153,-0.27122868772095643
2025-03-26,4.337357723355768,3.080559229482649,0.42662462543353274,0.46440958614134925,0.6706183328351714,0.7244390234623458,0.6735893146891875,0.574862997590847,0.5508678861973948,0.6587744024898378,-0.46921055809814394,0.333849459781578,0.20747944670722912,0.27903151199258874,1.1876274614061308,0.13191820979300944,0.07461205631162024,0.006158503534404454,3.3689002742282304,0.39257371728505,0.16382744688672965,-0.0187827821551504,-0.024457463030319926,0.1176546203190236,-0.06998060743933333,-0.16776209875313408,0.5838872273487552,0.06142433080629454,0.4746078436545485,0.6094586469624617,-0.057480471732838545,0.2753233049443248,0.49217654635330044,0.6577130251600122,0.47331803797776306,0.6780037550885956,0.492381634739732,0.4851012725779197,0.794230904144912,0.4717999673510355,0.31258657343960145,0.21845574953445487,2.086685652108816,0.13730897088931937,-0.06476552248409297,-0.16304371082451208,2.5748600054306365,0.18159236903758863,-0.07967657673747172,-0.2507142300256007
2025-03-27,4.368267400474658,3.0909677118890144,0.6251220988616919,0.4471278567773788,0.6743070449970828,0.727498004729218,0.9866337444568739,0.5793618451528225,0.5637290132405687,0.6670083648843237,1.7540181986051753,0.40439049642943997,0.23097930955209647,0.2932351621434075,2.1347022190957916,0.308531739095513,0.10540458224699674,0.018139868232377628,0.23784703529217932,0.420441111359311,0.17037543305657624,-0.010443591797631895,-0.6253752217436734,0.07616294999751508,-0.0784293732432744,-0.1669852123506069,2.4461213869411966,0.04098571580859464,0.4838611910777255,0.6374468787879485,2.5039863178732067,0.2732171578591348,0.506125909902034,0.6542589093453562,3.4248433186482306,0.7422099334300698,0.502537230611832,0.4856592645720663,3.5925105461496702,0.5477474642163062,0.3339307165746909,0.2209290442040866,1.0615497192042174,0.15033033573993893,-0.049584301548258825,-0.16391873546845354,0.6825751475474338,0.19975895825571172,-0.07199820239307485,-0.23540655940161925
2025-03-28,4.254192895432996,-11.407450504166228,-0.7777010711433823,0.478905051718966,0.6714998508145364,0.7197556258678223,-0.4639060164998208,0.5563609187106833,0.5835544321280907,0.656968556240524,-0.9426563436816928,0.41299583472460083,0.2943179713286222,0.3079682465944743,-0.7866274871103873,0.27824330208113135,0.15357208668208963,0.03693322507318943,-0.8696871221291711,0.4017950847279883,0.19721486375079625,0.017334067089899294,-1.147424049534437,0.29980790534561436,-0.03836987503908045,-0.12259818025015089,-2.4719286220773826,0.23293707037462627,0.5182683801209876,0.6471415757045097,-0.5279125728573986,0.2913731649405822,0.49907166697668043,0.6396079667817217,-0.9435527186778687,0.7231414417432445,0.5179383030250536,0.4889978327943837,-2.5351151761231465,0.5794066639373231,0.3880736678675612,0.26481866743430094,-1.9425539425056328,0.23609497644499,-0.01230189539618942,-0.13651239540309384,-1.0749782155945526,0.33011934886942085,-0.03622381147067171,-0.20884774805353964
2025-03-31,4.244505700371312,-0.9687195061683695,0.24704069484668095,0.5904266139541198,0.6612919605089334,0.7223554061709854,0.8641318561803898,0.5632680675051855,0.5759553277556266,0.6575781544382377,0.9618688060621722,0.4484794655471403,0.2970866458819681,0.3106386660798773,1.7471700748303585,0.2635774181617311,0.1500605069060689,0.03443549734345242,1.4448586168307007,0.35719839715956747,0.20059456722045635,0.015248968662313993,-0.08050400464393315,0.3161725320749346,-0.013302433448545644,-0.12297263372779448,1.3792070446566917,0.390741688598994,0.500537024269041,0.6447271995149256,0.20618294192711328,0.3464945057123306,0.5059280446570724,0.6401517406513565,0.7841761308585721,0.7214807970677908,0.5438910380398868,0.49412714239633765,2.2552749958331013,0.5614503717669505,0.4151195087253951,0.2617562819537763,4.123480781041014,0.19696962933982085,-0.018433185232702078,-0.13363464901972064,-0.18133541196445435,0.340894575923791,-0.055314220737756034,-0.20920307816871747
2025-04-01,4.15460821391872,-8.989748645259255,-0.4480820199521312,0.6132794768363272,0.6728040748938586,0.7262160158879141,-1.7048283041296735,0.6264109896862733,0.6143734326224418,0.6695804309887148,-0.4945270986633059,0.4896710809491671,0.31977385855769774,0.3245101815779779,-0.5587852235852673,0.30296699816407835,0.16858229238146813,0.04936143819096295,-1.5069839475362587,0.41851290380571504,0.2390959734021097,0.05094247052328867,-0.7746590891348928,0.3411381444295392,0.009331232046508058,-0.09825694767370032,2.2002248419185184,0.22651441086019175,0.4377145020349149,0.6001079421760663,-1.1284991876924477,0.39764016740347813,0.5526869431930518,0.6405909571843456,-2.73555955793129,0.7657065176909881,0.6004660234312368,0.5141718973620308,-0.5935718167612292,0.5556409218114893,0.4190065138269601,0.26260448593237967,-0.9956559716928126,0.19276025622117066,-0.021559098130279668,-0.12973414933423252,-2.90054528240279,0.40415947217408227,0.006257778094252753,-0.16376200342822572
2025-04-02,4.194536299059148,3.992808514042867,-0.3027927167459008,0.5298742429123033,0.6571476221694958,0.7154763424987765,-0.23034574905851524,0.5582878201304728,0.6044891074833325,0.6592659993334212,0.2110819605335328,0.4242106067528371,0.32106876108858223,0.31932883292399866,0.09432917079942404,0.22480702313687068,0.17201683600803308,0.03888409404734674,-0.1809059457796608,0.37278591655897597,0.23552254660426652,0.04101100283670759,-0.6694412895752415,0.3287497683712261,0.0014592875243322238,-0.10997312569407852,0.12401430341411518,0.22036165357991047,0.4336455234946567,0.5952625265392493,-1.7124624002501903,0.2568244409493449,0.5129728729326241,0.6173900935736313,-0.11778821121545918,0.7261259036552372,0.5912713071020873,0.5063315188161599,2.5163018133756845,0.5424717055332339,0.43248065820328374,0.27050443958462517,1.334831864193571,0.2013738472429417,-0.018772442437332483,-0.12235477585618192,-2.6939599345067213,0.3637336238373181,-0.02812932148673376,-0.18182894353482465
2025-04-03,4.053976607208199,-14.055969185094952,-1.207996142086333,0.6234072609720681,0.6598710377455506,0.707478186648765,-1.2351102968015455,0.6113781873160903,0.6320486742616431,0.6538417530281532,-0.68613429203328,0.46988590376989814,0.3389085299960895,0.32780874163943696,-0.5318474833179232,0.2692304234814009,0.20883644124563544,0.055633964959269824,1.0628048198286624,0.2170126771077044,0.18739753372463416,0.026837106789006783,1.9532983160077246,0.047238813405341105,-0.07451342861404181,-0.12423994513162433,0.0595827778598399,0.2305590714334139,0.39589472907709805,0.5518332867596134,-0.6780870022408836,0.28346386407516455,0.48470948822145105,0.5872246271243725,-2.608923901948387,0.7743062128587587,0.6170176795547894,0.5290912775002197,-1.6474687334388896,0.5789506686694494,0.4602049268218077,0.2836789135608051,-1.3347739692069749,0.21203466495479675,0.02054786601784504,-0.09822760725398275,1.1788457431465122,0.22894647093471693,-0.05276499212502752,-0.1687329246645572
2025-04-04,3.9886807529588655,-6.529585424933337,1.6571284596925442,0.5420965028714679,0.6220860743296683,0.6776275332118874,1.940949292596768,0.5365001025384227,0.57496142185838,0.6105782070449584,-0.813591204209728,0.5362269929541722,0.3594770815875291,0.33532208701156263,0.06873825334092842,0.27226193566167933,0.2126696139406347,0.0503771950671864,1.1656154387482873,0.1377803339607908,0.16470482909597953,0.00693069919838345,-1.3597178391028484,0.07169883055338953,-0.04017234197000268,-0.09544481069346303,2.5712983523249284,0.1396107891098304,0.35930261671816444,0.5226949993928025,1.4855432080875515,0.28471265490482517,0.4544707756269658,0.5654314379400625,-2.7675230726429763,0.7873015451329418,0.6271619915015072,0.5457259596692049,-1.7045564991884161,0.576662937339937,0.4756351114662697,0.29274391015935064,3.290442837302272,0.09383840318099704,-0.022142834653120655,-0.12189844049296925,-0.25695110195302373,0.24555312938040405,-0.055765862964066826,-0.16561509923703227
2025-04-07,4.154889540238103,16.62087872792375,2.6658546673018706,0.6419581584034164,0.6890797588963723,0.6980472186360888,3.717183425174775,0.7140464597600823,0.6820976963202898,0.6644226892557087,3.9584154408147936,0.8048691298797122,0.5003647681566882,0.4492313829391723,2.1201417581437756,0.5169428542919116,0.3061135362813798,0.1382241961875564,0.822156896547872,0.17502859050094646,0.2025416108610402,0.04071178954606787,3.9821344498832314,0.40188373812633144,0.16659624769361622,0.06865848825897708,4.155086174929507,0.34931424667765054,0.4770006060849499,0.5641217477678317,4.1932494820006365,0.5629531250075045,0.5752127064549329,0.608965961334941,5.082415225519295,0.8676174735069443,0.6832277774701596,0.606747754271581,1.4462528167089275,0.5826476108998416,0.4752701444033167,0.31331081162540575,-0.26796595515193466,0.15143023256227522,0.01572011202218525,-0.114480184743271,1.181493239325377,0.3283983667556939,0.012554308692327688,-0.12377182026617208
2025-04-08,4.259154572550891,10.426503231278783,4.701091659860886,0.6692498477259085,0.7173970291541669,0.7020234667751917,2.7813551911128,0.7345846875994775,0.7187724398353655,0.6683416544922616,2.2033641265808006,0.8141147142739139,0.5475038166046254,0.4795982054023696,0.7748019238784964,0.5365246273173405,0.31913908677476466,0.19031518468804684,-1.3101800093727043,0.08513264415926218,0.14362763048530075,0.03590977936925566,-1.448117895439072,0.2916331008210669,0.10980397145714253,0.05362344547369921,5.067528234041322,0.4519901947420553,0.5281752695014388,0.5685145675320908,5.166082321284924,0.5952987899914676,0.6318119739051775,0.6146177179420556,4.0654574117158395,0.8856702486621557,0.7334877495634584,0.6238049959359333,1.151316949071072,0.5588413193305248,0.49210698934263797,0.3198415697319015,-1.736496897413888,0.0906127885363678,-0.022546816515497357,-0.08957958092482886,-2.6437528196188156,0.25143877505758977,-0.04768914414184617,-0.08921496637085918
2025-04-09,4.393707276613156,13.45527040622656,-2.7898111594289885,0.3518676423130772,0.5457628985024545,0.5782997805718935,-4.38893337867448,0.3014499435426705,0.45365158001077543,0.4610396923952449,-5.1749486365748165,0.2720200749863019,0.27360618264800374,0.2429501673578261,-3.9742534100243523,0.1252364443549077,0.12726977380665785,0.04232175664667146,-2.5096838405375355,-0.07449647746162887,0.01843356023846575,-0.04995372681529645,-1.759821021827456,0.15011360299026302,0.038187720414203964,-0.02435192559287746,-0.5486607713289597,0.37088351056286656,0.4859435734017072,0.5269380666230531,-5.565162855048015,0.2024240885054149,0.39179450751369066,0.4448738956394508,-3.8657935736595745,0.5851737951560563,0.5805335604934487,0.5012411875871531,-2.908450957207809,0.33890433839559075,0.3649520770229754,0.2436086301702991,-2.4734221784025605,-0.0006109769457331628,-0.06988009885764641,-0.1197824262719512,-2.6117051389750383,0.11738298428398738,-0.09892434134216231,-0.14127265305369116
2025-04-10,4.389749588719937,-0.3957687893219486,4.500077343204803,0.2801917684649301,0.464511916606166,0.5483232085940123,5.11675017486799,0.23003876007994953,0.38672128737029093,0.4216173030371718,5.307967559523073,0.20653220916216208,0.2579068868991023,0.21810613245398583,4.200930681604896,0.09414476473109129,0.1020870020339406,0.039113298427506875,1.3004212672282875,-0.05784513814761809,-0.01882808774175637,-0.05269170857825524,0.504255613913152,0.18852197355589087,0.06051343618514917,-0.024151159573967188,4.12588284443461,0.3340182419596342,0.43760389109643305,0.5130943511407796,6.517328151125046,0.1563397857864607,0.3193789695978863,0.41228379411928084,6.033545993979872,0.49602399908033384,0.5426781144185454,0.4707272761582462,4.195079878984961,0.2995078306586077,0.3499411417571809,0.2359965044368872,-0.795237306344319,0.011847333403536485,-0.06635736392645934,-0.12362512109185002,-5.248781115831873,0.11299793589914968,-0.06132381205946675,-0.13631415712944434
2025-04-11,4.491491953649259,10.17423649293221,0.8510249684095395,0.2784129631186882,0.4370446927909086,0.5047804117518566,-1.8088800446519517,0.14969612227374743,0.3177605777567683,0.3276191894551768,-4.4169135629099205,0.06068070684198045,0.14272404845390038,0.10128429346940951,-5.195765253454442,-0.07009187433310575,-0.03286041943916121,-0.05607101738609178,-4.5153638184111555,-0.18468021086877157,-0.13518102984632804,-0.13475801736006113,-2.929105967176736,0.05577559724688519,-0.022933596764070214,-0.07686531771941464,2.8865197278649504,0.4038158239992974,0.4241568358380601,0.4785520197970149,-1.4689167947692483,0.11216211789857239,0.2565855462525129,0.32641683532165167,-4.0371445754146915,0.3518841470517788,0.45267171951487495,0.39139553526519016,-5.63889843259345,0.10935079013637629,0.2255377372797782,0.1660802948516923,-4.556636299148221,-0.07087513368467642,-0.12832371705588633,-0.15629723355599648,-1.1587338068852482,0.0843685494770305,-0.08900606746267758,-0.1301149588887242
2025-04-14,4.363207873924668,-12.828407972459122,-4.686344352046941,0.4160818924839212,0.49486705635181594,0.5420724103617026,-3.5177816496579206,0.26599317097357317,0.37359315505953256,0.372216031461072,-3.531592992929279,0.16961910223524745,0.2100512732654302,0.1672355234841596,-3.6737138109791676,0.0737277089919049,0.07076798571741419,0.034907425227048414,0.9435337754462712,-0.23375409345843798,-0.15559801613627244,-0.1405714551085603,2.8774958369103683,-0.11415405105411648,-0.12295174414579102,-0.12455898640353069,-8.190490308477223,0.518430975385688,0.48771718603853825,0.5210818671039619,-5.220528687369219,0.24833914472839272,0.32584881190482884,0.373494285709833,-3.8643792812227513,0.4230857328563614,0.5001485084577679,0.42941568103512046,-3.5798709452013755,0.20338520012044758,0.2953529168854947,0.22874491297000688,0.33664852799715206,-0.11419329699353888,-0.12529802517963243,-0.14244011867706646,2.7132591908189436,-0.05497385554533834,-0.13388153062939964,-0.16204051984541293
2025-04-15,4.32234223922848,-4.08656346961882,1.2842501824102124,0.42335494022465237,0.4796940719590905,0.5325913503190829,4.000086627821593,0.2153187301229208,0.3241282209849916,0.3308112672810599,4.169886655720888,0.1217076410344304,0.1653608360848295,0.1367416700013063,4.25717254486071,0.025759111201075626,0.030086907995780347,0.008576853615755326,4.402985389438657,-0.2635347239391094,-0.19223077194549854,-0.159478838417816,3.1080632083193285,-0.15187536112887412,-0.17757773090826898,-0.14197792483163058,-0.8588283805584064,0.554112074078499,0.4858469011668448,0.5240994228479537,3.0062385082249348,0.22461041250036934,0.30415763037019655,0.3558945622768334,4.6229010830575135,0.3564955092454196,0.46022553350538126,0.398264079435853,6.8697658243622755,0.11036458180212438,0.21132911344364796,0.18519737786566912,5.9243932738280645,-0.16077200948734538,-0.18926915250384216,-0.15813250366771178,2.5031629233947843,-0.09131515841279517,-0.1821109103538202,-0.18795354278214124
2025-04-16,4.277750974615313,-4.459126461316654,0.6759622782486393,0.42114230762089944,0.476661050483147,0.5258979381179825,1.350642055087043,0.1945887253540422,0.31338214365612077,0.31905300574047635,1.7923470099890018,0.09602280624304815,0.1522185846656227,0.12355906726323306,2.250869068271527,-0.006292034318929664,0.013687811559378114,-0.005619547631364577,1.5777154446396993,-0.3093199319900163,-0.2043454452257559,-0.16366702471361655,-0.6234389203102086,-0.15925173746375465,-0.17072610892653256,-0.12850869122470726,-0.6772824917574822,0.5573793613548838,0.4938285126598429,0.5277267089944963,1.1726254986673887,0.2070405489511951,0.2978645255542549,0.34478168069993503,1.553068410619703,0.335231325973882,0.44981895195260585,0.3863324240522176,2.6617372229654435,0.0712674744400782,0.19207324183685084,0.16966251740330343,2.2634928637123037,-0.19763846680855388,-0.20034554830560125,-0.16597247681817137,-1.5329358516192673,-0.07874094499139807,-0.17036092090387628,-0.173853679060912
2025-04-17,4.3258617363832235,4.81107617679104,2.182184427008016,0.43138855409551674,0.48308895786941364,0.5357387429811131,2.825250909692101,0.2164215721901937,0.32984255849989746,0.3355913576837666,3.291226259403389,0.11872329108700588,0.18415152426738968,0.1464490506264831,1.7406844344734589,-0.0015733634020954376,0.03673974849572126,0.010768384662738413,0.3952065053597442,-0.3264954482734219,-0.19834259725810016,-0.15406086376002842,-1.030001779031744,-0.1657821670972522,-0.18648966232652495,-0.1349205851452463,2.4287571720342402,0.5612126381351016,0.4984052151385201,0.5384186917833691,3.4889838349578333,0.22680651593176937,0.3074052081169021,0.36370608878107885,3.9867270905952834,0.35025830676660913,0.46446288711666334,0.3987879910268269,2.1519202336073504,0.07658840263088713,0.20955756893801677,0.1752652612500216,2.4730570436702717,-0.2175165854062955,-0.1656060461833259,-0.1474676333881394,-1.0739904364561594,-0.0838899139362387,-0.16625323466433878,-0.17037059941570631
2025-04-21,4.403774732908952,7.791299652572814,3.3631843839981306,0.46201280135153255,0.4870185936058068,0.5492176360692986,3.533797189983683,0.25353447965255305,0.3366823720656407,0.3565185215626442,3.130111630525824,0.1526385341036237,0.18773894436180202,0.17305946660789273,2.1160542721644164,0.026596553492078637,0.054731885479978946,0.039123922781204794,0.3441493948108487,-0.31940003220216373,-0.18293801116118907,-0.14604138167251193,-0.3626565548872005,-0.16846396287689078,-0.18700126502553288,-0.13798402421683334,3.3277912699455996,0.5781746006518271,0.5016115242052088,0.5465086511614446,2.706830055750432,0.25043480795846057,0.3034122231612571,0.373173651204259,3.487590204336928,0.3741689916356992,0.4656956489162481,0.4133634502570788,3.1446666504507848,0.10940053896063041,0.2210408734175378,0.19915341518035107,0.010978449670496104,-0.21553538860042612,-0.16157872364163503,-0.14414337344312367,-1.0069499252628802,-0.09528695831216479,-0.15051198395506143,-0.17096565571601396
2025-04-22,4.388074599105613,-1.57001338033389,-2.2808315183084513,0.4456411249142561,0.4834506658213612,0.5433918960142147,-3.0601982927663487,0.24195722675095088,0.33505541858284016,0.3525968615521371,-2.335762867875219,0.1457089342307898,0.19148785235682494,0.17576172095613557,-2.3950214435851356,0.029889133661034382,0.06773720322534978,0.04475524506593981,-3.8003173924911233,-0.27228545957196393,-0.1483567386970148,-0.12761817665268738,-2.5786966564472964,-0.16424971801607663,-0.1655958701092227,-0.12709924581989918,-2.4235563026941085,0.5758417898649738,0.49658114627031996,0.5428796273895782,-1.7312319730079073,0.25302678595913475,0.3064967014537407,0.3735704439937678,-1.2401270676221279,0.369140517742603,0.46696475541375254,0.41540082798040856,-1.6198424629976833,0.14002463484915983,0.2229476342485584,0.20363328614096368,-4.479831563725421,-0.16972714867950098,-0.13619273327867398,-0.13204113275061155,-3.6106245304669407,-0.17157783782242425,-0.12505539956025033,-0.1594948657549834
2025-04-23,4.386062681416255,-0.20119176893578228,-0.8231116305862367,0.4422221461074108,0.45489482427623024,0.5357095781113271,-0.23350415288675197,0.23659877964527626,0.3092868555208261,0.33993850791286534,-1.273102108448768,0.14139529204539475,0.19481596507368432,0.16576259964163656,-0.8256428929172768,0.02794685652158028,0.06769743188977795,0.0407704210318936,-0.6466914126753986,-0.27432376081307486,-0.14941913884221278,-0.12847294328089856,0.19419263297204803,-0.1816253417758603,-0.15373839951866955,-0.13350467801065738,-1.663705500100194,0.5712745431126081,0.4733778201263244,0.5306867065239278,-1.5218306961224832,0.25559330572438466,0.2798848607528191,0.35458661019941445,-0.25177217057154566,0.36559456658659856,0.4499619116705357,0.4176687784071281,-0.12146379661876461,0.1326708528012795,0.21745438889136268,0.20173891611449055,1.3219256502201728,-0.189013873261613,-0.10824199238537394,-0.12823153868467146,-0.05344882786149774,-0.1935386103590054,-0.11238154193390344,-0.16412084764665702
2025-04-24,4.304216467153375,-8.184621426287997,-1.2474636161092802,0.46268019917651115,0.4610091850185751,0.5465849095455768,-1.1630102865640004,0.25898809349750657,0.30863985155031093,0.35070360894609875,-0.8864691306255681,0.16334886568838516,0.1892255463184632,0.17444424966936256,-0.7725062992662721,0.03895950524459472,0.056315152780410736,0.05145205984117586,-0.6747710103580156,-0.3008917173308942,-0.12977729744121894,-0.11778789319493373,-0.9721547204839034,-0.156869151526815,-0.09314838630339292,-0.12148518838025896,-0.21368499376003225,0.5738619441435201,0.465409956379457,0.5322153811301336,-2.8880301285789436,0.2970864861468432,0.29370092828781663,0.37069790438826816,-0.6070126292498239,0.37419111905698366,0.44044704063018736,0.4204115632040129,2.465259982955488,0.09710121825794531,0.17713984438835242,0.1743352732422877,1.8019309630541764,-0.2254765179279916,-0.13465405597690075,-0.1450127807595157,-2.219206372918432,-0.19892111835978388,-0.06633808698524167,-0.14020579549869913
2025-04-25,4.265236695126349,-3.897977202702574,-2.877773332131082,0.46677011238799543,0.46242097593671005,0.5474803342315329,-2.3370403740408126,0.2688496947281798,0.3184674819859971,0.35825261242846246,-0.687830719437533,0.16028214121886164,0.20238566876308697,0.17904703179730738,0.8572175568655038,0.017001120260536205,0.07577938674905234,0.04842535661605499,1.2072747911358883,-0.3145379637961861,-0.13592342910141048,-0.1233310125700866,0.9129514618251555,-0.16256124264437216,-0.10927562805602854,-0.1260181406570015,-4.71641281498368,0.5609237881265203,0.4608250795463413,0.5291546815570517,-2.6497161365879043,0.2993388410421701,0.2985690474095596,0.37765958273795786,-0.37659770014204863,0.36812127431955716,0.45658811828715806,0.42259697855858247,1.6429230450921604,0.07127893087288756,0.1844417012083955,0.16906118340139686,1.6108120876488643,-0.2406666019744445,-0.14525989825239252,-0.15033866778227656,0.45090671153071993,-0.2318111687637437,-0.07527871509341763,-0.14317182608005807
2025-04-28,4.214972159341496,-5.026453578485324,-1.3966430087862465,0.47143294502645816,0.4622604710743346,0.5509167153157862,-1.5430451597720711,0.2764451031637122,0.31949964020831934,0.3714932488779978,-0.8659997671404237,0.1499435144004441,0.19499566206714833,0.19318761999197603,-0.6636127957617242,0.0028369881893554444,0.056802393036042814,0.0591236869224506,0.3928113834930509,-0.36067901996099677,-0.15422661868116186,-0.12862740793036342,0.525401898421713,-0.21807926035941963,-0.09631323884246211,-0.1380868868404504,-1.256765912448656,0.5433666415128973,0.4676929856566611,0.5322221485086907,-1.8562255391337856,0.31123923500936196,0.3039097006576231,0.38302494789391023,-0.7098308493715568,0.36433258160614407,0.4473473686890107,0.43009996031200326,0.05887495085618244,0.009161353627387608,0.157572559405449,0.1681937402073137,3.1820442952174033,-0.335109193656168,-0.16620150424179336,-0.16846113905615165,1.4618472667331681,-0.2684158968795298,-0.06661079726190328,-0.15295448003392292
2025-04-29,4.172591010755279,-4.238114858621689,-0.09961532026626885,0.4716512022802018,0.48250928334539256,0.5417954057164391,-0.12726045850798395,0.2792235028511898,0.32452812496813666,0.3704194654756726,-0.6591649815533439,0.15707536925808618,0.2079732516593473,0.19826313100429516,-1.0302671458862536,0.01579052830305107,0.06941369891216602,0.06477091911379314,-0.23403130645799364,-0.35847862879863246,-0.16064028279420833,-0.12557254121139305,1.088691718559287,-0.2292202800528979,-0.10740639008552719,-0.13473196283723696,0.8466434493846591,0.5393003137104987,0.5057432506144864,0.5227487389094019,0.9644906641188764,0.3028224532848609,0.31121518946697496,0.3803640338092168,-2.0003526381146077,0.3753528226526097,0.4546806047292812,0.4453871132196276,-2.076703872554016,0.03264568140088589,0.17064241185137294,0.1905372525635037,2.731977720690071,-0.35777010617750105,-0.18133506028443191,-0.17860851018128177,2.5661733843396064,-0.28629735571279463,-0.08566598145799746,-0.17639179977868197
2025-04-30,4.174405655670746,0.1814644915467234,-0.007234152596707233,0.47156038719351434,0.47959193925151433,0.5466620458817419,0.9918401184376227,0.25136954697104763,0.32014430846319747,0.3742973697270544,0.9980808039856479,0.14969085171154972,0.2092999937172158,0.20273367770805248,-0.05562380554309132,0.004850718657769716,0.06598716670782305,0.06604747559394299,0.377428324893085,-0.4147482329001272,-0.1599543205877391,-0.1264629119983767,0.5601224215068765,-0.26126249168781446,-0.10635308572107428,-0.13785013978574273,2.8014563010717013,0.5840862536386736,0.49706286319739545,0.5189229580113826,2.514232483897782,0.2881295459460987,0.3044110677711983,0.39070009004562906,0.8619870814994783,0.34299716641564,0.4530785453277146,0.4574072408440379,2.454271549456989,0.014355041993250805,0.16611193910156727,0.19101517644981433,0.6067540347585276,-0.4033985600688232,-0.18364678570136175,-0.19548261747823475,-0.5469838539659202,-0.3586688185878685,-0.09989771062305805,-0.18103512455848092
2025-05-01,4.229148418140871,5.474276247012444,-1.4509099521643392,0.44760497550462375,0.44485996747113493,0.5238354299340272,-0.13669798255242718,0.24942505685946456,0.2994685357265791,0.36960716400973387,-0.5848792007539488,0.1396866994438275,0.1811452503308364,0.19586662380081693,-1.4893788372877759,-0.015486686162576738,0.028904492452777653,0.05381273830052974,-1.1037726075152703,-0.4257242742229726,-0.19059931624214235,-0.13571209720513389,-2.096643924283312,-0.2804809031221284,-0.1283807781651677,-0.1545338734410274,-1.1988228929668223,0.563476355305086,0.48092932314256026,0.5049550992424616,-1.0111267774130175,0.28966803643685707,0.27864323638369953,0.3776477340564822,-1.0843519372073536,0.32841258520593125,0.42021211620405424,0.44374159764644444,-0.1373260444848896,-0.009149982301626038,0.14361399102494252,0.1838286928650169,0.32519239552910717,-0.4123031997237521,-0.1855712375017576,-0.20458416341216482,-2.732925713552234,-0.3658746428719906,-0.11500107188392002,-0.19679543198358868
2025-05-02,4.31903162764669,8.98832095058193,-0.8508183128786964,0.40161513091751977,0.4147335862197133,0.49732112572039333,-1.9542394848979232,0.16271046917796445,0.2538678022165543,0.3360803817768341,-0.3887145235504703,0.1098103365592362,0.16877164054302407,0.18748676943417028,1.3568922198485889,-0.0038866152915342303,0.049223440607015306,0.0789954511558646,1.1929544349189094,-0.36276960262849,-0.15906108781875966,-0.10787730203997685,-0.052287688993750414,-0.20310658511857235,-0.12165594649326163,-0.14687450356293252,0.22252804051128638,0.5880480424297188,0.4694558997799538,0.4911032058418357,-1.3521158911957218,0.24969802977166242,0.24870059535615377,0.34407958562644564,-0.13665570576582398,0.25479068873856836,0.40465350164290037,0.4306593094994659,2.393837300649488,-0.04825864624953269,0.16624667368721685,0.19885324300645793,2.4143209532918144,-0.47336873468416796,-0.1490087162020212,-0.17931729181716496,0.5357301118093923,-0.27953325505756454,-0.09043730950540253,-0.17669072435027464
2025-05-05,4.3423564881137455,2.332486046705551,1.1312708807924097,0.4501177583764123,0.4219302196829,0.5021665337733711,0.18982101942302626,0.20249433976417866,0.2602118222313551,0.3385848330975941,-0.6479711252458291,0.09291561552463472,0.16978367649546897,0.1867278580665603,0.9765169675177527,-0.000600825017162877,0.05247523089030456,0.08380003277490397,1.7483300805773907,-0.33160196694992927,-0.15678358963465006,-0.09807434623112728,0.15372683855420477,-0.2506823692535186,-0.12532067201656324,-0.1453209658576953,2.1145590119131588,0.6484867851897813,0.4696735226417818,0.4944783523051932,0.7583499905130949,0.2781346725674257,0.2583583369372147,0.3452606939617709,-1.0854499858354565,0.20719681808344165,0.39925595349403037,0.42570753570711783,0.0021720275210199676,-0.09697097102058586,0.15546765175921168,0.19858761420919308,1.0629000945557932,-0.4418833181772182,-0.1528938350464523,-0.176152628891135,1.0802043353698274,-0.2693918781682791,-0.07910056412724994,-0.17498334237548308
2025-05-06,4.316009109988459,-2.634737812528609,-0.9427696436700063,0.40180213590153496,0.4187900337162903,0.5123841422267792,-0.7914627814903137,0.08589483874274295,0.2728909097046364,0.3492065732687811,-1.7117697521363011,-0.037802822001903144,0.20420440268297768,0.1922914976965991,-1.0708869975235837,-0.08889316415111975,0.08046490423640616,0.0888010062943146,-0.039045075188831824,-0.42007805359747136,-0.17683665719004518,-0.09471368760105553,-0.42395388016694424,-0.6191227157799329,-0.13794761216283286,-0.14556190454704035,-0.06563370308788574,0.6068919218956984,0.4763437107216292,0.5117609112784772,-1.5963420362390068,0.18889579348928828,0.287689208930809,0.3606753728921944,-2.2094512453711768,0.08034207231719372,0.4055951898762409,0.42166304045211456,-1.7684738442774561,-0.11339320196458558,0.15580521486284754,0.19859376924342345,0.04984516032047681,-0.44697134487176354,-0.1380651429275995,-0.15709753965537118,-2.9445146574974848,-0.36633621643442316,-0.06033247114825729,-0.1579981685322225
2025-05-07,4.274206584221934,-4.18025257665251,-1.9461429787557376,0.31849772034160595,0.4230698785621937,0.5184629952361098,-1.0092500507564246,0.01582314599656809,0.2638084388716736,0.3557698134744273,-1.511017585200496,-0.09218968555672222,0.193197356271258,0.20131499507984787,-1.9583607504146654,-0.09712139540827938,0.09281637089666633,0.09905003443249087,-0.8889555463601955,-0.3754908832373758,-0.17396715423235207,-0.08731472646783581,0.7626712491382621,-0.6096122784442253,-0.15582651408745157,-0.14941335002232892,-2.4405078884345697,0.564426241393087,0.4825452338889428,0.5173717678102269,-2.3177844824888383,0.09526518919754152,0.2733028868153028,0.37137986338856044,-2.3561047640241153,0.004143694735103518,0.3887620706996602,0.4357460461093475,-1.3174807583407298,-0.112289995323936,0.1424391719077932,0.20709095518474316,1.45916270669216,-0.41207465539289617,-0.14857910680437422,-0.16089790435784826,-0.7470945180042143,-0.3218605663659179,-0.04523799821970489,-0.15394924200610452
2025-05-08,4.371599107122151,9.73925229002166,0.12151075341114248,0.49543547342518196,0.41169999006171426,0.5084303190850997,-0.6238159418676257,0.20486065071942183,0.2453564669838396,0.34075565776183914,0.4088653286538176,0.13820879763582775,0.19391940878015998,0.20808820548926293,1.0675138486569986,0.1127872737828095,0.11120447391279006,0.11459439526717363,0.25979408921335745,-0.2539388426795996,-0.16438988684484476,-0.08654500737508233,0.2923371211896216,-0.5186350812319789,-0.1548591168534959,-0.14091898621300178,-2.368661542392691,0.5407004523065994,0.434677978926453,0.4812285850220494,-0.7024788078953312,0.3133332335539201,0.2536831913249298,0.3538015935885778,2.350428316404588,0.23182510241330137,0.40361787219509804,0.45108122993623867,2.3991161818026594,0.06537884460988704,0.16678190459823355,0.2282645739671728,0.014232406027599037,-0.3265601594633082,-0.15099948479109707,-0.15114413807653732,-3.3669713235070753,-0.3349010318002102,-0.09535444327315375,-0.17923810325844558
2025-05-09,4.37355626797304,0.19571608508890392,0.5801631650246177,0.58343185000724,0.40859453784405186,0.48368351655983777,0.2621363422344447,0.24507729226000252,0.2400768515594803,0.32717359160269976,-0.7338490252043424,0.1654697774919151,0.19169928228833077,0.21540769928295347,-1.272490443901568,0.12694236398363043,0.11331155809086445,0.10425862196913845,-0.8707543497824639,-0.2547604741175927,-0.1567019712897152,-0.11062697175325796,0.014051118142886398,-0.5193302878626112,-0.14121394466791642,-0.13075722003090245,-0.1088339907588225,0.5829039846508391,0.43764238491376334,0.46058977234653464,0.6508780522846656,0.3873532577421903,0.25491622980177336,0.32910995893234096,0.48141185798267516,0.27437246890573663,0.40450320593250005,0.45566241754996145,-1.274729411850384,0.0691084788318168,0.16867865444926974,0.2316304240138733,1.380044338995955,-0.33237520435945295,-0.1508558905520132,-0.14589441529635747,-3.396823929442224,-0.3709941580843829,-0.09505110616794077,-0.16275190740326426
2025-05-12,4.45510401549698,8.154774752394012,1.4259377978444543,0.6006969771651364,0.4187424796176242,0.47872282175421615,1.0468382924336672,0.3680462025609029,0.2475254941028509,0.3314747765086262,0.42804353063298883,0.40528831809261934,0.19544864452749994,0.22308344247594844,0.8757585476498202,0.42900266357842715,0.13408252030541704,0.11352812515207455,-0.15441313948121282,-0.06619245880494323,-0.14744548886101458,-0.11257497968478253,-1.3179184288387418,-0.46146919655126856,-0.16617711415147793,-0.1508718502955449,-0.6962844323828223,0.5061468035382007,0.42891009506594585,0.4273497246244,1.0733796071779775,0.4825146642597067,0.2665410178559203,0.3231750479931204,1.7255924049904732,0.5152665309760684,0.4119322688601296,0.47016515070709874,0.09150195615809287,0.29554619768147355,0.16809231130870284,0.24271678614552802,-2.7711171096576126,-0.26784215265016026,-0.16928777842981585,-0.16701376506263155,-1.6896885782370465,-0.3929586879678052,-0.11908194999435495,-0.18097396123030826
2025-05-13,4.497603607513061,4.249959201608089,1.4856892947043554,0.47721937113374446,0.4238460473651186,0.47826289583940024,1.5796132426385474,0.23997566194850165,0.25418560300075826,0.33281581078944994,1.4567415917681918,0.273513993797101,0.2024672713906344,0.22708840628685678,-0.3165802958670272,0.24905782483698177,0.1312936894789441,0.12043529549436953,-0.5409036391125088,-0.031296534684355615,-0.15385913208614513,-0.11201960636521045,1.0118053390845536,-0.25811154460880315,-0.1578806320740508,-0.15826949483530905,0.7322545919023661,0.29567919879102283,0.42959349215681336,0.4190462681081715,1.4574391709029064,0.3335484520284553,0.2715836556651715,0.3231030775495504,2.1625672287866173,0.4092563748232702,0.4188157445709037,0.4822456287309212,0.25749399286829755,0.10345547826605188,0.16729488001143128,0.24872841954810274,1.9446158840312004,-0.33444505703174415,-0.16447413185459944,-0.15336845973871047,1.415647543769072,-0.201209856296165,-0.10674312608992954,-0.1592248902313956
2025-05-14,4.527357295010873,2.975368749781193,1.0371200557758429,0.5457467976319491,0.44458278743013285,0.47651874208941913,0.5660942007523517,0.4011501680736855,0.2615516926121871,0.3314693811196652,-0.2312323037589885,0.456301123889984,0.20497885011312836,0.22039965118491137,-1.1597546316953213,0.4342609630226865,0.12983871211190434,0.1111256475415129,-0.8059382724019488,0.12098782817009104,-0.16165428130708015,-0.12671618506212623,-1.4521478432106658,-0.18819016011617326,-0.16505982918800965,-0.1935661962068428,4.149370711407398,0.296333698862571,0.4526393830485613,0.4148882604558555,3.3689795627731263,0.4405356261336709,0.2825504246381867,0.327011890767921,0.2186476810528326,0.5862263683744326,0.41660386843318425,0.48548134983399094,-0.6576462299596475,0.29225117143251284,0.16325650237129463,0.23853835389600442,-1.4016750867486403,-0.2838322204056713,-0.1757324173769789,-0.18334879275446658,-3.415546375206368,-0.15288172435203537,-0.11844527970885954,-0.19388329409034516
2025-05-15,4.454146385137419,-7.3210909873454355,0.08036137191962556,0.5462248250843604,0.44434290405028,0.47277971773867494,0.4699326225861823,0.41304653509015843,0.248348213907655,0.3244390089834689,0.35962352441222717,0.5009811478084556,0.19289188286001716,0.21498549756238364,0.7280192266515249,0.4934557428815213,0.11221936045034697,0.10188279498801898,0.38978758562081794,0.1634487202082125,-0.1862578890763685,-0.13250247559963615,0.4311259963750512,-0.249939209460089,-0.1871907792169583,-0.19849528993776203,0.2966335158951169,0.25989298922229115,0.44279656584422733,0.4119008779682352,0.6647270608088938,0.4320233823837479,0.2670749299352969,0.3194679275616589,-0.7883257961433185,0.6518758977089507,0.4163251513494874,0.48708269696251677,-0.45817805341166495,0.40524684627407165,0.159065068239349,0.24092262705744852,1.6659893370277563,-0.27330328346080696,-0.20478083954065865,-0.19329231978657654,0.5488126527676445,-0.22345935555866517,-0.1327393668374957,-0.19977405863232556
2025-05-16,4.43845185496141,-1.5694530176008747,-0.10165284659649343,0.5233964481508477,0.445900685487952,0.4694726614043008,-0.5095455587640119,0.3849580914568579,0.2546350783738976,0.3267186683288934,-0.46267359310962874,0.49742486500616945,0.19370999659712912,0.22554992293720472,-0.9909092716624096,0.47686358288249736,0.10877255759329275,0.11089327192834683,-1.0143064525305152,0.15903271830793608,-0.19236100005590057,-0.12860228504535962,-0.8659689145936607,-0.20914871819920197,-0.177365787944109,-0.19768317397031548,0.906236112101705,0.21518765708981877,0.438112747800377,0.4084362066331836,-1.148957978922704,0.41021309156478697,0.2717649933125064,0.3150470509880516,-1.3424900988290145,0.6692352063612479,0.41793059372179536,0.49023793864950344,0.38408887274966075,0.3776581259465594,0.15141292876667656,0.24425355000817026,-0.17543580327217279,-0.3082352881429637,-0.24330550152733346,-0.18552574534441588,-1.699519862901683,-0.21377459895921286,-0.12680150583370406,-0.18723927806583146
2025-05-19,4.4740279303187,3.5576075357290016,1.1643525243966864,0.461178274610736,0.4496571410983594,0.458386575815041,1.5989094006550024,0.29203347919604095,0.2593042112896411,0.31447292450719166,0.6873370953808097,0.42909943207416684,0.19484131342482744,0.2071343819175746,0.350028202133136,0.4084474291341941,0.1085908483330376,0.10677472300783225,-0.018435512472246396,0.13483281278821732,-0.19253113069888808,-0.12024544703008785,-0.1427844404483103,-0.20483412790206576,-0.17632941218991027,-0.19219462138879223,3.214231706257776,0.15593578905608466,0.4422452782955903,0.4039660863759281,0.8124322183717185,0.3487113748063015,0.2743968200797068,0.30102912184254504,1.268874409504352,0.6360050298398582,0.4199524652306603,0.47954668341551915,0.8072995844972286,0.29667617547007663,0.1516235742915176,0.23304173452325996,-0.6013244428122082,-0.31452339993857426,-0.24560878398478245,-0.1902677226096328,-2.0970890642224895,-0.23796490184715613,-0.13625854230768408,-0.17427527972807633
2025-05-20,4.4799998331857545,0.5971902867054624,0.5992162611182857,0.45760427935022296,0.43601498095194874,0.4624556906605795,1.4801787949765588,0.2754666215567175,0.24157669931339915,0.31635056520820487,1.874522964194562,0.3835647145963062,0.17750871381932648,0.20820796039470002,0.5236718102000448,0.4073752410369003,0.09791917411320773,0.11462112784819531,-0.09738276135940138,0.10532324782649823,-0.200467156719386,-0.10916909833163733,0.8217844253179041,-0.2904978592432892,-0.1902901287046479,-0.1860659695843825,-0.7356985323456708,0.13808036485198727,0.4377440681886392,0.40210272590724416,3.1297056751084096,0.31367598319307893,0.2643081696245098,0.3008232946772395,2.748105172665181,0.5722798346102793,0.4060663085894892,0.4770536351249635,0.7449683207786495,0.28459129819748374,0.1694032277050297,0.23276069682250927,0.19508295915200646,-0.4825866103158828,-0.23820541906657092,-0.18497766674094954,2.5444641287275234,-0.2562560042192574,-0.19668679130821143,-0.16021636662547675
2025-05-21,4.595530001347244,11.553016816148975,1.6262568978240481,0.5280367290273961,0.4498748566760834,0.4526765383041035,1.0713400162402142,0.33772877403293217,0.2460469178684796,0.30138184953778957,0.43463808290041595,0.40931336008589503,0.17551153002602582,0.21319225333319544,-0.0511937414385919,0.38343111850991984,0.09246646802359043,0.11372445308806593,-0.991713752823248,-0.02246092447784627,-0.22013290273226055,-0.12473722381668359,-1.0931057480216926,-0.3616418565747651,-0.22420847981003852,-0.19312257336638988,2.0321921013347906,0.20846348224286051,0.449858981096042,0.39502775328630724,3.5866470605675875,0.43027533393551654,0.30324388327137664,0.3112197296844092,-0.043300145951776337,0.5171213659820348,0.387460054999227,0.4488908839169661,-1.1719831570515202,0.15028879867036665,0.13233699223920836,0.20281831246445486,0.8924042493262405,-0.4304689536361142,-0.24258659425784274,-0.15269803507542226,-2.6632110978513506,-0.31517235805712374,-0.23750482774143417,-0.17625577518083116
2025-05-22,4.551622178719737,-4.3907822627507365,1.9626892760812416,0.37008822802875413,0.4261610877159935,0.4266063645464168,2.92896591430993,0.11889833338960225,0.21627475311905978,0.26221174679713005,2.8865461548848863,0.15215473248497421,0.15164844323111323,0.17583643661491544,1.5771043176915516,0.23875721053395565,0.07251541166973112,0.0829944654185787,0.78199372371264,-0.14381404206047074,-0.26083455689246615,-0.1256288377665344,1.4677332886541121,-0.5326326952551699,-0.2391221816076998,-0.17657568780304056,-1.053489221605878,0.23133659504995746,0.4554203723678662,0.39093070379161,3.0566018072973407,0.24228144065735033,0.28197492263369395,0.2793845167892763,3.2014706801225725,0.3563657476500883,0.3591616976289065,0.41469355859284607,1.83413665760944,0.24450288564065895,0.11906965446373305,0.18542081477387123,0.7830476746111041,-0.3930517725223525,-0.2513165211589101,-0.16096458865541702,2.8840235161464323,-0.45900195451293563,-0.2797005100782831,-0.18164497319841644
2025-05-23,4.509993868759091,-4.1628309960645815,0.2602568118157025,0.2975657485231282,0.42289603821201033,0.4227117863665646,0.5261182099532736,0.013760492321995993,0.21112569008185703,0.25872594328994813,1.4960365958997182,0.053745733736521285,0.1350889575402675,0.17185567315276398,1.8397263751310304,0.1774339132952921,0.047422462801111835,0.08856014659704656,1.1386819847694816,-0.14387620418490096,-0.2723783133384085,-0.1314991311305494,-0.09774405472498549,-0.4914417836152474,-0.2349689573692747,-0.18075436163385875,1.1713652400944823,0.11088190119970688,0.4448985006235733,0.38125788985771986,1.8674337590771457,0.1371843249456412,0.26621362662098436,0.26629197145583167,2.626901243863611,0.2516120476165035,0.3353829292218221,0.4076377961708299,1.961350446100397,0.22655504137458113,0.09731388853874447,0.18647146531417166,1.8930276007676512,-0.40094935667323,-0.2618496797221993,-0.1688533613337542,1.4166941276808607,-0.4743099628575768,-0.2998123582676057,-0.19251238853951252
2025-05-27,4.432769813307154,-7.722405545193745,-2.3057663477059682,0.3623479030090499,0.43849129860514313,0.43323018266482294,-1.545959565933599,0.05207348872531683,0.2232677755641378,0.26528275418342073,-0.8210421806699713,0.0707789479546769,0.12927649690631907,0.16768280869068927,0.2611319510271808,0.11975350361280722,0.027206022975187483,0.06380499976503336,1.169637156486365,-0.21848576290187932,-0.3217574433070635,-0.15943298238979398,0.4195738786172928,-0.4818927030312569,-0.28174932341574627,-0.17102831755646428,-2.67606443432768,0.18502991348238365,0.4397652613297369,0.398506678419069,-1.971837188562016,0.17089442064073287,0.2796544848185843,0.2768924447712152,-0.7050900402179967,0.2572546951583403,0.3327165658910001,0.3990155402265368,1.9632158611913952,0.10882396545466784,0.027283208012787434,0.14358162907833474,2.1421292514159456,-0.3909186815754075,-0.3404962452564606,-0.18726878543825295,1.786769942192672,-0.48938075180833623,-0.340267217026682,-0.19571246701125677
2025-05-28,4.478304746719617,4.553493341246373,0.16993674188188823,0.35556749477700017,0.43694353084584414,0.4474784766090313,-0.621800767273152,0.011321361043729508,0.2178487862115554,0.26083139539862926,-0.5184048006025597,0.017423628624391275,0.12638352343349848,0.16949691321367583,0.1798234103398082,0.07799054006008065,0.033268122714742866,0.0674297898643443,0.6350863237252158,-0.21513297272953197,-0.31263457529699973,-0.16163302259474285,1.4196293889622367,-0.37323824685326185,-0.2637136957704846,-0.15697329529404835,0.9727480137410751,0.21116965003375324,0.4441596831852504,0.4329993953279244,-0.42696864292009584,0.1634323281733878,0.2737730847139434,0.2809975044692494,-0.6566554149708033,0.18276316349398178,0.32691896165333967,0.3916949466644035,0.0017514146455361868,0.017474171222185104,0.02873172016226319,0.14091191963676117,2.3751559728745635,-0.28828099388536116,-0.32755665456652144,-0.17721237613137175,4.344305038176109,-0.33604282797853813,-0.28560224886594576,-0.16002424708095414
2025-05-29,4.422953840378079,-5.53509063415385,-0.9899531110593773,0.39223757224520167,0.44349067223294725,0.4519706032553648,-0.9623326709291891,0.07845917230810764,0.2030158710474859,0.26547075982087026,0.09395913207013536,0.028041745783940447,0.11861131352443312,0.1700213787730651,0.7461705567567987,0.03592224148697228,0.014880900295336728,0.05883920090182704,0.656216158260746,-0.2438237312078559,-0.36455639764611597,-0.1669676723721495,1.1325094899844577,-0.41517066101835526,-0.3018666436807375,-0.16817577947165196,-1.7086240571695361,0.28874695359712355,0.491843253111527,0.4386675914274397,-0.6891895358726303,0.21332323355467336,0.26744764962211875,0.28296562564215677,0.9510331651228192,0.15745604093613003,0.2901660548713907,0.3842144722675093,-1.704889262600752,0.12795708467682007,0.03415097871245362,0.15119064272414995,-0.2878703271194179,-0.2290158207317812,-0.3509935897000224,-0.1730428430630116,2.2727506432013245,-0.3816695193457177,-0.35037708131345285,-0.18485701180962472
2025-05-30,4.4171077848671265,-0.5846055510952297,-1.1821304385172928,0.4731343254628804,0.44810586697523297,0.4456520205294999,-1.2573678600058529,0.10315375095500444,0.20809845424807286,0.2548711518955351,-1.7457017897304767,0.07267032834945263,0.12102947784706819,0.1564123798578063,-1.12137851478903,0.11438860731485183,0.016963929440998508,0.045984882360252416,0.030070179815199882,-0.20080176312056341,-0.3637394767559838,-0.18168564725569541,0.8054776222567424,-0.3909995702973448,-0.2986385082767058,-0.16728355190049632,-0.48952517755782066,0.3307913299861689,0.49442699924212047,0.44068775365642715,-0.4010275238652321,0.25832927118233373,0.28091307883237376,0.2754268625494553,-1.881657720533123,0.2080483182533971,0.2941036778786862,0.37137581406193654,-1.7883401664755425,0.15309553743072252,0.026752138248527936,0.13946741609271696,0.6267605296702752,-0.22134445496594832,-0.3567869253446368,-0.176182885860115,0.7444667735617152,-0.36009895599233055,-0.344637363801834,-0.1824807845945277
2025-06-02,4.4606386095641,4.353082469697345,1.7985769524030304,0.5947053283818856,0.44329459195667337,0.45085044370416055,0.31235684147132803,0.26429236047051796,0.1819308098251766,0.2539245281637191,-0.05337332772264003,0.10269202907893399,0.10648255295013605,0.1548061974453708,-0.27277793087695357,0.017244007375100248,9.762061127527935e-06,0.043097886904866774,-0.9526729642835075,-0.35975671433530654,-0.35425668236244207,-0.1863604657036887,-0.7333461848541603,-0.4146713766309666,-0.25491387356342693,-0.17034273221148813,1.3350018145645204,0.3623126450323938,0.5224386371768414,0.4435269781731466,0.6725349948032991,0.3635542090988286,0.275154979991292,0.2748922299876378,0.7031117965374367,0.24650918544752445,0.25148195574710214,0.3714565469651727,-0.39577830428446714,0.022831891333279012,-0.023882023557133644,0.13552766655443915,-3.065600543201149,-0.38107873422816196,-0.44067061590504136,-0.18803605561964906,-1.7313839772738207,-0.4180734226628162,-0.33325698740375914,-0.18618725443949308
2025-06-03,4.458690275104931,-0.19483344591693097,0.24071755005270878,0.5923673995039594,0.4753232867428452,0.4548270107809055,-0.08815546305007038,0.26700107954906777,0.21115824599853478,0.25931432532196796,-0.06386658272301982,0.11507480969347807,0.09619645851401591,0.1583495769442324,0.47636787854309615,-0.0007634749011477547,-0.0004207329977314473,0.042393450861922886,1.1375553284429734,-0.4366780598085221,-0.3409654438897246,-0.19351840955937788,0.05059606324147542,-0.4151466229330301,-0.291262111475923,-0.1739992736558242,3.1707913586209315,0.32173082919758694,0.5479453280982759,0.4347370004365978,0.06675041149823424,0.3641807210838106,0.2925964536829519,0.282004719655728,-0.8328707993224385,0.26776943519449264,0.2246514218952865,0.3721123869850232,0.8940911245127865,0.01752439446057662,-0.05250532890358046,0.12734113893737764,-1.8169420605078432,-0.3614174861861799,-0.40637939782305904,-0.19124496944892744,-2.7506496552788704,-0.4131158242841874,-0.3266802139927173,-0.18066179578404926
2025-06-04,4.364008463123713,-9.468181198121783,-0.023403026535388727,0.560093420911044,0.4278231946449137,0.44518832194251107,0.9714082721610564,0.17259985294748664,0.10059834376957802,0.25036159473903685,0.5590430059352063,0.038273672712514174,-0.021089528546233027,0.1714252053574522,-0.044948929107739836,-0.023186365848292572,-0.07075978640973328,0.060972157251817656,0.3395748646744183,-0.4447904020403944,-0.40235747397645294,-0.21404566340867343,-0.2510509466987533,-0.367778487469604,-0.528427103797929,-0.18113215536329566,-1.2146892411655914,0.3572322498316564,0.5128395307597832,0.4464575331710811,-0.6432646260427455,0.3766727582490861,0.23466221393439812,0.3050665037239776,-0.557394556152736,0.27279212188590146,0.13561065413078416,0.3747534993961967,0.7460530239812831,-0.0673230062282484,-0.09202255513437456,0.11383507896091509,0.5650402662010945,-0.3562526796312398,-0.4060231647490499,-0.18297069952649406,0.9269042739297244,-0.46934992104438367,-0.41470951362914976,-0.19328617600494238
2025-06-05,4.392549508343311,2.8541045219598438,-0.6104145822454816,0.5126902423644233,0.3648412836977564,0.43686573945669555,0.18943865037924168,0.12774345884862487,0.05018070162807579,0.23744251422752513,0.30016351251167683,-0.02882290608576987,-0.06420916510207864,0.1554868415296297,0.34014142245337275,-0.120739748835928,-0.08889383179915725,0.06030604817011846,0.4249641710518144,-0.505947272359854,-0.37896026345740824,-0.21645669056581712,1.3745311666596864,-0.30177278090548376,-0.4877891396065632,-0.17894337643543182,-0.43547371113736966,0.31077097311372853,0.4691012475423441,0.4409977411225643,0.6983225343573568,0.3373587587795978,0.17245632499816368,0.28799139085277303,1.6631103409939938,0.23420702630427595,0.08143791269860758,0.35696350372590363,0.9040387206138625,-0.10989408389363448,-0.10708755586406626,0.09677806589850539,-2.240198288074203,-0.3458050538251789,-0.3856537470960778,-0.19022102093131651,1.4025230426445985,-0.4655013122352913,-0.38123315982180683,-0.17821388631520305
2025-06-06,4.508573665344064,11.60241570007523,1.4130807165248993,0.5955912507413176,0.5100893876491291,0.444504127130098,-0.10456556248865284,0.15709854499029072,0.1859424266294727,0.2276000563087347,-1.6574022342963937,-0.19949936975886254,0.03818245480532975,0.12253227588395815,-1.4640309313126496,-0.3592746371224899,-0.011144079598303526,0.03368380118887849,-1.188318041999136,-0.631921501211013,-0.33901126923478514,-0.23428752417724436,-1.4732652033537696,-0.4416994431258943,-0.47728033626081495,-0.21307727202288268,0.7418359066844097,0.4674064835073613,0.5033693351244766,0.44068876433707277,-0.33586933764855675,0.33844258844700253,0.3189475429762045,0.2717948418540312,-1.0729526550140416,0.02853876209422871,0.16119449566233587,0.3273123569073001,-0.09128525761281925,-0.2974220795769142,-0.03869305752742163,0.08808937689609263,-3.733257677865107,-0.49140322345014276,-0.3992821859959957,-0.23347564342356045,-5.140017564485559,-0.5121936199141636,-0.41510291175628966,-0.23045298794265848
2025-06-09,4.482732174672256,-2.5841490671807854,-1.2627076039712513,0.5999273865371805,0.5726996126093994,0.4448672474261324,-1.7001357952262015,0.1910256736555049,0.22463434164257298,0.22811516589741493,0.4642806357467233,-0.2106202809931063,0.04786633416258505,0.11839534709334328,1.0797324939204545,-0.40430454721437964,-0.01282090221970421,0.03053156087407879,-0.21336547515050874,-0.6435123054299583,-0.33680998433873927,-0.2276688404010741,0.4875502641601024,-0.4481659401744269,-0.4793268895925919,-0.20597596303877905,1.109256093042211,0.4532292670033771,0.5192607535357858,0.4393044811006637,-2.0775045761655555,0.3568273531280322,0.37151190449662663,0.2766762725443468,0.23987255074836789,0.03289437961714471,0.18531800990078823,0.326704362945776,0.9674008561321892,-0.33012111353934936,-0.03843830857061271,0.08729065554725439,-0.40915299684522877,-0.4888350605227574,-0.39609215481122634,-0.23202263785675065,-0.43553418176464964,-0.5325734452186666,-0.4434857121241579,-0.23290779652846413
2025-06-10,4.472830299245781,-0.9901875426474582,-1.3723808494100855,0.559687833162228,0.5692879850542,0.44475702203809286,-1.380514373836766,0.16144154097083965,0.2870919751068813,0.2290803509276676,-1.5895948932312738,-0.2004451762128184,0.18098451249437744,0.12175333381243553,-1.8767099971913537,-0.41384907246481967,0.14477330191362867,0.04171838660501339,-1.085696069210035,-0.6091237651644209,-0.23542307436759793,-0.21858790247113372,-1.29812096365408,-0.3505435353343497,-0.412247698847133,-0.2056656582820792,-0.9980508349723252,0.531126912941674,0.4939874682494969,0.4482934122259568,-0.4178211776190614,0.35785632365388936,0.4226498316198417,0.2819121915752275,-2.5662056490799916,-0.006087812914388581,0.3019797045212286,0.3248748987024207,-2.4348479840249566,-0.27036044799322095,0.10123362609986447,0.09310380759827529,-0.882339529513053,-0.4254184621460951,-0.32732251187483086,-0.2243466781947005,-2.7242507378209693,-0.48903159339701213,-0.4342817084116552,-0.23602323003670148
2025-06-11,4.413402559645088,-5.942773960069303,-0.7519320430521184,0.5582450981989203,0.49446505889670506,0.44898670126882406,-1.6995383800940673,0.18436107707341715,0.2135809937139463,0.2411336033144527,-1.4592825861007364,-0.173374464355765,0.08786031019361498,0.13272074586815047,-0.32705889722809545,-0.3755237076289904,0.01140175412676208,0.04486138240275483,0.11575530535452838,-0.5895975037091818,-0.20882186153743318,-0.22142385726205782,0.564068920970624,-0.41573799903285974,-0.3293429391604561,-0.21544687658749667,-2.681976320562659,0.5663195283685005,0.4056569177550313,0.45905003138520445,-3.563727154359418,0.4011191250058656,0.3565269907402751,0.29902790933597323,-2.4573651938139998,0.027715334824356428,0.23856193346077237,0.3374396098325673,-0.732237980979936,-0.23400218680272847,-0.0006763196903781946,0.09910783590466911,0.30785450700063954,-0.4986775533780702,-0.34649644688210895,-0.23033729914432835,1.0604125941448324,-0.5348980337668126,-0.4012187024813952,-0.2477015893677168
2025-06-12,4.356250191631514,-5.715236801357371,0.18995623764704322,0.5310727273315148,0.5106110515943008,0.4601262857864794,-0.6710557256017811,0.1908714840428865,0.2965216312378883,0.250262970026773,-0.04373358478096323,-0.1619139740579304,0.15742403335301855,0.1351793246829404,0.15819578771716797,-0.350201630821599,0.07896115946204053,0.04624190285071726,0.2518882283476544,-0.5776377956333536,-0.17546774542520485,-0.2262602418338931,0.9825882039977791,-0.42009994813576745,-0.3287750779770218,-0.22590054254224237,-1.113888081037988,0.5883779788932116,0.40907444630111833,0.480985252032928,-2.3931653294642117,0.41485267894591593,0.41969364755475824,0.31434809213028136,0.4958058719758912,0.011652271143874337,0.3006030880035466,0.33168486677452697,0.5505700450004385,-0.22898861095155504,0.07912680621035938,0.09578594638645059,0.3255645066195647,-0.48777326928220766,-0.3231746488050652,-0.23473055724810526,1.2460896311517726,-0.53158167451558,-0.39952624664051456,-0.2589186801610696
2025-06-13,4.423399998494873,6.714980686335892,1.2670653391543134,0.5789581239630437,0.5401541387557404,0.4694283569405857,0.5367437058827587,0.24477006341923338,0.32983921488375056,0.24826614785073578,0.3508122752921796,-0.1280477720197431,0.19734023997171607,0.1329592852450543,1.1235829572929696,-0.23637123238844962,0.1525735443599616,0.052276921239057056,1.2893632043862717,-0.42931259123792687,-0.10347741719181931,-0.22505403102182514,0.7931291330916799,-0.36000392956775645,-0.314026941329678,-0.22509091320871627,0.15504320792439685,0.596065499967674,0.4007359103553657,0.4743756525047815,1.309053846186208,0.47220086070763984,0.44772579992234784,0.315617159973576,1.6268274849481346,0.03686633415271786,0.34035883757171115,0.3351179269763218,0.7881683260633601,-0.22789778689158507,0.124573794103793,0.0915143953815335,-1.8035930131158047,-0.48561009054504267,-0.3311665241676257,-0.2571214161835257,-0.45398276798828796,-0.5312213751504853,-0.4077837259098788,-0.258056912084902
2025-06-16,4.4521858146859055,2.8785816191032154,0.037847547984806384,0.5728215095314357,0.5288571635531306,0.4692442993130669,0.17029541400490245,0.24336311294622914,0.3091747770275362,0.2516946140482177,-0.3703654153683905,-0.14218795275449092,0.15766264675856384,0.13067030339323682,0.0021510833161055842,-0.26517993530909517,0.12597999359934148,0.04618071745490525,-0.038186980466671905,-0.47748038962515543,-0.1130625333741958,-0.2355099621558641,-1.2560701720124579,-0.4025573609343261,-0.3073197807223645,-0.2260189306820845,0.3838518069340928,0.6081185350725524,0.3874759547105171,0.47251601360114615,0.7363814004298017,0.4738022903557907,0.435675023252386,0.31816426421708943,-1.3023841244239776,0.002001553046569397,0.30508742272295614,0.32873263004408404,-0.4306182477593152,-0.23621291372370323,0.09511642557200484,0.08313840668591649,0.5073503723585311,-0.4689314456101713,-0.3632304556931029,-0.28707062253140136,-0.35389026838233284,-0.5510247952911911,-0.4041078782743965,-0.25716534879167136
2025-06-17,4.38983247734275,-6.235333734315507,0.7219077340643167,0.5142424938258404,0.4637350839239926,0.4602496173846536,1.751778414179734,0.12226445294980776,0.18889095409121698,0.23308531149812034,2.488575209502669,-0.2393790866160023,-0.0005135701605960456,0.10569854357962304,1.9614663519058242,-0.3350536899251353,0.0034534664216272393,0.0255822916597193,0.3522899102220798,-0.4733596836116767,-0.13865868844420517,-0.2370242712892789,-1.4361923327871038,-0.2784387220974384,-0.25075244655780987,-0.20407616437467008,1.0217124342448125,0.5544549239807789,0.3242075918961171,0.46316282295641786,2.0316494857902017,0.39445870972185565,0.35874993522288967,0.30230168636764565,1.4440103671710496,-0.058501727156717205,0.21662757760120013,0.3157896297195163,1.283481904443616,-0.29059596842668806,0.0016826727258807204,0.07281583181455652,3.3205834847696,-0.5073530276139963,-0.39655806715594794,-0.30214381109154614,-0.0671285173426881,-0.518270381837756,-0.4024928601395548,-0.2602012287502511
2025-06-18,4.393826528592622,0.3994051249871511,0.4275075457239934,0.5140177651986971,0.47049953173071407,0.4492039513984797,0.6382834588147552,0.11911508245557559,0.18610030136176417,0.21809594235334367,0.15522501060760963,-0.26457228182693776,-0.014404105282072362,0.09101998265689032,-0.010700201062953552,-0.33956388508347213,-0.012747077056358816,0.016280257245041917,-0.48027124866320947,-0.4691138752523022,-0.21016228416243854,-0.24320900964645012,-1.9343396675024511,-0.27628221290001137,-0.28204275177088317,-0.21280769947213354,2.321214016422838,0.5418534122933547,0.31797671046075193,0.4572959240231765,0.8215452652092448,0.40857992934463444,0.35629888723066694,0.29736647475554034,-0.8680123535959071,-0.0813222862716616,0.21108266347478968,0.30554779950283023,-0.03385125303225278,-0.29718313046840933,-0.008464976729138471,0.08572080281209203,2.190734704650675,-0.48251683329697265,-0.4495844171727265,-0.29590600954785506,0.20158226861811213,-0.5429761533312213,-0.42475392096300973,-0.30674364618570704
2025-06-20,4.374136372829327,-1.969015576329447,0.22491887295073598,0.43701242881031643,0.46936389868103395,0.4488926362949804,0.5272607255918521,0.016949212898637874,0.18055863025877772,0.2143748892299995,1.4825673555997312,-0.33698692096951893,-0.02757602749603503,0.08433659284123833,1.7131217007336264,-0.34414900824676137,-0.0275699579563895,0.009816857930569058,1.167136497224054,-0.36640972202613115,-0.2199734808937247,-0.24806509872101343,0.1424850575004224,-0.19635821299791992,-0.28291724232425597,-0.2241303740473675,2.778695553288083,0.4336084526344618,0.2990366971476824,0.44976631387036853,0.03442582156384644,0.24829125678042938,0.358290331443646,0.3006023576492826,0.7749557797769536,-0.09199378107590896,0.20536477565017883,0.3021188474072901,2.4667017484421923,-0.21111881888121087,-0.022894366540446562,0.07515415831305267,3.125771484160429,-0.5770917861457769,-0.4500263604528718,-0.3103138449632685,0.9406408884615582,-0.4828111909010624,-0.4274216075763768,-0.32014547711828656
2025-06-23,4.32098273323695,-5.315363959237729,0.14074881620977586,0.5309689400489449,0.44007354900309603,0.4460299952326192,0.11286612657182715,0.11049920919190329,0.1456044379860874,0.2117177980820399,0.7932545582409357,-0.3308730372448254,-0.07602172347959582,0.08145840187301745,1.3467067465153792,-0.34828666744214704,-0.08798548893408116,-0.004815975597691737,1.1516591140508818,-0.3811354999853,-0.29029731688082633,-0.28858442824618696,0.9729185602392928,-0.19345365357904606,-0.3489584843210832,-0.23269094643822133,0.15325525167660148,0.4138409045333835,0.29648648435092956,0.44846336818979987,-0.2186693423797888,0.3514952112730172,0.3166784794037799,0.30280728751395486,1.0924953283836696,-0.06181298903066648,0.17524134629867058,0.2943537801069229,1.142137185958736,-0.2037916928553848,0.02262872448574845,0.0682233476389404,2.525226279746529,-0.5925744541280438,-0.4532231680277859,-0.3275741017717995,2.3513307857839427,-0.4876709739345397,-0.49572828323298657,-0.34808831064778234
2025-06-24,4.291558920352364,-2.9423812884585843,-1.8699099299948256,0.5381105854333531,0.4386129214654417,0.44730563912506516,-1.3833711979883105,0.15315853011698113,0.13008196122239118,0.2131037623965613,-0.8267808383364512,-0.2903624191240452,-0.07715485849609027,0.07837999259301162,-0.3600957806356928,-0.3109566357970728,-0.0692726933529536,-0.012589624764837212,0.6363103953936702,-0.36841413492496444,-0.28035197801837153,-0.2925038319024192,0.7556245272861823,-0.20841166157809332,-0.34491627993926427,-0.2331629177373021,-1.6096194706423455,0.4455661277689088,0.2852590599809492,0.4478595025182377,-1.4436145811749763,0.43398336169214685,0.30770732649337823,0.3012788363920733,-1.0243102190947013,0.00672343095481856,0.17949318598118197,0.2912232319176377,-0.2781151578775356,-0.165262159689125,0.04818455448599236,0.05908246865646724,2.2375736033957443,-0.5851032880187629,-0.453491415605845,-0.33431624274366845,2.220147985253779,-0.48361971613836113,-0.500150892828169,-0.3574625496541336
2025-06-25,4.291559687258605,7.669062407344995e-05,-2.546784780419901,0.39767750190395196,0.39590789294331374,0.43542855900737903,-1.8441872763546145,0.05774904909971541,0.09831375648786458,0.20767471977927543,-1.0155205743776223,-0.3537511644797997,-0.09642931384914831,0.06441059100120756,-1.3202905533041727,-0.3133117407818024,-0.0848231712113704,-0.027924768784413145,-0.3018003211260769,-0.3140617921218009,-0.27419918468684307,-0.3216438098879986,0.8164162304737888,-0.18756990610871027,-0.335624847688706,-0.26495896232786,-4.964605719038502,0.28232158836752025,0.2448631655345893,0.4118033409639213,-2.6290918884586305,0.3467323912370167,0.2793254880858138,0.2971266870494709,-2.1251748939592834,-0.0272152350521329,0.1676190089576914,0.2827838659283797,-0.6063162987324477,-0.07846382368940426,0.04627426282812837,0.019433892636379697,0.2018912895598728,-0.560291157779752,-0.4346676222830028,-0.38040583929185245,2.3449938730353628,-0.44341948303095013,-0.4844780475647657,-0.37082523784217997
2025-06-26,4.25242994506129,-3.912974219731513,-2.9861690493297983,0.4026796743897149,0.4118115571268813,0.4409569795680358,-1.248954119049818,0.10113207512773106,0.11577490968776989,0.2148716808386202,0.8651065908757438,-0.36096863075266344,-0.12364257405330105,0.061205292189052456,0.6646005168554243,-0.3366610654167452,-0.11839370206844214,-0.029120693004100497,-0.31255558441862386,-0.33564859276213665,-0.2729436391023852,-0.31798720312841955,-0.7048804328601603,-0.2510661895211618,-0.30205174888647107,-0.25829698813811325,-1.9698974903594975,0.28135860667053875,0.27092275106227126,0.4190527810746911,-1.835388590919485,0.37333486414968303,0.30795195126096314,0.30301349683588835,0.5565820687397984,-0.031418877464659455,0.13730570796600014,0.2808253769191468,-0.30459383049414424,-0.06785901492839444,0.01831641787086569,0.02524552123239031,0.46100465019649595,-0.659898734218843,-0.4172178244918888,-0.38492678333476266,1.7074426663920192,-0.6355403679985108,-0.48057586791076834,-0.37631081601200217
2025-06-27,4.2817616771467355,2.9331732085445594,0.1378362563791104,0.39643983334624805,0.41255336208420973,0.4420122822982758,-1.0430287998019951,0.0462385987737756,0.10501638288773932,0.19207811284345402,-0.9348686922637439,-0.3809514962756237,-0.13397124970135244,0.05099394557952149,0.2629021354076883,-0.30786893760725637,-0.11621681143323503,-0.03745891184476913,0.5366226687234505,-0.28471386743601773,-0.2645485865062613,-0.3522823617565231,0.7098503183131037,-0.17366505961538115,-0.2910176746179086,-0.2726039900071433,0.17947836277834883,0.25558447016688346,0.27875188438404613,0.44826270632209886,-1.6268284798352415,0.33504785063138975,0.30017136136482514,0.2895665500487759,-1.2073526575525089,-0.013687314789575446,0.1263826655656474,0.2534788903307344,-0.02921495399565438,-0.15600908734112431,0.017045705290690306,0.013668542259570447,-1.6497416321110911,-0.6954941808713003,-0.4234450968570145,-0.41282461887259053,0.6761564529785984,-0.5941604264908398,-0.4740220936073005,-0.41073506867776977
2025-06-30,4.225071864786028,-5.668981236070714,-1.4583882812505184,0.42996963340140854,0.46914841381839967,0.4521974266158625,0.2738829158245215,0.018995928129713475,0.09724726648516348,0.1911215523247598,0.9822124762314306,-0.4312027850284745,-0.14248108501200218,0.042707551530324496,0.5320132858589666,-0.3274046977505637,-0.09018491389883057,-0.041645887093239076,0.1539426589084063,-0.2782695578320808,-0.23368768000583057,-0.3499814828706848,0.7997247580084159,-0.21228587689560355,-0.2720483845032445,-0.27473260640139435,-1.7133542516078846,0.2859972258271236,0.31774601905520866,0.4559089434174599,0.23541688666744642,0.29807725556251075,0.3106453484714269,0.29654942480595964,1.0766847263655137,-0.060687385752090504,0.12578515290667772,0.24691652750148171,-0.5272915723030912,-0.1262013119775997,0.03874857476000338,0.008527137177827557,-8.705235900044775,-0.33788520912089254,-0.21662079942414136,-0.3033180452325918,2.366762955560432,-0.6183435323322604,-0.47379802257280523,-0.41530326564102255
2025-07-01,4.24848482939268,2.3412964606651876,0.00048811266393278263,0.3818362331041321,0.5162308317841989,0.44629365679644034,-0.37563614864624884,-0.017180651618450064,0.17604432747716778,0.17100262730779006,-1.298008719470595,-0.46170620166515247,-0.14258242740962634,0.02468029814126658,-1.193525145937879,-0.34146497923039115,-0.1605062768406488,-0.0613925628434778,-2.069475970179632,-0.2629925442762795,-0.3143882758923946,-0.33816726660318064,-2.5738331406913124,-0.2337901284282396,-0.283435384144073,-0.23807056305367638,-1.1423022103937843,0.23244342023111972,0.3146620969219485,0.4702429089768963,0.41936232012176355,0.2819882769605043,0.36163490142986365,0.2971228330805233,-1.7663085948820878,-0.1385461209413675,0.11932160204336259,0.20605775340742274,-2.1292152707693868,-0.15824465802977922,-0.06411137566858927,-0.035445317948135206,-4.9881908926448855,-0.3336245649666649,-0.2836151193369522,-0.34171905267136826,-1.3063128231258239,-0.6075584663380046,-0.505920287094081,-0.41168691962151227
2025-07-02,4.2905884237103775,4.210359431769728,0.6059753796600672,0.4076508002503137,0.5171607120249372,0.47383987479312556,0.7509338432886241,0.03535088252830425,0.18639401097228417,0.19720279728423545,-0.052059922694377536,-0.45005282300840493,-0.136755814287578,0.015321022346286286,-0.5011123290048671,-0.36439488379396634,-0.18286171637482052,-0.06508480829002247,-1.017178542799136,-0.3317534709829863,-0.3773478993693855,-0.33255673864403734,-0.18895935604775693,-0.231708340688721,-0.2873896344361845,-0.26227895466829826,0.8694689361923725,0.2668769238330912,0.3136759928912797,0.5008625161951858,0.7920030744002527,0.31365415210304814,0.36374527390906547,0.31405554165450184,-0.8671534541750925,-0.15217858170255025,0.11548091247247408,0.18002388404018627,-3.2080287482373313,-0.26178610742288777,-0.10980213504213296,-0.07124605165400591,5.8566676498710715,-0.18962730815310386,-0.21858216682346368,-0.28756968608160915,3.396303100404282,-0.5005140817866179,-0.46371529624229446,-0.38934139085044794
2025-07-03,4.338832411429868,4.8243987719490455,0.45329602999864155,0.493325202045224,0.5160617235981518,0.44160338477053745,0.4088084890358733,0.1991118121138248,0.1859049671679259,0.12021160629934646,0.3021229753333152,-0.40658637215325844,-0.15497666695992668,-0.08175831373730795,-0.27442353766593086,-0.4171831975546938,-0.206198146355926,-0.13121835883250535,-0.2992097361216659,-0.32734790543286296,-0.3825185038150319,-0.3856458433405844,0.7089430764283088,-0.21314909587321568,-0.27359927822737573,-0.4448740648444366,-0.6818230956812356,0.22905295030107145,0.30324524684416343,0.45656542349428103,0.05846538410467517,0.3411108040818996,0.3533966026911492,0.2568916361690283,0.34132733560979683,-0.14924363750775094,0.10380655465830843,0.09013335767451937,-1.1426443991036448,-0.2540766643893125,-0.14704653495790543,-0.11294742186468697,-0.19031657739322078,-0.17945826211868124,-0.21925936562791792,-0.2970238217482307,1.01639130761016,-0.4940318569288081,-0.4777466060013784,-0.4337079705277292
2025-07-07,4.393263097646857,5.443068621698899,1.773417274706237,0.5489115885939605,0.5201416920714974,0.4067993767101934,0.42635375102464645,0.21965250356122915,0.1767450736996567,0.0801978381803383,-0.3887041227858753,-0.42454859855237426,-0.20089588058107175,-0.1242375265065179,-0.05751618524497282,-0.4231468512051113,-0.26641463508544017,-0.14850886449964798,-0.2640398117986784,-0.35341703030449023,-0.4176790648792578,-0.36943049457937993,-0.1433305122791264,-0.2597445793610225,-0.2628974848093923,-0.4253861670857999,0.6294597363263984,0.2552785695824721,0.2900453222333689,0.4214837468685308,0.8006388616122401,0.35746643015621127,0.3408810037814193,0.20870301913842484,0.5219370358739408,-0.16170165250199778,0.07918478207948186,0.03940987024642032,-2.9194696593913507,-0.3605847909573686,-0.21199153240098662,-0.15075649191805768,-0.6057365661734926,-0.1654978159818642,-0.21368489039791888,-0.2856117426947689,1.1498575296820193,-0.4789992556190934,-0.4731745791360124,-0.4029602783608268
2025-07-08,4.415138981897207,2.187588425034992,0.31216267492582084,0.49035412499215286,0.5409665715335589,0.5091917225298217,0.061627297084480004,0.2424473373189122,0.21399339875321985,0.20110069132713232,-0.12231040560329287,-0.30600923612217457,-0.2245387433627822,-0.013143422014945436,-1.4585077115812097,-0.329046340062911,-0.33445518465808977,-0.06477147164515883,-2.309233858578672,-0.27347696509563957,-0.4372806474160551,-0.32070864017075146,-1.7938382237568762,-0.17603697399081716,-0.29466422430799477,-0.3964169128047703,5.183130286937795,0.25870163052257555,0.3663143319219516,0.4453725148905303,-0.4665010795760946,0.4089838389875512,0.3762853873108823,0.3408424627157013,0.22527959818164256,-0.09545282389959958,0.012894101506803616,0.125688413255859,-2.058778466547891,-0.478881083980916,-0.326927064007264,-0.10465215560642303,-2.8828390287781414,-0.05415720437611563,-0.23069061773889446,-0.2615975573241479,-2.8870674473832065,-0.2256854366018057,-0.43339428601147767,-0.3826701680948361
2025-07-09,4.340847319379174,-7.429166251803299,0.5414665573382753,0.3949379853721707,0.5129596690374285,0.5351052916289977,-0.5954351590705247,0.23406356273761156,0.22850764151108516,0.23035634135883357,-0.7176119722044032,-0.2236759202471067,-0.1907454831195334,0.0005056765203542504,-1.3927541822991905,-0.17643532047792748,-0.269690397407724,-0.0434741007938747,1.0066562025952321,-0.3417780593618596,-0.46545180587478285,-0.33358652306443987,3.0029600013367106,-0.3170805761908145,-0.3544666680956823,-0.42464759383221357,-0.31675200660799324,0.2662243497693183,0.36610457136971425,0.45590753612414103,0.03203363431760953,0.3459438510413809,0.3692665636234351,0.3719406695938724,-1.7815641743454338,0.007632878693190745,0.05730985823313001,0.16015267528445756,2.19103609008297,-0.5399325468010587,-0.36927562936606073,-0.12726948235257698,2.789149277187629,-0.12215552424138941,-0.2622175115294081,-0.278633757822499,-2.0226573483515615,-0.09659198878785918,-0.3924477746151446,-0.3751040241939214
2025-07-10,4.34481303356332,0.3965714184146485,0.2829612995594528,0.40413041612266787,0.49151239426534477,0.5322664160292924,0.5425237084311265,0.24495250203097474,0.2004775638403675,0.27996953110695744,0.48376936534280635,-0.23594470531721587,-0.20853820074099794,0.10247347069588526,-2.0010737041624473,-0.20298065510684263,-0.3069807511852894,0.07144707155453033,-0.3458886177946656,-0.358325423076243,-0.47493769288773957,-0.2591467846715222,3.474122464276713,-0.2545155706652514,-0.28345485781545016,-0.3525816204849156,-1.1355891360240857,0.25849893959950737,0.3936064939317169,0.43193607293062475,1.5316776991720864,0.3466660936704969,0.35843716028393563,0.4088261414057261,2.4957298153788474,0.026038112459247368,0.016542081698720863,0.24669474258353358,1.5194808392169663,-0.5356346742697844,-0.3766077341120053,-0.037508268982621266,-2.1236447656358264,-0.1303734630402131,-0.2303482027741904,-0.23202873987100225,2.484219548931763,-0.09785901949965972,-0.3629636401644589,-0.3638293506209313
2025-07-11,4.421266391525509,7.645335796218866,1.440923593263587,0.4498871856541235,0.5008972181505997,0.48234562398970765,0.5042291611596257,0.1953012041208589,0.18694899762136338,0.20769223125180386,-1.2452867135201635,-0.44727549538203804,-0.28046204704054234,-0.023370427692722153,-0.5145610970699137,-0.24724785936280733,-0.31271195049723216,-0.051843319298181596,-0.7633005799365725,-0.3930278367041769,-0.4828191120758514,-0.2526653974459276,-2.31460099319993,-0.3467235073581751,-0.35331604557129087,-0.3239628141801718,1.4981978182352,0.24330225128122426,0.40359451488502934,0.3539163946975361,1.0958683708497015,0.3013176239454887,0.35751915989128613,0.3431965386936118,0.006433571315257569,-0.08453162728643812,-0.016031690350406184,0.16717346849384412,2.5588984250512863,-0.35914274427340376,-0.29076376380360375,-0.09627983969081885,2.0555443033824163,-0.06626319029334561,-0.21124394509241856,-0.2218559416759325,-3.4017513455530004,-0.2641277238602799,-0.4196133759721741,-0.3587326797976058
2025-07-14,4.426280766659642,0.501437513413272,1.4715162489007363,0.4676235277461349,0.48985273307404875,0.49817707016482643,1.6923937570523486,0.14397774827019472,0.1801169004752593,0.26574984201967117,1.0211409308764097,-0.4605692307285228,-0.27180021370778984,0.021035893240572645,-1.132203277530867,-0.240083717869442,-0.30066332279701463,-0.008085202845815829,-2.6275264121610875,-0.33891556046723414,-0.43990626820244005,-0.2233331132807575,-0.12200616733032632,-0.323891982712518,-0.3430852752971311,-0.30848345134127864,3.1596908937764288,0.2086501320410239,0.38805510313244496,0.3448906985053837,1.3896549387012957,0.20291073468388224,0.3458099863526102,0.37581144822507234,0.22308921742096954,-0.059930783108943154,-0.01782051667796097,0.2182037026608687,-1.1584175375250303,-0.34822642332619214,-0.2862081693407325,-0.05324532557734367,-1.5677975937912318,-0.06550950866358277,-0.2056773447581672,-0.20098606067973662,0.4896767630323646,-0.2515883363643224,-0.40976784496915974,-0.34793597953231764
2025-07-15,4.4882973542815074,6.201658762186568,1.6005612888140865,0.4769000251528387,0.5220140392401083,0.5213804373744588,0.47312906108374503,0.13782469520161988,0.2086609232887121,0.29003775561279155,-0.6959623189052321,-0.5321516623928795,-0.2834544345074278,0.032560914871316175,-0.7260491364121777,-0.3757650773703461,-0.29743201297247385,0.01192908522860777,-1.5201084743305504,-0.5353265179159515,-0.45913475128620845,-0.22512579567631957,-0.40468312991491034,-0.3839715544877185,-0.3469339843257833,-0.3210402346667379,2.5934939992614146,0.280312988885065,0.4227355030832368,0.3569411432150644,1.3548443495154714,0.20111206903791626,0.3833133888929645,0.3978260792529025,0.06548940598040964,-0.16054238947030636,-0.03695221219984412,0.2331939195231014,-0.05980595991374704,-0.39270774300722533,-0.30108821098850586,-0.03207590996920638,-3.4173175592483327,-0.09483506562751567,-0.21955748657861385,-0.2133437399290394,-1.7509858768606112,-0.28975241049739475,-0.43276071577363695,-0.37048877535039243
2025-07-16,4.454302284782657,-3.3995069498850228,-0.35538976539676004,0.485845261842005,0.5238454215289554,0.5131208201349823,0.5128067825581296,0.11549343309728238,0.19643464931688015,0.2639935011356036,0.3249130539045453,-0.5272248571605231,-0.290875638368052,-0.01181851976492965,-0.19568451714128063,-0.3815925871472865,-0.3042813045584847,-0.011607794673299764,-0.8494394471694199,-0.5230085391297058,-0.4533929893812114,-0.22493932268955125,0.49530575479093764,-0.3753816709758961,-0.35872938040383157,-0.3158585840389825,-1.1688301307240225,0.301832997359033,0.4336598383396424,0.35126401595136986,-0.03954859355197726,0.19125929711960574,0.37998617937619233,0.38321105438959996,0.48243450226223394,-0.14899943091478204,-0.05002636432672591,0.20461548275967562,-0.7072940819960378,-0.3718011964860672,-0.2888659161659087,-0.04584437647616887,-5.443946487511774,-0.033211320358026396,-0.17549090385403826,-0.1940248553688996,1.3423910903740992,-0.291319657566794,-0.45016637902280415,-0.3720172237502316
2025-07-17,4.462344833435544,0.8042548652886339,0.24228575411401568,0.560880399626478,0.5169073744268754,0.4862645524579488,0.10770689821417984,0.29081528539607127,0.1773023376833467,0.21141501532794058,0.3449285612948282,-0.43325811891715155,-0.3027421614987451,-0.08854778821076295,-0.6756134486071821,-0.27159403157772777,-0.3143400096935804,-0.06753767018283553,-0.169318234980296,-0.5015894520378714,-0.4580681328760842,-0.24186236170813252,0.4382866108543319,-0.4824201366735281,-0.3561742360147899,-0.31311722507472145,-0.39280003206772446,0.3447814947685441,0.4205804916409682,0.3237485176126271,0.9039553538573974,0.3537798945689617,0.376229710747383,0.3577500084406886,-0.2222340556074272,-0.0608338861163829,-0.0664087797921927,0.1561791390644286,0.20303786766366017,-0.32603566477613793,-0.30095046206545367,-0.10125233806106383,1.8624243717479037,0.05349518193234005,-0.16992321200812677,-0.19482230671417175,-0.9304498258822096,-0.33519938921729264,-0.4403631704227805,-0.3690893542472153
2025-07-18,4.430479692914703,-3.1865140520840995,0.5245295628729687,0.5338911962928787,0.507624727891819,0.4826333061384166,0.9204296231215625,0.23760690009946664,0.16115920978990528,0.1978441450543409,-0.5746124427175686,-0.39568367807229493,-0.30923044452689874,-0.09862868722314956,-1.1034317682267327,-0.23344371432158917,-0.29681281381276103,-0.07158018503285647,0.28572494902303874,-0.5145865480150648,-0.4614334966520079,-0.29782451867226445,0.1169277163704733,-0.49574224095636954,-0.3579035144131162,-0.3383534821324693,1.1025477902561753,0.32655954738449133,0.41177434339060526,0.31389123188412515,1.0654448655650879,0.30768133460153296,0.3752476188808097,0.3462032459255815,-0.6624367353389593,-0.037978443731589116,-0.0685536277786232,0.15654467117194526,2.6849702671094593,-0.3662518312416404,-0.3171007369345251,-0.12455674098455613,0.021453169262419136,0.04617661871241441,-0.1710266104082876,-0.20986048048556732,-4.3653238147573985,-0.19690276155784897,-0.39024255991408313,-0.3519340426242079
2025-07-21,4.368788524711643,-6.16911682030592,-0.7102765425669568,0.549187503656167,0.4814339373453973,0.48804792344314657,0.4930189962486464,0.20239756933754638,0.09256280103870076,0.18520710276598326,1.1066559938610945,-0.45340582745155156,-0.37965960787992603,-0.12144825671735064,0.6216290177023072,-0.27978200119774804,-0.33435200188614744,-0.08610022226917473,-0.4653202710968256,-0.48184608129689466,-0.4240840386673801,-0.28721114915293694,0.4063634496973634,-0.4834175216789113,-0.3294188897740648,-0.3399753049367127,-0.6934069311930304,0.37935100875063293,0.3886309953628316,0.31926945417738395,-0.17662724002663677,0.3076972513659821,0.274012652988027,0.3467429411308206,0.9947077838401792,-0.08653645130949812,-0.09394210845024917,0.139209635093739,0.46646497226088635,-0.36030084642692783,-0.2960933222967542,-0.12790717718434147,-1.6277836780228732,0.09375487721021032,-0.19081613239482473,-0.1923103596365054,1.1653372155431838,-0.20889407354836648,-0.35014098124472204,-0.3583845200939348
2025-07-22,4.335105101369666,-3.368342334197738,-0.8429754981689638,0.5897509101563243,0.5425771031904734,0.4793345514210328,-0.2490807103666906,0.22543268400799862,0.1728035384625204,0.1636611368121254,0.0989738024458752,-0.41611371661136975,-0.3648440692006923,-0.14865469253048916,0.6475208576130553,-0.220478143240082,-0.322469618080077,-0.11353067065182483,1.358929653720583,-0.4566120931365345,-0.42198948186017515,-0.3217024741917718,1.5079093579855969,-0.49102035901097973,-0.325210127177516,-0.3819649619975817,-1.3464065649579968,0.41472632967551226,0.3881651113210762,0.3275064321025338,-1.027231814510973,0.33070072993597505,0.35152133496312865,0.3188179252294624,1.3255249976471455,-0.07227533160095878,-0.06558175814514688,0.11898285753469183,1.834006313550288,-0.35874464779152815,-0.29090658285499477,-0.10123726271656555,-1.4139340736527712,0.17150504147027587,-0.17770360924345238,-0.16997689413641429,3.050435381596243,-0.2016987889555724,-0.34530805701152445,-0.4041270734453437
2025-07-23,4.386725422173499,5.162032080383305,-0.40551996143525115,0.5376553205269519,0.5354361554657342,0.46325051977200427,-0.548118163886784,0.1289347386761508,0.17140360119721643,0.13072694592825693,-0.3411101066795488,-0.470373199238753,-0.3494136647081303,-0.1626776097030695,1.5875925391278747,-0.05468977278589557,-0.23592718134621704,-0.0722965370165021,1.0571231756375454,-0.31920575534416207,-0.36198776757141604,-0.28387675520959677,-0.48421812128288577,-0.4945638796319812,-0.3390786571629164,-0.3805321966855516,-0.34670550998116156,0.3778938315681312,0.3920732301756581,0.3060579310799149,-0.49276145784564473,0.2614495766404157,0.3818007769615583,0.2958852095399784,0.06358165798390403,-0.09969660162856185,-0.021838143865702656,0.11576716786169608,1.7730141007669216,-0.28256311975982895,-0.2320731004206249,-0.06824393627662474,3.268611755988544,0.27379106797100705,-0.1214580618821357,-0.13764416325714676,0.155416206355248,-0.1726699091276196,-0.33484749449464585,-0.3991400820775879
2025-07-24,4.406671857756224,1.9946435582724575,1.1166831495782592,0.5991203819335926,0.502678844966156,0.45314308114638147,0.5398582518640993,0.14534760575319364,0.12418762494104699,0.10960696890122723,0.13863615207825597,-0.49181402505824307,-0.3908882821755301,-0.17911863135220268,1.9091854560463584,-0.01731418666619263,-0.19546574474467143,-0.07013802351207926,1.6462454763740542,-0.26203377239403536,-0.29604209125414344,-0.26045709481799284,-2.2161641202826208,-0.4893583712240165,-0.34564360265703975,-0.3763645255069427,-0.863678454597379,0.41897501259421666,0.3484015130675747,0.2927029675840169,0.7848106065652225,0.30354183211703567,0.3499798870352974,0.28148967424683086,2.2644455256012033,-0.07916712538446656,-0.01930979770085678,0.11439892626923882,0.0067380692982430546,-0.28374302714662686,-0.19152606478372708,-0.06983085541810555,3.3988444738800636,0.28563994697493206,-0.07392549118481052,-0.10866293288038453,0.6746593790403872,-0.16653117715548452,-0.31544777222793136,-0.3899466107266162
2025-07-25,4.384842641654389,-2.1829216101834525,-0.5264545224251811,0.6194176552621624,0.5074204263616584,0.45657190976927714,-0.2751660868274576,0.06491416319394759,0.14432418878466846,0.11007753851504865,0.3473183943271293,-0.46677487314171884,-0.38764788925803606,-0.19350693945547012,0.2064005315648032,0.01597845698208003,-0.2062720409103661,-0.08735235215027148,-0.6541595137179865,-0.25562541234657254,-0.3119810037142529,-0.2585383161680715,-1.3878856914283133,-0.485100076346687,-0.36371907937548154,-0.35310923678129674,-0.9311453509765746,0.3932863412353861,0.3447358896242034,0.30426543731026806,-0.6201532137749401,0.24904492527838162,0.3641741661876834,0.29540418036090293,0.0006480940939811441,-0.05769855679814802,-0.007799770104584078,0.09515557726414385,-0.34578014827545667,-0.29066060556334394,-0.1907542993571362,-0.09199880503327511,-0.5096870532691152,0.30815385785030097,-0.09893853542511187,-0.09163778179280954,-1.5430738475962622,-0.10434288219751205,-0.3745981177549203,-0.3708955747850233
2025-07-28,4.418779211894839,3.393657024045016,0.3383010805603461,0.6244550292578134,0.4968399551815381,0.4574371216918225,-0.4858893787345114,0.08968506211636042,0.10767805064428872,0.10573734662408928,-0.01935008756777057,-0.4499695608299301,-0.38552390135771836,-0.1941746652843038,-0.013856491103535928,0.010103909805869254,-0.185379848098448,-0.08705097165510407,-0.48409725568710993,-0.28298034339488715,-0.3009612465211361,-0.2619284976620423,0.46486701344678816,-0.4875972434689361,-0.33765865711329507,-0.34805715393797415,-0.4515459499929472,0.3790388678061408,0.3188555092780071,0.306681775816894,-0.31711131823749183,0.32701600003615994,0.35134669748627384,0.29901375077190895,0.3931609455295105,-0.01964828240989906,0.022038471926869776,0.097574135592983,0.12575367207880195,-0.286795468937968,-0.2295721172244741,-0.09270445939151019,0.06508028864884474,0.3219579678403684,-0.09659458240614302,-0.09100452855817581,0.21543787989140673,-0.10934351665482066,-0.35048007552717947,-0.368666008069881
2025-07-29,4.326296951193294,-9.24822607015452,-0.5231862755628705,0.6005434347968126,0.5008360034119009,0.4925814589291741,0.6076062340008173,0.018966183983740562,0.06652977654857371,0.0883777081071473,2.074584075343344,-0.5536554130068649,-0.4717345131398655,-0.23654839490102172,1.7065936918870035,-0.13715928789986237,-0.2544211869126008,-0.11089148324926594,1.4015064460493885,-0.3775313371539195,-0.34899394266275197,-0.282313286466721,0.7882010615820865,-0.4734101234564063,-0.3502769568232019,-0.3390266530551339,-1.1344411175411744,0.3660837626490768,0.3328328809076743,0.33307042684855476,0.8968573577623074,0.21422242436387176,0.2954735913077852,0.28979979604087386,3.508878375536951,-0.2420689341581847,-0.10695114544008262,0.03448579052582607,2.8233580328688355,-0.4345404413326121,-0.30423098624153094,-0.1427079811622087,2.932843778677961,0.0316560897626596,-0.14392001080511482,-0.12659529023641747,0.1333220001027806,-0.03614606308076964,-0.336930599389014,-0.3474867360222955
2025-07-30,4.376958099361763,5.066114816846934,-0.07201037232389022,0.5697403707638113,0.4750840221248535,0.5259003597879515,-0.15828779343019456,0.0033031238659939387,0.05284789581658197,0.1502429236683286,-0.8007043567923018,-0.5900000355266053,-0.4874428588656104,-0.24077839512625324,-0.49160781596570047,-0.13245313350237417,-0.25956940107627585,-0.15973943209282526,0.3049315036411999,-0.33567453832110333,-0.31979832423707666,-0.3227283344724106,0.7576747403543811,-0.44279209019702187,-0.3199684717776418,-0.3316105198258187,0.4863780938122143,0.3873312940913837,0.3235027798087408,0.34005444391057227,0.5141403353046016,0.21674436659637483,0.2936105940721048,0.3312750648118556,-1.8515571721681887,-0.2877291972928581,-0.1532972833164049,0.018317554970355112,0.13499563508085122,-0.42102852542881314,-0.2952859369256513,-0.19486439737019956,1.300329024616864,0.0908704796753692,-0.10617810426370725,-0.14942095156420632,1.426054689220912,0.010454325831924658,-0.2976913071214348,-0.34892714811377046
2025-07-31,4.359077138715714,-1.7880960646049715,0.9970466868311014,0.536593991412353,0.4619590606956368,0.5151734488473728,0.2304505830386976,-0.02986498997977554,0.050487955997880786,0.14834281598391477,0.14503839628567028,-0.5919914814426681,-0.487854967217345,-0.2373586094694122,0.7421045954701184,-0.13969014310958866,-0.26409583346632187,-0.171755831297338,1.6837384836430627,-0.3319404365566424,-0.3269671230795338,-0.34878312822364804,2.032897816064458,-0.44997849310274224,-0.3224174760493147,-0.33479363625981257,1.259218590729184,0.3621570783632315,0.3281094198393356,0.33015810952216607,0.7369852785140287,0.18744758278964804,0.2865927948686491,0.3259219820254404,-0.39345407412248634,-0.2401005520103265,-0.15112484843164617,0.02679519484451563,-0.6842903254299135,-0.3678433883107496,-0.29021268159971103,-0.19051696795934786,1.312897157615408,-0.005590849654930442,-0.11018461654695835,-0.15573054331584815,3.239302833183891,-0.09402425314614975,-0.30846427774556634,-0.3560722280366144
2025-08-01,4.218832905927062,-14.02442327886515,-1.8437812945181185,0.6777570944691272,0.5330267478895477,0.5439948913553142,-2.3245680112317184,0.3779488095466612,0.2605230804300895,0.23015298998271458,0.11298005713292181,-0.5262628103926955,-0.44633165821096005,-0.24651835128306349,2.6125018408424605,-0.37280006761274614,-0.3892768388555973,-0.26777287629084734,3.3639354889435484,-0.5306554970424486,-0.4560581143417041,-0.4396124588503099,2.500073724808032,-0.5514676993664867,-0.4208711285375862,-0.39356628527298865,-0.797541903807456,0.41792641733953234,0.3116958014981386,0.33125917782330555,-5.169952371326961,0.570738295433516,0.44161265854872467,0.4166743569670786,-3.8620553331005922,0.17025725340503092,0.025483257509088513,0.12478654860581545,1.4900067585884154,-0.35790236809183146,-0.31580504885953425,-0.23394160008477355,5.868265120037333,-0.26849175202938924,-0.22379419261602054,-0.23861063258982967,5.882501924529702,-0.3865482535087907,-0.4254127897564196,-0.44429481841474533
2025-08-04,4.197245778567512,-2.158712735954982,-0.8666779925080479,0.6404776317695703,0.5473048947022032,0.5400550969303185,-0.012622269874828618,0.3697710773947029,0.25607556736496073,0.22014810741596993,0.12238786891623965,-0.5121126131171085,-0.45466282958607956,-0.2740698443188109,1.9147655338453151,-0.37710591685181927,-0.3955175255890288,-0.3052222106082063,2.4622331268916975,-0.5186783568784477,-0.4569319723060885,-0.4500500404016914,0.7837575883677945,-0.5534926814367113,-0.4439683386875715,-0.39181942305511525,-1.0608136570778433,0.42288912958014374,0.3202532493784918,0.323052359472841,-0.4762156017611807,0.566749608491564,0.4371293923055454,0.4088367089890355,-1.1059775080206307,0.1695550525201502,0.012642947988853442,0.11180030029701823,1.395249999954771,-0.28029071964352237,-0.33023546336587833,-0.25440070687280497,4.6909862600753955,-0.2604871629052042,-0.2200328211265475,-0.2384934495339883,2.4813588049944992,-0.42465753680217555,-0.4386193219007685,-0.4542700511255288
2025-08-05,4.195272404137865,-0.1973374429647734,-2.857703093546464,0.493597137436234,0.4724771631640667,0.525165421651723,-2.690810259910237,0.2701832332614054,0.24505294511339126,0.23450480880649197,-1.2850628358055647,-0.48480626491854145,-0.3843811719490926,-0.2882152638523737,-0.8416098717060287,-0.3573743617079331,-0.3472930742640485,-0.3431191176522882,-0.6751114895999808,-0.5095106175786259,-0.4317841930406392,-0.4677051694806059,-0.4105087833564798,-0.543337836635239,-0.41149427204858685,-0.40724938218978207,-3.8508219968235267,0.3545934884343325,0.2938146750839273,0.3673913662723374,-4.306250998156515,0.46271932881004213,0.4298195499049237,0.41162945291266845,-1.5950091253396383,0.1553996453053553,0.052392124949876634,0.06825894570829749,0.09883876461065588,-0.2503382981823637,-0.34553051540589935,-0.31933996625360567,0.7890512512983872,-0.23382324545886773,-0.15471229251235813,-0.24345806430997677,-1.8454516134312002,-0.40508546830709696,-0.33632363242857843,-0.4233166843279055
2025-08-06,4.230592752124574,3.5320347986709244,-1.0120953037646525,0.4978098699158531,0.4453626806529271,0.5091551116181657,-2.006508440280656,0.14719792337772641,0.18485612337179552,0.20387792940847782,-1.6788762231030718,-0.5913068537632752,-0.4014606308861281,-0.3011381914690772,0.36489235772230355,-0.45838108807205036,-0.3339208084252136,-0.34138580944867714,0.7633975634023678,-0.47637521072223965,-0.41740909381886265,-0.457943001586197,-0.356685222602688,-0.5018011278550153,-0.4133884666105361,-0.4095256365780434,0.25365999018499874,0.36984775168157324,0.30511185425150833,0.36724045500866315,-1.3776204664613276,0.4443521387450659,0.4044096558029009,0.39688883108279116,-2.3389622560739936,0.02780685050101729,0.021606416454359262,0.047248659085037004,-0.9240638367187519,-0.23459722031884359,-0.3523379492555253,-0.32733809844657874,1.0048412357447356,-0.18737530542298297,-0.15110314576732822,-0.2395178901806654,0.709402783359872,-0.48627601357352357,-0.33667558479609244,-0.42633665071196397
2025-08-07,4.243232223015553,1.2639470890978721,1.9467717599351357,0.488020872275037,0.4486751762105782,0.4905372981251092,2.1564629587623423,0.16219436652456679,0.19542427579626365,0.18704330690700754,0.985153756111437,-0.5613965576988976,-0.4024690146082536,-0.31111526065505685,0.13479699857699234,-0.48893873017086736,-0.350460104995866,-0.37026186028383645,0.862620892277536,-0.46524406247958894,-0.41618162089318966,-0.45627508239588677,0.4079122506458557,-0.6092953223405291,-0.418671801615234,-0.3894485777088413,2.802213368682801,0.379187055314595,0.3101705132640781,0.3881489876637254,2.327053671580032,0.44722520390397286,0.40609062962677434,0.3905230176922165,1.6988728592304412,0.03319926123628907,0.03059927082967149,0.023222726964916868,0.15957104959872037,-0.2497114951121194,-0.36935500887825296,-0.332937001659284,-0.23253450035830348,-0.1880901899376548,-0.153969604209005,-0.21654399613844105,0.10232837870767941,-0.5051716190097058,-0.35264673200471197,-0.41360125310374446
2025-08-08,4.281964583582945,3.8732360567392377,0.6606489262963327,0.4484430119165694,0.44809741754010646,0.48499033526143526,1.0108755572974528,0.17023000231368976,0.1774971748475011,0.18022122725651,1.356053696235581,-0.3995040380927521,-0.42414833850307215,-0.31521501958291015,1.1618603257205569,-0.41292603668174704,-0.3419031293391742,-0.3483368944943135,-0.40296972426883326,-0.44906086759356756,-0.42881040071428117,-0.45478698989294375,-0.5173545790817278,-0.549234869450549,-0.4229910644978329,-0.4087159334210252,-0.2561298259750622,0.3201866124700837,0.276417331423074,0.38099473882999085,2.9896949045701695,0.462255598324236,0.3952507551079234,0.39486787982826765,2.6729350966317504,0.10300088691966768,0.02482685904736865,0.025918240959149387,1.6301311978949664,-0.378139413208711,-0.36585554092216654,-0.31651207718390695,-1.3840831605520383,-0.2745422153627324,-0.16817832667305155,-0.23548830907358642,-2.4938932315637183,-0.4619986295154742,-0.37147765554306517,-0.43439388096794757
2025-08-11,4.271298822955653,-1.0665760627292187,0.298661654500623,0.45068398383189895,0.4593958356117121,0.4792673608181575,0.7149237159185011,0.1571876575683418,0.1584528222133241,0.17347108081052792,1.8817647706637983,-0.3916359369814679,-0.42501037675798825,-0.30890547509785643,2.578995182820877,-0.38821570822354345,-0.3387398668143583,-0.33083455035080167,1.058409847247098,-0.485671473798477,-0.433555680182379,-0.44878953945677613,1.0449847038753277,-0.5423757100142559,-0.41427349883193315,-0.4012848298812852,-1.1952131304385964,0.3315063923042591,0.26629494027125256,0.3735088706529541,-0.2729696418023011,0.4604839742522131,0.36983144845442406,0.3874839932113731,1.3385680295673965,0.0986948188436101,0.03002632418027372,0.022776926528524248,1.595582504735535,-0.37836664085057536,-0.36611819300916876,-0.3112883483966858,2.0069305016778016,-0.26915291516464784,-0.1729445634943887,-0.23082171299203885,0.4571371959966304,-0.4632230182514881,-0.36727030023024954,-0.4277098423858286
2025-08-12,4.2916702119868955,2.0371389031242693,-0.8894088666870945,0.3513378730400453,0.4239820508997173,0.47980869934048753,-0.04042645090974695,0.13043243719469846,0.14308481319772048,0.1859632228457806,1.0393514993168482,-0.31120559101665546,-0.42778123981653327,-0.2986736865032945,1.766528847251008,-0.2865609773923726,-0.3546358348279488,-0.30825801958197285,0.3215880154261055,-0.4162761697977444,-0.48375553192291204,-0.448346083889608,-0.8656371458423968,-0.5415908025288941,-0.45146731252255745,-0.4060409797409724,-1.5534349220707038,0.18354283047676592,0.25640497790763983,0.3735175816415277,-0.8806350347944831,0.41367282290086055,0.34200824023793674,0.3975792017888828,0.6861918946914112,0.11614952909979505,-0.0037062667562327216,0.013524234131122354,2.235906303796979,-0.2893359472432723,-0.3641789059531951,-0.3115976325491237,2.176162825458676,-0.15358562508722357,-0.14148804407550153,-0.21488990220883997,-1.3738889973823905,-0.439497486236504,-0.36802132895630346,-0.4354538088513148
2025-08-13,4.239366895030388,-5.230331695650747,-2.152423628953223,0.39294313544092535,0.4472284296411306,0.4921584300226531,-1.283213481679757,0.18417033527012444,0.16791686488403493,0.19958603150265622,-0.3400117206990849,-0.2748083626262626,-0.40171770097204984,-0.29190810743824214,1.6155527223538881,-0.33966960586648764,-0.37181235527762296,-0.3300097813361777,1.6159271040834753,-0.4977604971062498,-0.4999327108308229,-0.4688816468134226,-0.2685606366578688,-0.5054784491417774,-0.4278645697735567,-0.40290816114575,-1.8922204693931106,0.21058922927013007,0.27209956723881773,0.3872528721896905,-1.3886766485552609,0.4341339457224466,0.3502503344918803,0.4044661973176249,-1.2382842256897821,0.15182534507360348,0.03436768248276131,0.02343461839792006,0.8383998130601664,-0.33537061088182274,-0.3621473760617085,-0.31504503195578587,3.8276262245824064,-0.31948393519733875,-0.166948387550677,-0.23271001361604846,-0.6062842564643105,-0.40337937141449315,-0.34455340575616317,-0.43163369117187445
2025-08-14,4.2916702119868955,5.230331695650747,0.3229183221193773,0.40476723312846496,0.4842512081955337,0.48634237248214257,0.15249633154898468,0.19031090855908642,0.23702229842585046,0.18626337346322377,0.29324724138608954,-0.2631496486624712,-0.3465348093986824,-0.2949929205775719,-0.09738654358693122,-0.36692472563631984,-0.3452112135899544,-0.33493297870440986,-0.6477730645515507,-0.5330630610081966,-0.5134871162834279,-0.4758391689927371,-0.04239779419915296,-0.5057066969834745,-0.4786179510262241,-0.4007845734694317,0.6368528539695908,0.25097748206809706,0.305474271540447,0.3795674090399306,0.42171110787252136,0.43481040953860406,0.4136936037593227,0.4014730578921288,0.35597928431103043,0.15868551298409245,0.07219863641127623,0.016898631147903836,0.3312349937165954,-0.3449794249093527,-0.34398273268402213,-0.3179082467565767,-0.577507442436096,-0.3643492482496792,-0.15000303548053168,-0.23325766181689014,-0.5906562290667219,-0.40627463545276676,-0.36728344530655344,-0.4268613285962377
2025-08-15,4.325715598880237,3.4045386893341245,0.96693717257445,0.45660436498713347,0.4931260306126496,0.49135376950241255,1.6218666623048559,0.2639375743868071,0.2580090875507175,0.19928731296102764,2.116522751621408,-0.19204103312448936,-0.28344156846844226,-0.27340780212602067,0.7470817421077183,-0.45800658025942037,-0.33316556280453014,-0.32847642509051167,-0.14729283715312658,-0.5634918740239957,-0.5141830715146471,-0.476537781625633,-1.5289947353170015,-0.5335916272603151,-0.5006323688559392,-0.4119466939645062,-0.2029289225680893,0.2988111806477745,0.30541866557583275,0.378769697563338,2.714522030693325,0.4897655598671206,0.42855118367395273,0.41727554937662265,2.711486011140673,0.1943439680633211,0.10496010790487656,0.03255220815040166,1.1559579322382303,-0.31008456742699775,-0.32874106639406014,-0.3093089245961903,-0.6727577551489694,-0.4097847160579741,-0.1585059258558779,-0.23635676135495795,1.052154151914349,-0.5116620811408632,-0.3580989406233672,-0.4275107809241911
2025-08-18,4.33742424070311,1.1708641822873567,0.7399899914044319,0.45515760325224147,0.49884716961329567,0.4669211648397676,0.7592579149237375,0.3125740263854142,0.2680695980390408,0.17165475565444044,1.008549974899731,-0.14502636566659516,-0.2672332480189133,-0.29276463578610995,1.038534715549024,-0.4936674243103853,-0.32090536251432217,-0.32798689235788625,-0.5240342801970685,-0.6612213631193564,-0.5128148275381179,-0.46222553476079226,-2.415054624101904,-0.51151622961636,-0.4915716472068437,-0.3922605064250591,-1.0630180415739328,0.2957805831728042,0.32977842607214797,0.34738048163193386,0.17984307685899203,0.5108146378592107,0.4308033540843594,0.3631601530753463,2.003491752879984,0.23322538431732373,0.1160854485686692,0.043320476387503894,1.0220638767848897,-0.33919115057623755,-0.31900759734034284,-0.2808050865288657,-1.5158802005240766,-0.5292604524420238,-0.15467801711687287,-0.2598696473845625,-4.036863838227577,-0.48208497005784,-0.3514008156459032,-0.39358552047247863
2025-08-19,4.3013669291403875,-3.605731156272274,-0.1541893157053762,0.4381273132874985,0.5101679282235737,0.5047092165093284,0.314640325040755,0.2950625523687656,0.26772583206577716,0.2198472405507173,0.3661432876651136,-0.1537742223723962,-0.25559772891296917,-0.2765469512168894,-0.519183863951107,-0.42644341707758515,-0.2855171680916144,-0.30730064473624125,-1.1153489049541918,-0.5544832481569758,-0.472265604727321,-0.4387921545116013,0.13849371313626246,-0.49417510379037866,-0.4806012510961515,-0.3824591182025641,0.35598240210070387,0.2501908240344805,0.3325443334431541,0.33830282787143334,-0.7963945873775966,0.5078281115928815,0.43980727989637236,0.40905782616197395,-1.744421773022819,0.2834975522054681,0.1561784374666556,0.08544916132376751,-1.410823424143008,-0.20791781789150482,-0.2789124311898239,-0.2525022335799658,-2.4809292638435774,-0.48862921747198323,-0.11564968636081137,-0.2443427781059419,0.9103888583274529,-0.4678407776954572,-0.3364429947436551,-0.3855201541067608
2025-08-20,4.295526450850196,-0.584047829019152,-0.8189228707823328,0.4611234118997061,0.5025160403755038,0.5109195675829971,-0.16057360246661312,0.3288608167378243,0.2540231289211114,0.2297119533423453,-0.7979409483045056,-0.11244894737478668,-0.27047972108294527,-0.2613622248457817,-0.350551240605945,-0.468294516701456,-0.29325159808533846,-0.29406856495252753,0.9669149834178432,-0.5974325787903807,-0.46753768440650595,-0.4306096786469038,0.08898035614591261,-0.49225100708901753,-0.47646254575605296,-0.3861993650937105,0.04599705035431367,0.2503587752341194,0.32372492903469186,0.3514708244822453,1.291315876441497,0.5244083867373249,0.4257134514070894,0.430702586554487,-1.273060856018823,0.29341883001113367,0.1481857959946175,0.11122710218633615,-1.388207357073793,-0.25910423709045544,-0.27860403896561353,-0.2373067397023081,-1.1710613383491355,-0.5550778174301302,-0.1037755760696946,-0.23716903821423577,-1.263606998239871,-0.4736651191355537,-0.3226894279570287,-0.37919337737550063
2025-08-21,4.329627069503906,3.4100618653710058,-0.08924202232951672,0.44782353869057845,0.526788419659957,0.4843947583361079,0.06062585062909753,0.3192965413497877,0.26372036707800384,0.20115689302351974,-1.755760442533696,-0.17146476287759843,-0.2964826053099233,-0.30555696856563724,-0.7262365076061696,-0.5391982977937498,-0.3108751443933088,-0.30590363585294267,0.9699336593197088,-0.6124412665168074,-0.4491300240751641,-0.40385786322710865,0.41999562530754253,-0.46728977899163904,-0.4697429354991951,-0.38126428219768654,-0.5382021806402943,0.2539339693656342,0.3512203907272679,0.320899301784579,-0.006196906891491327,0.5131309906892467,0.437376682772483,0.4120875201967867,-0.27577428380084834,0.26350332427915113,0.14628188070479498,0.09956158748365314,0.9125866793999231,-0.23208502721745722,-0.2689991066986917,-0.20375723504764506,-0.6540970527492349,-0.618541658250003,-0.10741654109704753,-0.22571028444003355,-0.25619929344765446,-0.4834246018821723,-0.32798765618121556,-0.3701440178409553
2025-08-22,4.256644700223008,-7.298236928089796,-2.556635899183488,0.5117967717674254,0.5597493136099188,0.509018493024799,-2.434466390566688,0.3986067453018402,0.311138842503277,0.254493939213878,-1.4311406845774401,-0.05935139088581828,-0.20613361507711028,-0.2540198210243172,1.1228812644503998,-0.5511800823311467,-0.3250487415647798,-0.3217167170025471,1.9418766657133446,-0.6804650214549218,-0.49180201640592974,-0.4385349429659918,1.9847491114133122,-0.5696818758272526,-0.5165621046890649,-0.4286458192696115,-3.2313737791457156,0.34410856815457014,0.3835748204237034,0.3431050953057397,-4.67023297852032,0.5723282550859451,0.4767084632423717,0.4516187881256561,-3.450599826757119,0.3473841490296633,0.22471510960056965,0.1542916764780148,1.3503758750051524,-0.2826722145750716,-0.29824325211113545,-0.2184236915039348,1.5667237979020792,-0.6284546046897405,-0.12185510820690286,-0.2523788510631176,3.52429490603696,-0.5588747602887445,-0.3586361990749963,-0.4428246857932425
2025-08-25,4.274108376077587,1.7463675854578753,-0.8764193522254544,0.48581020876759506,0.5483992906573081,0.49605892591766393,-0.764052177283365,0.39990638839930914,0.32307195330480765,0.23759144951421343,-1.0400754601632705,-0.07704100129354645,-0.200812911329223,-0.25970802991987496,-0.4873885129527904,-0.5456492521078465,-0.33091164868550876,-0.3192303350082404,0.41430047721390406,-0.6685124736379346,-0.49643417892445996,-0.4328704821718794,0.30555495614430406,-0.5829990894021737,-0.5247543456804605,-0.4179546921799465,-0.2786692989463552,0.34920846048069304,0.3809910017086658,0.33145927175842094,-0.21585382276175424,0.5791844311884343,0.4975841069721202,0.45006595779472364,-1.6082563627164541,0.3187182512238832,0.22657904275914215,0.16052908117413126,-1.3618006986164768,-0.29082852613357346,-0.3018185899423377,-0.25496409097266187,1.2106047463488543,-0.6176500200091036,-0.10970242415729205,-0.2538216934000658,0.6908649351696705,-0.5580987789550728,-0.3611160079917733,-0.4298552840804694
2025-08-26,4.254680749322724,-1.9427626754862537,0.1337886520294589,0.5099361189015945,0.5273822626423825,0.49638541508784834,0.49668620337170233,0.48725987999522785,0.33035030653112757,0.2346088044907349,1.076992711526493,0.06365046290436412,-0.18557403304268466,-0.27194312677852017,0.613602682521216,-0.511275348128555,-0.3312351745378167,-0.32599640006157216,0.6067468106831232,-0.6715399548296189,-0.5078384612470253,-0.43439863497374986,1.1857460253265266,-0.5938750739537236,-0.524079570457366,-0.42053430418776344,-0.3129340275887391,0.3383075011703233,0.36310294405715293,0.33152440134438566,0.3344426403239362,0.6839694806761413,0.5079473870741068,0.44725680010124774,3.334341001506787,0.5009030290005736,0.21894543695229593,0.1420508094280011,1.9597539943929116,-0.16182996104519132,-0.3315158598617984,-0.26507101376823355,-0.9207339064086207,-0.5684353633465805,-0.2291879812097121,-0.25085689602430383,-1.537246637720659,-0.5915867851228767,-0.32905505726797707,-0.422347791167765
2025-08-27,4.237218120363308,-1.7462628959416193,0.015837631278451225,0.5068706500508202,0.5275386253186318,0.48323531378108775,-0.12323046052009567,0.5018544757404308,0.33776631323358175,0.23056097362715416,0.47109475483790175,0.11311837108361687,-0.17609220755294913,-0.27401446350263814,0.36556615381515384,-0.4698696886834498,-0.323463761998607,-0.32227707348764767,-0.2968573523537155,-0.6529784382421868,-0.5018347083096285,-0.4219226933105733,0.5997709061065037,-0.6497482844261286,-0.5291072713922302,-0.4158792011327802,-0.8681515299004819,0.3116761737417498,0.3764929185067084,0.3231676839021526,0.5713503305770016,0.6764200139088004,0.5018438147418369,0.4397591980406304,0.3201075166644115,0.5749081848299397,0.23452599739650073,0.13442250661677707,-1.0617881968483105,-0.12308719633786518,-0.30982990633033614,-0.2526374585368536,-0.1387231224832944,-0.5981785706488959,-0.2130874362727519,-0.23535395027106784,0.12189099870784384,-0.6496282271737568,-0.32306364120768805,-0.4134508016208047
2025-08-28,4.206244275305489,-3.097384505781875,-1.0011632734463554,0.5462974001239606,0.5282036971209999,0.48699880919664146,-0.9345144069487106,0.5156698526877583,0.33638685320708966,0.23640528360502264,0.3003500772807586,0.10861748422152871,-0.1766217697001715,-0.2754108747331878,0.03693238743088956,-0.44541339090039556,-0.30790372477374967,-0.3201445236830457,0.17500185328200013,-0.6389970689339526,-0.48633799864927996,-0.4242355646922715,1.141010423133363,-0.6801676087848988,-0.5335651027523438,-0.4201783273973152,-1.40814682109752,0.3543055464202128,0.3751070600670451,0.33740671639043757,-1.4435438472906879,0.6929476564933027,0.5039770856021644,0.44369511416323837,-0.04996252802709078,0.5686647439723767,0.2519047093053124,0.13471796924851898,0.4401469091520607,-0.1365062931798277,-0.27607964987868167,-0.253871950041767,-0.5582227923152419,-0.5717888362940864,-0.2788484370129827,-0.23260223579044023,0.3379475266842271,-0.6634624865558342,-0.37460924921032157,-0.4190859465489876
2025-08-29,4.224543015772964,1.8298740467474595,0.05102242740389751,0.5322088220917478,0.5245089281991682,0.507437348470793,-0.5946119230567968,0.3809460417687507,0.32218736155861855,0.27656785590603755,-0.6602798532935743,0.12231547799256681,-0.19261886654287666,-0.2719162668133476,-0.33184901369515196,-0.24060158352682393,-0.3043522850203085,-0.3408488241698446,-0.23614751798599376,-0.4211540458968595,-0.48484597746700303,-0.43394090639196053,-0.3496317651825507,-0.5560708347294832,-0.5554672662527829,-0.44514884651440906,1.0764676260075967,0.48989767711724963,0.3951527264545803,0.33382625304740493,-0.6494799083183231,0.548395863250924,0.5037464064430067,0.44610931268465454,-0.32855402310688975,0.4110094349185664,0.2481692905493954,0.1266730270189156,0.8935789144310784,0.005003093309464106,-0.24743159427223427,-0.24635105452671582,-1.346380569218678,-0.3258896510368489,-0.2831581703992597,-0.23813808290975585,-0.5193782027450655,-0.4105032601511154,-0.39657559106885887,-0.4226966599020288
2025-09-02,4.275022553199898,5.047953742693423,1.4074097396999161,0.5747869352440133,0.518987886038718,0.5267004153245999,0.768548267161888,0.4194639716143565,0.3302150823247892,0.28607240007613804,0.6162097694019713,0.14850773552353577,-0.161200713664759,-0.2614384507203348,0.5472120753272895,-0.18217009403198253,-0.2885771575876879,-0.33363945635785264,0.3354519132369025,-0.37826550471383547,-0.471521629648877,-0.4305335310778993,0.2109049149873088,-0.5021863185178802,-0.5488852542400757,-0.4552736134672448,0.986607956670172,0.5234271750586038,0.40036100332162466,0.3451459178130336,0.4661417833577933,0.5481419647928765,0.4991286552416734,0.4451558251586227,0.9511423648795456,0.40916908069775915,0.2551897544248738,0.12654886080892308,2.19601966181783,0.1337825826957598,-0.14061398443799578,-0.22024826237458148,-2.0464923522960152,-0.3572519682636679,-0.2984461110191683,-0.24242788116754496,-0.7326358242257887,-0.38149518349268763,-0.4267265882775201,-0.4353445222808111
2025-09-03,4.209983667349888,-6.503888585001061,-0.6320965493074604,0.615392326848597,0.5201214417085246,0.5054886644539438,-2.0070399470449614,0.536867165655394,0.3691540428981494,0.3303457086710734,-2.441700072291762,0.30520033829112503,-0.06364515858772446,-0.13704945494819948,-0.3901273845479647,-0.09111207828776335,-0.24764427896196065,-0.2709627667848491,0.6351218373996321,-0.40316678148412577,-0.46985951071434284,-0.4087031403018294,0.14404794706095014,-0.4726438084916156,-0.5307473566999211,-0.4249525508864439,-1.0602066463854656,0.5856964323344404,0.42509619124237474,0.34603070499520777,-3.1192034045274815,0.669079176620887,0.5317459551425597,0.4954507745502863,-4.961361008407027,0.5366173678803696,0.3143900723376505,0.21535984881794037,-1.3914453566542944,0.25172770111360654,-0.0569215456235319,-0.18855036058776858,1.1907687942512801,-0.3919165836011512,-0.29305402056764446,-0.1986174425115049,1.04624494460008,-0.4376636705427473,-0.42503296451763417,-0.367565471418891
2025-09-04,4.175179160320421,-3.480450702946669,-2.47374430959921,0.6873146123077922,0.5639815115074993,0.5063793416210941,-0.9815002858753314,0.69170495646499,0.37143230602046573,0.331391319543907,-0.9402338588080577,0.4287926952909118,-0.07735121925884768,-0.12243647518018624,-0.8241968019220542,-0.01950147613589864,-0.3020899837367158,-0.2528361081018211,0.8042234564003552,-0.45643529739591165,-0.46605327553175735,-0.4164390530809695,1.5011056947065313,-0.49420561862753654,-0.4999338845650665,-0.43013396752698985,-1.9856543145317158,0.5990343746969291,0.4476590580845198,0.3620893223526985,-1.7350014871549022,0.7390687612087511,0.5585755267561637,0.4976076840310968,-1.8397606035725762,0.6400937195456686,0.30157931615564404,0.22600806980659735,-1.6354630497227167,0.3691029964525018,0.021518826607358592,-0.1674262561216549,1.7981655917436898,-0.46770330892162537,-0.2714892077179133,-0.20643093460843775,3.0648867289498205,-0.5143574096292394,-0.49472369649248843,-0.37972005768038875
2025-09-05,4.084753805792428,-9.04253545279925,-2.3511527330464483,0.7646329552735378,0.5989174092411983,0.5364995518879515,-4.217700339236694,0.7913806287398966,0.4514436038169361,0.39649139147936197,-4.036371893339441,0.5749854535603129,0.08365997508589978,-0.0020614541727019286,-0.8361121465568324,0.12190687687133277,-0.24007170054493496,-0.22408305769622375,2.2528787618646082,-0.5947884163205985,-0.5048070033774325,-0.45588173469908616,2.695547714105648,-0.6144437965151954,-0.6091100566461057,-0.47115416757989564,-2.6034332995329312,0.7280312427381814,0.4902557248042081,0.38787187524059086,-7.940500457777846,0.7987161857672778,0.6052245507155524,0.5369807054648518,-7.990037782992038,0.7285870881776957,0.400667661142579,0.31175296515426065,-2.440247862815199,0.5008096608106974,0.11537954523046931,-0.1084261168348736,5.137052550629985,-0.6027247257619922,-0.33717973581826716,-0.25207918139035196,4.835216673472831,-0.637603619274078,-0.5557722811478405,-0.43188368775216573
2025-09-08,4.044583044439481,-4.0170761352947615,-4.103003940517456,0.6994134483382136,0.5561011825216363,0.5279752509208064,-4.769033116088921,0.7144176330795446,0.439550053281495,0.3811556202481908,-4.180547084999754,0.5470769847488891,0.16906823648250097,0.017168096329046787,-2.077843506548896,0.14329057414481988,-0.15879494231218375,-0.2010882907474332,-1.4827993344136967,-0.4274364113602823,-0.4395296837456291,-0.4332907913469231,-2.5617776307259845,-0.43917174341522625,-0.4816981449940116,-0.4261788325582152,-1.580816415487341,0.7363948183478186,0.46733497115769673,0.3769849726864727,-4.547604080643067,0.7814379516705117,0.6033255435285155,0.5267762872694244,-5.499896140506656,0.7071967782677152,0.42156143703813215,0.31033269446446865,-3.875994806540639,0.47982145288582845,0.09133559734679829,-0.08158160230341552,-1.2403096417486408,-0.5374555731671845,-0.36834360939278415,-0.24586363620276405,-0.6720470663056961,-0.5782655785078098,-0.505759660257944,-0.42105965688495023
2025-09-09,4.073177932836616,2.859488839713542,-0.6947235571411361,0.6943513774099925,0.5504219419357106,0.5338749546256112,-0.04806473014960311,0.7282391404376028,0.44072029564612397,0.37896456097019066,1.2519376366171233,0.595573185272105,0.18153245573694915,0.030609149508924096,0.5005441476570911,0.18093441149065811,-0.14713203974471237,-0.19900482469632355,-1.6724386857381377,-0.4753894344524442,-0.473598953288155,-0.4458329858114224,-3.514742932062768,-0.482838408232487,-0.48517714166324344,-0.4261635170306174,-0.5366709378146048,0.7322380227416649,0.4849338638971091,0.3688093466259218,0.39269727238656316,0.7876197596530703,0.6057116265707939,0.5191790324697342,3.034106763055382,0.7339824422955825,0.4355280473187563,0.33264413963481226,1.4560399007675997,0.5118183514969316,0.11536233602158846,-0.06656220485356078,-2.5764825457451774,-0.5770445872540504,-0.38113734075760003,-0.25818809043524366,-3.1493041413385887,-0.6045515334124943,-0.5196659254431099,-0.42707294844239957
2025-09-10,4.031125835749283,-4.205209708733282,-0.7560770439976768,0.6992748505417578,0.5200709683696654,0.5205162197668249,-0.19801416384866877,0.7015713513414736,0.4269056374392695,0.3698227901501862,-0.8398796557265056,0.5799036629260089,0.2116588140509202,0.03034474608873784,-0.024300647697366395,0.12207313764294617,-0.10400572451766062,-0.22477655850782474,0.406649076221616,-0.48423445256614417,-0.43214547565881983,-0.48543186173099867,1.4688502082471073,-0.48981405205902445,-0.49383495013687995,-0.4577587696021203,1.1626449174382625,0.661513094750824,0.3967429779136872,0.3541280036359731,-0.21006089706329556,0.7708264768980736,0.5873371589018916,0.5064653307114454,-2.823317496055693,0.7353715591632177,0.4519103270231007,0.3281531637983292,-2.404103193428006,0.5102256203641575,0.15621740188456168,-0.05491141620807176,3.6542922815417214,-0.6510750417854778,-0.3523412066014537,-0.25591602065918917,3.5532058792739836,-0.6054581344167638,-0.5129252300348144,-0.4362896406800811
2025-09-11,4.0101246652573685,-2.1001170491914856,-0.18869312360383672,0.6750235110025473,0.5212257426212994,0.51900635155826,0.20858558715741116,0.6895508137966483,0.4353060109291774,0.3654046440044556,-1.0403854371335328,0.6026364964664697,0.21943938654610728,0.03736468777901821,-0.8056227446549762,0.25824380751832143,-0.10371040466533216,-0.21769148352087941,-1.0336020671794977,-0.4188164812117273,-0.43874481436547336,-0.47552833749519735,-1.2792066630716894,-0.49315259284850527,-0.47938583198235835,-0.4418223025255534,1.234085666924073,0.5889065962121955,0.37508356882756605,0.3440438433877526,-1.2547223360467008,0.7823709572062596,0.5940768275559047,0.5039111764088369,-2.003557394078364,0.7506885899446842,0.4600827791135617,0.3388845366994663,-1.4593220527268802,0.5627251008387997,0.15285782707565393,-0.04476239705976794,0.3815315250966944,-0.6312558593325189,-0.4237153016207198,-0.2578570996062653,-1.008994892139392,-0.630633724401905,-0.503941207561979,-0.4287700250633388
2025-09-12,4.059538885504796,4.941422024742703,-0.8770916945353165,0.6147701255356601,0.4961816110752955,0.5293545110176476,-2.433296063136413,0.5534542425806596,0.3665072186367222,0.3619311972358589,-4.04786967907533,0.36420453578128886,0.1093963589337998,0.015722304708132556,-3.7985934977520603,-0.07845341858594818,-0.18999602206439103,-0.23814076448083246,-2.7899576466680642,-0.4950049873892298,-0.4747417146933841,-0.4988182617093639,-1.6495190083134084,-0.5599592714610138,-0.5053676230326674,-0.4888873054208365,-0.9379235635992815,0.5010106468479644,0.3554309981268642,0.3531327324352981,-2.670772905794191,0.6844748204608067,0.5423956929636641,0.5079363191109358,-1.3071514712414178,0.7133062005352345,0.43818314478834347,0.34876116191142587,-1.0098600656012353,0.503113662895333,0.12154493211369795,-0.04365390081125512,-2.272578704886477,-0.6804401465742214,-0.45783004833239715,-0.2552509789420462,-2.3127816610647036,-0.6731206363714317,-0.5204088217000714,-0.45403935366813003
2025-09-16,4.025056486170505,-3.4482399334290648,-1.1231364783300735,0.5841866393458403,0.5160577675333677,0.5320378270976203,-1.0556250084948255,0.5105729294267173,0.3874244539547985,0.3649396407865614,-0.5184788871810337,0.2874848800629974,0.10911154923614028,0.017233389814068134,0.7094766599304545,-0.16489965900061226,-0.2112515939780303,-0.24246550330157032,1.838689139763552,-0.5120771106348136,-0.4830961109728127,-0.5033463571689728,2.057461984761325,-0.5425683999135642,-0.5111593933537301,-0.4977050433009487,0.20561425303387182,0.47485501768189176,0.36899404570726396,0.34995621394041443,-2.338829118940733,0.6589165222840847,0.5635644068598574,0.5122342104278574,-1.1755985046078943,0.6826978544755601,0.44039222689968793,0.3523440541611789,0.9717978571265058,0.4398912314323826,0.13824477521837314,-0.04915927830958047,3.985987972876,-0.6719989090810087,-0.4685763190207425,-0.26874447761353193,1.7752356347704832,-0.7291191620975388,-0.5852538280519642,-0.4578649888662418
2025-09-17,4.0747043810511485,4.964789488064358,2.0012648746451904,0.6362578342600815,0.5478786158076374,0.5513524374677765,1.944182495548183,0.5635534979448956,0.4481960945719162,0.39148970041050485,0.8411135509716514,0.32150668837685803,0.16028304390667206,0.04039652701635699,0.09726084244624,-0.1712030587788655,-0.20867748629889976,-0.23548499968288406,-0.1548307955957089,-0.48897220727435425,-0.51953446267004,-0.5005324509678512,-0.6725785588140736,-0.5352362885102481,-0.5191828481078775,-0.502260181173128,2.389585252679421,0.5769564181180303,0.41161640320463483,0.3919814640389679,2.694367077108403,0.6969098724854951,0.6031522170692944,0.5299179920573248,0.9276680068675554,0.6883687114939387,0.4761703898742456,0.363450481971225,0.8235655815257537,0.45026658152075494,0.15602259687653391,-0.03161024192474733,2.6965046146989633,-0.5145372176353094,-0.4724668628282248,-0.24273059489461973,1.1524804279900893,-0.6665250974896312,-0.5613972505724659,-0.4433921346433367
2025-09-18,4.103447349361487,2.8742968310338846,1.3571547000651034,0.6775880688225046,0.5560703823739968,0.5694080262838199,3.56660954234943,0.6091041712518865,0.46050192775791493,0.4071288445370886,4.717865367895856,0.4038966193322125,0.20136347631977947,0.09057298630326643,0.6180761391367362,-0.1281334513589562,-0.1987528543280975,-0.2118733836210801,-0.55531582355664,-0.5485147293359632,-0.5214435623439362,-0.49620971941825137,-0.955655086791424,-0.5560945707209395,-0.519772869378639,-0.5024434373223106,1.5632482524851774,0.6261646026554092,0.420104185093472,0.40922147307773954,4.212591623352426,0.7146172204621677,0.6061856663205845,0.5394470392254028,4.919427039336378,0.6970409096803809,0.5020337287109374,0.3901439291731415,0.1204628845919995,0.4432856665972779,0.17378509016897323,-0.018651644675482065,1.4767952567554552,-0.5424109499195817,-0.48661097188353625,-0.22451984291863422,-2.9836655194484605,-0.6847088926871733,-0.5652339965032626,-0.44208277850904704
2025-09-19,4.137999999186235,3.4552649824747483,-1.2588224650059743,0.637200773157925,0.5442676693310254,0.5501650341506745,0.4346859697296672,0.6182659772915579,0.47871081469334914,0.40607674622656875,0.7573487497098077,0.42441593334755956,0.21827757503237993,0.09421259302481266,-1.0288141689635233,-0.1564507578994184,-0.25993492930689427,-0.22597884990135872,-1.7249901484061982,-0.587995347967269,-0.5661321687140176,-0.502663014885053,-0.8778399032066595,-0.5684427677869823,-0.52611031941071,-0.5048579360436088,-1.2487167568669952,0.5727656423705842,0.4071494856596542,0.39331255914382834,-0.6161084203096767,0.7158215706054052,0.6106776426509443,0.5326033509203536,1.6356228751314144,0.7104806617251127,0.5152766063020271,0.39577614937629424,0.41619003800264,0.4593716843980527,0.1465586232548366,-0.01741846033292065,-4.30064584559314,-0.5785188107898657,-0.5522487151404634,-0.23553036441295944,-1.5298097607747774,-0.7035747163213815,-0.58345475057811,-0.44397935955344586
2025-09-22,4.142792945988877,0.4792946802641751,0.8694828311740961,0.6323732139622896,0.5377098188144004,0.5647066704416813,2.0580608363378206,0.60889452976089,0.4702862145024563,0.4074925255380991,1.4832049384972414,0.47234809443308745,0.2202514389587878,0.09709604670341387,0.4071264051740484,-0.1290438424871931,-0.287454593742656,-0.2263798020928136,0.6250420430686399,-0.6378601794432258,-0.5904226828497164,-0.5005730787794895,-0.4128684401858562,-0.5974411128641541,-0.522884828363816,-0.5068659731979549,1.1312049751629376,0.5937006297337661,0.41451005766504795,0.42541178219582026,1.8434402844921345,0.7100717482227336,0.6050210319966621,0.5367049204112895,4.002340424983331,0.7014787542782006,0.501471100187559,0.3923705450472522,1.5567566328841154,0.4435531170972352,0.15279630793011104,-0.014324650931769907,1.5039614003411197,-0.5612669491186557,-0.5786000654667461,-0.23373158585835985,-0.5590612902071044,-0.7122955224722113,-0.5903562806657111,-0.44904650303419374
2025-09-23,4.115756423688255,-2.7036522300621257,-1.7953303398793343,0.5973359898272216,0.5414047200776783,0.5630992021526849,-1.5257711515953367,0.5876868181224637,0.47518719432977996,0.4059013309788531,-2.24650936270312,0.4782599346268207,0.23220678929474745,0.11827322293292863,-0.7766926490205833,-0.01918561945383128,-0.2754315789017548,-0.212677317066158,0.025832773103420692,-0.5854182942363974,-0.5977829621478955,-0.5064011980236328,-1.9801342712564867,-0.49861380344457473,-0.5072416859361631,-0.49534350881316785,0.15165259149216315,0.5102698380897185,0.40647830389501605,0.41341549701013935,1.8422508764368835,0.6271217166637186,0.5851124975599877,0.5163497254052418,-2.6021148434023074,0.693773463070666,0.5073198080488637,0.40439730057090895,-1.1575655030437633,0.5748634353550695,0.15853123354085838,-0.010429008695890184,2.2893554135784706,-0.5700633833770239,-0.5887659394645663,-0.2389779810793359,-1.8544338930209183,-0.6305371981427351,-0.5838075882266567,-0.43058567152440974
2025-09-24,4.145626955067818,2.9870531379562415,2.394399648500796,0.6293102123703276,0.5442929178764743,0.5649481420524757,0.8265654929895498,0.6098423842967982,0.4896104929132049,0.4212974695636087,0.5645954051585002,0.5011287621417143,0.23878395880948572,0.1303267244137861,-0.48265010986609375,-0.020421970316298662,-0.2826982872692037,-0.22011941452202088,-0.2435359607010275,-0.5998740945891317,-0.5950830437711604,-0.5140827630562855,-0.25022187776953275,-0.505503056405113,-0.5198285516713337,-0.5039444610921248,2.134742279741488,0.5487591327761965,0.4290229440627794,0.42109305291152754,-0.30620491881721856,0.6212385594325605,0.5861209495250153,0.525719739389274,1.0807589156040738,0.7162021855983086,0.5114625153020651,0.41575205596718534,0.8948804616769536,0.6201949704747717,0.16898312682117975,-0.003372955308509854,3.4551938693108544,-0.49819173951198625,-0.5497821311095746,-0.21554704726962864,0.7534951508449952,-0.6160134460395545,-0.5793497527505068,-0.4299681561621952
2025-09-25,4.172689079603967,2.7062124536149312,1.7365257511026042,0.6540284137519359,0.5761827299395267,0.5599387360606637,0.6307740073422401,0.6309926167332864,0.5499345061846327,0.4360483559253956,-0.05188754756249936,0.5218024096426501,0.3228783886189235,0.14815828452288754,-1.0884682700643649,-0.028922459076280306,-0.24930571748534386,-0.22149927163197358,-3.0583313160606784,-0.6008931154210344,-0.5793667879481808,-0.517626803210752,-2.9590956887805757,-0.5247522113399791,-0.5259797032907287,-0.5029503534768022,1.8744489908274784,0.566816523725068,0.4347877700522542,0.4153860805274976,0.8002028060424522,0.6406234496220774,0.6528337156878586,0.5399161695378631,-0.22868347639420805,0.7624239509976996,0.627026886302968,0.4320043449087367,-0.21438787765048678,0.6712986175653457,0.27529337582050617,-0.01384044681539452,-1.6007541336717055,-0.5326748012613781,-0.5438184278535537,-0.32026634517302693,-1.3777215052407803,-0.6490150358217811,-0.6151255818419634,-0.4216647216892442
2025-09-26,4.185225293091045,1.2536213487077674,-0.9482213892534463,0.6503631551992808,0.5752533580381626,0.5550879047454347,-1.0863841369900464,0.6256376755020414,0.5510704492604113,0.4334371380514329,-0.08229263029886724,0.5360345972916658,0.34152159275345745,0.15670252084853342,1.869913402755488,0.02508965566916159,-0.2172230928506252,-0.2016061870896766,1.7935365171750304,-0.5391274193903182,-0.5706133467361247,-0.5003123258190425,1.5596817933827904,-0.47864650227996947,-0.5368818549763521,-0.4903150553896059,-1.418898256792833,0.5266487440711898,0.416963197267669,0.4170596353653669,-2.085763650924931,0.6392439326671115,0.6427248161619518,0.5303477759696409,1.3010401658318176,0.774125704716354,0.6616609440851015,0.4426174979147313,4.04251753327455,0.612198288587127,0.2825822259871348,0.011714460982988504,1.6339911013958783,-0.5285536840507736,-0.557962292478167,-0.3104370982050155,1.7062859493998175,-0.6219786330938626,-0.6373864861088289,-0.4120122364365887
2025-09-29,4.139670694175727,-4.5554598915317435,0.6546365390709727,0.5903323047790635,0.5620271748592828,0.5352440173671732,0.0689100323618399,0.5935583190098601,0.5425417015873168,0.4220222095694591,-0.37969557472769244,0.5396264042426087,0.34213926230408076,0.1589728373005077,-0.1558122580114687,0.026897315020310026,-0.20597746058736935,-0.19150548892880695,-1.1007584509786787,-0.4851366935138029,-0.5357132148856519,-0.4711060606398097,-1.2405016863881055,-0.4198331119932054,-0.5112923691285938,-0.47101082633363095,0.6052822712630208,0.47729828818686637,0.4101021430628482,0.4005218365966666,1.1924853695661506,0.5746239782590009,0.6207542234433886,0.5092588610746209,-0.6790202915754433,0.769957880995515,0.6572715726421549,0.45174931861749734,-2.906043849552397,0.6580826088484857,0.30884663333767287,0.07872219482381305,-1.376422201017136,-0.48958647483891116,-0.5247257953387165,-0.3468439636924232,-0.749413802047839,-0.5862220917838072,-0.6258621960714064,-0.4398520589281846
2025-09-30,4.149312394504443,0.9641700328715253,-0.22869351928091186,0.5884657020882458,0.5654638704955753,0.5325547547853496,1.4157961226699232,0.6018021374169022,0.5270047175873132,0.4205381515955533,2.5801207024904285,0.539749748961853,0.4134489389075807,0.15974790856758642,2.427606994659943,0.058166592637335826,-0.03059632244858758,-0.17256409274291307,1.3522855526326303,-0.455047699153437,-0.41511660739750433,-0.4623775864456135,0.8721521970218173,-0.40405853108322953,-0.43115889009276376,-0.4819801211065531,0.02761650928547854,0.46573452138347887,0.44393135254241967,0.4130939588210945,0.2341791722986688,0.5807755684922481,0.5701257528649715,0.5125907940818336,2.9664487235071038,0.7649587606691148,0.6493595099400585,0.4522715304010098,3.964922549188336,0.616197882285045,0.4294007055287124,0.10347017086349983,2.424561010311722,-0.4613508399417765,-0.41477471480162476,-0.3396055688776574,1.3096658470828868,-0.5681796343350607,-0.5105636968712408,-0.45011181595208516
2025-10-01,4.1048486625159875,-4.44637319884551,-0.4929818979500543,0.5452627989782692,0.5568401397426629,0.5164117056942912,-1.7080720213574336,0.6073648593307936,0.5421317870006535,0.42811801701642793,-2.3464008415997375,0.5535001845623327,0.4372988042344142,0.1851794269165965,-0.6360008787159296,0.027354069713933955,0.007223191258061164,-0.1615750860186981,0.6831430952103296,-0.5181947074859372,-0.41641623000910966,-0.46597976168478916,0.343633758528352,-0.46092786930390495,-0.4289309103271416,-0.48663963243711683,0.8952566390073087,0.4081542645799635,0.4075046909981923,0.39623064168001454,-0.6792954333571071,0.5681903619574006,0.5652873582507347,0.5089242243836071,-4.764037397090348,0.7848537437913039,0.662582394549294,0.46535521282937564,-2.338223777539011,0.6043439403343847,0.46560092256682434,0.17375069193640397,1.9434774145987816,-0.42276776534422583,-0.4201587376938794,-0.3411776737096987,1.2299373781745864,-0.5767357135252568,-0.5143646497819426,-0.4740359016026876
2025-10-02,4.089394611551756,-1.5454050964231136,-1.6476887335375188,0.5684364144724408,0.5815222314398113,0.5134217205702453,-2.411038360638659,0.5870046233687125,0.5560432052213152,0.42538168054353337,-2.9993533608432443,0.5249738109763035,0.4392071698261261,0.18763849300882848,-1.205906740549107,0.03259687593672383,0.016734100520574734,-0.14517277364103465,0.10462515422934349,-0.5099918398402563,-0.41784316282214395,-0.46142713274078306,-0.7194345789391363,-0.4603697776027562,-0.4241522768875357,-0.47823487853570984,-1.8538583503285344,0.37325454238305433,0.44585774110257453,0.4026093841332021,-1.9997347789246167,0.5430896838041763,0.5882999130515565,0.5115609662953173,-2.733508228199888,0.7620991165280812,0.6647037648449142,0.46476260826811655,-1.8279011958864992,0.6034806287324661,0.46746256490866983,0.19483252079927804,1.6193144800252353,-0.44318459210289746,-0.42282022815831427,-0.33425221232684765,-3.748763490844928,-0.5172389303719239,-0.47922723391961364,-0.4487648409223962
2025-10-03,4.11820852414867,2.8813912596914015,-0.2983657707921664,0.5416794807902872,0.5989379078520092,0.5396141183721976,-0.43033000415204803,0.5759138914890999,0.5912372750078007,0.42350286603633913,0.24697911605100797,0.5305382069863627,0.46984326227316175,0.18442226930088124,-0.7272173945118112,0.005303702869549439,-0.004061582216108758,-0.1917041408234715,-1.2997083378095233,-0.5110723049475814,-0.4534536082653404,-0.4622579470281934,-0.42536119061199984,-0.42509764456528676,-0.42630187581172296,-0.4500253237437748,0.9439988163836353,0.3544435242474984,0.4539026265417619,0.4147839241742358,-0.2725113354080191,0.5322604870458798,0.604443254443926,0.5252583868342862,-0.9853416668970112,0.7428661212743857,0.685243425758345,0.4524146758125975,-0.7920816408284352,0.5716726540966541,0.4738148225597121,0.22288912642386868,-1.3670954131178175,-0.4607885068927155,-0.4455801465161785,-0.325048917417561,-1.0859354392204033,-0.5005168794617403,-0.502450051095784,-0.49258062674681385
2025-10-06,4.160772886850079,4.256436270140895,2.0326208662872736,0.5210406992319828,0.6224654599273495,0.5514018094820446,1.8963898149603478,0.4892313155401907,0.609768513267967,0.43701014904183944,1.7463776062816958,0.46094330736103095,0.4832826173600538,0.20067057042484077,1.1434564517004,0.01962871787119231,0.022784201567481996,-0.17312883403488075,0.8285704219943488,-0.3064690665790046,-0.43369953426989455,-0.4465597181483842,-0.684784417487827,-0.2317228032283846,-0.43477410810041,-0.4865116692330116,0.7764702708259994,0.15932250468905976,0.47058603796157267,0.42455375456803646,1.1333166879535232,0.31493760072546595,0.6109890632894108,0.5316387147357747,2.2349445289802974,0.6596027001064758,0.692248989166331,0.4640894517292135,2.4354762927988864,0.5760828576188618,0.4946032057135876,0.23991385909443608,1.2350659053360191,-0.2948052787271834,-0.42431136245759576,-0.3166012407296061,-2.3736021199807746,-0.3428751820666521,-0.5213756281333068,-0.5119237459634107
2025-10-07,4.1258718331815265,-3.4901053668552784,-0.16851549940752952,0.43692209296249007,0.6077635253593199,0.5317733960946532,0.1630192154019392,0.3864793639767859,0.5902268426118459,0.4312788062517956,-0.143197163251232,0.3742575023229128,0.4663493763339106,0.22974682843987954,0.09409529510065273,-0.09221381525553941,-0.0042888179389181024,-0.15921348255041795,-0.7243210925668759,-0.35477156075240185,-0.41195455756812194,-0.4274597300118989,-0.8722299373830839,-0.3291400181757575,-0.4204143243518273,-0.44730568230346496,-1.422777239524576,0.1421543457333487,0.48897141970670654,0.4114220367402723,0.5270742393927359,0.17303665528785606,0.5786120127003496,0.5196007179371677,-1.891648129474291,0.6301561268457039,0.685469416622727,0.479171160476989,-1.3216483008290847,0.5372718298504158,0.49120706279238274,0.21478337599754652,1.33403547156327,-0.3781493363690211,-0.4139166375328402,-0.3505517891292517,-0.16655880216726948,-0.3620535095507943,-0.501389513301731,-0.483218912863919
2025-10-08,4.129708386595414,0.38365534138877777,-1.1252990805083711,0.4591212302908651,0.606461314826238,0.5302411420869512,-0.3893218164962778,0.3950750340108602,0.5956485373021967,0.43167377164740806,-0.43846579131358726,0.35718487839388924,0.4793700509557675,0.22712827179896466,-0.6236539794359264,-0.11482284445005947,0.0034873996018629765,-0.15822171146056338,0.06070216515619842,-0.32807381174224015,-0.4115832758446379,-0.4367945999486238,0.0007183348103168008,-0.2839816948674758,-0.41961197139405704,-0.44700124896844384,-0.7416043467055711,0.1714188894729474,0.48590697364001517,0.420361204362947,-0.31272419998635836,0.1688235824480998,0.5794355596894698,0.5194676704520981,-0.7704202262995201,0.6140112880939649,0.691780523985985,0.47769512121833535,0.7324174624983776,0.5225377165324506,0.5008982718129821,0.2203723861810363,2.576791629937997,-0.33913941460924035,-0.4036729072450437,-0.34423952092902255,-1.891780844608752,-0.32594106366995085,-0.5001565589961239,-0.4842359493564679
2025-10-09,4.147112954233954,1.7404567638539703,0.9965886978546655,0.4489959747084633,0.6209296293991752,0.514795486881258,2.56186548264904,0.4068755749026703,0.5960359773427132,0.43301722253779434,2.451129101089968,0.35790197310494604,0.479073712470029,0.25154752687649284,1.1736465551227713,-0.08703668261452477,-0.0073531908428935665,-0.13193083198146552,0.4302400084094531,-0.29573411773248104,-0.4110404132347145,-0.4121190641148477,0.3403111403718304,-0.1726459127705475,-0.4071056898933686,-0.4455763921559618,0.702055018180929,0.23654211815327805,0.5163979677470126,0.3908556077672717,2.953006264706077,0.18389397157036888,0.5877690574915567,0.5137757487619845,3.7645073290039384,0.5754667226781,0.688202253730352,0.48768655183487836,1.0105058685376478,0.47862552258603464,0.4972149047192411,0.23381314087752253,1.0253076138857597,-0.2730234759119322,-0.41601412842711766,-0.30949855506459656,0.15148853002409624,-0.18839271285819806,-0.490621787880962,-0.4728076799864886
2025-10-10,4.049441845368957,-9.767110886499708,0.3851788285861759,0.3288448778181734,0.5286950716554687,0.47606461343761725,-0.5853118269456066,0.39471565812875864,0.5605634928342142,0.4326064397161639,-1.4561126239110878,0.37176306985297025,0.488423077869782,0.2742169776513836,-0.2788401212407807,-0.07272194169936563,0.05219391348106497,-0.11625888080914276,0.6189683854430816,-0.34640593206676923,-0.38688312664666746,-0.42122398836657177,0.22578725651644804,-0.24569909158710931,-0.4052648580148273,-0.43341138625238557,2.8462478196670076,-0.04863467882705485,0.30346870977563656,0.2743932173311311,-1.2130982284482883,0.23000151574690386,0.5656812908947292,0.5113265752124052,-3.12885505607559,0.6021212592120725,0.6934700744068127,0.5098938574656736,-1.1628794094405568,0.46228514496173806,0.5227273295856054,0.2493887910760418,4.820219832389254,-0.4452412313518701,-0.4568205490854271,-0.4081346992626075,2.0972685095304127,-0.364909687775254,-0.5316811974011275,-0.4827679279212082
2025-10-14,4.0215402467022265,-2.7901598666730365,-0.6669371515158173,0.4174503203392668,0.5294708953122892,0.47587886998241646,-1.4991258662221063,0.5783438453488,0.572071648092579,0.4353977078223853,-1.2825712271933825,0.6092255449812474,0.4946027769362622,0.27711704360836925,-0.30553191647499833,0.17125402201769963,0.055043014502462476,-0.10852135017406103,-0.22287050772574069,-0.24186442305486214,-0.3746916715667658,-0.41557997296644644,-0.06910665228727031,-0.19353726845429717,-0.42070202059327083,-0.43573709358375506,0.9200584383095904,0.00881995652941994,0.28126920948434475,0.26692228384250527,1.8223116791940608,0.3363865243012561,0.5457986162303505,0.495931618934564,0.02156743905094083,0.6666662293666707,0.6967612373946539,0.5082366540151906,-1.9170951053188865,0.5517574930975514,0.5342870143753985,0.2562935533716694,-2.016964343322515,-0.3019468654049113,-0.42545330937713294,-0.3949795094366279,2.4758666124135744,-0.3508915268073686,-0.5424937121396539,-0.4844336512108216
2025-10-15,4.044534266774414,2.2994020072187205,1.4889344079939795,0.40686001289361434,0.5281283943729043,0.4914800082265408,-1.1004317548579072,0.5180091600287645,0.5433217612634245,0.43680955233892055,-1.8274529634935859,0.549667386285805,0.45349954587083224,0.2599716452325753,-1.858278964319776,0.13597964901512044,0.0013585864580472396,-0.13785650613045766,-0.2300141567468832,-0.1837449027489219,-0.3776173436385618,-0.4186451824400562,-0.03476427227369294,-0.09289850385646078,-0.40002922635094645,-0.4336257354052115,6.123377257265178,0.09316910842933493,0.30636967977103274,0.28454364812077687,-0.31703817175238086,0.26402825997848217,0.5258507192907527,0.5040012129635867,-1.9269620759011101,0.6161297349907331,0.6698276687998179,0.49682823292610473,-1.9793350401840606,0.5311331676516557,0.4954530081073697,0.2568393542013468,-1.7770534074406752,-0.2847110998237227,-0.42994045568760547,-0.40724582088533345,1.1647489332313439,-0.27785335055782734,-0.5484707437940582,-0.518276340799941
2025-10-16,3.9754696781314727,-6.906458864294107,1.516270107328592,0.21534904339683164,0.4476333455239797,0.4423672002864826,-0.6773536751645313,0.4839754282373315,0.5306448177679656,0.4531339143921431,-2.8781827653063363,0.6071141719049764,0.47579770115707587,0.31034164234172257,-2.3276513559961245,0.27533527264165825,0.059716242663114406,-0.0747133612548331,-1.9393686231620577,-0.031561494971594085,-0.290498759044967,-0.3766492519512368,-2.012590569094845,0.06472523084142125,-0.3192639747179342,-0.3813159974752241,4.5011154225488035,-0.13909765946508515,0.19376842734650937,0.1926256125732474,0.5393479415780928,0.16935439543413083,0.49048939967858873,0.49277594973474803,-3.6868460438616575,0.6694618068565672,0.6799454708004097,0.5320813573961792,-4.450057924220394,0.6114167144903314,0.5312889902999369,0.30871097768573486,-2.4392261820811294,-0.19924705151650704,-0.3520537518421022,-0.39066038816885706,-0.5225959674721472,-0.32615919568609614,-0.5251781046538874,-0.49785309433216657
2025-10-17,4.006869497664372,3.1399819532899276,0.2927890241314912,0.18054004479324043,0.4550012398631692,0.44221263075363065,0.5751193019313728,0.460711519185068,0.5478115313271741,0.4589856497962608,-0.4721469865369119,0.5882944399051747,0.4832391889773609,0.3094113648476038,-3.5750048436378625,0.08798506780801477,-0.015331883626809392,-0.10590287048794791,-2.966525859175092,-0.11869288300017852,-0.3426658563549072,-0.3846853589898647,1.309996652929168,0.1598590152575614,-0.2826530030729931,-0.352584667364391,-2.462008288096589,-0.22300266615362502,0.1521487299912573,0.16090285382710007,0.15855572568748544,0.06111734659926536,0.49043226831641046,0.49156421822187346,-0.4759517273748799,0.6383530468274335,0.6723900836988217,0.5393884084377403,-2.648971325928871,0.532711705376117,0.4813779217553161,0.29382426915859916,-1.2544880370052607,-0.25263147088838106,-0.39813588915301656,-0.41342608641729955,1.4664340840302847,-0.2124107175925491,-0.4934474994352801,-0.4779589274160453
2025-10-20,3.986688878991234,-2.018061867313792,1.0280812698619286,0.24859166006714334,0.4442456859257515,0.44332880475350417,0.4208312506390099,0.44656892086302546,0.5418354764104293,0.46670943196772746,-0.3575123874486774,0.5722955751621892,0.48215912621105295,0.31580097825781656,-1.1157292820292757,0.12592627126712175,-0.010379401680161542,-0.1299303738361788,-0.5247987176291329,-0.06008284870109976,-0.3432406299636783,-0.4048340438871185,1.6909861678545848,0.1452845719000852,-0.28681965765714557,-0.35330406804755743,3.412511184495597,-0.19380820284778488,0.13353775985534022,0.15182688981911358,1.4495625016862175,0.08571903285600342,0.481614636886738,0.49295615918283314,-1.4775983443100293,0.6249763425657139,0.6737205983954184,0.544488469509176,0.08118146209956484,0.5236892272053215,0.48106029086378316,0.2769669212961091,-0.9233124007469177,-0.14385319716486245,-0.39248258396804486,-0.4440564610040504,0.004333423394566327,-0.17565099323300915,-0.4947932119539039,-0.4849244409542193
2025-10-21,3.9617603079688224,-2.492857102241164,1.305347300812595,0.21814923833293273,0.43073476711363123,0.4245110261800971,1.351287935512138,0.40789981417548643,0.5249080969495006,0.45151610422528315,-0.3507963632414272,0.5695063176612768,0.5085749395821548,0.31465043846881224,-1.6517017549825854,0.13307760253491555,0.007779082841037839,-0.13758286571316644,-0.06471810335424094,-0.07862647703399352,-0.3755557147077719,-0.4226946796122641,0.868157234893504,0.12367569617284645,-0.3060110767697965,-0.3479102099990608,-0.8631383324364033,-0.17307551517492656,0.15262938238206772,0.1610244548582213,0.6109839216314368,0.0618452321676819,0.4771746147718187,0.4856969764560414,-0.576731371527742,0.6531961256959052,0.6774731059586923,0.5396615159381551,-0.6338127571053837,0.5191294511905005,0.47331023936289446,0.27921524741486503,1.0905937553410028,-0.15661977610593758,-0.38659325263995775,-0.4651830351522689,2.0619541964565293,-0.1914643476049038,-0.5001259358768133,-0.49205499226253524
2025-10-22,3.9521418289872647,-0.9618478981557654,0.5535587334545088,0.18981305080754526,0.3860089956418258,0.4220834880865717,1.7724661432926432,0.37379407719417285,0.4883226209549257,0.4442862823433192,2.225170663172381,0.5223388163137301,0.4913808102428134,0.3103458059295243,0.18584138805920314,0.12721377574418602,0.06066449703534484,-0.13680368198740026,-1.0424561564258688,-0.07028320215625865,-0.3262057301687778,-0.42401158239821846,-1.2072399956070914,0.09112366992566887,-0.257563125687719,-0.35416518443864253,-0.508936347851248,-0.18014715399563316,0.08324813367717424,0.15861022796643498,1.02146790281212,0.09611264125470359,0.4286337721658786,0.48325401638565363,0.9640823778137863,0.6377555833634999,0.6634240537184444,0.5394180101872487,0.9927890932415793,0.5088473527629657,0.5296149351126401,0.2772256212829506,0.02427515673973727,-0.13810480934532648,-0.38082620365506037,-0.4691766499969111,-1.6204481508727295,-0.22155991446428605,-0.4554489863769914,-0.49626383697259513
2025-10-23,3.9884172450777537,3.627541609048901,1.5491929923215904,0.16669401587018948,0.41953314702765837,0.43212649991770347,2.485285546903826,0.42117644790952413,0.518698378746652,0.4652769056922132,2.523652587855075,0.5586186716324477,0.5212871713703908,0.32888368247879557,0.02265480453585278,0.14732407392827973,0.07091880317512544,-0.13617671505980283,-1.1204212658939934,-0.11002276792800864,-0.3507770015470754,-0.43012040974897725,-0.34627600183988516,0.08450802838754931,-0.2644374970314211,-0.36433566798732747,-0.2929717950665568,-0.2421002023462068,0.07798234858569685,0.15980090965033633,2.354015395245016,0.2104542854148709,0.4504660562873882,0.49806205268836373,2.078575036091536,0.6512919401843289,0.6832639548892855,0.5466108228670149,-0.4064988138747647,0.47771842390381436,0.5334128066902205,0.27180623896875433,-0.8681275450400798,-0.26738836687710865,-0.3982108249786289,-0.47467908262455477,0.10201265992237118,-0.24036369264802332,-0.4556382651376438,-0.4967488621633257
2025-10-24,3.9949452802343384,0.6528035156584622,-2.692868307668131,0.036564577575469374,0.38710562925235403,0.41712426626304366,-3.959742853411427,0.2936570733418862,0.47538982523852696,0.4665524435700937,-1.8764161352132065,0.5320591434733617,0.519712257286531,0.383928825512188,-0.7964968958652476,0.16884972112393434,0.07573690189788336,-0.09733159579450186,-3.191103078230592,-0.05403855703644716,-0.3442616529080404,-0.403829351757868,-2.562119556294112,0.16968875854679616,-0.26467384257460275,-0.3550342768241407,-1.9796548222297665,-0.29293238743849415,0.06312945519037497,0.13533143010134344,-4.846746510787744,0.0831618766227052,0.41051334155828584,0.5063102878717715,-2.0418525490256316,0.6357545052696273,0.7058325477059021,0.6291857224014917,-3.0061958030901406,0.441887637233237,0.5297415621214268,0.3308929491474487,-2.7360514531349316,-0.24730810359393451,-0.407170250934585,-0.45751937959073563,-2.693497234334048,-0.2273046489324882,-0.46664785334276954,-0.5129602748337374
2025-10-27,3.994885236672375,-0.006004356196331884,-1.9160807142475038,0.04056884308704888,0.37591541924617067,0.4133228165599023,-2.6241970377091968,0.2807815440334458,0.46141332809644187,0.46143623749302654,-1.6296181951549151,0.5151434905742412,0.5195436369564806,0.3940406156192786,-0.027253394866431968,0.13238645020135148,0.08233455331985914,-0.09119797476648203,-0.9265928655802558,-0.12367931353847866,-0.34503058957161065,-0.41640781116192066,-0.45502155352086415,0.127793224253111,-0.2620413716727452,-0.377420925570454,-0.6389451662350625,-0.27852161910229073,0.05667863074799613,0.1303431003644719,-2.3699704339283056,0.1030118506413032,0.4067045635422569,0.5003293915298895,-2.708123003643805,0.6013452442983315,0.7022296783967438,0.6470060917131167,-0.869618572504304,0.43269333672338905,0.5273899146586412,0.3310571694246635,0.6227634932550719,-0.2716103025705069,-0.40920001737436196,-0.47335123459491313,-0.18282506020080014,-0.26873777777143615,-0.4667224266092192,-0.5390654346952066
2025-10-28,3.982355432029606,-1.2529804642769093,-0.9611831305772385,0.0693137218861636,0.3708070463075394,0.42092908553912345,-0.9173381844283295,0.2964416127046207,0.4595849079376532,0.46389961021085446,-0.055062980133218975,0.5263158849549119,0.5282578045734314,0.39515748664446537,1.8853253896532831,0.12824534218954567,0.07737542743722879,-0.0906985914069185,2.077327096289904,-0.15070890993101932,-0.33449225331219007,-0.4116563980927427,0.1706597711737664,0.07812526360199358,-0.25076779873697636,-0.37859649840053883,-1.2065383874504767,-0.2749614971112425,0.04549482522923933,0.13562740402096574,-1.529703665793264,0.14488798358509963,0.40299192545399964,0.5043058717398811,-0.9278767401624513,0.6207542720331459,0.7107525903338816,0.6479024409222244,1.7278903313390015,0.37522279032392813,0.5256616132809203,0.3242508626952762,3.910552041468819,-0.31535048454895376,-0.41479546413960533,-0.46737490111301805,1.6541123908770943,-0.29570659875284516,-0.4655770313506735,-0.5422998646090108
2025-10-29,4.056384475833493,7.4029043803887085,1.6223523531440938,0.18465119459281415,0.4037738528552983,0.425668446602753,3.663862522066406,0.430145920776563,0.5178887124571786,0.48714489900729085,3.5402554228209246,0.6285541573094304,0.5776432550959552,0.49093791087725946,2.163875342124992,0.2696274351607135,0.16407861150282993,0.08762835681629436,0.05063085340252815,-0.1299512251911074,-0.30605958052718657,-0.3017514849879819,-1.0741022642777276,-0.039540966755930454,-0.2650748329147891,-0.31629122930634945,2.4602666572580607,-0.1475608383747325,0.09286166936624907,0.16428676367302053,2.4402533679168705,0.2573957278196621,0.438986095509034,0.46541527811614153,4.374000184093431,0.7143534392007033,0.737468435617594,0.6684997010092729,4.128127916364505,0.5306922990315092,0.5724741919945469,0.46470408177301464,2.1468884677674875,-0.21826263930861609,-0.35136112026494204,-0.3479481505475055,-0.10534568303283187,-0.2875379960578209,-0.4436161959496605,-0.43676371080166654
2025-10-30,4.091165179052463,3.4780703218969755,0.8790827596023616,0.18408356708302348,0.3926167262120715,0.4302778415975447,-0.3930199863948416,0.383472297450369,0.505721865787347,0.483362333905923,0.07678867455078708,0.5974208809882595,0.5744359953871907,0.4920214590596328,0.6388701767920897,0.29405434879913084,0.16090437950181358,0.11132029543301454,-0.07460657700497908,-0.06457483114598848,-0.32290178973265365,-0.29252590240815857,-0.0658081652467617,0.005077676020188818,-0.2775391300148382,-0.3075255269241009,0.4080534017716383,-0.1440445973854919,0.08304974396699677,0.16201217099027462,-0.8105286464833248,0.21323003363636145,0.4274517827115885,0.45791672927243043,0.8309655428513314,0.7030617463657245,0.7399184580184281,0.6692620793945955,3.5260542849748413,0.5387264582722204,0.5688197877908245,0.4876815645511551,0.8605630793506334,-0.1714650165913116,-0.31792380540077997,-0.33724746684965,-1.791995347135011,-0.28895050990728416,-0.45464384514537315,-0.44142977817900675
2025-10-31,4.0997821105619865,0.8616931509523695,0.7137762204322432,0.1681766281087635,0.3937498842763966,0.4451161144833885,0.12172939144661116,0.3755180384308559,0.4902144609543301,0.4922093853633287,-0.06084122980653439,0.6089935490602596,0.5584634565698273,0.4934860713054415,0.22652243866457922,0.2884251145397344,0.16692288936713287,0.11254506071608278,0.9320209455287489,-0.040664732215973345,-0.2950738706667482,-0.28733349298232463,0.3607723580184896,0.003182824715465807,-0.2673665510621329,-0.30486796663543586,-1.5595052632626258,-0.17776143547652853,0.04795902764123049,0.16296743992910143,-0.558500049033192,0.19280417008197506,0.3979129669371317,0.4704407589610362,1.343556622938085,0.702452484668435,0.7233069970014717,0.6706424890240938,0.9642806805868768,0.5348864885189295,0.5693717147856872,0.4886659599498414,0.42780532449245756,-0.16083634385154583,-0.31977174271147346,-0.3371354958557745,1.4552402698062976,-0.35629182114743185,-0.4389845385628885,-0.43802734084556083
2025-11-03,4.1055720911669455,0.5789980604959055,1.4865230529890912,0.1951282294774267,0.37525785650363946,0.460115033505493,0.8492065239017443,0.39551373180100674,0.48736398151768223,0.5199274451007999,0.819332471506784,0.6123391445749752,0.5576166227337349,0.5151323676413762,0.5656102415636353,0.308097749577164,0.16289760679171264,0.10940070492047801,0.13100450756718085,-0.011390742722457237,-0.27979804003344133,-0.301645085415272,-0.34717341777552635,0.009476484371270417,-0.2463988952040872,-0.30560649931760414,-0.43067572773521917,-0.18968693147003426,0.020378056761559495,0.16146498674747592,0.1588827847450336,0.20472168444257025,0.3900663685342707,0.48481295493095905,2.0129731168679044,0.7180456296397355,0.7184175006236211,0.6911070833637251,2.0947434394561473,0.5489809130660745,0.5604273514747782,0.5001533434692366,-0.7234893049715139,-0.13631206137178115,-0.3143956151457778,-0.34552049440902427,-1.9615601922420034,-0.33511045651252885,-0.4222378246624392,-0.4490863629220377
2025-11-04,4.090006676720635,-1.5565414446310655,-0.13824388308166338,0.13422673919247044,0.31150797707552724,0.4590894704226571,-0.5694013079532017,0.36318466876286293,0.41468828838034033,0.5203098004601912,-2.095542806557409,0.5845995484390856,0.5062344997678567,0.5141112927271145,-1.5603842642622594,0.273585199506334,0.1579908990945048,0.1140055309898149,-0.7874563787985758,-0.07013872618916277,-0.18239294726347582,-0.30477231968338897,-0.416891941437072,0.04103092711112941,-0.12706016775643014,-0.3084961845407209,-1.5145783083711677,-0.18531771530709357,-0.06988549469177795,0.15850334730070365,0.2269634191354973,0.1779780921624486,0.23654907313760498,0.4813957534889813,-1.6863855105739203,0.7005133578938418,0.6670549776301026,0.691126070147693,-2.0267202455706146,0.5196111978615463,0.5466364237035711,0.5013395662618715,0.5377324594333439,-0.17018121320184257,-0.22119777264087578,-0.34414099414906496,0.12308743460544003,-0.271599726834422,-0.31763096496904186,-0.45082107833152574
2025-11-05,4.156149379112704,6.61427023920691,0.41992289496749113,0.11657261944778417,0.25805786037126316,0.4533416783015425,1.28816329472144,0.3987360202672393,0.3932279112965576,0.5234580337507422,2.1968677088144926,0.6385824397622824,0.5066932083563073,0.5249739572579994,0.653140704809728,0.3310999937487154,0.14884943758273633,0.11245916095738308,-0.26336900244515205,-0.06129098172347071,-0.19879632465623223,-0.2988101796126868,-0.1024288151853695,0.018648943902235447,-0.16744592573857203,-0.2963902366138251,-1.0311954320589702,-0.26514843538538485,-0.13480668065530793,0.14015127146833506,-0.928699135184033,0.12914615271732202,0.14906926174277083,0.4445093050156575,1.8340609848165186,0.7034408905646585,0.658789557744129,0.6872897660959991,1.5701391316113216,0.5326963671866339,0.5349942986344302,0.5021282074879138,1.9368378616784097,-0.06944088212894933,-0.21163191225237366,-0.3018773003234807,-0.6744849461735591,-0.30517348877267864,-0.32792304746196227,-0.43479705514362543
2025-11-06,4.090902286362289,-6.524709275041474,-0.6423111404757761,0.18317812824345797,0.2918923882320559,0.45487654200728955,-1.1484551060066759,0.42588331823163933,0.41246662524500893,0.5295699133232541,-1.5413492175406271,0.654143526568035,0.5112996492073679,0.5411346965707425,-0.7281329924974521,0.3335894203731577,0.1499680707685746,0.13533190552657115,0.1327771204082112,-0.09722555952457633,-0.19351157864804763,-0.2973224900306077,1.1638279445681055,-0.08510882608012187,-0.1827383502461066,-0.31517625318635606,0.21256001393690882,-0.24027385193891604,-0.11657277398992795,0.13193098340858958,-1.5039278555718782,0.1854398189515503,0.17883359525373455,0.44939220775472644,-2.1700025243642913,0.7197715840275678,0.6601632622670164,0.6937673083245038,-1.1399681921591136,0.5325571127496984,0.5289179266618268,0.5113047852460332,-0.010226297627292769,-0.06067097383415917,-0.16903332869042656,-0.28794825985175154,2.3237747377814495,-0.3900367554547295,-0.35422218248433135,-0.45375758037562286
2025-11-07,4.091762888832954,0.0860602470664773,-0.8425189499672256,0.16405892649224518,0.27443168148713737,0.46112060629132645,-0.38943320453169594,0.4147309505309776,0.41416264162782745,0.5300389770583663,-1.2235228974247683,0.6514164229519686,0.5072242502140951,0.5355449082192734,-1.6630949970615894,0.3084749725348659,0.15636482553201536,0.11856030884982811,0.43632999787893473,-0.1122574832913953,-0.17923529933843016,-0.3010606948161531,0.15032900168917984,-0.09589453055238847,-0.14417656479674576,-0.3108373403759327,-1.5324291956015614,-0.24372926661222116,-0.10462797724316338,0.13998729730173776,-0.30580090517517133,0.15750027837680747,0.17778404110952142,0.4537560856562484,-1.5637006219453535,0.7370079901234733,0.645477020266836,0.6905421580615256,-0.6270282008444831,0.5250315248864001,0.5124815442924044,0.5060072453748998,-1.456446961142864,-0.07384047877840465,-0.13059637674909977,-0.2986579920995677,-3.050581592686429,-0.3597144563131108,-0.30411003457465524,-0.44294684306958704
2025-11-10,4.109195262620807,1.7432373787852562,-1.512206321246099,0.16659073231728042,0.2511409891808997,0.4295013895710667,-1.1048304092933294,0.4255355862063113,0.4067029876751052,0.5177206252774561,-0.4649124346600292,0.6696860105222567,0.5000954143707059,0.5396783224547724,-0.6697320311220722,0.37790254162024195,0.14825394260264463,0.15232254510987725,-1.7402423901667774,-0.027281235639799402,-0.19741270720890713,-0.2853989951207925,-0.5879218164045343,-0.07019862799206052,-0.16276386968564613,-0.3181810106275681,0.32332975794348806,-0.1339924550661827,-0.09759696032940281,0.12027659035313061,0.015549207734936642,0.09969389132780591,0.16764554403763163,0.44993047480059084,-0.7690798158835488,0.7032375720252965,0.6361107085474552,0.6908158648200919,-0.920678735156705,0.5505603372286392,0.5001501624874719,0.5192233709751628,-2.1619962417845118,0.2679850651727621,-0.14243287720506248,-0.2797413556328031,0.051068864958886406,-0.26288158931377925,-0.310470565521701,-0.4536336507785367
2025-11-12,4.078999999976763,-3.0195262644043375,0.7995498140194401,0.1150675597073528,0.2720502429793714,0.41776933716337394,0.9621822158623392,0.3638051819883048,0.4619135188456201,0.5098970032007146,0.2891518713868768,0.6319045311570537,0.6094439042972638,0.5356088154737801,0.5480258079179807,0.3427449820127733,0.24570173387728614,0.1429117084304885,0.19780004464106238,-0.043892617165272076,-0.15195407660770632,-0.2841522046931634,0.26388405800081305,-0.08518123206502443,-0.13587330263350114,-0.3292317472643795,1.6852905953978814,-0.14942840913336897,-0.09121737667493586,0.1013413341863806,1.7433483563588958,0.09811931507103772,0.20647732468837934,0.4324964705110001,0.3639780197321729,0.6908809442968962,0.6594996031261529,0.6887585897775678,-0.05333987880616631,0.5192052088974759,0.524457367909557,0.5198225700736894,1.1447655122722016,0.18659856136192812,-0.10932038618406276,-0.2779780591166608,0.04681939092389742,-0.21044451059228145,-0.2820523292545304,-0.45395308068913837
2025-11-13,4.109533799449093,3.053379947232937,1.6483699221402113,0.12866315389398608,0.2690805596791412,0.4210105106396659,2.0107659152945763,0.41635970331724353,0.4638283166418075,0.510149738052524,2.6499214477400286,0.6935463763832997,0.6178584249622058,0.5349091869506334,0.5496791985849918,0.4024351746827038,0.2779770086417153,0.13963788567318394,-1.863961103633523,-0.089521397895692,-0.13647398516973033,-0.30117388677083823,-0.4669781658846879,-0.09922824197170348,-0.0911633301693404,-0.31838558409567674,-0.13066553986487617,-0.2859067062591645,-0.0996463869875911,0.10237492452767187,2.29340812494824,0.14901068769285492,0.19648881156638287,0.4298069857169925,4.094301114668596,0.7259265766636324,0.6614841805650172,0.6866699980073944,1.47768638331832,0.572382840236737,0.5514370717668552,0.520940225657631,-1.6396418153167716,0.17847404252496937,-0.0902497870822115,-0.28312174228822057,-2.330313598259952,-0.28008466411587263,-0.27804287759298396,-0.4785731376699446
2025-11-14,4.147282118756804,3.7748319307711498,0.17647859297614388,0.26550592524271327,0.2297396350232909,0.41831683035459466,-0.1500987218285601,0.3926860379981918,0.43366801855675624,0.5037268111454974,0.4096556874184032,0.6204607705004318,0.6153946971982485,0.5340344413611698,0.9699115056441472,0.3247601674920574,0.29343763992173366,0.14981655755672021,0.5163855704433888,-0.18499559194624135,-0.12440655438809524,-0.28574199086707364,1.2222030613395711,-0.27417606232565594,-0.04018427848303635,-0.28944369212070203,-1.66249134407304,-0.059733138014444596,-0.16548496274501348,0.08732972974602214,-0.5589408181658913,0.18627412205778024,0.14177462869063692,0.42245025738795405,2.0599159689704916,0.6807189843265999,0.6720642590823325,0.6916993944907266,2.117726134566847,0.4738182927053421,0.5629731364022715,0.5292171918381076,1.5594036922159882,0.07319371455474076,-0.11648406686576046,-0.2651383543175616,1.2904301434958474,-0.27538396741391846,-0.2853892762704955,-0.4629740177546736
2025-11-17,4.1317951228255465,-1.5486995931257574,2.0351860300755327,0.20151318738294785,0.1927177294685677,0.4029922936845863,1.9827243169708446,0.34197508545139027,0.3978334196539001,0.4971911476894411,1.1384903022899744,0.6179677719351886,0.6123897477229736,0.5355292822471915,0.48827726780403236,0.5082361215762393,0.2764286333274281,0.14339021409667604,-0.23655324765859165,-0.12987904120572294,-0.12314469624786423,-0.299273357542819,0.5957103423842236,-0.36250264632838214,-0.036546805895839245,-0.2905359519440472,5.533774439151581,-0.10864154231069355,-0.19483776522060203,0.06722208176358363,2.58057624076975,0.1244362918018646,0.08265490032455426,0.4070827867033608,0.697886263623424,0.6910752305781904,0.6680582117075842,0.6860240700744669,-1.0229548927265917,0.5902333782024892,0.5688280407573965,0.5258907444383358,-1.2028606167648004,0.13463217670260907,-0.11852986137716459,-0.2856596425477591,0.528846238232096,-0.3391900928390989,-0.2689537029636809,-0.4602714746315249
2025-11-18,4.120194120376892,-1.1601002448654363,-0.8618243391197697,0.25053297544434566,0.23297732342544097,0.40420580891788827,-0.11292052255991358,0.35440572156547134,0.3982974846945914,0.4969118330522301,0.8387043964080481,0.5982891121287734,0.6026293571602318,0.5315117915842701,0.5456779842334241,0.46652615131812203,0.2922822928117007,0.14027172705274327,1.0729594461201024,-0.16758857158014534,-0.10559081166854101,-0.30142675306271915,0.6798816638862817,-0.33611685115848094,-0.028015842518329732,-0.29172455975448713,-1.4457426513846177,-0.013012004875780131,-0.16902975344938695,0.06996587479352034,-0.12026191472662084,0.16248402523143507,0.09759223261547259,0.4095148198414781,1.0548318857916543,0.6624319880724167,0.6557630948146885,0.6823019759249029,0.780908040359936,0.5819897697647132,0.5660630242185032,0.5241661641695223,2.376155651962211,0.06622034488600005,-0.07461383139993642,-0.28944287239838007,1.0371654915055681,-0.3535160720061777,-0.25779281985402935,-0.46369762905027906
2025-11-19,4.129890286147624,0.9696165770732179,1.058620948246273,0.30653108331176804,0.23511572406401407,0.40972046947474045,2.2076880004178205,0.39086226963465975,0.4017705985737276,0.498652560773072,2.0424399863292053,0.5807779995354879,0.6022393339823572,0.5528363242289153,1.401820235491248,0.4092411281106401,0.2943747432246321,0.15420704367197313,2.127225472993168,-0.14266498199459354,-0.09013742333417778,-0.3016982600189364,1.2116092327306789,-0.27466017891715044,-0.017177377848077414,-0.2923157831696879,1.3530421294008288,-0.031154128206357778,-0.16660043401332605,0.07987049532383829,4.241064986788196,0.16865748999460708,0.10501074105180377,0.407399438896654,3.6975714548787906,0.6212072266994443,0.6644958494648034,0.6822926572478435,1.7665292131159647,0.5652799290322026,0.5678116268166414,0.52204997193557,1.958325616740301,0.093922082613879,-0.07059843120832424,-0.27779848996240164,0.19826902266694413,-0.3024442388030411,-0.2552189626403669,-0.4640808417044136
2025-11-20,4.102812758173684,-2.7077527973940363,0.26601183037325693,0.30424391236569936,0.21125631385508206,0.37058393097204334,-0.5822948062608736,0.4363099088685497,0.39488848620975836,0.4789789390499449,-0.9913167980930719,0.6535199196393929,0.5992739045371948,0.5514404332378526,0.5394607539980127,0.3823362903196314,0.2745690277508487,0.18717783559498166,1.1825411725938368,-0.21317058866324273,-0.10605451188257348,-0.2718994906057133,0.5054955206801279,-0.350193329802537,-0.06426264186536144,-0.2579722529443199,-0.1839807800817712,-0.03412358141356463,-0.1632815491712993,0.02705430149087941,-0.44090769617201475,0.19305443093283184,0.13213965569196398,0.36664536023108363,1.100966124670896,0.5996560813496435,0.6423352779679309,0.662561241970348,0.8370322790106803,0.5511811175898872,0.5507098536932155,0.5553545072137857,-0.898591070193255,0.12492017850576288,-0.038414369121093715,-0.2602436585154994,-0.028609296852080024,-0.3360088004942197,-0.28128560983082956,-0.4280671041925298
2025-11-21,4.062308884132495,-4.050387404118894,-0.9828019901277628,0.30613751773544473,0.20509827650553789,0.3861837829560568,-1.1386242161984512,0.42476903026234925,0.40264809620191466,0.48932612211093945,-1.5485166578043361,0.6602496335744756,0.608749299749393,0.5638576878434424,-1.007079679406429,0.4555770940555146,0.29845361965620015,0.19927091521925408,1.8007570472665921,-0.25694679093921996,-0.14384218183432793,-0.2957064792043865,1.6581113907176608,-0.41711285071739285,-0.10312595556123007,-0.2791090689324566,-0.9763339796775846,0.006955236204499076,-0.16473972991580085,0.040019448306891824,-1.1411857468596194,0.1786881352930659,0.15856290584557914,0.3723915972780439,-1.8223379863063551,0.6182135227730311,0.6476384843091061,0.6738829579610501,-0.18395133600474223,0.5916141215369338,0.5429201715588665,0.5615517889997775,2.3538702873094177,0.07233045438052846,-0.1058921424085231,-0.27620799754774883,1.0132277684671904,-0.38668102487108164,-0.3097215179215823,-0.4389917072941895
2025-11-24,4.035368749611542,-2.694013452095323,-0.8809823021579808,0.38868815917800387,0.1955424662200753,0.3917123887656472,-0.6595045812007329,0.5262045115987237,0.4038285017877924,0.49442534618260414,-0.9185988994501856,0.7061092539820057,0.6178453133128202,0.5734609957523195,0.49748222193845437,0.4547034358279872,0.3101593856692137,0.19787007721073138,1.131355082147616,-0.3241968140695369,-0.11962469244056673,-0.29988019562875873,0.5349147236618509,-0.5444107328727772,-0.05842888090111286,-0.2784481132614115,-2.2011482044239745,0.06441423712452561,-0.1598759466036668,0.05102183984019427,-0.31799964841452477,0.2373407862244755,0.15573860008070906,0.37439845050417764,-0.9244703118604353,0.6600791895185636,0.6573736367407537,0.695823937954554,0.07660509941933435,0.6794434490615969,0.5471600237665933,0.572656707825143,0.005205829828886399,0.10363680535959421,-0.08049471548842227,-0.2791127433808553,0.8903142354904942,-0.4287969413138021,-0.3043171990313443,-0.4515479712259109
2025-11-25,4.000819755382278,-3.4548994229263386,-1.4039107401711646,0.4624071766688731,0.23123115066395988,0.4006645684250861,-2.1469678636476734,0.6090507833551864,0.4319468852893319,0.5025980910145,-1.8123138431931363,0.7465508320732951,0.6279114125915147,0.5821560271760737,-0.9625895168347838,0.48880834662111045,0.31265962523155333,0.2082564129974358,-0.017857117699295877,-0.31129030830096227,-0.14196092665222737,-0.3006287772335459,0.764845206292736,-0.576746549483463,-0.09573497265530485,-0.2829116387205077,-0.5677080329695968,0.0751122691429543,-0.14219508099500783,0.05286731633281594,-2.291881066437482,0.30701917991139255,0.20045649351690392,0.38599490997900043,-3.7583050707236287,0.7142052103559031,0.6620332349219494,0.7023397331986846,-3.510328539609971,0.696941351733587,0.564807497080247,0.5774830884494695,0.5382702847590082,0.10244597517821716,-0.09010686906890243,-0.28030430486192454,2.5409192619620153,-0.47355792404058383,-0.3437833532050688,-0.4610116205918357
2025-11-26,3.9969639357137066,-0.3855819668571847,0.34473011744141857,0.4555780473287145,0.24899136112216824,0.3951817880575018,0.9826379525620518,0.5980583277275956,0.4381390751858234,0.4982748200465059,0.786800608828576,0.7410711611256909,0.631564863663566,0.5871585298499528,0.43592910412621433,0.557544717580085,0.3164903180328602,0.21123842528344378,-0.4031031006172321,-0.29508612426959707,-0.17042108998298366,-0.2989194473584793,0.1802626234515392,-0.5813013023409528,-0.14254273340027765,-0.2741010504483914,1.469645978403514,0.05715089935730525,-0.13830430124926824,0.0425801148984171,2.1463915236202498,0.278714038589627,0.2198555788516324,0.37748523451544613,-0.1753506896394592,0.7120590009415371,0.6669735130278219,0.7067821649680355,0.1725934730363199,0.7199794151109368,0.5466619163856027,0.5839016122291364,0.09241925268256335,0.16608947148121547,-0.12296235000036246,-0.288334412249234,-0.879864485949952,-0.4587996156512056,-0.36348122965790586,-0.45999309367085145
2025-11-28,4.017080398285209,2.011646257150268,0.17377686210750398,0.3643002474140484,0.25178793130430777,0.39592708695479767,0.707174118141632,0.4610305732316454,0.43856889530391613,0.5051936801503527,1.076616351580698,0.6681929233491833,0.6425378334478482,0.5945480907194978,1.1702378781638048,0.44739216718914243,0.32720721427623534,0.22189731369145788,0.1516194431286973,-0.3146628500960144,-0.1808498613245724,-0.2954715271540818,1.1003332336329055,-0.39766294714404943,-0.13017543681084884,-0.2596351258305486,-0.17302522488877758,-0.11569826921647557,-0.14014497521131017,0.03581624012664336,0.7298476792905024,0.17027639822576796,0.22391367388018127,0.383714093919978,1.6674090158839712,0.6504708146595986,0.6756702339439148,0.7111572773543299,1.269125416573568,0.6455236774216117,0.5645980706369373,0.584915280171104,0.07353707621790723,0.022138514784426997,-0.1386040899041474,-0.28341546898495434,0.44619651950141764,-0.4946150851812174,-0.36779471170313366,-0.4544015718796007
2025-12-01,4.095188349007166,7.810795072195642,0.9368485858187392,0.37632124260684724,0.2607092054365311,0.38976329305757457,1.3394873034050432,0.5394519885877329,0.4340658924740768,0.5100691561850306,1.0392841932350847,0.6666429106784185,0.6224375256407804,0.5938742092240296,-0.22744927710524254,0.32398997993091494,0.297472722254824,0.2022964116715449,-0.9461201586309504,-0.38638746109236716,-0.18985240994759647,-0.31971200031224145,-1.9623438594335991,-0.5759009576271251,-0.22287296583426247,-0.3081744119307592,0.031660789272367984,-0.10868298249230544,-0.12957964556552326,0.02183705027651816,1.702478944719616,0.2890861287397868,0.24594821622943497,0.3974052955867335,2.653459339799923,0.6773821113213012,0.6772464379512863,0.7185068693491867,1.289806763788544,0.5994527391160028,0.5516012140498407,0.5743513595688502,-0.35749984169571536,-0.057461538978277646,-0.12874515100348352,-0.2661090684509758,-3.617938773995245,-0.5957426467853987,-0.4270975487762363,-0.4913373037597033
2025-12-02,4.087455795082281,-0.7732553924884478,-2.1440773098405024,0.3548296153473304,0.2504868857341458,0.38318327297373383,-3.119236606749782,0.4855545101854251,0.42006519842339424,0.48757502003981923,-2.4872016169919617,0.635407363158519,0.6205389855814148,0.575977519588408,-0.587095996459456,0.325683810446591,0.2929391559784138,0.2031289516903402,-0.5506761502614399,-0.39049968073816554,-0.18589762486723613,-0.30936745146869354,-0.04770040210534443,-0.5691704483548828,-0.23274553247295285,-0.3096448113610414,-2.165581393428704,-0.08351198120591007,-0.13380902695032762,0.00652841383711992,-1.6604612456084096,0.3009747164346598,0.2399055677419031,0.37271029441866455,-3.0043111476795525,0.6490301351929295,0.6694655151439429,0.6996486884750815,-2.082660916134813,0.5792084366363158,0.5461330701708532,0.5689917735932954,-0.5219989054528957,-0.053282747847125354,-0.11895177849300315,-0.26142526587985165,-0.5046189842380473,-0.6183634219893327,-0.47895323847020255,-0.48675699887267543
2025-12-03,4.056543431539201,-3.0912363543079913,-0.9149737778104129,0.37966700178784724,0.27424325291550605,0.37451975962391165,-0.9467842743135009,0.49870064254033086,0.4379642799988278,0.48722655066940823,-0.5040930714107905,0.6359991990586547,0.6230572820706687,0.5736870412027076,0.908781626147805,0.26944739328100525,0.28429371211320625,0.18313573043576079,1.178063776712653,-0.41634908840649093,-0.18856662282079437,-0.3108719068599829,0.5601757356039903,-0.5718046410893387,-0.2337251103820063,-0.30158963909411785,-0.656526648036263,-0.06873169302269591,-0.1328484629552207,-0.004871016469116387,-2.3099777129763863,0.3424001714484853,0.26890920671476165,0.37382933988865213,-1.7486764578542016,0.6658055038376759,0.6912144599150917,0.6993594708292251,1.0560406112088352,0.5473399442736319,0.5413545597808064,0.5515140308568561,0.3343231980296799,-0.0497128879728373,-0.1012740034551149,-0.2520606056846032,0.22554721270933764,-0.6257974592113614,-0.4713281875793413,-0.47601638223115156
2025-12-04,4.105880644003466,4.933721246426437,1.906871684372205,0.4512161584620162,0.27734898464930846,0.3508051269629998,2.6329079633946275,0.551633866025733,0.4493770725886165,0.4536180152604465,2.5631134834160543,0.6823386639072985,0.631170158767419,0.550463071593192,0.9588175386303042,0.30499101972366466,0.28308341496631123,0.1867647436042112,-1.1972907022930208,-0.4939070626888663,-0.24269996072959285,-0.2664441140095058,-0.644145981178307,-0.640566830782849,-0.23465764259041977,-0.2354104005767822,0.9137898578785221,-0.04111247039854362,-0.12825280143884632,-0.06104003935256861,2.263240300258658,0.3939294258692493,0.28807751238126655,0.2876319649818357,3.152364701451734,0.6940515004377543,0.6972942456140275,0.670952235738818,2.0319218045866845,0.5902410856023876,0.5402862815096051,0.5464861871189997,-1.5347029209844445,-0.1265874033459042,-0.15313900825734653,-0.19337685847431202,-0.6726883550550395,-0.6223190727197566,-0.4501185324600192,-0.410825209921968
2025-12-05,4.137989899577883,3.2109255574417794,1.065386124694701,0.481538008490659,0.28626177739645287,0.32952140513026196,-0.039211637863123094,0.5170317708006207,0.4490005860442492,0.4302279105461052,-1.1217547445031073,0.5753607892852031,0.6108483254144584,0.5221037026129572,-2.8258098919015677,0.07563960767741243,0.2216214396744732,0.12307425379759224,-2.8085441597704284,-0.5349185907159858,-0.2861052711741113,-0.308542844395715,-0.7562228324849922,-0.6717336621647363,-0.2777053475398043,-0.2916733079551857,1.2125608761244704,0.04753909223530531,-0.13661367259439453,-0.07371567605325637,-1.5645882137309728,0.4316054848825722,0.2678471081423174,0.23850760536023197,-1.5629388788557506,0.6311586716246127,0.663910291337809,0.6471996448398951,-2.1004704033280097,0.4457105009915748,0.49439223230428225,0.5069276095677984,-3.5456261561209854,-0.355024095275257,-0.17643732963633277,-0.23330483643372496,-0.3992625770853122,-0.6382150925087083,-0.45907757326677895,-0.420454193920162
2025-12-08,4.171162463655898,3.3172564078014943,1.0090534117967929,0.49587618736718936,0.3034883629583801,0.3478818959680375,1.3051166468995552,0.5102383153541483,0.45884934809247724,0.4397363436373961,1.5508835323279488,0.5583563224833766,0.6200408941354973,0.5240641981564279,0.5236484841203806,0.026662217402384687,0.2316954088337452,0.1242284922793267,-0.007881549870473403,-0.568904358490206,-0.2801840135942421,-0.29415616760559704,-0.42098469426106844,-0.6635803047075415,-0.285075205551478,-0.27847507221721024,-0.6947998103197952,0.04146079202531634,-0.14438571055204344,-0.07580970597031181,1.1214618394755649,0.3893904410817049,0.2767194094878599,0.2438933110479481,1.5255144719571616,0.6103352987975963,0.6704833540726775,0.6461791101951183,1.3491779761448222,0.4346065006040324,0.5025562350078068,0.5072095873811039,0.6103278923909183,-0.34971170256606016,-0.17544381347897262,-0.21633393514364987,-1.9801803291355453,-0.5978549418463335,-0.47991120213516725,-0.42029170149622475
2025-12-09,4.184875322589545,1.371285893364682,1.3229676090868672,0.5014462934778434,0.30291423877922824,0.3405628469757497,1.182460160399008,0.5134146058071618,0.4588852753692403,0.4428942500304874,0.5238929638065826,0.5685942075754942,0.6237984556368261,0.5226187755839775,0.313847625040899,0.021445485679782175,0.2261794738027392,0.1297046874700935,-0.6734599438071969,-0.5715986977106039,-0.28999157423308114,-0.28923292686896157,-0.2798090005174463,-0.6657784677217188,-0.2916844199352562,-0.25612632651189693,1.4971338153031877,0.04865900361989858,-0.14111106439433233,-0.06260577698720401,-0.8930356239255266,0.37222675790387216,0.26179306115884,0.23869598649736848,2.7938479380168446,0.6153019496804631,0.6741486297191844,0.6350440725102634,0.6634596253558627,0.43766589507825077,0.5011564575721192,0.49469450134499954,-2.7250555554410747,-0.360084044314933,-0.1904208923445683,-0.19267498259871854,-0.5751140544549633,-0.6761472898894354,-0.48392068017137774,-0.39645813617586884
2025-12-10,4.163406162841758,-2.146915974778718,-0.7165838408547038,0.579679788595777,0.35313402371560737,0.3441795373065057,-1.60196290722736,0.5661281942826293,0.4850326687993632,0.4512508750499245,-2.423910135912579,0.5987706882542774,0.6326962266240712,0.524809389639742,-2.277500169831485,0.1217880350574476,0.26191553899016135,0.14015217236673597,-0.9065088706320319,-0.5272286320265801,-0.2573794108080569,-0.29047591768259684,0.24961152566060818,-0.6544687553731375,-0.3089473674038071,-0.2750032592192566,0.5588924946856673,0.03703511871323849,-0.06345334697061732,-0.05856668231967842,-1.6062779570716352,0.40333641121412644,0.2477566134477925,0.24037955247038276,-3.110713379148042,0.6480686563350193,0.6569673905734453,0.6347183792559424,-3.102732725937462,0.4856180434143448,0.5188355787896607,0.4957766263276307,-1.403209311630496,-0.3064249300898524,0.006188095102406798,-0.18105455292374378,0.11902314737452802,-0.6789585024079974,-0.44026848084708825,-0.40512388276901773
2025-12-11,4.140022899315151,-2.338326352660669,-0.34232660776735047,0.6322533966096159,0.3478592863006498,0.3743789726218182,-0.39320231910291503,0.6154905577222859,0.47507492423717584,0.5060471750004643,0.4469830403295745,0.6009213923689699,0.6151586679085942,0.6076630832473495,1.7231108078776545,0.07860326750420038,0.2250337915906878,0.2000466424298586,-0.5890659070069921,-0.5011097044462335,-0.2519807528425811,-0.2528304079323438,0.40359022581632625,-0.667270361196136,-0.3193777197667742,-0.25416467884108296,1.295133346508168,0.05689799463649701,-0.06595857190941844,-0.050486135326008305,-1.6671962181305344,0.48914780983807243,0.29078851532233796,0.2949632394464774,-0.05808792887981662,0.6610598839768601,0.6594561254132135,0.6582154358186857,1.3970582626544479,0.44628192926932225,0.48592950509775634,0.5043699796610701,-1.0050439977935641,-0.24635952221933657,-0.009800757999495134,-0.1470813908171936,-0.07566061098287424,-0.6807411882932052,-0.41827807099780506,-0.38577243298347913
2025-12-12,4.19385191309005,5.38290137748989,1.8073961375547776,0.6548720374908438,0.3702165513969454,0.3823751528587537,2.0048682573369088,0.6324362641357145,0.5128534618921579,0.5131604042447182,2.34684722776104,0.6281433129492495,0.6643128055639167,0.6203162157617247,1.6076199452751423,0.15143370062851177,0.28721622717600914,0.24041530849655152,0.31340872982375334,-0.423414104665086,-0.22842105683600725,-0.21525955798238186,-0.10063207944763519,-0.6466810804253151,-0.31646404633379377,-0.22374544322996265,2.212699372272125,0.14721900519547274,-0.0775755786595668,-0.025115119048004262,4.372762910434259,0.5441736252711843,0.35144391863052943,0.31605095422407364,2.9829161816892418,0.6760875576975497,0.6985649552782105,0.666066380863546,0.5677330508981728,0.4192260275230283,0.506707353244872,0.5153367175093088,1.6971605188034813,-0.10485138868271833,0.04627297312082928,-0.09659438683840314,-1.2649935216041537,-0.6858447340669765,-0.4518784573705572,-0.38071560174669233
2025-12-15,4.181151102155849,-1.2700810934201279,-1.0151758917087546,0.676382284854077,0.467267318043625,0.36525567427520295,-1.4975938298904736,0.6645351963414015,0.5214922481378469,0.5031931398117659,-0.7696414368793119,0.6412405706824656,0.6309989609647337,0.6222135310934214,-1.475731366612694,0.14571080811450077,0.2252731696343599,0.24610149130175493,-1.3874011833609505,-0.41383684281153876,-0.30902264642884786,-0.21148565524336277,0.6943735181110848,-0.7599821088669126,-0.4956659708766586,-0.21892760284044407,-0.48812560990657283,0.22746346147601929,0.06921730605127638,-0.048783475598460156,-0.34606380933211517,0.5856631371112248,0.3878120713509606,0.2962801446437827,-1.1149590379742462,0.6678482658978689,0.6709377756125741,0.6705537599199726,-2.6869436196596,0.38962553378593984,0.4400914059751654,0.5152049705090662,-0.4486132887672065,-0.1648902910421689,-0.032019136642114525,-0.12721919240775909,0.4159974921155456,-0.7915934205348736,-0.49666282841287485,-0.41182504064926956
2025-12-16,4.147940837121556,-3.3210265034292696,0.09038597676122251,0.7558991661726496,0.4629953149022148,0.3553927029449076,0.2372122442937441,0.7032759747091502,0.5111120154260711,0.49152824738937345,0.8627282705327007,0.6221061197765356,0.6219030953897796,0.6150982976715708,2.081476726499632,0.06312200331892909,0.2536943023778198,0.20457942354426287,0.5861786107032866,-0.4342596042410267,-0.29712187766251646,-0.21819811144609427,-0.6983830575825815,-0.6534255760206968,-0.5018214954610467,-0.19711928858610284,0.9682156053114432,0.3855562696211044,0.08571239647917625,-0.06446030269794438,-0.29612862908090865,0.6383380816096381,0.38970973692020217,0.28222812904865385,-0.13716428048512652,0.6678297681197629,0.6785648197756281,0.6673491241851138,2.3548862238428514,0.28258031985016435,0.4404244601503708,0.48697981061199236,1.732568576274976,-0.23702333617485463,-0.046215211584236346,-0.14948458922113453,-3.3464108540838113,-0.5503333041562203,-0.43601294109783595,-0.3505960928397631
2025-12-17,4.149918348059475,0.19775109379187583,-0.5011001580689312,0.75033157107244,0.4819180055428447,0.38073988905457373,0.11496123529058205,0.7042710738771268,0.5177818061739394,0.49196323576409545,0.8412445716832544,0.634852179870126,0.618537471039562,0.61251991576278,0.6121607502561821,0.06935061397698095,0.2383991723014106,0.21989391857982699,-1.2466798320985792,-0.41752403251181525,-0.3002788098151092,-0.20158380711461935,-0.618900832919898,-0.6368342576138568,-0.4883424625399477,-0.18635282369084397,2.0245084699695104,0.35900926583101894,0.12833625375351684,-0.04980391895860919,0.09086553932702723,0.6386963791588481,0.40849786022097767,0.29235222285937673,1.171520367119121,0.677880193499469,0.6715753225712116,0.6627988796431884,0.7911391145868275,0.291657328380351,0.44064940402138825,0.48754980711608165,0.395002935933711,-0.2206914413923768,-0.058529962186257854,-0.1163378134379491,-1.9362051237296467,-0.5319662547596117,-0.4272856642211786,-0.3390314237682183
2025-12-18,4.114838505340873,-3.5079842718602094,0.2881601369166336,0.7209581290623168,0.5015589214086729,0.3756755906413071,-1.730697753461755,0.7438784661940068,0.558892208321862,0.5057414555204987,-1.6576193866198718,0.6683950281810341,0.6309658116352947,0.6215427769762247,0.2059719907666273,0.052786940654369195,0.20788447691169543,0.21414980084408206,1.1571104368113567,-0.5241686894364673,-0.3244146090135362,-0.21944083614774132,-0.10321381775363525,-0.6588025082799575,-0.4647279592503347,-0.18385009023290239,0.6247797355062628,0.32770937898004937,0.10331169789224626,-0.053230176303502116,-3.10237792080328,0.7202975000636305,0.4468681649396649,0.3125883672016091,-2.5527793583699494,0.7243425408652209,0.6831616057261997,0.6832984965453103,-0.12580936152007038,0.2827356903197078,0.43376178070046517,0.48549774797884765,3.9470675970917153,-0.3342309202474765,-0.10926162256361974,-0.14713754534899393,0.9165124475466816,-0.5651630036496993,-0.42369273605425195,-0.34680195218993926
2025-12-19,4.150020114498223,3.5181609157350024,-1.7753072472694944,0.6071671999949595,0.453442150980211,0.32614725250998555,-1.9126976008670065,0.6463181507319088,0.5365582016185477,0.4677316458554854,-1.871103058145389,0.5648161973914729,0.6110449051003376,0.5851853151965858,-0.9865433314434049,0.02491431628985847,0.18010442020102493,0.19301720371440054,-1.191063433787238,-0.5231123991471202,-0.34845011793989744,-0.22816948211470667,-1.027334975873159,-0.6715750014996689,-0.5072883461849198,-0.23064172612716394,-1.8523300144625503,0.2142258921410931,0.06831505634611938,-0.07371149114243852,-2.7695563151492193,0.6157266654928549,0.408877016884666,0.29420001568750687,-1.8313293174403873,0.7020360038501232,0.6520827758225552,0.6562806419503581,-0.637261420238528,0.284277648554639,0.42227774826691644,0.4713131704936879,-1.2146044237038622,-0.3859105755189046,-0.12664828964628905,-0.14684722359690097,-1.0843375699623903,-0.5683543132126594,-0.4435852427407364,-0.37110413001476267
2025-12-22,4.169617381514055,1.9597267015831754,-0.38821867093858176,0.5784904112017721,0.4317685952408029,0.3053817932009015,-1.214511889882453,0.6142810414086355,0.5089038353562164,0.45332191897469315,-0.7550453720979456,0.5232734529818924,0.5897598085550422,0.5774474909184486,-0.49145558707703363,-0.04011696451481038,0.17742472882874172,0.1953059175655662,0.06116371843455681,-0.44630353446366655,-0.33266808728204533,-0.2265066976813135,-0.7081429957929535,-0.6394231062622742,-0.5083134887527041,-0.2340834633106381,-0.36365218274694533,0.15608915446263424,0.07105832064464761,-0.09242116751934927,-4.143502566402397,0.522515730284806,0.3489807575474516,0.2642935133071151,-1.0615043750039583,0.6785527632994542,0.6340147537464523,0.6473383573650083,-0.4056891019675488,0.28618041954292417,0.4306152961658818,0.4651539759517368,2.688806519477757,-0.2606410088605864,-0.09416435305503387,-0.16178190041081122,3.8180073200623585,-0.38533909615554895,-0.38562538609308344,-0.3393836488271866
2025-12-23,4.167688600207533,-0.1928781306522076,0.49124231093506365,0.5530474574148414,0.46328264050635426,0.2930589600082151,1.1322063292309008,0.5924374024058421,0.5468994787962425,0.4479814262765768,0.3436883173214093,0.5066590487887427,0.6020227327515248,0.5798082963025935,-0.37722727499011516,-0.01846975579019199,0.1819559913814177,0.20836824782595947,-0.5301885265893578,-0.40032665241540843,-0.35827177644537256,-0.20660799583915748,0.28310922216757756,-0.6220869604703925,-0.5771730595403759,-0.21316245386180993,0.5490928106449894,0.06528569384509574,0.07316131689909244,-0.10553770301110367,2.167411102140723,0.5030783343242435,0.36499140847295364,0.2557146247548075,0.22558670778271683,0.6767458704063655,0.6436058449413262,0.6511763336145425,-0.9122441780448904,0.3029408044616109,0.453911393941495,0.4685313966664439,-0.44920514290138785,-0.26220322973319393,-0.09279348930200607,-0.14992449507733338,1.7976507491553289,-0.3639388258372116,-0.3934216297097911,-0.33002588329485155
2025-12-24,4.1325296982580735,-3.5158901949459143,-2.0470320794460344,0.5663175829363895,0.5023385787591472,0.3205212582171764,-0.9624564811936225,0.5635532404696707,0.5713920776059557,0.4596775929467726,-0.5527705360290942,0.4677993019985307,0.6092223611952154,0.5806014008496927,-0.055133024009171194,-0.06528986894068384,0.18382363595756848,0.20144648059878048,-0.13953982196240977,-0.3927035393536427,-0.3555061616298877,-0.22266083416482677,-0.5412940004658848,-0.5236296586811923,-0.5449367311516541,-0.21895948585659517,-1.8234672147974467,0.12752001527718654,0.10535473379780713,-0.0795622038629727,0.2602334101394077,0.4341813064457133,0.35625734169567314,0.2609080636505078,0.2684736492699009,0.6003720919262195,0.6434321915209763,0.6419314975468559,-0.43272726829155816,0.2098777429731212,0.45837930772310653,0.47323285742557614,0.4405441143141726,-0.25870625693854526,-0.0937227241969905,-0.1562866708333485,1.498064024194851,-0.3401874645902874,-0.4113650178093492,-0.3518076102950006
2025-12-26,4.132597971452548,0.00682731944747772,-0.22752822471017925,0.5754499933275464,0.4982152337410615,0.3362527604942689,0.7688760365360097,0.5732126603080431,0.5651285061399174,0.466396337202637,1.2425746619852704,0.46342148800863087,0.6032368963918242,0.5814516409451007,1.5395447479328768,-0.07060403054028457,0.20144386800343766,0.20004001381708492,0.9344980195479616,-0.38734835383930927,-0.34888161388595534,-0.2420099344643388,0.5083177426257408,-0.5157522960775628,-0.5435957601752486,-0.25600196412351595,-0.06086781114633599,0.15028039059143045,0.09665160678838837,-0.07605892442043576,1.5272071583953624,0.4518218964440674,0.345314327728999,0.27838328784724803,0.9926113178384,0.591194606995208,0.6390260100047557,0.6442583171228321,1.229832525507652,0.20061250141062284,0.470814861927305,0.45383101283907884,0.7927824222935553,-0.2613618741815158,-0.07272412805896622,-0.17982800163453672,0.3959997247886944,-0.35001998998146877,-0.40576535508903616,-0.3655437984315754
2025-12-29,4.115039772259669,-1.7558199192879265,-0.042630606717891525,0.5665548146085436,0.46042069689170423,0.3379946669690064,-0.19680803665920327,0.5623354209664743,0.49936578354944194,0.46555046440769093,1.0851155632650975,0.41726975791025134,0.5303180242094583,0.5775427597255973,1.5412998099432704,-0.12602046479158902,0.09459737955167212,0.18320552639013304,2.248854829962112,-0.42406675948251354,-0.38668283049541385,-0.2602132983325075,1.7102559306156833,-0.5942944803489373,-0.5056908170277608,-0.2709120787369258,0.8591943520107425,0.13580306465663064,0.006016952889847532,-0.07831473054141877,-2.1196785720067126,0.46188133033882683,0.31047018885819283,0.28380303775971827,-0.672496423684666,0.5889460564788311,0.5986570689518258,0.6492287630183099,2.2539860986210005,0.1276736714651837,0.3677287360262892,0.44435289655114957,5.2048763472075175,-0.304962953138547,-0.17857167801283788,-0.19845854078651068,0.9357859096177665,-0.37979167372688005,-0.43730380576244454,-0.3756185856494467
2025-12-30,4.126779300328056,1.173952806838674,-0.8484004657958871,0.534705042773941,0.4383556550915794,0.32632943432080636,0.2755070552710752,0.533109403925406,0.51587217139795,0.4532336476042899,-0.49002295037129595,0.3877630695009564,0.5324055861481627,0.5612741263299289,-0.9932472415649312,-0.12233825311316869,0.0739584404710868,0.17032264438074124,0.3828693429605887,-0.4021910647503952,-0.3865920939987435,-0.24516405700696603,-0.40567679537497603,-0.4414558331678044,-0.5088362794842116,-0.2679318062114693,1.8456244313033343,0.19742396572250043,0.009950524804507532,-0.06574964771644919,-0.42607151444997887,0.4082597498225996,0.32372081714480755,0.27896904183576043,-1.360506189163392,0.5039621184851328,0.5870715765476888,0.6305763195165899,-0.87827719770485,0.037153111819008024,0.32728606941661637,0.42443269934148825,-0.1260787694260992,-0.31941041208183385,-0.19243559012289135,-0.18420890160096007,-2.281399952642947,-0.20383423568025424,-0.42198117284208253,-0.36672798646587906
2025-12-31,4.152274045076331,2.549474474827562,-0.7076996724782237,0.5124184232271441,0.4194887671460126,0.3102961513257951,-0.530168117642688,0.5389858998621527,0.503056318313886,0.4441577096924459,-0.07191949613459192,0.37859786460090056,0.5276222920228241,0.5619360816065752,-0.8773191682346719,-0.15877056983967977,0.05563774461839235,0.15494539714626274,0.7037568657428159,-0.36492501266355404,-0.3778023444183841,-0.23230138498432495,0.6491625450064256,-0.37610375268835644,-0.4914062149723825,-0.26466333004462544,-1.8483367344356612,0.09063412303240265,-0.008406174231776545,-0.088955347435491,-0.5111427960004127,0.39603693844675236,0.31868036978479863,0.2690872238028059,1.1770134909861472,0.523538793496564,0.5905330588882353,0.6330390522728891,-0.7042681600994849,-0.007304454410892312,0.31144241209048684,0.41358562232534224,0.5429281078824812,-0.317611071100205,-0.18830599668257023,-0.1769802454831187,0.02335798070699524,-0.19933145153906398,-0.4284520753884494,-0.39887564319454766
2026-01-02,4.187724320360476,3.5450275284144794,0.34655607470819216,0.49239138025668217,0.4290641532413906,0.3178144900608687,1.267799666491853,0.5465197206605413,0.5160395846786608,0.458699116822463,1.8298021733754688,0.40783908033352295,0.5431818020093264,0.5717488356268201,0.9230954556783485,-0.08609199542132893,0.07307565968140853,0.17479362116515731,-0.6652622999014461,-0.3238051715351186,-0.38693528358704005,-0.22707517986759732,-1.7392896695877087,-0.40168644800555,-0.5124491422856436,-0.2821405594713934,0.10263904333116147,0.027932789710869283,-0.006989813042059851,-0.09538575437763709,1.6478831037252288,0.3938942105678449,0.3346264217910761,0.28341881787583156,2.818354492817856,0.5308507861992147,0.6082418359411579,0.6519502939473186,1.4325455939149343,0.0804908649044424,0.33040827966770914,0.4305982405405392,-2.138104739255155,-0.3696080942852088,-0.21591444237687749,-0.18499698614434984,-2.81592456984335,-0.25574189865734054,-0.4547038121388847,-0.40942178558136033
2026-01-05,4.162201853557488,-2.5522466802987864,-0.7709516195079564,0.4248892999615005,0.4375953387457423,0.3005607622501522,-0.8254030708595297,0.4771113318514399,0.5193547220093241,0.44871971568989094,-0.6550455887492659,0.33010470212394594,0.5448794590058759,0.5638029585508529,-0.4609715143169568,-0.12559305164802498,0.06477929467485623,0.16182170181117034,0.34160074623091835,-0.29293635801841483,-0.40352397911409993,-0.25355243628016105,0.5043796899356384,-0.4070636601944152,-0.5299138730010797,-0.27672517484621073,-0.7254536442780749,0.03801964621815399,-0.009890676274734469,-0.09561794332114965,-0.9898884338870678,0.3302649359258836,0.3444252601118029,0.28014251796921297,-1.3567095853368436,0.4817988896441534,0.6105989423615793,0.6473176113451338,-0.9243295402904425,0.010614017150162927,0.3302354851435475,0.4179888879862187,1.0880933152374015,-0.34056540696056237,-0.22228895655766726,-0.20336091316248414,0.3350019588846047,-0.2673809160570045,-0.45609370752182404,-0.39328202174744875
2026-01-06,4.17795793699418,1.5756083436691881,-0.5002135111731429,0.36842051919043195,0.430713355106449,0.2953892837153552,-0.4263725818471872,0.47697252388054556,0.496224493710129,0.45122054722579147,-0.3446993435221888,0.39114753444705547,0.5027502492554189,0.5641076144638172,-0.32506861364386563,-0.013831335442510658,0.036679953919740944,0.1634335655378652,1.8199957053007263,-0.12168250296989468,-0.37838157543699136,-0.24566071723486682,0.12459666934178237,-0.36609112608232763,-0.5438483124868889,-0.29746287801848964,3.582774837354614,0.05768631820409396,0.05646887105950063,-0.09648639656234717,0.8976660489929182,0.38888129664129834,0.39269814427260546,0.290611337202289,-0.6360053428381344,0.5449406108268924,0.5964300610531226,0.6376433558619228,1.2630767165000991,0.11753258256244058,0.30511543295358395,0.41340589814774537,-1.8348760921392961,-0.2875665302323407,-0.2998203101606772,-0.20133841977345895,-1.0841690927982497,-0.2810455199364974,-0.46874981925757003,-0.40052374449697237
2026-01-07,4.13675550401814,-4.120243297604009,1.1598502288478942,0.1603459048091197,0.37050856020378975,0.27400359606413,1.6357146302945185,0.26064383093480664,0.4175934701241595,0.42024507668955297,1.5886854180753058,0.21337450092317736,0.4148008329320679,0.5320894067795284,1.8866712547815645,-0.1397097997070632,-0.060339542453949076,0.1276583624601983,4.419434209125024,-0.3182287068296044,-0.4503338034820438,-0.2876554784098065,0.9772641374238402,-0.4164258254219734,-0.5328617007073688,-0.31274663504018935,-0.30752168322775364,0.14636259149883635,0.07001069174278382,-0.08783853319332201,1.638438744300016,0.25341667431292614,0.33137751369457874,0.26776780648092274,1.1419567955123648,0.4287792942059041,0.5420416064419484,0.6185638463170825,0.5449488287587521,0.0384535751172456,0.25987121017107095,0.4017145214395733,0.7768033852152927,-0.303138823747047,-0.3278535949041893,-0.2102232628469854,0.7956142348084798,-0.26323609690743927,-0.431539447379216,-0.40840766736194234
2026-01-08,4.181964564081197,4.520906006305658,0.30388789742033595,0.1656244520277235,0.37406960512543164,0.26981032843919767,-0.49153182654379196,0.1990081764970722,0.3922914020831704,0.4032539962455153,-1.0040935313133952,0.12026443768427426,0.3745163723132327,0.5069174255177928,-1.379390342985504,-0.22823345446235618,-0.10930286034408165,0.09453880143913342,-0.19225214155150083,-0.3125362304518063,-0.4473010356699225,-0.2897814681561994,-0.2604896884303711,-0.4091475721246561,-0.5338416128868708,-0.31891073910973994,0.37441377195199355,0.11751148647381804,0.07150899392998175,-0.08770656627652539,-1.8171820801121696,0.1821207266831332,0.28447742530932846,0.23370989981821683,-0.17834568889625269,0.3838057821404091,0.5257541128544249,0.6113581716304728,-1.6532227319152768,-0.06967127128044252,0.20560017728578475,0.36958990634425215,-4.737919736361677,-0.4129645422305961,-0.38700566939794806,-0.2552235169664449,-1.6796543456060418,-0.30817926555372455,-0.4698744778826978,-0.42327642968367335
2026-01-09,4.170259729984331,-1.170483409686529,-10.061447538755456,0.14631136812086967,0.28115993089022356,0.2415768903095229,-22.040481570159457,0.13009709011242002,0.21124768518777265,0.23939036099005354,-21.55400857238669,0.10671840022144335,0.2049757345361143,0.2832722970267604,-5.953893198800383,-0.14389852205983023,-0.030769474981220346,0.10784537468233318,0.1926546147830095,-0.3562294194394395,-0.4411166355035494,-0.2862515690085571,5.629626887619839,-0.2940702298708292,-0.41117858411586244,-0.2921440312343154,-0.9024382526239967,0.14085748096789735,0.0787715440712034,-0.017716651731930863,-14.586786068074275,0.16862601686237647,0.23699213851047052,0.19343050583372773,-21.480386162047697,0.19285693717263527,0.32409311696097814,0.38425097196033886,-11.855452356592577,0.010792115824301611,0.1882539677962185,0.3104824123544731,-1.1031282252544337,-0.43605096978678787,-0.36996396396020337,-0.15009090974526887,8.912271970859873,-0.2704680520061782,-0.3928566695618684,-0.34550680794396643
2026-01-12,4.1860519012987725,1.5792171314441106,-1.5466862277722142,0.14728251200964856,0.29173410556292345,0.23096316807201916,-2.2457056881782944,0.13473897488129097,0.21931472350145412,0.2306665428752257,-7.0379039316623455,0.0881402593519617,0.18538981406456315,0.256351039001222,-6.681831281342566,-0.15034758161176065,-0.058133404469848965,0.06614002658598636,1.7522103976714618,-0.36450880900449784,-0.42441283793367984,-0.2758795965623808,4.2847035595703264,-0.19334495132642168,-0.3335547068382498,-0.24604505592331008,3.69870519975783,0.2081590691139842,0.12335571412582257,0.0013252851602751534,2.0646184984276927,0.18000580446412412,0.26753595266008623,0.21321545272479836,-6.013018185117139,0.17663035276653388,0.3089895099067669,0.3682579490624268,-5.04942799094866,0.0022685780401890095,0.1611366379426829,0.27731262629714304,0.06686679459842582,-0.4773726729625728,-0.36051706795958127,-0.16981409726613317,1.2145358071462913,-0.2689434289296684,-0.3897469881814777,-0.32660084962381125
2026-01-13,4.170327858203003,-1.5724043095769247,0.7481652969275361,0.020898612225361803,0.26294336478048946,0.21740024455259457,1.2995253974088548,0.05868077262250704,0.19691936989550035,0.22802234544381697,0.7523213923682719,0.005511854755989219,0.1619099293434724,0.25790390695768206,-1.1996457440242372,-0.2623746954913305,-0.05973501051265095,0.08219081841660544,-1.5122855965014397,-0.3261690387956355,-0.3727039030497984,-0.26154133778033534,0.8620358573466369,-0.18311535346781158,-0.3273682062606206,-0.24882649048590624,2.0084531870795335,0.07726433044937843,0.11380606410875686,-0.04527628144990856,1.7629727600118912,0.02833705312342499,0.2383662194934959,0.2053224949735,2.5904253801931456,0.07642805367428239,0.2744478429473775,0.36350874037766867,-0.44782920431925444,-0.049369830748823444,0.14683386601978365,0.28748411087301384,-3.4866535730441504,-0.5064242920944299,-0.30335821136607366,-0.13804918833320876,1.733968323229011,-0.24726263983984295,-0.37966857832137285,-0.34052696293030094
2026-01-14,4.138902045371099,-3.1425812831904487,-0.3998988715029792,0.00770117797360327,0.25682518924644054,0.2669492565629177,0.0732557339344736,0.03984885280413285,0.18915208544084972,0.2292597479570204,1.4987647828542687,-0.024582394702121663,0.13839732461619872,0.2267916993023502,1.2550727938006878,-0.3071373896766999,-0.10211556486700644,0.02031500997667729,-1.859041303897792,-0.24703847510910484,-0.3290829015521006,-0.30053204878707696,1.5288626329081252,-0.2077969977335331,-0.37017512928367996,-0.3505688662202197,-1.61965151428784,0.13172858421636047,0.1843183387909955,0.07353235052053933,1.4774755711486816,-0.006755581812500612,0.22432934384343692,0.21114301965342522,2.5824910668115137,0.030178306760806864,0.23358788771966796,0.32369542632623655,1.201134783411971,-0.09816377988890003,0.10014161491700622,0.22240929826030906,3.544097687292416,-0.5539898111850019,-0.3665295171209938,-0.22551985416650555,0.7494166641601598,-0.24716473526689683,-0.4074133080019932,-0.36984832247093025
2026-01-15,4.158585438143167,1.9683392772067876,-1.758115535730465,0.018869482436587096,0.26537063700189106,0.25365591534499127,-1.3807136465892544,0.06087023553572933,0.19602402696409432,0.22281062214187647,0.3140443481103776,0.015318753536261755,0.1486588590714926,0.23033747894097087,1.3703554626003116,-0.2097822538247404,-0.08217131490558793,0.06293360185257922,2.386042654721341,-0.18156715298420667,-0.2960412132695082,-0.25429044296650716,-1.000439280875982,-0.29291163809532916,-0.37936997527810173,-0.37412200500213455,-2.398507869836416,0.09050181298377198,0.22241772462072046,0.08432573183827789,-0.23318537196870773,0.009793507431845967,0.2404148370959503,0.20987877096436525,2.6895893116189757,0.07294548914061622,0.2485345456410085,0.3322173928910561,2.6079178514114245,0.005358957947907787,0.11376676814661559,0.2513063689320683,-1.019608937882555,-0.5500513010436892,-0.3836476848557664,-0.22119632174342624,-4.537003997210951,-0.4050400697558965,-0.4155406176074448,-0.38953137004410915
2026-01-16,4.229846342499954,7.126090435678734,-1.0400195006863553,0.010409973268506166,0.22880548094691994,0.2374704953314718,-1.1496851284089025,0.05837992271300072,0.17890266345020758,0.20958298776021253,-1.7301950614833121,0.005486298347717662,0.12823204767983323,0.20659903708779262,-2.8735042790186496,-0.2940745620289803,-0.1495498436315135,-0.007462199614529613,-0.4763585490203197,-0.23442943747788067,-0.2996607466803302,-0.2646048319157184,-0.17374073967484804,-0.3016241636984406,-0.3746460312417049,-0.3615619489916105,-1.6533172088189696,-0.03976457658359163,0.13103968552727677,0.07105410589104066,-1.528650078777069,-0.01149052746845169,0.2053996749047314,0.19379136111571882,-0.641299298870381,0.07382860500400307,0.23572608149182395,0.31200772629668305,-2.700290705251808,-0.07014701352037063,0.05829615214279867,0.20083137977385332,-6.2520887080036065,-0.6687421145384906,-0.47286995193277426,-0.31202378920500323,-2.273040259939104,-0.4576088687647468,-0.43785557750902904,-0.4107340873720143
2026-01-20,4.293543245979025,6.369690347907131,0.587929880733709,0.10719260650286229,0.241986795170539,0.2622836728157197,1.0503475360254848,0.09604669572701464,0.19055063240066553,0.22731375733775036,2.0717092076490333,0.06388062940276826,0.1529774482284616,0.22342168475437366,0.881625135873104,-0.189047853261471,-0.11985434848530634,-0.003251539407877459,-1.5907939219232927,-0.30541247629978474,-0.35429562910105467,-0.29345179076990785,-1.2471177081346687,-0.4002800777949953,-0.4100682792005802,-0.3771233913975603,0.14039404328770555,-0.005521105933803454,0.12314873506964649,0.0632549707769325,0.4419574194077226,-0.01979913026443125,0.20960871252956537,0.203300615105792,3.7507688102159964,0.13382543889770024,0.2694631440594461,0.33408763060896923,2.879325220984999,0.05321548507134015,0.1090334159824782,0.22818520166962974,-4.396431567749155,-0.6768242743740726,-0.5275358744053191,-0.3493617429627697,-3.074854702901451,-0.5174219787548457,-0.47121464122579226,-0.4262818962258165
2026-01-21,4.251785174787245,-4.175807119178021,0.6392628337790995,0.07023868059150327,0.22709422452361308,0.24934105682025706,1.6173079751975266,0.054714464588212386,0.16626059016853312,0.2141069407143037,1.0196835448882253,0.03400850188565903,0.1333244884997352,0.21697217861240067,1.5960673687773408,-0.2425743495294815,-0.14116125296843657,-0.02609266606944135,0.3722991559046176,-0.25440197755825683,-0.340824215177429,-0.3027179013663934,-0.11219238848841595,-0.324290666481592,-0.39107353694993613,-0.378102272837475,0.5236806750946128,0.022252886123421047,0.10747177264628027,0.05251493061124647,2.7012332327140447,-0.061808955419421704,0.16674487216073566,0.17560758327870288,0.41138204696248637,0.11984947649589854,0.2678825360873431,0.32793652398545237,0.22921496960667187,0.030380017193378166,0.11096585089788412,0.22560284984965848,1.9425180773553472,-0.6943077464358872,-0.5546406669139226,-0.3636027732297628,2.510426577820944,-0.531448603383518,-0.49584663429329784,-0.45175091815754365
2026-01-22,4.249851670916388,-0.19335038708572228,0.1117294308262515,0.06228623638203493,0.2206265336393973,0.2355217404505395,0.7287064285595967,0.05180659189571333,0.16347444601911645,0.20109175116400355,2.0852780937996207,0.02630785408465594,0.12362534828063088,0.20236266277796447,-0.011255711156400006,-0.24589646575127175,-0.15934882502835918,-0.027316886799198768,-1.5832027797287584,-0.22736924982204015,-0.29895811463006433,-0.2852394532680998,-2.338855511525475,-0.27740394142763497,-0.34495425797665447,-0.35596223140800054,-2.249904359147264,0.04035975894005817,0.09017239710639181,0.060133070511063286,1.035495682188015,-0.04276311866953506,0.15918835258829173,0.16040016853515934,1.3800223814508576,0.11768385035548416,0.25985638325928856,0.3193961875200009,0.9871169880580201,0.02407359362807152,0.11264382876963945,0.22802870749653867,-1.3357041001135488,-0.7453266324336575,-0.5331473772125146,-0.3575652965769603,-1.702156516750096,-0.5733185352890452,-0.4857029746761734,-0.45215290343771447
2026-01-23,4.237093748882878,-1.2757922033509672,-0.5044801853816617,0.06403510529608587,0.2170637495857407,0.24224764133524831,1.2623687273212607,0.04355058906863182,0.15703206736218847,0.19923287691789676,1.2592056582799034,0.017288821225070385,0.11535562532331496,0.19837536806889244,-1.0927064247641658,-0.23729661470350827,-0.14465038897266738,-0.021392718077587223,-1.0421807601649244,-0.20581655488089712,-0.27046928227452655,-0.2875865651278824,-2.1680952975231493,-0.22899830875838162,-0.3087245271481391,-0.3405047436975395,-1.5801963396299294,0.06461297799148168,0.06974929327230445,0.07040591568135282,2.742163071244602,-0.057412666350880166,0.14429930356671627,0.15488008384060492,-0.12578812390672323,0.11605405698487983,0.25795247575930064,0.3202020040791778,-0.9360698042007872,0.02604596002537049,0.12066889874377934,0.23530480889365277,0.13914368515229447,-0.7462546642419537,-0.5366597591245402,-0.3608470287577425,-0.7365119398279745,-0.5624080316386909,-0.4759999816189378,-0.45269395659174383
2026-01-26,4.210354293126903,-2.673945575597525,-1.4209480106273984,0.044979517191948065,0.21544338167812405,0.250732198270008,-2.6521143275359202,0.06051878554154705,0.15865516025231569,0.20775382258823144,-1.1394264685433952,0.024003152601312618,0.10973112600680383,0.20048822579976727,-2.3888170873570527,-0.18650972845930067,-0.1271282578462036,0.00019145685870412856,-0.3804795403870591,-0.20467789460271482,-0.2651647583291193,-0.2828830271987148,1.348201004581584,-0.2859183889347336,-0.3159079072470749,-0.3517306264155783,-0.6970727906789709,0.022437230981870053,0.06955281655141828,0.07606883879271367,-2.2534250519516066,-0.022849136049396562,0.14088843268693377,0.16469312859403085,-0.7270017631334835,0.12922317167355998,0.23777173357673453,0.32077279041187123,-1.5460242254116447,0.04358364037636427,0.09642810791049612,0.24255299645615905,-1.7765803756143554,-0.7120215190950293,-0.5109279415559782,-0.3433233665246697,0.8227391355848959,-0.5542023844505182,-0.460511435441571,-0.4558015083845898
2026-01-27,4.222301563206234,1.1947270079331496,-1.3076600773285727,0.04406134515649644,0.216042875739493,0.24428299927060257,-1.3128518953144384,0.06278285336203693,0.16125087026755602,0.2051615090853939,-2.2739218129715844,0.02405582252968597,0.10978553441400796,0.19821590102108794,-2.588475558569376,-0.19121144728670667,-0.128287105737233,0.004200479638245895,-1.9640535159447676,-0.2095229431715225,-0.2677941254082428,-0.2767828475420036,0.40029592057254426,-0.2855642244958399,-0.314564872241488,-0.35148180778910393,-0.585901049895858,0.018643692072442684,0.07463844171756162,0.06846179956446297,-0.5729975569694177,-0.02022327154678176,0.14792627518869433,0.16019553114382243,-1.7089045492092354,0.1292629292310833,0.2361605728636907,0.3168585329437355,-0.7579362158976222,0.04736028083684972,0.09692880311730602,0.24874709004722176,-0.9958640979975617,-0.7144481111532106,-0.5108320539684157,-0.3398020683554054,-1.2326868672785123,-0.5555260285777194,-0.4644413796100335,-0.45331870195042906
2026-01-28,4.250179054042361,2.787749083612656,-0.9515850219546559,0.056392128936774574,0.20701155707263283,0.20770705366428582,0.0006900359290689106,0.07859875366410203,0.15984713008739038,0.1689886372529282,-0.44316243197916494,0.04536426070899944,0.10538665521016102,0.16278052464406334,-3.244914801076208,-0.18685044734605258,-0.15939377704777824,-0.06984680172717125,-1.8764464948756125,-0.20456686163565055,-0.28552090439850963,-0.30173613124388743,0.7678951089107202,-0.25710828410910774,-0.3143157117460332,-0.3232859847395538,-3.0781368858272984,-0.017359981466613786,0.03818327985823735,-0.010313622473147441,-2.6961821257137863,-0.05867793367217731,0.12893098010378018,0.1164715655650327,-0.13718069435696023,0.13473090723097614,0.23143396007999337,0.2844582119179684,-0.7813177075902815,0.08418662108319457,0.08683760228928082,0.19234431032469035,-0.6884966507124863,-0.7331280602759424,-0.5137639349422036,-0.4004963023347662,-1.5934478876792642,-0.5570239807063979,-0.474959129069243,-0.47710358704668787
2026-01-29,4.2263710574112245,-2.380799663113642,1.0266363468125472,0.017156014282242355,0.15382278068917477,0.18522300163369618,1.6869705446402494,0.04793649219530131,0.12141866968057718,0.15961474268304862,2.5245013918960066,0.010368557070838304,0.06648445532243542,0.14758756991713487,0.32215324547873925,-0.20926723861628801,-0.18603233228733457,-0.0841569530497058,-1.4175905684363586,-0.16325323535557124,-0.24665653383221062,-0.2846526320595829,-0.4846245652014143,-0.22704832625810104,-0.24283154498072448,-0.3121893182031538,0.9390403980692951,-0.0595081346156149,0.02484777078150596,-0.023543055727142055,2.086758289066154,-0.08770673002726959,0.07222912710858714,0.10790216488288946,2.5055327895261312,0.10425584436324106,0.18091405970061056,0.26863058679252133,4.171032371547373,0.010015656157378327,0.010545061926704622,0.13840380086910897,-0.5949232326381759,-0.7347911482413522,-0.5451995038130063,-0.40844831960960515,-3.1355957811714172,-0.4861006491582832,-0.38818101004521666,-0.4396482376693576
2026-01-30,4.240444781364365,1.407372395314077,1.363997619594536,0.029430677240229765,0.15350097951979916,0.18823442553424036,1.247896970987664,0.05130650437207343,0.11978022500327495,0.161826985660226,1.3103755561405648,0.011010309366461558,0.06583263470798623,0.1500015102150821,-2.289614821738227,-0.21990577516962959,-0.19244399263597825,-0.0913492553751464,-2.011288105534109,-0.19374504171871612,-0.2552203023144936,-0.2922777259620507,1.0611151533507042,-0.2275641649972698,-0.2375397480526018,-0.30701265076201617,1.673920857829586,-0.015263851171713137,0.020937122637065105,-0.013901826644273321,0.19099839501578303,-0.08466469211531318,0.07026240215790154,0.1091568851265365,0.9042183362448298,0.09844504718510563,0.17833279828764112,0.26905248181859137,2.7775048329005236,0.025901089606778373,0.013833396903904376,0.14288810168848604,0.2481822699137216,-0.7588493913562456,-0.542560094215176,-0.40792169794039423,-4.342328446702675,-0.49253775443583714,-0.3893548228972059,-0.4423321550873753
2026-02-02,4.276393807369083,3.5949026004717943,2.053485011108576,0.0633908545959531,0.1753476556182252,0.20758112912046997,1.2688142702690557,0.051632564451890454,0.1291175132226513,0.16852124414412406,0.35465505543086717,-0.0024812223211419615,0.0710695842420648,0.15172189843980802,-0.4839103546182304,-0.2530808714829513,-0.17234945663737547,-0.09309754045072435,-0.4200659200502656,-0.1869290582411072,-0.2335326091395504,-0.2939890800223716,-0.9419045554232801,-0.2119110687902692,-0.24820758601275977,-0.31763831584210167,-0.015630464003408062,-0.018353753666033923,0.0045548579665828474,-0.013644719276807833,-1.3927068227984032,-0.125420098263553,0.04270756828298158,0.0996840922255646,1.9394980059951714,0.09116020806681922,0.18228269120415647,0.2760752224631267,1.1589228333750368,0.02238470923732815,0.040801923860285944,0.1501546685672288,-0.3355277666621729,-0.7219038746462151,-0.5345825159133668,-0.4051058392942649,-1.8414202524753995,-0.4814838974669094,-0.3975920421133216,-0.450069568150804
2026-02-03,4.2724607057201744,-0.393310164890881,1.98925791333608,0.044240827662067585,0.1262246385565917,0.20085931007972962,2.1228816198291747,0.04491258663721136,0.09538768010068518,0.16452540496828225,2.4613819607975875,-0.008718384357762836,0.03755716586246506,0.14315504776242716,1.5416084987134395,-0.25265772753532406,-0.2122423729634749,-0.10359621740381905,1.3264968029358721,-0.18416563145352674,-0.21990295160994913,-0.301360892370197,0.3613873036081925,-0.2139643710540735,-0.23621108065133684,-0.3242071732688918,0.5549071072095069,-0.04031938752757795,-0.016956433608260348,-0.0242055741043452,0.315327277297072,-0.13838094262237344,0.007868164177116244,0.10073716476004169,0.2707436223722528,0.08383010533004275,0.15468781907571078,0.27238817098334706,0.25551633502335025,0.01268490579314173,0.008602823831639225,0.14267358059835242,3.9760963097397246,-0.661572967462163,-0.5220621631768051,-0.39667964516336945,3.931576128861779,-0.4746018026177641,-0.4006926506149094,-0.4424962281959977
2026-02-04,4.276518401088516,0.4057695368341996,1.668336957112864,0.04259073243551383,0.10947481782676491,0.19424086416050587,2.0123975467603423,0.0423605435361289,0.09319763252053984,0.15323932752304886,2.0151333748447424,-0.011311364151380504,0.04254550299630323,0.12307171355811931,1.0360299073372896,-0.255719577356212,-0.18781943806388388,-0.12493194647167488,0.5991625390463198,-0.2119987882246942,-0.1845855067733296,-0.30580581935949025,0.1490094842848224,-0.21152321742747726,-0.2245083154115434,-0.32691043717976875,0.27638887187904004,-0.08517158120173257,-0.03484167837736268,-0.0016470064716298427,1.955653867827464,-0.14466127778912077,0.017915978580603613,0.11445392158919904,4.011449544634176,0.08157274806351217,0.16282882297228476,0.26130901125383027,2.6137507095522396,0.003030380167785151,0.02697816820123799,0.12340183446278859,-1.1841386788480164,-0.6589274902025822,-0.5058690449568787,-0.44832399320871447,-1.5329877067065598,-0.46998206602880727,-0.4034433298217265,-0.4500879480039365
2026-02-05,4.208833777283382,-6.768462380513451,1.5921027470424773,-0.00195379082588585,0.029810640471374654,0.1437073195885912,2.009408686992523,0.013298785637690446,0.03832135316715449,0.11523615697398207,1.4726208622353985,-0.025961321704757873,0.0003934750964990129,0.0884170965758239,1.2639825181275806,-0.2615779536960724,-0.23748777648560151,-0.16627057688402816,3.725214897589645,-0.2790125533646697,-0.3047235326731194,-0.3814171163408789,1.2421134273525438,-0.22274800733201283,-0.24209372493675216,-0.3289918777513265,2.40317142700228,-0.24054926723090284,-0.1012800646725156,-0.051973413822151426,2.501618919662582,-0.178940920374497,-0.04978313132305382,0.05745026347703123,-0.0016721747462367098,0.0877509263048023,0.1408312560250983,0.23875772429625391,1.878990990811971,-0.04786453884715114,-0.031038219889041718,0.07441633047619392,4.483315759727997,-0.7248787595813133,-0.5747471137057777,-0.5071693394186667,1.4549147389045762,-0.472201687739904,-0.40470575748124843,-0.43835523758563005
2026-02-06,4.205001413656243,-0.38323636271391237,-0.41044930342648955,-0.01915427705825156,0.021248068904832256,0.14406894800175982,-1.6482710287601954,0.011840500622007762,0.034878529883638196,0.11636329607653273,-2.6559601810294367,-0.02165732185736372,1.5570436340964146e-05,0.09019566914783032,-0.9709175866449948,-0.2632107708848892,-0.24117921964568806,-0.1660851325774324,-0.5188839969266565,-0.2939226512104738,-0.29963008017376,-0.3799424894681478,1.0635579263910464,-0.20907247456077416,-0.24028765954482606,-0.3297899781503456,-0.040004695240457355,-0.27056703535598675,-0.11114337059708178,-0.05268328911117865,-4.450598508636198,-0.14588901517802313,-0.04178072993459502,0.06111261128998204,-2.8240894901727134,0.09160657460810952,0.13557044597628778,0.2400193711924609,-1.542916212979328,-0.01926554435885358,-0.03210656446411394,0.07606629206594488,0.379506692069568,-0.6974896457488108,-0.5733369480641872,-0.5095032442344646,2.1979835186714944,-0.463314018049383,-0.4028724412628254,-0.44418583351997837
2026-02-09,4.197102001470006,-0.7899412186237242,2.274262768011571,-0.215967110470269,0.007572934471671378,0.1424437558519766,-0.30932940181899204,-0.24939183175009091,0.029315892199883148,0.11899941276478256,-0.23156106607175042,-0.23957259743655732,-0.009855668190247137,0.09102383920333083,1.0219471368361313,-0.35592435117189,-0.26598101169011185,-0.16722679455862954,-1.8194936890227265,-0.26949921326398607,-0.2995402095802259,-0.3632439778681744,-1.8126763502219962,-0.1683501799420694,-0.22575617910380086,-0.31098122468336376,1.9075807813012748,-0.2894150591957694,-0.11315207419822226,-0.05870272422797236,-1.0211843411582582,-0.4226174151574507,-0.047946303397813,0.06231563771583446,0.44906293232867717,0.02434718663200375,0.12273672433720595,0.24145840288751497,0.8119917660502103,-0.14615629843711825,-0.05635843531400611,0.07779227352231714,-1.3119188251180705,-0.6983944857709916,-0.5833770216589471,-0.5016931657857618,0.7490271074844672,-0.5482860946083173,-0.40500449686794365,-0.44712038414450944
2026-02-10,4.143652955240477,-5.3449046229528285,0.560901112520432,-0.1969286421272903,-0.011380594488494935,0.1378652995149428,1.378327684566222,-0.2642653103190922,0.007452373515200162,0.10843387396642006,-0.5294757379160447,-0.17477341783102726,-0.00391047072058049,0.09486719829150678,-1.505065082845484,-0.3044157456607307,-0.21592826794061443,-0.13543024898894604,-0.10337237394334076,-0.3198516206150816,-0.2958462906595587,-0.3529709804704868,1.4197160411994327,-0.3673137177108893,-0.24959847355839007,-0.32957344690437107,1.2484801054558539,-0.42773016736035785,-0.12570344661272403,-0.06169706109284911,1.4336246446207104,-0.47388291900160606,-0.07987127748598473,0.05601877274559778,-4.207583061179244,0.2807118657955692,0.16108666938418392,0.270739084644033,-5.569461283282957,0.13044754797882058,0.04441800791145372,0.13890148253292658,3.8189460414716,-0.7415664725821562,-0.6241780423441556,-0.5233708870524807,4.543582833805469,-0.6380522004146906,-0.45329602604561586,-0.48209912781098097
2026-02-11,4.180146389211559,3.64934339710814,-0.4424816226853824,-0.21576979237803806,-0.06196622718933021,0.11908894845219017,-0.07474612497315836,-0.2657633289958627,-0.018524670423564274,0.09847571622666759,0.11571603412194242,-0.17985407483856702,-0.03179703457363688,0.08340299744617449,-0.3057195820576608,-0.30666770693269396,-0.26845427544059397,-0.14292744479789535,-1.6225521484847616,-0.36390379485722957,-0.3388552813535936,-0.35395782686518923,-0.7947848666281075,-0.37735260315716324,-0.26419250311430803,-0.3339571630542697,-0.011774692138095899,-0.40309986997634345,-0.19256460968861108,-0.06069891548126979,-0.041643503333763154,-0.45903576983963545,-0.15155775337504543,0.042901314339018934,-1.3658952635885524,0.24628351369230642,0.12061968099172858,0.24751110865390155,-0.7698047018258465,0.09251149760424672,0.02658842733159652,0.12358979112515735,-1.3241595691453454,-0.7980759719371632,-0.6845206707445513,-0.522127253291752,0.7136547697574752,-0.5898855525725001,-0.4340059068696949,-0.4621404661422093
2026-02-12,4.102874610617692,-7.727177859386636,1.1550360247480604,-0.2863035693003713,-0.10336761122595957,0.082001174563906,1.5309837066023548,-0.3275772286179856,-0.05057281853767019,0.07187237872947609,0.019053540699219162,-0.11072181437043425,-0.037615964384027124,0.0729752712455322,-4.539397076258698,0.011011898581645009,-0.12805026087657032,-0.053880205164974854,-3.760543881864275,-0.14545711764015506,-0.17481813017801826,-0.2332769152212964,0.16966282806735045,-0.3296304475481597,-0.24261274905773686,-0.33655806093705926,9.70316123592192,-0.6057971495638863,-0.38572596147302257,-0.21324846712292672,2.8243308372366562,-0.5119298750396574,-0.20115249047665057,0.00021896422856621333,0.17536969819067516,0.2862111149371426,0.10178130948487625,0.22255840702574026,-4.541776726742214,0.2847744540437463,0.10545452950448811,0.1689815339870074,-3.3464529579937565,-0.5680381674446094,-0.5502863715737194,-0.4527091297422306,-1.6017714827530112,-0.4755495273463205,-0.36665945291199736,-0.42916382008232346
2026-02-13,4.054998780021819,-4.78758305958733,0.5050304784484481,-0.2525849876329378,-0.11107829007640228,0.08230474947770675,0.9474723877962816,-0.31098665326800196,-0.05831961613923926,0.06724960847850327,-1.2144970579780172,-0.0474583091649825,-0.022326797776459892,0.0818576047333857,-6.586262927314925,0.12804558906354635,0.005185999188661138,0.027552681958334133,-3.4434090594063345,-0.10924664874154415,-0.0887700756529484,-0.17117649172361124,2.296324857791562,-0.38132872333463996,-0.29578160666192577,-0.35945752103932216,2.2183592941356127,-0.609177097929675,-0.40042893489531967,-0.22455897243733497,-0.07054178990698556,-0.4860700427152713,-0.20129376619536782,0.006814641228977898,-1.3452659996549972,0.29460397497160684,0.11008287625356615,0.22860049264782914,-5.275612471603658,0.3374534397440652,0.18255374863901394,0.2050516258863961,-0.6251080926371789,-0.5458029019790698,-0.522515974080498,-0.4447781942707604,1.583062684903238,-0.48677832461172194,-0.419486323315945,-0.4363132132408441
2026-02-17,4.053058673595049,-0.19401064267698942,1.0702199367453349,-0.13275881615656102,-0.10981458681768344,0.0796409318628616,1.0193912721272607,-0.2058156590354986,-0.058553383248155566,0.06728483505007182,0.7369653515676031,0.10370817098494746,-0.023382296253241987,0.08366711892601733,1.3936844033247744,0.24654363019992595,0.0034027065050857255,0.02972681094479382,0.473993458161472,-0.14082713856688653,-0.08690101862512038,-0.16799960360463878,0.5885043299023072,-0.4018467763282867,-0.29500822463747794,-0.3582445029080379,0.6737607147330753,-0.59111810768652,-0.40579978674308315,-0.23111654764876566,0.9756350412808001,-0.4463378376660658,-0.20121195411188283,0.0067568851101397365,-0.039678367926125,0.37370859174333426,0.10899486084433095,0.23102178223994094,1.737797127999856,0.48902219324458474,0.18048523099774813,0.20631247678534034,2.500401375303299,-0.38739971362065573,-0.5161223836992159,-0.4392919310881016,0.44048853585491177,-0.45046334871021604,-0.4202093282512105,-0.4348958757045112
2026-02-18,4.0798192667321125,2.676059313706336,-1.48504384685992,-0.23533158530037437,-0.11742193482121019,0.0644622423316278,-0.7946964298487873,-0.31457245168934844,-0.07067427877364893,0.0607616219877638,0.48075134604989755,-0.011206166754340888,-0.025911180836182702,0.08313478017367647,1.2339171382702945,0.2315943102445422,0.033560797531188846,0.036398252700725185,-0.016803805310505515,-0.07305405568883239,-0.06547446510243321,-0.176979192047285,-0.3068407824022048,-0.34507518763934264,-0.3108990825164442,-0.3671976742887736,-3.445942094192531,-0.6726937884429764,-0.4248554579643044,-0.2526853016294734,0.8036336199851677,-0.4789950978203488,-0.22051885983582842,0.0031522076388876105,1.2831338536087167,0.25099818387465467,0.10547707868237087,0.2322624422268452,0.11106667966331862,0.42256125466840516,0.18819709131812942,0.20425590021715156,1.1691814272701648,-0.19167904232905825,-0.48074977281190373,-0.4360929155210429,1.9595527281556095,-0.30237811225967337,-0.39689458426415253,-0.41828993197963765
2026-02-19,4.074047958716294,-0.5771308015818377,0.8495261118692697,-0.2319022632344842,-0.09874967426540363,0.06629028713894386,1.0141225780968575,-0.28442033863101973,-0.06091727307457494,0.05863806842393883,1.5948562024925184,0.01602687273429797,-0.017276837755473957,0.07905116403173341,1.925027763871533,0.29834443829107204,0.03299930788997018,0.039706446403591195,-0.9122039568238718,-0.039649949984519386,-0.0488708068455204,-0.16540754920476725,-1.923772576799901,-0.34834965261160566,-0.28179399966203794,-0.35446828739202846,0.8491491284375577,-0.6883445434065892,-0.40991396088445253,-0.2575936570446659,2.0925461093029405,-0.4309302442059241,-0.20215981366693006,-0.00026483637563379096,0.54023375527264,0.269007894289114,0.1168045517207976,0.23849312716191529,-0.6767055033454303,0.44210935633315473,0.19308151744441152,0.2119507960002926,-3.3657724932271647,-0.15458536370989798,-0.46334225281136593,-0.43192181882869757,0.43936802865866875,-0.26266763956504735,-0.39058428349616214,-0.42075155585421303
2026-02-20,4.083562321719609,0.9514363003314763,-0.5714643763797758,-0.24781516553944688,-0.09902791453740423,0.05572774771990999,-1.5250348088322496,-0.3102734697264788,-0.059902975050821455,0.05164368990171931,-1.9200511991495612,-0.039383856093120756,-0.019246468190717767,0.06953529819593175,-1.5008975357009566,0.2843490911949568,0.02845576659772792,0.03180632021885828,0.14309407918372452,-0.01787245456167084,-0.04982783153896169,-0.14047144928276695,0.4909960936655615,-0.34832765298623913,-0.2724059279398384,-0.33811899664477996,-1.2888833291608734,-0.7037177236655296,-0.41067474464222475,-0.27683896993860463,-0.9092935390951072,-0.44717099936420335,-0.1868953556480836,-0.009056625970215016,-1.857093264888624,0.22761570743084245,0.11669037140242652,0.23017825419263693,-3.2411675222590657,0.39203433150402095,0.1827633815251631,0.20807036896665976,-3.4561637250207355,-0.18246637989794842,-0.49502241597499586,-0.4179807156530424,3.827306263702253,-0.1953022123155675,-0.4029682749836211,-0.3995277980432952
2026-02-23,4.02613301526315,-5.742930645645927,0.5251715229523903,-0.24597814157281056,-0.1103323726217989,0.03794915362980356,0.7705860156348001,-0.3103772397297477,-0.06974866766300589,0.039587839412894635,-1.396105786008944,0.03929329010873622,-0.008322043284501023,0.07525910147021343,-2.247411089447141,0.30952553220318346,0.05444189910229972,0.06259108924707998,-1.789249209651584,0.026580780372143273,-0.010160031919890691,-0.09590971285835852,-1.1404517642482896,-0.28036152888633725,-0.22341105171528136,-0.29820709058807215,1.0424678255860385,-0.6948393344252822,-0.4100989891739261,-0.30322514868777994,1.347396243630096,-0.4775721096469746,-0.20120130129035235,-0.025914302889288924,-4.465690424098662,0.33934815659421985,0.15246895392661486,0.254817874040152,-3.412648274763523,0.43661157054107397,0.21405961958133374,0.23738544051747007,-0.8634796946546144,-0.149389846455755,-0.47049567285585225,-0.4006216370242823,-0.953294272769034,-0.1474778780625965,-0.3733060655486609,-0.37483070100988264
2026-02-24,4.031826191463607,0.5693176200457728,0.09521050212299831,-0.31793172665617186,-0.1360967993675805,0.02535105263911628,0.10780988518443535,-0.43796132460130754,-0.07429175474645491,0.029689070974047622,-0.9885355925288992,0.002876807255182137,-0.010052118026345588,0.06729067898894125,-1.5795635720870085,0.2890065702348397,0.06017287017358793,0.05754314652825932,-1.3189137025939006,0.02618077773467435,-0.012798339288532056,-0.09480083137673154,-0.5780338714416349,-0.2734864463475613,-0.24180961167880627,-0.29377764668022216,-0.09706027736383038,-0.7209681257823493,-0.4439002813071516,-0.3148184385468428,-0.6377362703905152,-0.5434895184918688,-0.20216141382512895,-0.04102686138831383,-0.9683499542269369,0.3273101169014036,0.15799796567410873,0.2414109181846398,-1.4541678951821184,0.4214994568168963,0.21559949121542105,0.2199950072479846,-1.0495402019976712,-0.17834645133753863,-0.4693913559275345,-0.3988240681254166,0.4071484900844,-0.1412503682841894,-0.3647966262509685,-0.36193085790102264
2026-02-25,4.047085821954598,1.525963049099044,2.636159540395936,-0.19893801927697746,-0.11409143817302948,0.03667869158277285,3.5684019390166815,-0.2756129785259018,-0.06033478442483925,0.03879018586376244,3.3021777420747553,0.12329902920466436,0.001987222471224064,0.07531762003610706,2.0515559724201986,0.35062257018407184,0.07402503404109619,0.06688017180764672,-1.5581135827223778,0.031742710684695544,-0.023744402846252247,-0.10017900751904851,-2.2592513936718914,-0.3249949582171568,-0.2543720765494291,-0.29844059023117375,0.9477486235434305,-0.7047945952262841,-0.4384013134805053,-0.31128006958073284,2.139287130468813,-0.4798103341676513,-0.191827710434097,-0.03276793406176144,4.48987727722977,0.3877435854536719,0.17018700889445826,0.24733415748815993,3.4768731098654784,0.4517394622333067,0.2275851388155255,0.22695671093512107,-2.3865975147632517,-0.1974950157435234,-0.4767605301147035,-0.4018183465792402,-1.6744951585158687,-0.14979515740938673,-0.37071913882939345,-0.3662526071177799
2026-02-26,4.016486212879452,-3.0599609075145473,2.7848295862355075,-0.16086186781218367,-0.13992463240247702,0.010237656675612253,1.5538678576078215,-0.2609972214319395,-0.06950644006826567,0.027591939632168595,0.3259875457019936,0.1584370775002031,0.0023747526719612817,0.06828433198552784,-2.3370862305405664,0.4571711153620378,0.09998319403273744,0.07231191076648358,-3.1000960020823136,0.1076175643120952,0.027080536430725985,-0.07319976671975917,-0.47617396327688966,-0.36574441760756116,-0.23569293026982163,-0.29982117239574385,1.6653629512636674,-0.6815200533434712,-0.4437889670168547,-0.3170240555363338,1.3070346408340352,-0.436645276777544,-0.209361882700038,-0.04404733449051127,1.305843071236259,0.37966397182976763,0.1591490668105496,0.23410213970118243,-0.09241941916806384,0.4670080779218536,0.23603809816520385,0.21900796933893016,-9.02529128515556,-0.06087990624933264,-0.3536382501512503,-0.30929321941663046,-3.302680784370032,-0.058211067880416,-0.33073553267835604,-0.3400785703929368
2026-02-27,3.9611609221178803,-5.5325290761572,3.0768278796793482,-0.25000019848737,-0.18266209184401702,-0.056937293157335395,2.786373540349686,-0.3198700519835999,-0.09714196878912294,-0.015853822089168513,0.8079495887675776,0.1653421331855115,-0.00918827840848265,0.044680186034631135,-1.5182690639534173,0.47225139955365975,0.10850994358621792,0.08093846872869981,-0.8988731178074207,0.0997714071324184,0.030334138368557757,-0.051763774689364245,0.467667504762483,-0.38589759978930877,-0.23336706610666105,-0.2608611642600184,3.9661800975225376,-0.7077663359575235,-0.48633809059734784,-0.35924802543574547,2.138046139860259,-0.4632466667846141,-0.2274586484403501,-0.09627016117386758,0.9102804017477442,0.3685809395918135,0.14598013046413352,0.1975779024356339,-2.235347752804627,0.5503069718440569,0.25020461699173363,0.21779984450060505,-2.581780208786493,-0.018123439270173673,-0.32238280186801826,-0.29544896556705713,0.1859439717218372,-0.0812431344515268,-0.3186565289083715,-0.29667994223257066
2026-03-02,4.050769778490225,8.960885637234473,-1.0172873510315568,-0.40215911453625186,-0.19584334595711672,-0.08376135866657855,0.08602868528887686,-0.35373777365260006,-0.08511487239831965,-0.015403407031256639,3.3231786053911856,0.3409680952226843,0.048798249883389766,0.08711703577029985,1.4911669066727071,0.5362404606732669,0.1629993378296851,0.11835982226248346,-1.167389149075171,0.08215758342290849,-0.009505569327262774,-0.0705526212291918,-1.5506457319397473,-0.502497800676219,-0.2853907290645206,-0.2946762502120864,-0.4846730576274112,-0.68017151805718,-0.46252885940847255,-0.36647086159464254,-1.9596045580486656,-0.5398556246147393,-0.24995703369122438,-0.1228643358381479,3.1649234406521503,0.4534608660998318,0.18024557433588786,0.22592303530116623,1.277238472676726,0.5338447936762162,0.2710991224066856,0.23117129231167277,1.182955302584157,0.05143008087136635,-0.2601391539600383,-0.2480967992940932,2.0767702114848676,0.09217350722474298,-0.24424474844066785,-0.23784531636333783
2026-03-03,4.056491969510752,0.5722191020526957,-0.20049545784834233,-0.48554709517753053,-0.2021047148292142,-0.09299465051985167,0.9402344861459007,-0.38125285705384215,-0.09392059663674486,-0.018750302114594625,2.1918797353959363,0.3659271752551147,0.038922131863074666,0.08777650688588609,2.849737057866259,0.5534861834192563,0.15121293875966796,0.13157720820723845,2.6847924914647874,0.10470435233177557,0.0037687300060335388,-0.048863396017098853,0.5187277871943685,-0.46852746877944573,-0.2615313774810233,-0.29008708401998384,0.6535722291989475,-0.6802396856586288,-0.46364965720035556,-0.37770579089875883,-1.0789194226154857,-0.5162612406053875,-0.2702738988276868,-0.13770788974052256,3.244261106947686,0.4352627086887155,0.16755486905556813,0.22203171871558092,5.592331822829935,0.4933619660376786,0.2573538783012927,0.23765439064233115,-1.001884969447437,0.04417680976592717,-0.2523054464680764,-0.24548185829639751,-0.30526350412256065,0.16344750388522902,-0.22255688850186056,-0.2381093538268959
2026-03-04,4.081425551843665,2.4933582332913318,-2.0426158761860096,-0.5315331829930093,-0.22495709129095728,-0.1335998110880211,-2.4235766135817416,-0.4384750851267203,-0.10770434788935383,-0.04894829389466041,-0.6474759759356128,0.33031341235804224,0.035652202646133994,0.0673556490963978,3.0304872825701437,0.5793470318737457,0.17692295185483942,0.1347254014771713,0.6053334508753472,0.12690830651286011,0.021735160667322274,-0.029156190074816405,-1.2148187023371932,-0.49486957100377954,-0.27119586421318226,-0.29150236286849074,-0.6151627324561408,-0.688890753912874,-0.4806126783927166,-0.3942991767311321,-3.955751727035885,-0.5377589226798255,-0.2939148699222605,-0.1775861150256601,-1.0251845570072415,0.4037433079334899,0.15956811110335617,0.20035091728977694,1.0551029567879584,0.5032645178106812,0.2629645694382833,0.22694978055054973,2.3310235235657344,0.07794791716659918,-0.21619345711350654,-0.22325885838747592,0.8757514023632144,0.16314207606908004,-0.21518710686318138,-0.22938713566085697
2026-03-05,4.145048829854145,6.362327801047929,0.6177867041462249,-0.5121964284609487,-0.2034351961553288,-0.12968365744634874,1.0286708500564608,-0.40693674841401783,-0.09033623348823934,-0.03720164490849709,2.45756556196119,0.3960753720202735,0.0638702613272646,0.0945360554590281,2.8620528510099295,0.6173504285109187,0.2250739608231576,0.194165378982466,0.11957403077352291,0.14700873440128365,0.02100183290273036,0.004493562959415451,-1.2545621880289568,-0.5278297992614855,-0.2957473510520139,-0.30382219635126606,-0.5436366110664345,-0.6849384147357827,-0.5099837748089084,-0.4069128378718711,-1.944784766288059,-0.5959668062944291,-0.31319294343864496,-0.18571108334630773,-0.7508296745357639,0.35310969096819383,0.1499780354615372,0.19745419097984684,4.8050326466641025,0.5739688334016597,0.30923519636701813,0.28290805830317034,1.8837482170048896,0.145063061333971,-0.161146916396109,-0.1735884342214821,-0.6329680294130657,0.11416293242651826,-0.2157501453514225,-0.2301706360948318
2026-03-06,4.131487067212698,-1.3561762641446151,-0.23359438884744965,-0.4796058391889555,-0.19145624464020336,-0.139353323046495,-0.8110346687734593,-0.34301697350813537,-0.0776823452412832,-0.04338316449016511,-0.8352700925711776,0.48062962140121446,0.07881106851533669,0.08835530679532137,0.9170296227508221,0.6943053733610667,0.2517699870958685,0.18484148449367707,1.1802730281008256,0.3904985842013655,0.09863017170400125,-0.004555821465371383,0.7607094248666115,-0.48166702870546696,-0.2887275965993559,-0.30330230935229374,0.2845449241878497,-0.6810472722727676,-0.5254950974222027,-0.4011548133935045,-1.06007398143072,-0.5465590060930994,-0.29928105510030384,-0.19324930530797094,-4.444342546293084,0.3703164193798811,0.1684556156637302,0.1964496547483638,3.40315172197601,0.633988612524342,0.3056843631693087,0.2645395574811251,3.5505092785613277,0.27620737785062616,-0.15795333206876988,-0.18709754823329142,0.3214558239879519,0.15834355283279417,-0.21241035196374744,-0.21991112718438424
2026-03-09,4.133411606687519,0.1924539474820186,1.2514552471680127,-0.4781397278451369,-0.19661898792197702,-0.14397971161872475,0.709292956503875,-0.36345055546309474,-0.07576092150741104,-0.046067372254457464,0.34000874123752656,0.5270213873977987,0.08645898180381516,0.08722938717076323,0.12699676861026887,0.6962351179875758,0.266676455943025,0.18330791878549751,1.6128706144177691,0.3789388331444103,0.09380312004109506,-0.0011635544782178171,2.7534552520559457,-0.41471807302642316,-0.274958527280801,-0.29059502551989375,-0.19854695040369297,-0.6829815521772061,-0.5349580000267764,-0.40674495289381185,1.0720493822120862,-0.6270010952618282,-0.28735011152437245,-0.19085324881728782,1.0738375346204707,0.3813667465416401,0.17049763375350563,0.19209224678246845,-3.068098816442518,0.618327404905028,0.32052199428650335,0.259374169110773,3.511690857006717,0.2733632015711803,-0.11287854906644047,-0.17713363004018903,3.9014199751228413,0.16093613450606964,-0.18736841711154495,-0.21135729120862273
2026-03-10,4.135337516511122,0.1925909823603078,-3.8145185652756126,-0.41564520731016114,-0.3374561665044709,-0.14566704118875537,-3.383819398829946,-0.32576612561135043,-0.2940476608589737,-0.051717912298425754,-1.961184426972768,0.48728029247522736,0.09281291453310442,0.07993545317979038,0.2591222472305281,0.7035268302324424,0.2681999803452332,0.1762343977344213,-0.5358462342736958,0.38013700326649913,0.09737804934170016,-0.00563437025887423,-4.5529966000596795,-0.36735475531791767,-0.26946195703156617,-0.2713583640744521,-5.787858383939017,-0.6040149582412044,-0.5003256010867536,-0.3809325028186166,-2.5623890500884894,-0.6100483914139306,-0.5115667190232029,-0.19698067802410268,-2.2367108549296963,0.3720664853042984,0.22809242169736932,0.18433907322939436,-1.0679072743104001,0.6211147526565102,0.3553832794420834,0.2514492487597353,0.6642062854713604,0.2737596973397051,-0.11372473356632061,-0.18202232328181056,-0.8976655651347842,0.15359703120979695,-0.19349731910856582,-0.21212650475145883
2026-03-11,4.205232856507525,6.989533999640329,0.09628452078283845,-0.3999585429015261,-0.32285614005326896,-0.14006161478334744,1.217777161926954,-0.2370632380784017,-0.24884208820477827,-0.03674473915521907,2.6124754373743713,0.5321127006534528,0.22261364191493646,0.10659159783214456,0.8216247878989247,0.6830923263051786,0.3411810574118804,0.20012129379447033,1.5370115866746556,0.4812715295632802,0.13812639219593897,0.028258232627318604,1.6567455594946043,-0.18494889184051752,-0.25854137483682454,-0.2244554870959571,-1.0221486418501855,-0.6099462524828237,-0.5314921443496798,-0.3840267001243167,-0.1765424242173588,-0.5623630991766998,-0.5162963444437656,-0.19750351588557652,4.215741916529315,0.39916009340929465,0.3388617076884207,0.2186444054629238,2.6357059932990308,0.6040791102620254,0.4171509973299714,0.28181039688818854,0.8469785600334716,0.4100793033017816,-0.09046994206810274,-0.16770687387527566,2.121239642265325,0.38551268528052846,-0.14735662943315925,-0.17776455921085965
2026-03-12,4.270726269751425,6.549341324390046,2.4815231365791037,-0.2621609653388669,-0.2422332450171151,-0.12145673399244968,4.812521922767546,-0.020700566260524553,-0.1082097285618559,-0.006247717928053129,5.353668901274241,0.6117675837520571,0.30616561338529535,0.13469290321517555,2.525956917370208,0.7166238080076052,0.3712567454224224,0.21437938337443968,0.5991105104676144,0.5351798857814484,0.1551766017470752,0.035114694971454245,-1.4195534745236493,-0.21276640489389154,-0.2764802174503552,-0.24659110163395975,1.9983581503121184,-0.5409594967863778,-0.4751055025612932,-0.3791336003543766,6.014768501629786,-0.24186488404699943,-0.32828176903033773,-0.16467310340934135,6.819248973157376,0.5182795833955636,0.41677850540732725,0.24780543586291376,3.391326233305697,0.651931672698877,0.4428037653141324,0.30689850048928125,1.0807919930463363,0.4414921409295203,-0.0803944595488004,-0.16978765582796473,-0.5794608071265284,0.3219475906154955,-0.14646576833561065,-0.17106329303976173
2026-03-13,4.2835557140756375,1.282944432421207,0.0956685401446096,-0.24195577889224315,-0.25714046900156795,-0.12480797974665306,-0.8397539061101273,0.024548157166298757,-0.11927538849184322,-0.010333872309101808,-0.440462430118728,0.6304320912529188,0.31649337662407817,0.13280690569142944,-0.9276488408333288,0.6481346321982691,0.38871019212650226,0.20975102446974028,-2.2242457575995664,0.4028901306101682,0.13064136513081911,0.023335165965745055,-4.844575570350253,-0.1844638808820095,-0.24623657283475867,-0.24193344103450842,0.16576867198556489,-0.36963919422555785,-0.49984472103544003,-0.38220735435738795,0.21149881965543393,-0.14790244219528798,-0.31917856093582314,-0.1644545298340325,-0.6524360610812736,0.5566392389253512,0.4397418756068507,0.2455035856681412,-3.0366001521509762,0.5698628032568774,0.4405144565436164,0.2951221557349446,-3.2350326906116287,0.3771714780455207,-0.057435273080764584,-0.17474176948483156,-3.5857673588684897,0.20242483296210156,-0.14529688564992121,-0.17504263165221595
2026-03-16,4.218933927175947,-6.4621786899690115,-0.871041658536048,-0.1601934196422904,-0.2026539521042314,-0.10756470736020719,-2.15470916523376,0.15995780750997005,-0.03672322583076547,0.010623288791710067,-3.679327975544026,0.6774825447420494,0.3796725066471783,0.16558647750102337,-3.4599138118153787,0.6826915463564858,0.421247918115436,0.2652055518905193,0.3665495742811835,0.2359009753537936,0.08786119938257282,0.019835750191272723,-0.5134456622991364,-0.083417898391476,-0.23087270816819921,-0.23515494136267717,-0.7819324703927222,-0.25342258481609375,-0.460387143816082,-0.3541238990626177,-1.317564132883974,-0.0868146250729548,-0.27483420596456737,-0.14893672789304419,-3.2390153942100235,0.5923273476487837,0.46852171790020974,0.26480173272600654,-4.6124016525315295,0.5799824639609981,0.474702951195461,0.3455070293350197,-2.742000746074624,0.42405084665417614,-0.01968810658151857,-0.1307268361501108,-0.6039985824446727,0.28554952056541,-0.11580566604549862,-0.18854725961568455
2026-03-17,4.2013793058971345,-1.755462127881291,0.3008181839195295,-0.15500397041612637,-0.16691011763426344,-0.10885141611657985,-0.4681100944991041,0.17534280223419108,0.01276675862090526,0.01142816064621211,-1.5064822652209857,0.6871917257520541,0.4599709059757442,0.16838701243407414,1.3722547650501635,0.6679068993115885,0.48737387480707606,0.25660378681050516,3.0759030093087905,0.15022288440112377,0.05984819618838033,0.0027967171323123787,0.3999718846409302,-0.09397476007388768,-0.24950104247901161,-0.23688150918856388,-2.6419246678776735,-0.20040816467153097,-0.4213496362746064,-0.33949020999596297,-1.8063164489879646,-0.0533997510353758,-0.2362799811170425,-0.14323994644801052,-0.9513647979126014,0.5969737120718104,0.506956252319831,0.2660255616696593,0.7802371536869472,0.5788479591631701,0.5381409697580556,0.3416094160279344,3.249956962427037,0.38806064173114097,0.06181320555309579,-0.13976207904103033,1.4983496674453598,0.26126100791551216,-0.08041287675003196,-0.19332687180500036
2026-03-18,4.256145867812386,5.476656191525109,0.3241536937162848,-0.12976600603067925,-0.17578125943813777,-0.1001322297394926,1.3552222733653856,0.21234829520911222,0.017510175144793225,0.013986880207338164,0.8327144131999582,0.6779130041508462,0.4392881379809973,0.16668650821065784,0.7640010467275777,0.6543846180953333,0.48705931139163783,0.27085842122682446,0.04004230675123521,0.14963038572222764,0.100054844622999,0.018890275952047033,0.31922681290467203,-0.06376046795087081,-0.21362445889197912,-0.22999923145050713,-0.5525349408164705,-0.18158253325319482,-0.4349868380101138,-0.34021459731174264,1.8221910869421731,-0.013758235528243639,-0.21354838857643035,-0.14303096321359188,3.877713481519792,0.6202474382564407,0.5042270060715406,0.27764160567444135,1.079390552239405,0.5798371832745888,0.5198303998664059,0.3494567114435486,-2.5091938377325165,0.32991274074863536,0.09836040688916632,-0.1342846917102899,2.642691640335795,0.29751735895079645,0.023024348397588133,-0.1601171661347295
2026-03-19,4.281692902338443,2.554703452605711,3.270833171300602,-0.08452202246599869,-0.1337078361372901,-0.0664237121777936,2.664684059182013,0.23192429957873184,0.055894924404793433,0.03133797407254971,3.143991708797664,0.6888464415460133,0.4640065391703785,0.18425902981363346,1.300979546914112,0.685652091331956,0.5277481634736716,0.28293415902716373,-3.1641910529891204,0.09606072819006924,0.08501670325462961,0.008766011579733132,-3.025747454385536,-0.09680052861008694,-0.23151200883033982,-0.23539602824111056,5.218458351093302,-0.10288919810473657,-0.3790610065205885,-0.2910443981598959,3.209417580857571,0.029165584930212048,-0.15768455768863554,-0.11555555570286889,3.9273747463668416,0.6219445529487326,0.5205846372434985,0.2949308343964977,0.7033898199711359,0.5778493546450217,0.5306758229945451,0.35590479001852565,-9.009494289722086,0.2286700255314313,0.06094536945332652,-0.1517340825964052,-1.4357637035238078,0.278221145089782,0.040700799836233224,-0.1596022560640181
2026-03-20,4.390535362387186,10.88424600487432,1.3224174298919587,-0.02916645447241219,-0.08698287341217786,-0.030375345042603485,3.3506072001333025,0.334810434008736,0.15064866327502316,0.07764710771347717,3.4828347622752447,0.7324727476482982,0.515679191669439,0.2192117637444269,0.14126415897913613,0.6103823939429445,0.49500872564120546,0.2757075258160907,-0.3703528486834884,0.0764834125152414,0.08160353076837838,0.002618152820965899,0.16646276413484795,-0.032153857068393896,-0.19850086538095793,-0.2123894154249629,0.6887032980930321,-0.06983360543992177,-0.3462157571293869,-0.26241514995284126,5.519046392864775,0.2317183963901667,0.01422857367350808,-0.0073935603736216896,3.867739914758011,0.648035044888343,0.5530505361267001,0.3232811522635605,1.3789590940393919,0.5656232268497426,0.5181457695205104,0.35811335026296826,-4.5102864736628865,0.09864544844752564,-0.029745017662520978,-0.21140965922687133,-0.9078111089726404,0.22431939628477648,0.0037666356174106447,-0.1843347979770274
2026-03-23,4.33407312145291,-5.646224093427588,-0.97270613828552,0.035625928253563456,-0.05706837623830305,-0.015752157661385508,-3.241559078260954,0.4456916470859616,0.2139599290649049,0.1010339515001651,-3.1266166804409696,0.7526208036569434,0.549781380915654,0.23645664934129185,-2.3211937147209762,0.6111061073535088,0.5088103586633398,0.2910720396801944,-1.2622400583894402,0.05274630952618845,0.09253509235725409,0.017658576124796488,1.3296515871082564,-0.13058194825605549,-0.2403400159849914,-0.22689855222787253,2.0426381223376064,-0.10284241532784921,-0.3703117923989311,-0.2757534168581399,-1.6689573395267998,0.3189985625955147,0.05391971738210204,0.010321296217776924,-3.2391185512940255,0.6369790899166593,0.5732851992585402,0.3371248385305471,-1.3883746115090019,0.5311636127148582,0.5200379817278418,0.36092530595526745,-7.3617988530541,0.22200991895092156,0.04734228676914366,-0.1433098385718417,-1.0869430517116223,0.22925966875137244,0.020095749185063586,-0.1670540354331821
2026-03-24,4.389642611811211,5.556949035830083,0.8607288701961759,0.041352106414327745,-0.07309527596580442,-0.024752258762633463,0.5318927365340129,0.4366912394068275,0.18877858879367335,0.09924104055580427,-0.44829127897899834,0.7172669642762555,0.5197561552585765,0.2300244087983372,-1.969008236771312,0.5314346430596514,0.4640276482770391,0.2747927061150013,-1.2755339009458273,0.018028704626168884,0.07872799857599949,0.004964599476305285,1.2071101832365088,-0.0871837676925888,-0.1938885367965129,-0.21403492327481263,2.5887775138604074,-0.06028959434964521,-0.34688226413336487,-0.267280426702685,2.269013453424163,0.3367851435187563,0.06089272704325983,0.02811447614272123,-0.5278223021318174,0.6024595592060491,0.5505268842250731,0.3331174998929746,-3.42968058680456,0.43682269022532394,0.4603091003612355,0.3301527453920766,-1.1545803816577664,0.22176113163276764,0.0374806496428975,-0.13952119220191844,1.5377602946508382,0.2585878493040466,0.04518216852850154,-0.14256326773022834
2026-03-25,4.327227487657188,-6.241512415402273,-0.5359346396333562,0.08383767438064559,-0.038699391714754935,-0.015518761415970438,-1.2146501739673248,0.48626396264437843,0.22601206533842239,0.10721614484472276,-2.464058089356263,0.7669426234074816,0.5631756217088622,0.243588797632927,-0.8881724336263839,0.5552913078631612,0.47452009298665293,0.27760273749694353,-1.0735667016489887,0.05804125354869214,0.09388324432728999,0.018949760282932118,-1.8852027222923298,-0.030580742879426845,-0.15176510869558232,-0.17863254784098082,1.4924480100834712,-0.09312642595659076,-0.3494420306874783,-0.2747646069932793,-2.6874647224247648,0.39690000660061603,0.10825647922135574,0.054612223371275255,-1.6770445672260792,0.642867505322409,0.5669738662356048,0.3377264585494093,-0.9616144996356064,0.45987794413999267,0.46085944263301193,0.3307382036758274,-0.8834279895491939,0.19964936525600632,0.03846717726310706,-0.13477329941844232,-3.97613514597144,0.3710545117353017,0.11403898128897498,-0.09071357992887541
2026-03-26,4.414641421181582,8.741393352439353,2.091530957414848,0.22223510354703369,0.02314074821800596,0.01863860560177779,3.622660230909664,0.5730588581929337,0.28878639490865676,0.1378969458184817,2.1300575938249886,0.7804030237995752,0.5817354759386152,0.2595297042138254,-0.7233127526668799,0.46097469035842686,0.47623183779245204,0.2745870003101866,-1.7711394494032349,-0.096547386389953,0.06679279161506906,0.002838650758363861,-0.750460971663232,-0.03421951795895522,-0.1677929957056483,-0.178485933628385,0.41126330547570245,-0.06467017559177808,-0.33049937116198125,-0.26422264608584173,2.295183940151504,0.45443115959563274,0.16287048556579406,0.07228935024217789,3.6234110270126596,0.6852812378648949,0.5923026798276114,0.3551180335076265,1.6352177245348516,0.4702262447302193,0.47205916475390874,0.35024468624990307,0.3877145377307514,0.14083224690986432,0.052587987884886465,-0.10412409802419405,-1.7909557284070243,0.24395760261062335,0.08099705193745656,-0.10847949147742274
2026-03-27,4.438785181020796,2.414375983921424,-1.3503776946265702,0.3894764548073009,0.013323196999254409,0.014116518089732416,-0.8159065279817888,0.7072698101159687,0.2890617047024275,0.1355276781766428,-0.6518549018137119,0.8289197510208061,0.5990779193471953,0.2581955832283873,-0.8762478210497091,0.4113858666322956,0.47703211070702545,0.2734600068313294,-2.08581596479489,-0.13903947490200905,0.04822056135887452,-0.006028424505186378,-0.8598231025322174,0.007031234569350127,-0.17280335245319856,-0.18080274355488501,-0.029654888266428703,0.0637976911033458,-0.3325666315606756,-0.26780970692352046,-1.1935409185194945,0.5427370535262551,0.16818986284806742,0.06910430545060142,1.6442531005882046,0.7272278350614313,0.6133753215936318,0.35861575371692633,1.1408957841162848,0.4316058527271646,0.5140377851146589,0.3533195095492813,-2.8017645147196193,0.10669851216178373,0.046431844804254364,-0.10925938859344018,0.7928629819459136,0.2663318175845116,0.06320273356610366,-0.10398694046796629
2026-03-30,4.341279700439916,-9.750548058087993,1.2539190372493663,0.3308606362412794,-0.013841221422996756,-0.0054498956759341365,0.8742666925813473,0.6264913581653182,0.264059131804706,0.12144427883368039,-0.5988557362494111,0.7551975059118395,0.5893217937369154,0.2526589541635255,-0.9124092366735777,0.4101549566229268,0.4809555495403393,0.27103223986110314,-0.7797913229126173,-0.04441018667098857,0.05979417017718437,-0.0021489050390320914,-1.2415268949405536,0.07317466348780692,-0.14103821814332423,-0.1515659412669794,2.674726209059346,-0.04419622382594981,-0.35805435985538403,-0.28757999024527425,1.6332761348769476,0.49505283718147186,0.12879655237515295,0.047109833808611376,-1.256415001480032,0.6925933761138687,0.6077758195024536,0.35393704796911873,0.9482495434125533,0.36518307915975023,0.4668305342531097,0.3236977792704401,0.22054618305638396,0.02438927954305415,0.02630875459653565,-0.12305419449702343,-4.794242886058304,0.38822671798642716,0.18882711757319506,-0.022391135864773815
2026-03-31,4.309649658261509,-3.163004217840726,-1.8777947036832479,0.3627607305742047,-0.004340696358836334,0.006608068610105393,-2.894962355131021,0.6471536315461505,0.27753156058859796,0.12731811036526375,-1.7194279798612895,0.7834521955649744,0.5988577354522586,0.2517398793632687,-0.6264304933571516,0.45825923011259273,0.48783912310283223,0.26476936274584484,-0.5549140894671045,-0.023962262343075212,0.06006580337084581,0.0009624122993171981,0.2871175302498239,0.05655288873282941,-0.14202267502240098,-0.1439554490252797,-2.0811204610845477,0.002007978852677645,-0.32798893486408387,-0.2686394357395153,-0.8482858695193058,0.5012299502562065,0.15212759900166586,0.04480016472787461,-1.5608953656519873,0.7222575913392226,0.6082672841530858,0.3509742184271155,-1.5705357603842174,0.4404359462330969,0.46723318203411685,0.3226667369222872,-0.38717993814448004,0.017825691856194294,0.0219104826429381,-0.11997746429749469,0.3431384403847999,0.36792015143923235,0.2065090891033354,-0.01061045460545306
2026-04-01,4.319573155386812,0.9923497125303271,-2.611680901251341,0.3724731180844527,-0.010436028274699041,-0.002086247984859405,-2.619381314436227,0.6600416824673608,0.26665740836127183,0.12247943623003327,-1.0752112811453758,0.7863070550922845,0.6040690948112687,0.2501323695634485,-0.23868308908147196,0.4799907494409444,0.49399375368207327,0.26602233261413344,0.6243964187727045,-0.032457352133008446,0.06639925317139714,0.007344809557233527,1.015002872510368,0.057846336034681346,-0.1360437952639106,-0.1385708936471725,-3.364306177749219,0.008583643277057774,-0.32450255770211617,-0.27362677266418656,-0.2615292912536322,0.5592250509364363,0.15064508049008538,0.04054422519336752,-0.8051454423395841,0.7306305420620944,0.6052448419464037,0.348035865733326,0.007312951058016104,0.4383451624425378,0.46795578604772353,0.3216505659851498,2.1002830786141757,0.0049306620027337895,0.03029000579089782,-0.10994525848726515,1.1032574591361284,0.3594308714028432,0.22099627516373163,-0.007799624716599754
2026-04-02,4.311695918177596,-0.7877237209216403,-1.0471276560714462,0.3716116049737226,-0.007785555523221043,0.0016220638235737812,-0.08091799826851842,0.6573297047019214,0.2685400953396723,0.12313346859532867,-0.9472295721136867,0.7763425774112416,0.6089572780185197,0.25124653971385885,0.6792196226614338,0.4223680676888466,0.49205141978478484,0.26307076783626704,1.3815631882371233,-0.06331523808757564,0.059636654982392664,-0.003449211697273099,0.02916972456896305,0.0746336858226004,-0.1376224314583377,-0.13952742574278126,-1.7596838123929022,0.03245211734127416,-0.3167160454603472,-0.2803663748869981,-0.5825438866684702,0.6405656358039391,0.15199739591689085,0.04005061296571361,-0.4653726965008733,0.771842693669007,0.6190684568295065,0.34942221682749613,0.19111177795899836,0.38801722082092066,0.4718876015954811,0.319189796480222,3.4349345485958205,-0.05570791142971288,0.023920195353312898,-0.11200198496607501,0.3169204189963679,0.3704791480547045,0.22381750855367002,-0.006065205067199235
2026-04-03,4.344507054030772,3.281113585317641,-0.463952149934477,0.3621912733936043,0.015465466495930467,0.008011342199052925,-0.3600446795668162,0.6471573791800631,0.30379019466710755,0.1313579154149844,-0.3471033408644033,0.7682248894456879,0.6458399516252543,0.26098314261569,0.6538190804514625,0.4570814399159516,0.5379150775044326,0.2904487016612734,1.0132556202306595,-0.025147246954688934,0.18020387831354368,0.05876122749350793,1.0735612380244097,0.10499764955624402,-0.09058838665590915,-0.12213288484279262,-1.5563277106540259,0.022011364434679187,-0.30774145504568906,-0.29330042741283363,-1.4329161169781406,0.6057738026692557,0.18123242382736504,0.04367133466614079,0.20847800289006102,0.7899604109220094,0.6309184139763493,0.35729188429887315,0.39404996053571195,0.45885067612889135,0.518752345980674,0.3279351725962244,1.9180628946854275,-0.010838658289058745,0.09891057373325202,-0.09342382125526265,1.9413774599884681,0.38859266050945646,0.26325182119925705,0.00812894075811673
2026-04-06,4.333634555242154,-1.08724987886184,-1.0308220025532258,0.3810909975609473,0.019768978045896526,0.008693718923861518,-0.951374566983168,0.6543620693593065,0.306798932621457,0.1355403304442806,-0.43871590807322547,0.7704030623644726,0.6578659301875781,0.2670300544068075,-0.09202923522919049,0.4563592788590545,0.5366150172709048,0.29852615881642114,0.38359908737785586,-0.0247382484205783,0.1749928118578361,0.05347876322679612,0.6408989215233825,0.1135292235280594,-0.09228902264348195,-0.12338107799384819,0.5333720201819008,0.01634936995614301,-0.3086364761051308,-0.29698819146442,-1.879364682999484,0.6122568927621219,0.18883599860999953,0.05817371716540377,-2.205762383275075,0.7899003031616707,0.6364645090953948,0.36227655435514533,-0.7136542671904222,0.47454441625371313,0.5190974025441988,0.3392379196286765,1.6908846708948446,-0.016305305400407918,0.09387565334926463,-0.0772459964232704,0.3179705818237277,0.43707195215954653,0.26948494124490063,0.019104871967287013
2026-04-07,4.341614522983113,0.7979967740959104,2.3526709893623075,0.3953597435559895,0.03063763777094691,-0.023242218611691373,1.9078887032991905,0.6704809530776743,0.30477546907521197,0.18932793227226402,1.8704915037392924,0.7639297088098937,0.653242153413141,0.3929326465559054,0.6139543279637443,0.4551895642178195,0.5428517894112965,0.3019816214401228,0.5912197259696326,-0.027125441180241277,0.17225800927801652,0.056986906113861084,0.4219915261963836,0.1098504020459646,-0.09736306186500063,-0.11563359502706438,5.228069342843283,-0.007296482616848198,-0.2891934485815326,-0.28535142980860334,1.0800044035552125,0.6249605256815706,0.1867834779761572,0.04074070343395938,-0.44575546326969295,0.8002307442055357,0.6367765351217186,0.49078582786837277,0.6472802771778308,0.47153527177827737,0.522927284262768,0.3713257167220473,3.472349435820925,-0.014805122755909917,0.0938952514264229,-0.07435312937006286,0.9486691229128321,0.43048084639910067,0.272030444252117,0.04540799911644144
2026-04-08,4.290147310488818,-5.146721249429476,-1.3037299336777506,0.4413961613763664,0.06425610672159016,0.00415720785688639,-2.599911288036992,0.6906999539478277,0.3566517452942574,0.226353065985929,-1.5572721663017566,0.7534789863220257,0.663205264328867,0.47319430944972896,-1.0018964462459201,0.44457909978079907,0.537420563441315,0.35016970415517473,-0.989494369918432,-0.0785161104247199,0.1889171320664587,0.05677410679341683,-1.6838790875740157,0.08158576780073734,-0.040594181374870704,-0.1172544983373588,-2.56304336706872,0.09794966649005057,-0.24350965929023952,-0.26632014384848607,-3.571333524015108,0.6888338890760966,0.24668079191749898,0.07178140610290762,-3.339169092739939,0.7984736431679617,0.6341875778240117,0.5457357735454194,0.9229343491985604,0.3797619867743571,0.47528409640963626,0.382599104731243,3.0637975362261245,-0.1028502996327925,0.10291735519008202,-0.09757807839535099,-0.8050578827570565,0.38784298979555626,0.37272722487448384,0.04874028604301256
2026-04-09,4.292155581589734,0.20082711009159482,-0.9140460358225855,0.38294596387280766,0.07154287365704391,0.006484640227298986,-0.706180588874781,0.6660174862092311,0.36081304999671765,0.23038194140954574,0.021720723419113686,0.757969090317188,0.6677476578461848,0.4756938094147653,0.5678508550391201,0.3704619862096858,0.540586286484857,0.3474841136361566,1.6746166663860382,-0.11850133062715133,0.19927084815525997,0.05176093650546971,0.8359546631061056,0.1238409708410891,-0.0364255550024056,-0.11231380041766534,1.199448611692579,0.05984230915450705,-0.24213568409929098,-0.26248809706090764,-3.0367671344631164,0.6379295773664854,0.24417494286626615,0.07582321624256248,-4.0630969688512995,0.7602624729284855,0.631414071754161,0.542877791875158,0.3132610976403516,0.3052026095662825,0.4830361341245554,0.3818245154531803,3.9461402968198653,-0.13277045792092382,0.10424565957276001,-0.10336917477543774,1.5649438263150017,0.399024687796339,0.3659742445374139,0.05460510952714151
2026-04-10,4.316020448168423,2.386486657868936,0.4101017594611136,0.38642237320548306,0.10388539066025418,0.0022875798584301894,0.9364175795836447,0.6760766272531032,0.40899986549581246,0.23230553239032886,1.0098467744744961,0.7617825319674416,0.6909010823551113,0.4900871706008778,0.4961821638782049,0.3871055559228077,0.49646372124598387,0.36343593181262485,0.30384153587596474,-0.09905139165008908,0.1227273743029978,0.044035191727384265,0.1785193950653311,0.22003479190059652,-0.019682241215069722,-0.09552620809917488,-0.38585687905970234,0.05364878523591716,-0.11735939407071354,-0.27685187541645334,1.2004764857808734,0.6417102357643784,0.317192009635522,0.08854031730939732,1.808579906820451,0.764308044304647,0.6589223957870375,0.5644013563259279,0.6961781558360061,0.358045844687666,0.44163341541477025,0.39167926950841736,-4.432274339897958,-0.14533434777225934,0.056534493488018284,-0.09749747957826788,0.9339357571732834,0.4599090872096636,0.34747077123387327,0.06375913301805636
2026-04-13,4.296243104997667,-1.977734317075619,0.07794386922132812,0.36440847882337546,0.11262354696160337,0.012047849989408069,-0.24730374122180487,0.6523902049236213,0.4295082490279806,0.24229116725791608,1.2306355150161568,0.7019436734070316,0.6738825906152709,0.4840082466372188,2.6484197813691166,0.17527440666808508,0.44368453629905724,0.33982568654355455,1.6032302023682432,-0.102342423528151,0.04547753836985929,0.021650799276136456,-0.3597688986871168,0.2096334258074866,0.030622447412847014,-0.09196129159746441,1.3361168070300897,0.01337482016589621,-0.09963246076740058,-0.27562216896329833,-0.702700062083027,0.6398779604160747,0.3240673125140989,0.09261186346697065,1.1299651180995938,0.7231223979657028,0.6477062457672421,0.558174726170762,2.9743127877644353,0.15175980069679973,0.3828841857167197,0.37317386408852626,0.9302044646882496,-0.20282783931993623,0.05004098933065957,-0.10009094701728302,-0.6519571535673216,0.46580514988043303,0.3828930840769449,0.0825332712347923
2026-04-14,4.2547760479247225,-4.146705707294451,1.1665660145019903,0.3238366702879693,0.0969562251541987,0.02621989040844435,-0.4819975833407773,0.6476781237458826,0.43457084045940264,0.27594542000218025,-0.6265962718958397,0.6993152429345044,0.6764688475710495,0.5324482817855416,1.9590841515652768,0.11754047022546427,0.40973059903432507,0.365983872922356,1.4372388602132795,-0.11513438476249888,0.017984871899904917,0.003570612507340974,-0.39919421358283524,0.22778745927693966,0.032603167790618955,-0.09371171305383151,1.9582831658578561,-0.043068495446287644,-0.11738829659955514,-0.26835408748905126,1.4705314123375133,0.5895885961925609,0.3043835569822594,0.10449210734858448,0.18457626462878718,0.7031812000972584,0.6391198575351538,0.5748551161023382,-0.25792756750214396,0.17456892696602277,0.38806749743167185,0.41586971028082675,3.8807824808070426,-0.2293320104544686,0.019291754332313612,-0.07427213893029327,-1.612820757596211,0.5140470985573649,0.39760245738724137,0.1261156138010496
2026-04-15,4.27850048397144,2.372443604671748,-1.0918498245823582,0.3001893333161549,0.10180943277161325,0.0125126177352374,-1.93530921092768,0.5971691622206879,0.4250575651891823,0.2552408014853343,-1.1239194139847424,0.6720374927116534,0.6648574789318978,0.5110154349845456,0.7978004078073313,0.10100282250285648,0.40762960559624506,0.3629705920299753,1.3446514271215861,-0.09793264009534197,0.02707637646789224,0.03333345856486381,0.5341004519886774,0.2237554151249446,0.03791884155786677,-0.07341434185375101,2.575635448419079,0.0043129829615738465,-0.0887809814948516,-0.2592731290472104,-2.125936733579038,0.5361165309294031,0.28766947456051367,0.0918898971906112,0.22492758723059203,0.6815933904195047,0.6362764924110318,0.5579779092866086,0.8957239024390783,0.15632353334627302,0.39150800603942687,0.4007910370666654,5.478665838543002,-0.15829982366091105,0.03053156726656865,-0.023724254568677113,0.6693279749624417,0.48042801887804093,0.39397128424717015,0.17146716246705043
2026-04-16,4.30823720489812,2.9736720926679894,-0.6088254502271584,0.2706090443090809,0.09809149449337609,0.010220791444908044,-1.2450673337864384,0.5754866078562638,0.4168593200651234,0.2591274139711089,-2.265374716641091,0.6290014426594138,0.6440687440614484,0.49777306026341733,-1.6652055876588419,0.033772034960417315,0.3981854711057112,0.37171262109103714,-0.18206847557305617,-0.05099446109512643,0.02304747091750249,0.04221236868597045,-1.4713798944539516,0.29359040573346473,0.022896196175170486,-0.08118740252413392,-1.0560131963636628,-0.07305193747400668,-0.09507789262946045,-0.265725468842769,-2.4869555440388833,0.4845323835826718,0.27773502343767886,0.09891422220967966,-2.042753475152368,0.6617286523654375,0.620056719544891,0.5488180732101473,-2.127244018268704,0.09050065234253225,0.3703795641225686,0.3904201661163941,-0.5016127084017601,-0.1233321025941822,0.024638474398528815,-0.013824804637422748,-3.557032181367168,0.41215267426780705,0.3555026576694518,0.17040112549423267
2026-04-17,4.243059029176942,-6.517817572117757,0.24691852875489606,0.12830916493563838,0.09380504245680742,0.009799568436390857,-1.574155071842759,0.46148645051288395,0.4372358669233087,0.27723178487077027,-1.8245548449776323,0.516247379921276,0.6648235704133166,0.5159523773207718,0.10950554196150464,-0.005752097584382876,0.3950124013575985,0.360432547976744,2.2565495366302533,-0.12922935251116935,-0.03555951575215809,-0.0009184246259031519,1.5266675260184608,0.17963851229433533,-0.025459916329072362,-0.11201112001620556,1.5070841411693248,-0.12315204602324599,-0.11116566120859073,-0.2760471401525708,-2.7610659222127483,0.31720282499644603,0.30905831478494855,0.1282550814014121,-3.4538885390480223,0.5979477307142363,0.6432827693935997,0.5666687822668729,0.5934704403387229,-0.04178958475839295,0.36885229434467304,0.3776320347072525,4.884618047476848,-0.027131218177294802,-0.02765892439450891,-0.05404524036517965,1.7302748612870658,0.40053738729332056,0.3185494990752592,0.1445185553560929
2026-04-20,4.249001743878108,0.5942714701165919,0.8592552265989089,0.1084211266550705,0.10419982592896494,0.008220063779188455,1.600349305694195,0.40850237784079946,0.45672438638074137,0.28148100500101525,1.5417990083763105,0.45727664492445846,0.6551786003174808,0.5200738015820455,1.0706668735395937,-0.1097974226310338,0.3623059711095189,0.35914073635422106,1.2941596716322143,-0.19176197609146123,-0.0761410251087736,-0.001121652971721639,1.01869349982208,0.27791662526191363,-0.04217271407697439,-0.1181212235199887,0.5056839882727104,-0.08513798306060348,-0.10305867148231956,-0.2823410611809362,2.3788717595283515,0.29917818021989007,0.3353778129771821,0.13763511358705807,1.89210008404032,0.5574146275689567,0.6207636694741123,0.5657354816403672,1.832373168896598,-0.08900099816482819,0.3311279609001089,0.37629274142463465,1.45784028837264,-0.22964742452575532,-0.035857911945108054,-0.05253156736371641,0.23907306027670394,0.393088477440069,0.312088035982779,0.14322037955507838
2026-04-21,4.290569093141933,4.156734926382466,1.2213436220001537,0.111225074769729,0.11560646378282163,0.005972239151481458,1.919050779648296,0.4358499612285663,0.46595414552546294,0.2821112323843083,0.8126244831965408,0.5089866515648368,0.6583047545843769,0.5178001627778203,-0.679641028101456,-0.022239108868745652,0.35283554896833363,0.34466664287495635,0.11318840454202572,-0.11904053952507034,-0.07579680564741664,0.0013447843438260945,-0.3140796839696096,0.18865768075222897,-0.04175636919441567,-0.10913132042038456,1.9612645148286398,-0.1221195628534676,-0.08779771503486009,-0.27639496734520025,0.4159208150036352,0.24032162073834518,0.33743134341658076,0.13054189427089571,1.7236252137465504,0.6121093468024398,0.6259632969386913,0.5690295059900654,-0.32773105611202236,0.08819554677283868,0.32451719948547497,0.3662959348244346,0.3173816462670176,-0.19007164321320502,-0.033999749762240496,-0.05647597361266761,-0.7072234924681913,0.3290340334125751,0.30434394577773666,0.14154480787468401
2026-04-22,4.29258562935471,0.2016536212777531,-0.05053422638979199,0.09573222909397255,0.11189666649414302,0.010578029542491846,-0.6369052170914025,0.4210500545636838,0.4762725950276383,0.28697853887667024,-0.2513613437202544,0.4477423694247732,0.6721794706565001,0.5311020488112987,-0.6761254507091671,-0.09787982494775326,0.3534719268443245,0.355144139468013,0.2284843395727184,-0.2218544284381542,-0.07180931879139728,0.005990150293957742,1.6107535759700289,0.0687055083367028,-0.038514207096642564,-0.10919266662311607,0.7888324251485119,-0.08896793059262752,-0.08948386620070686,-0.2750221524235169,-0.9453160267140605,0.17387545706231688,0.3373015026785447,0.13142780092523115,0.20597351576792639,0.6036279302870559,0.6394248644510747,0.5747545534230107,-0.34423025747787683,0.0035525805986522277,0.32658078580774624,0.36817661247794575,0.7769787241313024,-0.27652051602722755,-0.031296004885047475,-0.055158582839371716,0.9014000679630925,0.2256141277191983,0.30850052008261547,0.14443829100827094
2026-04-23,4.322413109094135,2.9827479739424234,0.17087795973886788,-0.10917486812937253,0.15502308573111562,0.018569679491554292,0.9319440685601187,0.24181566841822802,0.5033166889172397,0.2921859653126838,1.0428943153441566,0.3340436785554844,0.6815645425926626,0.5391854819936462,0.19404789958544644,-0.0041907657735485715,0.3332769123781779,0.38379022842057964,-0.06967808087201599,-0.03080906096831741,-0.1273379662257777,0.017925372621730967,0.3554395353710432,0.21073638596017824,-0.03749156665597797,-0.11206896228376331,-0.8195877567004278,-0.12932531058235577,-0.08468797827338381,-0.2701768065287527,2.0864212916081346,0.060788480928537975,0.3619890183845664,0.15573700560977596,1.423163539852749,0.5115175340501235,0.6571711569211672,0.5800065597012987,0.9921951754570172,-0.11557663372124924,0.32734660378362845,0.3759010494575661,1.4564975691452062,-0.2557152086072887,-0.08907234985022715,-0.04771761609019186,-0.8371177302426143,0.36946061423472687,0.2803532589955218,0.1484112345192874
2026-04-24,4.30861441085275,-1.3798698241384244,-0.37133315337980477,-0.07062493776418882,0.24777833012655434,0.026108674125601812,-0.17637290137769912,0.2551309737388454,0.5815909160161086,0.3031930439546153,0.7380267998752192,0.33838186146882354,0.7043690752702345,0.5578887185351514,0.7089439282881888,0.03451912783240814,0.2992731495553849,0.38357527190078117,-1.2474340694225055,0.10160693339130644,-0.1442565529684135,0.014261097218340946,-2.053125824726432,0.2593985457019781,-0.008256984622449769,-0.1053165909821065,-1.1602891520191647,-0.1147342360512816,-0.019431980125194127,-0.2633868497861693,1.3370016468120287,0.06420335857853485,0.3998889515704482,0.1624158710306508,1.307834126677795,0.46392531595739106,0.6746940724000364,0.5909399459386837,1.6379282555552799,-0.1572822653810324,0.287728353074784,0.397664067091133,-1.177576507624051,-0.178648407279306,-0.11871481594434247,-0.04745302778313161,-1.302483444026192,0.35893668649756455,0.29767251555657626,0.1397928017360506
2026-04-27,4.334531361587996,2.591695073524569,0.4128254067602113,0.14695219610686458,0.2955672818373844,0.0232668920532422,0.007098628413036767,0.4823750485220781,0.6013884697048142,0.2993622401789209,1.0035902324816115,0.39587110481217763,0.6824032588159551,0.558892812871612,0.548279834857872,-0.13932909622823417,0.27631008712440275,0.39691870930122336,-0.4783888656736467,-0.15572401218748216,-0.10985600356860557,0.01823151794537168,-0.38419862104957125,0.07734174600368372,0.02918857165170901,-0.1111469916620597,1.8537308868998368,0.09127622239070912,0.0038921403243160095,-0.259683536865334,0.6492281318713089,0.30828574734778974,0.45924971237025203,0.16429593453363775,-0.06978297348907514,0.502283765757714,0.6579012974098105,0.5880885168392097,0.802458441284768,-0.0897862064373604,0.2832113017260343,0.3984213423085844,3.475071515097984,-0.28204439828866873,-0.1233616113110441,-0.0370833041160606,0.9820072013814028,0.003335112391483606,0.26351372658896804,0.16096107109878496
2026-04-28,4.35253307872535,1.8001717137353879,0.6566908777589471,0.08923369148479139,0.2973741468599397,0.008709444405643349,1.472404802674733,0.4473270253786979,0.6035555401743178,0.2969487920683361,2.34390064442512,0.3674576506014317,0.6886270334847461,0.5610782674961923,0.6758414190092159,-0.19324422464890592,0.29181645239037285,0.4044485252807665,-0.863354156350189,-0.2649910451958491,-0.1171262274330296,0.01769816932265547,-0.36099791715683205,0.07314985045831444,0.02924998872381131,-0.10578220954941527,0.5628780947634093,0.030994243602539554,0.004912520527722785,-0.25750947896604315,1.9824565075543583,0.3284340420683459,0.4603942346396302,0.17944653822774503,3.307324414526131,0.49198042527449587,0.6657172612722708,0.583392954273725,1.8090775043167264,-0.168223928686284,0.3132636077819935,0.39738088896786183,-0.7659359439059679,-0.3733023393165376,-0.12615523166506024,-0.037180109660119344,-2.6202662561826977,-0.04145889884818054,0.24880312538639252,0.16480476094025498
2026-04-29,4.414681644407783,6.214856568243299,1.5661774831394237,0.26873251874045045,0.3446796303319167,0.03224596241133351,2.679005671853958,0.6077335017696098,0.6457769347849478,0.3238289290644955,2.109528060362557,0.47237385275019556,0.7047650554134816,0.580931437464083,0.48319071010745684,-0.1609553995770352,0.2897142477021907,0.4083258431602043,-1.2279805029975037,-0.3810952862254987,-0.14805371378827276,0.0038169178240514113,-2.404423688111517,-0.15589673706470605,-0.006935037690651417,-0.13523592578541413,1.139555811336464,0.0891149152040507,0.021292877978858142,-0.24752441984471202,4.424245692279472,0.46767046117956484,0.5238762883024457,0.21542635319224476,1.9908409401335998,0.5385540022916081,0.678371048098527,0.5887592621880382,-0.6601665715448961,-0.24716908833287782,0.2878218839033916,0.3840410758873542,-0.6070580469514879,-0.4250145450497144,-0.14023299109348036,-0.039030302308294886,-0.8136863786299902,-0.09598448073211781,0.22930829417069964,0.16079760484624453
2026-04-30,4.388653240153642,-2.6028404254140547,0.3765825522118593,0.2377689123208164,0.33362082611010724,0.03082138882768561,-0.2764363664497072,0.6043074563378145,0.642738801037123,0.3275336480898613,-1.2738376982603008,0.494047452588294,0.6970552973323119,0.5886216123171143,0.6628255550288816,-0.16545986091364953,0.23038851543868172,0.40323864501456874,-1.0868780902641184,-0.28035411841254243,-0.13417539173347987,0.009540488522183735,-3.2547167091543523,-0.01369176235877315,0.04519123400494733,-0.10991575657043753,0.8296768023539068,0.059357894430596934,0.0304013105898056,-0.24781813662141158,0.28694927252444163,0.44572544364834926,0.565599221007528,0.2147446661957814,-0.051179135328886405,0.5253225720244394,0.7019628969215163,0.5985432758014042,-0.7324850558558449,-0.18851776806178674,0.24205374977328806,0.3891279802149455,-1.562479842530173,-0.33087227743638975,-0.14605008790554896,-0.03330326135984813,-2.3076809191765966,-0.015187640186168472,0.25691974037906196,0.1730440139889242
2026-05-01,4.376798160137618,-1.1855080016024644,1.9838335646780705,0.21969772904429277,0.3101012350792936,0.050301688781424436,0.011695935728330553,0.6295699995757887,0.6397290715769053,0.3655782789593226,-0.26499567973400323,0.531285386941649,0.6955245623904291,0.6243991491558352,-0.2932512721927978,-0.16386324464645474,0.24249985037405833,0.43381503986104897,-1.9446039321912192,-0.25041633257385726,-0.10761958603830832,0.08979674610038314,-0.40758274784075393,-0.06197377906623075,0.053422347076622426,-0.08480240046670864,-0.06414947170029761,0.14443357817456676,0.032072206251410794,-0.2305578183607792,-2.000112852272749,0.49999359882657396,0.5650911714276421,0.2542209759207436,-0.03344857289973091,0.5293158132185938,0.7137059470521621,0.6103177344516477,0.8197006432680614,-0.1948861372220161,0.2699562539742058,0.4194089479897697,-1.6331822359432642,-0.31007908122027894,-0.129521919725901,0.007990173732063151,-0.436171594918711,-0.09140231837156798,0.26180111297728076,0.19919949585994165
2026-05-04,4.445214964311712,6.841680417409446,2.296846870286717,0.3369023242626195,0.3496313711231976,0.08222542675317492,3.501411957745158,0.6996896094862151,0.6617435255099896,0.394261874334345,2.0819028711646275,0.579383937749715,0.7060455893761198,0.6422412160113171,-0.7758893216626239,-0.26265446512097695,0.21208309250298615,0.4143182553075232,-2.315999686069802,-0.38146918893725185,-0.15547885275391252,0.05360107250754267,-1.2488506828514208,-0.10736030778116445,0.04224372071025551,-0.09566863469001925,0.5307074118318886,0.11258935086424068,0.033645880099292966,-0.22732132047058212,1.7464492287581248,0.5169361705160012,0.5738966256189433,0.2708398805357476,3.0188532100369048,0.584913003917862,0.7254120749680801,0.6252894949910299,0.44486647936989776,-0.21354525727170706,0.2767163775641343,0.41633938149743965,-0.8191529955582366,-0.3472558909378847,-0.1355971889240177,0.0027048836222877235,-0.3271122415419936,-0.06936906873152307,0.2810347752793253,0.196811465335522
2026-05-05,4.415065960875066,-3.0149003436646282,0.989469876647929,0.3197377530460388,0.36461761600670367,0.08296067634868662,-0.7615476496726359,0.7233692652243454,0.6868804211341801,0.397711230658398,-1.3177357157314906,0.6170288353013309,0.7181978469814163,0.6457157861470294,-0.7136260371699306,-0.20218192345219835,0.22267549383635007,0.42090230970030207,0.8328299507483168,-0.4036228839161129,-0.16865025767494646,0.039178661596129434,0.7506617346739737,-0.15042097256939074,0.020366784916893293,-0.10936363568133911,0.38554801305246333,0.13621883742431495,0.028192579177744283,-0.22350208912135533,-0.8098562412139021,0.5226354182307991,0.5840452150234694,0.27343531723044207,-0.9647584964931949,0.5976669480400089,0.7349028919479246,0.6279390602729906,-0.10341189498369274,-0.17868265211618267,0.27825004615515386,0.4171276553026233,0.11323325864943046,-0.33321613203323885,-0.13429940501880513,2.754242261656194e-05,-0.17315581810744007,-0.08344289437680434,0.27571842361916926,0.19907738091167432
2026-05-06,4.352931996757162,-6.213396411790395,-1.125109487421706,0.32654694329004025,0.40347272583756083,0.110744696276143,-3.6765691022618947,0.7417307214144218,0.7069891533146591,0.44740514984020197,-2.37427863632696,0.6449737865027113,0.7180420815788965,0.6592430433377529,-0.056581461802019284,-0.27515966673946696,0.2018309836821184,0.4037110338758032,2.143652373111904,-0.5788681496530422,-0.2664564675608836,0.0012961804668761205,1.6067071156055777,-0.3544932910756954,-0.07965130018872145,-0.11548207944522335,-2.6565962996781085,0.17516034752355006,0.11687485009409851,-0.17800328612452956,-3.0564947424461373,0.5225095391119672,0.6262128411829428,0.31742863215497563,-3.792676832683907,0.6160736108321854,0.7361815808548775,0.6297386039006224,-1.2411519478243584,-0.0009851194614266922,0.2615881188564563,0.3958633845593385,2.6690700801115357,-0.3254058693777811,-0.1727225045084202,0.005098314847890449,2.0333955505248063,-0.2479230570034791,0.17295376974421486,0.23325298071306919
2026-05-07,4.393078474380509,4.014647762334711,0.48597002681097795,0.3347084921067295,0.3676942888794778,0.11920713038127217,1.1086371781375775,0.7501735921184067,0.6958939699965252,0.45460297167586194,-0.3943960470160381,0.6100931953586718,0.7026098361280222,0.6541446860273035,-0.9502134585359232,-0.31777228025281345,0.122266373829967,0.39713104233793006,-0.4491896426837091,-0.6008330606154325,-0.29371964812686957,0.010742344027401953,0.4112022512114944,-0.3236663314743237,-0.04386865830903737,-0.10461682050925403,1.1250490041911008,0.19523697361150874,0.09844649338072768,-0.1711927381353356,1.4824552527551327,0.56520642198328,0.6085148518214409,0.3256550703692243,-0.39332312474608316,0.6536675935320042,0.7194940979889282,0.6354647319789637,-2.0455356243722274,-0.09245691873133549,0.1708977794144465,0.38427291944187264,-2.9950624287150145,-0.3819803500026084,-0.20486257419379178,-0.002912562637557601,1.1605332101457766,-0.19189075391711474,0.19651461246058852,0.23650230838011488
2026-05-08,4.363152945491331,-2.992552888917821,-1.425487051001005,0.384953994068672,0.3813840025450239,0.15622433952486064,-0.5750423187122977,0.7474200816021722,0.7006311013713261,0.4947532840622358,-0.3546771485414397,0.603174091926192,0.7021000376284595,0.6705889616853177,-1.0678164456321628,-0.2557399337845171,0.1407554350733922,0.3528052609005081,0.006577917855616011,-0.5957520700049558,-0.29322401200931253,-0.06753390907901116,0.8725069919192316,-0.3597111959577671,-0.04491485517239061,-0.10696091779595748,-3.5614045422866365,0.29066061344263855,0.12939312132004532,-0.028775046998399084,-1.8983340363600898,0.5787564050429624,0.6145401959501902,0.3870760387087805,-2.331863555978585,0.6648247236281847,0.7266011607087718,0.6583934270087385,-1.7018455976620825,-0.03167761218037342,0.2090052073236384,0.34933363865252637,-1.4797780418757123,-0.3127426004864721,-0.19119575850953224,-0.030014478891199455,1.3011290725463454,-0.26047080762932023,0.1974492108145091,0.20537577957087763
2026-05-11,4.411429536441717,4.8276590950385945,0.5794890028231774,0.37650223680609823,0.3661073243464617,0.16490065523510755,0.783335989399075,0.744473295681558,0.6881292400352605,0.5113860909918,1.127764239794509,0.6603001940593601,0.6855951035920144,0.6683310377586065,0.8735082193253313,-0.15290776443079002,0.0550029977855977,0.3273075800552992,0.3561272160691152,-0.5495509956101063,-0.27813126537740757,-0.1140354134277315,0.057137386054229425,-0.3443585360541852,-0.05308542069678151,-0.06953561293747025,-1.8653149664141513,0.2145228769372235,0.08095687816329501,-0.025748224674153067,-0.44948415938829767,0.5388730027306672,0.5979938098544187,0.38328995496010043,-0.3376002809113343,0.6549300896060517,0.697662213056324,0.6474254589373547,0.5677540161811137,0.06326980817689293,0.11311710822017422,0.31976716068480654,1.8559934215131486,-0.27208047385463735,-0.21648935920984694,-0.022933744790264273,0.832298046570881,-0.2154472329164907,0.20538173879394245,0.23407019077956148
2026-05-12,4.469471807177393,5.804227073567603,2.8252157131396354,0.5152476832036718,0.4005550272895322,0.19582457232036188,1.8797592121743583,0.7675459006660927,0.696118422395538,0.5224348615795291,1.7887052383608002,0.684811701451583,0.6933849992522849,0.675148469189666,1.2587037728973764,0.08571471788878117,0.10685560498331001,0.34248882953397297,0.1311928711679995,-0.48190337967199437,-0.2573424539821771,-0.10799750885010306,-1.0743612680602883,-0.3933803529767634,-0.0679358961836481,-0.07648935691174387,1.4374686636594323,0.34092061548231256,0.07769125362406082,-0.012390304326893056,2.5350795910203168,0.6449235985840442,0.6076328091706062,0.39907621482198224,3.11548670774072,0.7143795575202547,0.707441833108147,0.655600253517983,0.8298126630008,0.0863463458657898,0.13300329177975262,0.3264808783563649,0.43507241468137536,-0.19726192256271724,-0.19999092239195596,-0.016654283907986532,-0.9995291333487679,-0.31515782788887736,0.20361156337718714,0.22137021598741383
2026-05-13,4.477662587163806,0.8190779986413155,-2.164482719466813,0.5035132838970325,0.3872289743172985,0.20214163106696692,-2.69739588659683,0.7709506635511283,0.6702883713098362,0.5174937709764953,-1.3763541853740897,0.699204310136942,0.6844161707318125,0.6706561154750152,-0.33435238485565133,0.07128347887831121,0.08813541083939828,0.33835311312777144,-1.0200539015387076,-0.5145490642862404,-0.26458687036039713,-0.10875744487266158,-1.4503587833426557,-0.3980893092979011,-0.0806924145106078,-0.0770236491588516,1.5811647084878209,0.3254679190310813,0.09352840350918719,0.0019943378105701463,0.06708105282865601,0.6890267953880186,0.5996770772802444,0.39758512113644223,-1.2296941815763842,0.7092949209266837,0.6931877255443978,0.6523680341897092,-4.539125578377559,0.0642748734622593,0.09528876735727562,0.3116622982578375,-0.6348290756151744,-0.27538479268196614,-0.1811915833965163,-0.020044491238261034,-1.1829797164096645,-0.32547796723368816,0.1637235126698875,0.2143244220971885
2026-05-14,4.4580298994399215,-1.96326877238846,-1.3460498123563487,0.5585760347997444,0.39546603261251045,0.2125966469024927,0.7335929892608826,0.7938817875743763,0.6633330930960211,0.5158260539645717,0.7798203603117665,0.7810522760042077,0.6858568332938283,0.6722064744835653,0.754037098008928,0.10596745634480591,0.06337243271633006,0.3433134745423344,0.06320721882201918,-0.5179479520652843,-0.2577816149372596,-0.11284034515120053,-1.4571629679927445,-0.3410897937494366,-0.04264392096692644,-0.07482367023330995,-1.3866214658386289,0.37901062611888026,0.08318090320410133,0.01171972775319639,-1.1770385167618143,0.7775549369035426,0.6039954016864738,0.40869125587596444,1.86259528253037,0.7190327952542348,0.6816039576719056,0.6424056410461816,3.1940957456712415,0.02219347995467647,0.05712167168679043,0.2894549774390344,-0.31362980111149774,-0.25156101239817436,-0.16338899321857522,-0.02458389569184523,-1.8107540763696224,-0.24866049138632337,0.18358612966663018,0.22336115591983544
2026-05-15,4.594344077544065,13.631417810414348,0.08288792899705566,0.439507354566696,0.33087027245517653,0.19545719470243106,1.5031050658224956,0.6993589420027521,0.6152717691608974,0.5166615552452928,2.343489939457152,0.7491265121489646,0.6652719624087242,0.683067778270307,1.1606786605117767,0.2823036412128942,0.13342626728196955,0.35888831772082397,-0.77750840092608,-0.3717492415436844,-0.2752046104764831,-0.12726292683318988,-2.5764504329385605,-0.39124392281433923,-0.19228140645011998,-0.13636322619755714,-0.8823109148647841,0.3295963543574815,0.021870586221114305,-0.014823225157880463,5.326396554454861,0.814048815815998,0.6171806467427189,0.4722461066583523,3.593447400501808,0.6960478451929278,0.6779708834826023,0.6570217161001264,0.032872190884639885,0.04338476495989026,0.005217007682330816,0.274656527512369,0.324221325694368,0.018157497056509916,-0.056712969721294526,-0.016459603020969372,-2.5835872304594556,-0.3177955319862565,0.09509246241419193,0.1498179597071557
2026-05-18,4.622255859056915,2.7911781512850453,1.1113210262770812,0.44897849708256715,0.31906869029371404,0.2068977041104142,0.9633916335388606,0.7198357675332723,0.5945749220776592,0.5347393554118967,-0.37186599242226226,0.7589229436137249,0.6396486338142171,0.6739698545255667,0.0210582494690561,0.3113846458765958,0.06038364443989356,0.3301748780523197,0.2749916376499746,-0.3636493580804936,-0.31612761655461064,-0.1585948483986309,-0.2447933710644481,-0.3856560235678994,-0.15473675651670696,-0.14967034275225416,2.777557718068378,0.3286376181077118,0.07091565222179033,0.0031277096100129314,2.5243663771558404,0.832828421372229,0.6103203885096005,0.49644494018727875,-0.12509598691964818,0.7051782428149387,0.6577713016208312,0.6399870256921174,-1.9329750957283522,0.04614861935411168,-0.042536703591695944,0.23329760046614317,0.09941647789311991,0.0324479861094825,-0.19484615774286226,-0.02325241146462617,-0.1834328632426243,-0.3104412551935068,0.08318863240785439,0.1428398140364818
2026-05-19,4.668268420200909,4.601256114399366,-0.5054380503592446,0.40832097847587623,0.29536251432424176,0.19898830036915063,0.15031168090058555,0.7043817253618374,0.5917207452394243,0.5318080826411564,-1.0743889858961282,0.6976305938654898,0.6310624992473854,0.6598386406340486,-2.4944997234040223,0.1817093638183029,0.05811815882443185,0.2951895847425535,-1.5294863470820383,-0.40139257712188275,-0.3149107496018173,-0.1724050627966725,0.6459035520952096,-0.35433455797707347,-0.17414668205720085,-0.13949462206069735,0.17600249988631989,0.3101466656761541,0.0373012968055094,0.0021225971140818515,3.2547563757013798,0.8432556513332918,0.6090778293363328,0.5037204992216097,-0.1157185711025055,0.680584499651575,0.6676825037651686,0.6348881481779878,-4.0609145970019425,-0.02169690504995668,-0.03870996811457637,0.19743675380149261,-0.5987577672265825,0.01486732310302739,-0.1867659105159071,-0.026267100444098048,0.3900683575145343,-0.2823236156368291,0.06327791816123791,0.14755859867237747
2026-05-20,4.5686043988229255,-9.966402137798358,-1.9704230562302656,0.5139056138854385,0.3464433126597285,0.2430728229773093,-2.5290298975603775,0.7502634920473242,0.6147870421868351,0.5644965536029591,-1.8867111366060514,0.7339491545807101,0.6287391272564213,0.6804135838754974,-2.58782372016569,0.397974034279443,0.16080540390160872,0.34905231440788376,-2.537594451151763,-0.10000012849457902,-0.2056217637342841,-0.09417691803034083,-0.10795592206659155,-0.3451846251548627,-0.23017656267541164,-0.13959646242858587,-1.9720496345522243,0.40429243327260594,0.12814596202392572,0.04323433951582927,-2.8463305887802273,0.8638509716786829,0.6147550381060722,0.5252972582333757,-3.5762952267625727,0.7474452235066157,0.6916643020791532,0.6663570676475,-2.681599881068013,0.11856505436295126,0.03575585015396829,0.23824559068082518,-4.769265641844877,0.3036345966131441,-0.060356163265240514,0.035730114244999764,-1.46020435502912,-0.14507404102774582,0.018490136621578654,0.16974304738601484
2026-05-21,4.581542384297732,1.2937985474806624,-0.9494508548848577,0.5067838323183977,0.29315969193777475,0.2746476393067621,-0.45708130664488,0.7460086469643649,0.5741345368216056,0.5807899616634672,-1.0575891400939774,0.7200219222225112,0.593560089109542,0.6821305655230284,-2.7414392099063423,0.3473050008047605,0.17355103443784567,0.32125317752819477,-0.35225219981574396,-0.10862218170635814,-0.15520998798606697,-0.12994297860061454,1.558411631235968,-0.33952537972823504,-0.20699044187745036,-0.1380175633255392,-2.2150308175799234,0.39810015705768925,0.11816485530243265,0.051483677351392906,0.5163082276121151,0.8640517943784002,0.6010058663841302,0.5365351953575523,-1.87855543512776,0.7277429293277741,0.6543119251592731,0.6722856642983416,-1.9038385146991104,0.10684884256969288,-0.01550378393197755,0.23539118632790856,0.3336308823998815,0.2944443275263045,-0.059617738746885994,-0.005436586073934542,-0.4000191648327007,-0.14158681132092218,0.06467469202434972,0.1499269293368906
2026-05-22,4.570724968228557,-1.0817416069174968,0.006393750655075192,0.5017460130065395,0.30924473120144486,0.33919093071982587,0.17662471777055355,0.7424935952082035,0.5793711675969924,0.6337174748114874,-0.2997639647592,0.7408919202666931,0.6016483327110018,0.702508559248412,-1.1564453560324481,0.3882474160861113,0.18898494132309787,0.30729397519672047,-1.0594864638071968,-0.11511618069701202,-0.13283468295864723,-0.14038907419915697,0.1130938746105985,-0.3928818841122174,-0.20354319757238498,-0.1301324960213367,-3.588768675191469,0.3955043742075089,0.12850077068408414,0.10939968898974275,0.10195690030540794,0.8796462448903624,0.6112593810619048,0.5678826193105332,1.3369280936062016,0.7297778633494655,0.6409369423104975,0.6843534282565368,0.21780191619967693,0.13174257890983984,-0.026157538641751323,0.21506138170622563,-0.7623307777206432,0.28920270064594394,-0.03922412902299475,-0.0255547996561033,0.11613869463250248,-0.17022259442866805,0.05476684265921374,0.15592684425664738
2026-05-26,4.489572774469613,-8.115219375894434,-0.4948103369372833,0.5022233866364123,0.39388075444124687,0.372043953872469,-0.15701819729541122,0.7086782395947429,0.6301694311447059,0.6317569309505582,1.3166207436605473,0.6052616638189526,0.535139291260875,0.6417626274067558,1.824882647948848,0.18990665024804454,0.06814534524844089,0.23680846990381885,-0.5185636817532244,-0.11430745805191765,-0.15267387500201032,-0.10623761531703885,-0.6290476832534463,-0.35464071501562705,-0.24236004556840582,-0.10013931785694544,-0.14406052498906563,0.35480861251385404,0.2180863979681596,0.1192549274690794,-1.845122825765197,0.8821672902872183,0.7074941122953043,0.6163594871380711,-0.1502911321438335,0.6923420410724753,0.623920209680735,0.6578237724858046,3.937562076947517,-0.08020301019641883,-0.10230888752811279,0.13672351168348093,-0.18238773076216963,0.25799715043678406,-0.03303861911400302,-0.03267357910631059,-2.8380509772480895,-0.023577986749962535,-0.038067896745202084,0.16413530557187153
2026-05-27,4.479724146779306,-0.9848627690306699,0.22516542925763328,0.4985251678837416,0.37540809222102517,0.370834779148786,0.850916608682496,0.7014658775165509,0.61570712262035,0.6288631143509438,2.071210821174762,0.5762241381428801,0.49689006812392,0.6358375913547,3.582265001646154,0.11506265322738446,0.029630281146998182,0.21849603559081915,3.0127205770418657,-0.13028113088608353,-0.17092765321699288,-0.11779070852759861,0.67550838732144,-0.36135553945529114,-0.24096904181529968,-0.10359413218249268,-0.523996991564,0.35242793887242335,0.20274312982821296,0.12096244749591079,1.06649941718766,0.878504856037548,0.6994688084014213,0.613378517236334,1.165262898926557,0.7052933178315433,0.6093348104197835,0.6635770027211964,3.0781360593881537,-0.11226350346196248,-0.1317758440941803,0.1350523993499897,4.089056092155853,0.1786064857434904,-0.053262361845370976,-0.040662538074317814,0.7185364265997758,-0.023294098950409615,-0.03508208455112422,0.15997551780812758
2026-05-28,4.454136643367834,-2.558750341147231,-0.0446347674449632,0.4672097998972609,0.40631994445061015,0.38804425069309467,0.09440595196564483,0.6745942466288026,0.6405793267709463,0.6450866845911939,0.1767438330162432,0.5366799740099718,0.5005410532792471,0.6372724136795455,-0.30518776595715846,0.09835536089588119,0.03593681843202259,0.2155075189673208,-0.5106113338266625,-0.09704357162256357,-0.1641903224427956,-0.11713173993475118,0.34930872250665934,-0.316750939915184,-0.25267872282782583,-0.10444893044331226,-0.0003085157203903677,0.30834610029066184,0.21668796798298307,0.12301163774329173,-0.7173351923609568,0.881997017809008,0.7013217643371199,0.6439483392122723,0.0066682851125632325,0.6839116416486176,0.6080381774340888,0.6665148028441154,-0.14177570172194254,-0.11188791290023932,-0.129060750022757,0.13323961039074428,0.7313699428659199,0.17514864899617358,-0.055478639964153406,-0.04779379252780155,0.4225580628386689,-0.025022691550742503,-0.04676531966783038,0.15101517417705096
2026-05-29,4.452179813487916,-0.1956829879917521,0.25710942885977284,0.47693467824572083,0.4046574599767725,0.38475514576858405,-1.6974027787492894,0.661198797583129,0.6338110002006898,0.6409058347898521,-1.0745078593083424,0.5224383179625365,0.497595757231537,0.6265049887450711,0.14955301326281578,0.11381859694380285,0.03879711936110524,0.18232042357778144,1.4454162197762082,-0.11535201110044081,-0.16057885341170547,-0.12314585091670666,1.444540453193936,-0.44560294287588165,-0.2504469802233678,-0.09444354432242884,0.29152801931141137,0.33304648949541016,0.21264979121998992,0.13024817457030402,-0.8754788044458975,0.8862196958895083,0.7003258363354339,0.6762292017385563,-1.5416483450986591,0.6828738597711547,0.6054369455946873,0.6817548283904685,-0.5822450868402753,-0.11650749181271494,-0.12735072844963496,0.09207023590034231,3.018277768962163,0.14050291489603384,-0.051224513400784405,-0.06313745495527819,0.10235063962098234,-0.07121379110204783,-0.04496761334207066,0.15678678177725808
2026-06-01,4.474838073951093,2.2658260463177093,1.4200581395422271,0.5312521070365909,0.4218739663456318,0.3862925490467736,-0.429019295509965,0.6563331521449531,0.6364842131049429,0.6373698340756514,-1.1858805358899038,0.49652206212395433,0.48951587409301717,0.6177441494022975,-2.077529750741939,0.08851833194349244,0.012525827270510126,0.17489226597177088,-0.18164381144339203,-0.14013600670389453,-0.17760567067442615,-0.11835263203360857,0.9853994070969696,-0.42784109727732034,-0.2582836730439082,-0.08485692543011311,-0.41516958990715513,0.3388378153315217,0.22797844617221372,0.1296242705188305,-0.30720093015604477,0.8888238146639416,0.7166406451854064,0.6727616144066929,-0.10614970912727673,0.6831171906982444,0.6049765061122239,0.6900034608539635,-1.1051381288422943,-0.1138354107624697,-0.13761054669805162,0.1031562798101294,1.2722745530276223,0.13974417773158448,-0.057755478273647486,-0.053342559715387816,1.8089761146162144,-0.04263311085161282,-0.055713247774553214,0.16462831550851706
2026-06-02,4.454155525496903,-2.0682548454190375,-3.2438906374772674,0.4589985654868869,0.4152844867491253,0.3922994362947726,-1.0586523268439232,0.628225804713312,0.6386282037975675,0.6406667868262289,0.3631961110577504,0.4330809812839928,0.4831829016739902,0.6146504645250416,0.2274929063685025,0.10583970978029521,0.009789617601749711,0.17270897308590386,-0.34036960775593617,-0.03538739545612692,-0.1710585457008123,-0.11630937363216155,-0.3098635595571393,-0.3723781314640208,-0.2518903054773029,-0.084721843859294,-1.8972333692890464,0.32380884290546813,0.24103542758532803,0.13694363244205207,-2.18313237480834,0.8812525921035393,0.7194393227476245,0.6759582059618591,1.4703958219599649,0.6164438461801087,0.5892695121647389,0.6826387354023785,2.4275034162597864,-0.1671628274674274,-0.15561627384458854,0.089528363412826,0.39556540533992957,0.17463545268008163,-0.05264742377562718,-0.053204872419164405,-1.4428466680774272,-0.014983006158325225,-0.04024817165689139,0.18249237931670123
2026-06-03,4.48966293906376,3.550741356685716,1.2247028962898991,0.5179383312114261,0.43747471899226187,0.4205982203846113,1.6882664291096319,0.6336853548266983,0.654544260390771,0.6607827811731746,0.41572416723947514,0.4240120139820037,0.4914087906706129,0.6201537848109027,0.16975127138496648,0.10365811997291045,0.010399846154009504,0.17416281142696532,-0.37350359579740466,-0.019878328444651927,-0.17673278518570645,-0.11850732684543193,-1.1959533093729033,-0.38012349530841083,-0.2654433609271997,-0.10261424212318249,0.7172978143121401,0.3667574284852942,0.2684408883580965,0.1466026060102802,0.7854581232767842,0.8797949953510749,0.7208973722691968,0.6832090089389572,0.5930566667905415,0.6159595474326557,0.5910879608354717,0.68708412740282,0.2314310217851281,-0.15420465498871244,-0.15403918245366252,0.08989851568660924,-0.0019221088607711545,0.1704279732662267,-0.061433111500052574,-0.05316698151935515,-0.23781988128263798,-0.014736767431263202,-0.0417678337282518,0.18213345249367913
2026-06-04,4.474864338976354,-1.47986000874063,-2.3806138508825634,0.5039703213118623,0.4174402943053314,0.42757308610915257,-0.24351565000729591,0.5924301472315138,0.6368064372405366,0.65842947910848,0.56120444089872,0.336496509687467,0.4651978820744175,0.603477368542495,2.330970141177203,0.07498752504110039,-0.033167443965576714,0.14622347294602986,1.4776289814404748,0.0850880369423078,-0.2162926919382541,-0.1574896965034673,-0.8037679614512262,-0.2932365578508324,-0.3093648354007758,-0.13605529286486678,-0.34756290929845435,0.30811056688255667,0.2319787667925988,0.1649470026010479,0.40903703857776313,0.862356585901501,0.7034861991751853,0.6963282331853256,0.550029431268304,0.5577649241516693,0.5649109969962881,0.6727720505042492,0.2134817155392973,-0.19299923480037598,-0.14296574561588068,0.05917664180084143,1.1893970417994209,0.2650725922516531,-0.030071740679840003,-0.06298280950423747,-0.6454923091145486,0.1151045002696503,-0.051197400207774586,0.15402637508357497
2026-06-05,4.535291969076209,6.0427630099854746,1.6091332467461474,0.5286669366904158,0.44069137397178826,0.41918903763442267,6.0074939539686625,0.5596377452727191,0.6324275604423077,0.6466555351279445,1.9734237658641596,0.4066340986396729,0.4876641672179148,0.6048991826214458,0.7954486128130558,0.11903402060090458,-0.016442492931214595,0.12127622223541958,1.4350631460205125,0.1589031796882507,-0.17537705052631355,-0.14488086317613527,-1.963851211673152,-0.37466560999106485,-0.3416650523125695,-0.1419805176256162,1.0859465348883715,0.32226072391653265,0.2509002176417043,0.1547832624284025,3.9532197940360003,0.8627399908024067,0.7368442512618801,0.6985840396252216,3.1983530425296385,0.6091648292220253,0.6193049060115265,0.6780999062667917,1.4081024649970235,-0.12458060122500202,-0.1162245254668872,0.03533937976744354,2.066907039859296,0.3915147174360017,-0.004319892798238217,-0.05643797921527762,-2.2326052691648317,-0.00669415339710758,-0.09025866519150429,0.1322205776875543
2026-06-08,4.549228911645183,1.3936942568974153,-1.5018393092015105,0.5004860883821821,0.4255036282713548,0.4107560037696283,-1.16094133403528,0.5405691288005415,0.622280890007585,0.644720062207997,-1.8194591617333504,0.3656086972143649,0.46579474979753693,0.5955493311047192,-0.738884731218096,0.09309186406478659,-0.02207702186729135,0.12165517734038803,0.06525666746989423,0.16345657522663043,-0.17796084948514024,-0.1428120653075555,-0.03218194134270069,-0.3480287508761393,-0.3453896557083774,-0.1466271003218186,-1.7395242587472788,0.2712693886604878,0.24511232327436056,0.15010540257966218,-0.20235491304102077,0.8554366453169557,0.7337025592656412,0.6977042575938031,-0.4022316970377857,0.5895030164968595,0.6143904906079247,0.6787161200178133,-2.1547748177634625,-0.15702342314958564,-0.12342773322864817,0.03677458924960449,-0.30081090730317106,0.3632087743460564,0.018284634739764303,-0.053981225147324306,-0.21673206367095066,0.054263249353442546,-0.10123561229377814,0.14356529436057106
2026-06-09,4.527393012503553,-2.1835899141629866,0.014372953308926944,0.4786215734920239,0.4259465856859996,0.4023139538078316,-0.4339424504623613,0.5415394811658416,0.6233223179675899,0.6346133328818513,-0.4439059162059451,0.35254766080124506,0.48699166338117844,0.5755786103465514,-0.36728188243563675,0.0791731709883991,0.01064638450563113,0.06512059906054313,-0.6518345324570656,0.16398591289790979,-0.15375059987137663,-0.13232270718136274,-1.0712694001379137,-0.34218421441842883,-0.333980095775521,-0.1478773633302869,-0.9595883524985696,0.3301907426880492,0.2682494127361613,0.1461536540303922,-1.6109747262692033,0.8926206579317117,0.7349747083896341,0.6981637947095872,-0.585258892077025,0.6251360221521327,0.6283011061216993,0.6663678162247926,-0.3701899723841983,-0.169603846296026,-0.10046623612205578,-0.02753687182887696,0.3722397900143254,0.3369500822965366,0.022367832526039903,-0.08329677806462667,-1.5583241563238175,0.0265499512656352,-0.08967031548240999,0.1483717692454208
2026-06-10,4.539335879446747,1.194286694319402,-0.7960766809768871,0.42229780842148645,0.4558666822279858,0.40212750793195423,2.192315780286704,0.5093551422302479,0.6164097735947697,0.629454486920444,-0.5670640612588416,0.29620187952269555,0.4794237762791351,0.5715153886247414,-1.1551658807827776,0.030701046228221087,0.05072538716387401,0.07250526206478085,-0.5463497218291808,0.15429163493752052,-0.12541323974867732,-0.119064922453303,-0.5126007523328224,-0.3196241450575747,-0.34236558168144865,-0.14468415416238448,-0.10166952702991994,0.2822956335094534,0.3156222712166423,0.13647924723406596,3.0334879170410334,0.861874475421971,0.7523102228938618,0.6898454610750409,-0.25865140522836805,0.5899508605510909,0.6356773887909568,0.6640826952902535,-2.0154062291623296,-0.2057932662990088,-0.10625290802183125,-0.02643090870074545,-1.4515848226680126,0.3257702956542243,0.06766234218559336,-0.07601777327165499,-2.395085869567898,0.02734898870328088,-0.11655154132877005,0.15530794847764365
2026-06-11,4.464067853850072,-7.526802559667445,-1.1658767779272285,0.46521926431504657,0.4864639237183939,0.41427750489621734,-0.7426805850123039,0.5628315989431378,0.6391970470501864,0.6225056175595298,0.8526460191106109,0.23927482642537326,0.4465056581768978,0.5375974724443362,0.7901457128831135,-0.012449595063248694,0.012442306589847742,0.041194348944922014,-0.3860508895730643,0.16976981571123784,-0.12475782975592202,-0.11415176598789953,-0.021178690694540814,-0.32197557516720476,-0.3468678260606074,-0.15600774238943257,0.833137253312592,0.1917220614569068,0.266185966683307,0.13043016086738948,-0.34841326928424543,0.8394359194813874,0.7611942074501723,0.6767045478945303,-0.7468040807568417,0.6124311938700984,0.6320444111764627,0.6510131320307537,1.5086551998249744,-0.2583193041316424,-0.1463954948142067,-0.06267181880705085,1.3130458025374687,0.26558779521427167,0.01939436041019707,-0.06961119933262007,-1.09945145026665,0.04788274133897002,-0.10232791201850412,0.1338145023567285
2026-06-12,4.483867021510664,1.9799167660591976,-0.3356156770241503,0.45800971043752814,0.49302639228383577,0.41460409689605965,-1.4260814659491743,0.539647465380925,0.6430608884868733,0.6141152294748904,-0.779439479527408,0.23895475915901512,0.48271524863746257,0.5374898282495115,-0.3306844231929986,-0.004494227924332458,0.02878718394538364,0.031707974620368534,-0.4401994195913792,0.16714557154144222,-0.126627832864693,-0.10153870739964746,0.29843321584394555,-0.3462626571582894,-0.33314794454491714,-0.1414999895635391,0.6050530366285536,0.19277205319435217,0.28002918419026585,0.11797922608522453,-1.5214793985698527,0.8016892484705274,0.7852288631682595,0.6692724790995862,-1.5835652712306783,0.6137316052192894,0.6468992591171325,0.648803341611723,0.14738603055759691,-0.24049918063536246,-0.13222299112619995,-0.06558536961524587,-0.027355854890633857,0.254603649498138,0.024177092233719947,-0.047889418218331974,0.782604880828627,0.052839589805651545,-0.06682099105277728,0.14362387186943384
2026-06-15,4.468054068177777,-1.581295333288768,-0.3530173390274718,0.5128201130064777,0.5173438287428909,0.3959522868159187,-1.8860873195338463,0.5505630317722696,0.6310320007364748,0.5862886114046003,-0.42493736751322553,-0.04103311980674825,0.4535608987748857,0.4905085742061588,1.0234904724434655,-0.1568831940393804,0.023607959400602802,0.02077842566249859,1.6111281498956382,0.2791462741229318,-0.06788537199141524,-0.10425505890766527,1.3257232358436608,-0.03935983321740224,-0.3009400205000602,-0.1661867154194324,-0.709384706289933,0.3053166414335028,0.34274114072849626,0.11176578575459452,-1.0266147442469729,0.7131629869117405,0.7728455380045194,0.6353016271094108,-0.9225507652011102,0.4485140318860676,0.621585706245397,0.6210411184737581,-0.14690675587185265,-0.3226364743806608,-0.12125095488325716,-0.10134933712865485,2.0065658510333666,0.30554376453084114,0.1246889887686934,0.02870091208680616,2.230331838127459,0.29928039118815436,-0.025744317387735294,0.14780050137131096
2026-06-16,4.4266246766567825,-4.142939152099423,0.3016602203176256,0.44874905187988195,0.506301879795168,0.38003062398597354,-1.1406404015766582,0.5511209631469942,0.6425106592091717,0.5747202769138514,-0.7400879139568639,-0.011544055772237098,0.46907041045249365,0.47201208902071085,0.717277295183936,-0.18223210385196287,0.007944008446552693,-0.029285374385829906,1.058452658092812,0.23131957062012523,-0.09597096232535722,-0.14218942245536237,1.3124536435151746,-0.07799101110176537,-0.32901809272418264,-0.1597308730897652,1.407964898327613,0.16175976888854784,0.3055364080915852,0.1256747488611962,-0.49906096091500796,0.6980667122967777,0.7814074371848059,0.6285946197796733,-1.4757024966434655,0.4745717020756552,0.6379164904079909,0.6121571624071929,1.105595833213075,-0.3118022400934309,-0.13837642139567885,-0.13072791212424653,1.3513641793945057,0.2935997123530497,0.10540183071394416,-0.05759100571594708,2.080858008896643,0.2003532620490956,-0.07204671380127102,0.11089177597778428
2026-06-17,4.462142479950983,3.551780329420051,1.0453221005536544,0.5136455862266583,0.5035203162169174,0.3786142071892102,0.4291713577219842,0.5664307204228911,0.6338285415516133,0.5759800410703879,0.002280984312575729,0.056234753041003144,0.45895357756336264,0.48264467892031665,-1.2614831492211391,-0.12755918951008602,0.0016414008695629558,-0.009838653858523097,-1.832409693919139,0.23387344632728552,-0.12396598967583254,-0.1399707738343341,-1.1755901072849857,-0.19223627794956213,-0.33975369876475725,-0.19814399939540356,-0.3254253580459392,0.13510270675980376,0.28180750886747735,0.09509831767860977,-1.0130303838432448,0.6001783650644748,0.7661214501716197,0.6086983427938497,0.7791244660386911,0.5112522225439451,0.6324043268554457,0.6271967121703808,0.9824520703508925,-0.15697964365081135,-0.12492150353312143,-0.08493778310242457,-2.3574193222428224,0.23683783793431223,0.07515936316795432,-0.05847800645063425,-1.312428260306864,0.1269170322507961,-0.07880201735666814,0.07986390372322251
2026-06-18,4.450316141129315,-1.1826338821667726,-1.2228430191682462,0.4393427222032201,0.5055961269332883,0.3787550516045654,-0.04209626658201593,0.498559113873255,0.6347301387083729,0.5711524735474357,0.2310542541842464,-0.17283948974170202,0.4573585104552715,0.45731185824231013,-1.1713362678944095,-0.3889053851067948,0.008986244197988408,-0.023250942705575487,-2.1052680746691843,0.009919098170224853,-0.10591248781115284,-0.15185233148783014,0.30006763312951357,-0.2433560121012784,-0.3515518395403608,-0.24498083664193795,-1.5066743909484384,5.6847026034145576e-05,0.2892279997310702,0.12366583001639847,3.5933456040576894,0.4305481342467153,0.729325791947466,0.5696019173692731,1.2352698717697503,0.3067408199425971,0.6228853494929802,0.6140205085220152,-1.2182155870950075,-0.43416879840923744,-0.11858162607675615,-0.09793925994937944,-2.7257720750587775,-0.10613011675315329,0.08753886647130785,-0.06736613596165579,-1.7122039689294817,0.05073887795486141,-0.06913588294544472,0.029580247363328073
2026-06-22,4.505808072170461,5.549193104114547,-1.121644890050845,0.36694736204560974,0.4701374245524587,0.31935805023715835,-0.8451157180685143,0.429272223011602,0.6036472315254293,0.5202601943662093,-1.237575825416912,-0.23396670633831765,0.40876334215552096,0.39593767115587275,-1.1400019074693002,-0.4170844434932341,-0.017787231151678257,-0.023340890219151825,-2.060235671341219,-0.11518405702164532,-0.14517804350913888,-0.1414924573425966,-1.7817470011462848,-0.4108788639033115,-0.3849880264518248,-0.25898486989033764,-0.29871872556279677,0.04781486959775454,0.2912040046658549,0.11379093276246235,1.2900764654071821,0.4506661371897925,0.7255849325168042,0.5607412554347897,-1.1652245743448064,0.25310480308818684,0.582953499906725,0.5636214214023382,-1.6592063721974848,-0.47793002150639147,-0.14948669298586373,-0.15464508299114404,-3.2281726198070237,-0.2545720393554731,0.02210102101882789,-0.1013506920863975,-2.6518221089786627,-0.07686007596667639,-0.10650445623101205,0.029800150909470812
2026-06-23,4.491925598030436,-1.3882474140024748,0.3777448950766528,0.3588691994632968,0.46395612054647917,0.32842184108903894,-0.010100667530156815,0.43003495642063316,0.6028140493016345,0.5256319038299309,0.03774676405643196,-0.23757173044438992,0.4159602877042799,0.4010399901577102,-0.0012973537121407919,-0.4342198672991272,-0.012237815835281291,-0.01682032740829417,0.5869401381002474,-0.13045560143156745,-0.16051938036238525,-0.13247376224153787,0.8949451362490339,-0.4121802000931786,-0.4161769507506521,-0.25826830681312557,0.5625353440742772,0.012747682865035906,0.279167858718636,0.11139793356699024,4.187009739408228,0.3701312318959576,0.6836918774813664,0.5386382222342309,0.05216386322158785,0.2711409376268846,0.5939943323694636,0.559571606896132,0.18355042109758304,-0.47693961451644296,-0.1430270305041159,-0.1623092630223418,0.5418808213737126,-0.2641348730071612,0.012564287352078807,-0.08950320485986325,0.7157777457269288,-0.08294506105675083,-0.1205868694180208,0.01882224015228287
2026-06-24,4.399053440844795,-9.287215718564124,1.0696701164200033,0.19212687142841098,0.39091280668399786,0.33791495828590346,0.9846070728437354,0.3361186824739704,0.5463188862721986,0.5260189315958128,1.297762165170461,-0.24781016364475267,0.3339778939418353,0.342715633546733,1.4574122072387456,-0.4128744621103169,-0.07693939323766942,-0.09045229124008303,0.6459111363112062,-0.22469251478253385,-0.1866278683441408,-0.17816239037125675,0.08177531266400617,-0.47545845606123377,-0.40900690398973805,-0.3064286607700368,1.1868205553407905,-0.15557175144401622,0.20018117722334194,0.15020215394023828,-0.5181101691071552,0.302392033175443,0.6705899296524988,0.5831859392931854,-0.3447819349965664,0.28292152048360725,0.5779463618323754,0.5434195613595445,1.8932799380087233,-0.3904889064731688,-0.1979198199402375,-0.1819905093644144,1.0601173527987424,-0.3309670008783953,-0.04286720572600932,-0.1047543694981518,0.7140596523846527,-0.346422060702429,-0.16925362234632552,-0.13105540610845975
2026-06-25,4.39118029837747,-0.7873142467325067,-1.7729776859452753,0.19438681843726696,0.38624086566109317,0.32660021944322487,-2.9231975985755465,0.32729962615968416,0.5326066047986026,0.5121176772914636,-1.1264571701072195,-0.2513567820810971,0.3335230187204333,0.3327932473407547,0.32653812817316785,-0.4959326273589134,-0.08382339392969733,-0.09926207304573716,0.24135969567449944,-0.24402421423858958,-0.18447348805211558,-0.18615178005662925,0.039422909762892644,-0.4773978714494848,-0.40958580249545334,-0.30390365841106615,-1.0902224697961604,-0.1506940688445499,0.19803187991380633,0.13862827070709235,-2.76264057954164,0.29509762946733087,0.658303415984053,0.5763967364143484,-2.2524017557123877,0.28323983572553657,0.582444771993889,0.535854689836186,-1.8061467400241757,-0.3984581884162778,-0.20467589255497395,-0.19103522648616456,0.787155160495693,-0.3573657756319475,-0.04143837590692502,-0.1116562800812094,2.245357393282832,-0.3292108771111999,-0.16251189555864268,-0.12937994613774922
2026-06-26,4.371504336540136,-1.9675961837333666,0.4638496522681958,0.18719229755450922,0.35378155547814993,0.340673913719842,3.122219325661891,0.27538758311401423,0.46969388232121806,0.4962441476522528,2.878445460632265,-0.2512826904824071,0.24860599146732493,0.305088029084902,2.132178654348925,-0.500649538643225,-0.11346866287117094,-0.10951296060199443,1.0107335313114945,-0.27239172727874517,-0.16991919213503132,-0.19360311429170013,1.0661734180560316,-0.47718051862866806,-0.37776180020205996,-0.3153930265109798,-0.7311043643553718,-0.1332005483175458,0.17271262712965596,0.1540001983003002,1.25908135972417,0.27178826838205,0.6304638858042226,0.5701630139484389,3.665639616427539,0.184992809441509,0.5087304586287867,0.5015262270911965,1.8905599546503105,-0.4116188895679517,-0.20928196971161533,-0.1978531945571602,-0.23897223341847962,-0.3438146566874393,-0.02937541530954965,-0.11123937521246414,2.079758224140736,-0.3331297625695293,-0.1658328785011676,-0.1435357893823814
2026-06-29,4.3734602653321994,0.19559287920634105,-0.11047324414524162,0.18792506412990792,0.36106419210545465,0.3398164826618431,0.0475161563490657,0.2833949417558886,0.4692705478924557,0.4962208118700898,0.8300036889568608,-0.24513011326800627,0.23848622609695921,0.30336879362051244,0.4244846207909695,-0.4972243841176303,-0.10644054278342387,-0.10797360535102302,0.03541919719224307,-0.287710955012924,-0.18186426735425057,-0.19177556113220354,0.33366307155007036,-0.5050281955026421,-0.46110783895752505,-0.31447836278504254,-2.5064680358900353,-0.13654332039709363,0.179453658932654,0.14808887457535758,0.2500700241623865,0.2755122237748984,0.6330800478724228,0.5697373388859469,1.6096358956886978,0.19679805391421654,0.5061676457520502,0.49820872177511427,-0.3725958723991923,-0.4138032408801294,-0.21460950618618913,-0.19763204583018817,0.2648034542492639,-0.3794623698862868,-0.042113488268824946,-0.10822898969172141,1.435889178858082,-0.3186170827240779,-0.18600683600860635,-0.140551399869172
2026-06-30,4.420729188920352,4.726892358815249,-0.0366557926119776,0.15972222810901957,0.3827545942900443,0.342748853400852,0.3586231418495578,0.29242510445683817,0.46797876020701457,0.5002033600250231,0.2513811096798272,-0.19650854580203866,0.23863083478401736,0.3085648539554067,0.6936487063662177,-0.4275180844324114,-0.09265052287530276,-0.10427986908592124,0.7118752733296096,-0.22704601161142668,-0.17690330310220037,-0.19113785486018697,0.12136978266485432,-0.5279827566787028,-0.4537118856509775,-0.3250063562718148,-3.574005550118307,-0.26984654908455086,0.11749699089232593,0.11534616355286961,1.6977345693657055,0.3194217450426032,0.6418501027529422,0.5900304513496472,-0.29858854893701436,0.1761342943422081,0.4953119628751438,0.4911553884726026,-1.1525914978758223,-0.4292195850553121,-0.2217091224135103,-0.21149570256983768,2.4945062732456353,-0.2752270636710911,-0.013215507089650967,-0.09837282685585734,1.9078923735410993,-0.26758947415368034,-0.14654048607419032,-0.13202031231267713
2026-07-01,4.474183912118589,5.345472319823674,0.4365050846317931,0.15806150835284255,0.3455936368044406,0.343765446465898,0.05829373457267517,0.2637572503154153,0.4233431935298921,0.4931396813952278,-0.4250001266050632,-0.21482832296247018,0.17717551351835917,0.2949015260558104,-1.2476012608334446,-0.4817301056836369,-0.09840638305244502,-0.12449341948653271,-0.24100737813469297,-0.24165430886644368,-0.12017965372149113,-0.19152783715687904,0.4130331636749408,-0.4681891442623548,-0.4092896717118354,-0.30852270455603664,-1.4836649920306177,-0.3447228994553961,0.07503524414764214,0.09846213587196316,1.9774846275136224,0.3332046528389854,0.6447500909506116,0.5968807020621288,-0.059675481923489315,0.1873077326194707,0.4543314352346024,0.4846377974405202,-1.6565469065581044,-0.4694642326756445,-0.2580642691981818,-0.22983392174762993,-0.44087353810239105,-0.2856007819048413,-0.002735928313771368,-0.10340299867310224,0.4414687541043011,-0.2638205353886179,-0.1320781002375825,-0.1200073333659471
2026-07-02,4.4782146291633556,0.4030717044766874,0.10177530987106254,0.1057516146730578,0.36969523506604607,0.35098549657769973,-0.7443304628475198,0.2330668163195229,0.41798691127635434,0.4947903874002167,-0.4750209039080704,-0.23473363234043265,0.16144841485555697,0.2959867551876991,-0.3541073469324352,-0.49096855602734657,-0.10825795181739829,-0.1257522334994541,-0.19589909482403867,-0.2318380520521914,-0.10907372003219744,-0.19315281499044243,0.05971088576500794,-0.4392669963976314,-0.4013851870347059,-0.31014271243709446,-0.26837738784308796,-0.40071024819289147,0.08695138478090696,0.10050167019294254,-1.1700574596938431,0.3240601615072241,0.6358510241829949,0.5941479477152495,-0.7333234042130112,0.17100812349110703,0.4479287947957823,0.4845632563461322,-0.76321566503464,-0.49322616480439385,-0.258148926265882,-0.2309357158958954,-0.19562886667640633,-0.28808095367770686,-0.003450082460037311,-0.10868592690844153,-0.09318057022451232,-0.26204321953120063,-0.13378802412808996,-0.12232631614327864
2026-07-06,4.47823022952663,0.0015600363274081985,-0.6388472264494207,0.0752648499112993,0.35542088528576576,0.3356433486686208,-0.64970576944872,0.22999609176727476,0.37342131187733374,0.47735363156062294,-0.6984031509996642,-0.2255263241622392,0.0994874218924129,0.27624267869031927,-0.17090023304111357,-0.5123698990100363,-0.11175366748080603,-0.14660810384469608,0.08569151948300835,-0.2177488795702836,-0.04467552236613281,-0.2147144147058456,-0.5151981585746657,-0.4613257792706841,-0.36324458225650674,-0.3488215747363563,-0.266090803427683,-0.39962551604844926,0.03908745064435961,0.0695998712801313,-2.577846057605872,0.3059579017328685,0.59959986484305,0.5718112689445394,-1.4791659238770751,0.1752123686351436,0.40246060204358125,0.46301874364786616,0.48019067046165453,-0.48697209857984963,-0.2846379334322513,-0.2227235394783874,0.8500216121673727,-0.2778652991335735,0.04944995950267359,-0.08366082707594368,-0.010011805245676797,-0.27210888199141925,-0.08809155524902385,-0.13307830645786808
2026-07-07,4.527066434779162,4.883620525253196,0.5289101051799008,-0.03423552033565732,0.3575098323018866,0.3414112760608232,1.3237128986901023,0.04188506362204175,0.3774603192974087,0.4849024462501181,1.48926879846704,-0.2957961581028709,0.13631381823734146,0.29049897099558725,1.9260878903943106,-0.4269829735735454,-0.059773037709303575,-0.11693711396847038,1.1633440728132896,-0.2651363083858694,-0.008592066271551633,-0.19603646772586913,-0.4359773415789505,-0.3760864169424049,-0.38185002924277195,-0.35187189684727244,-1.3521811844033165,-0.5701838928331143,0.0014508999556421874,0.05556238823590297,1.9196923850404963,0.23943294340230284,0.6029410243289209,0.5895253860235503,1.7661644123243552,0.09293141468849812,0.42756363981156004,0.49330948968051375,1.0600047884955532,-0.5400530397551325,-0.24727688491857852,-0.208385731844856,2.468034192041261,-0.28102434889793887,0.12396905282958044,-0.06444061346362648,1.6941389253099826,-0.10571863502181388,-0.0734711218777654,-0.10796426421322208
2026-07-08,4.566120100333984,3.9053665554822814,1.8652299803341874,0.10972644486296075,0.36274297449699244,0.35217130921586526,2.3562078391852737,0.1351015162617906,0.38818641640120605,0.49125061925188435,-0.6373067473348961,-0.3092126076020445,0.11696489750753485,0.2765010783812593,-0.029039484564678197,-0.41652898672921906,-0.07719664657722462,-0.12041380007641693,1.5161165361120545,-0.17660335309877667,0.018828071556840898,-0.17727163035018947,-0.34607174481496017,-0.3879727479509104,-0.3714058656717113,-0.35545956662896533,0.8978105251057885,-0.47656721663762824,-0.020443553099530803,0.06615737748296258,3.4257731337710657,0.299288541315032,0.6030570306924538,0.5942094413361123,1.2325552217634785,0.14011652398753877,0.42196473919657984,0.49479529946555223,1.1333616354572862,-0.4722172900382356,-0.2509725868277325,-0.20106061883283907,1.7350152917042592,-0.215854110925534,0.12134376043568432,-0.03803108372506692,-2.1320349853521154,-0.16364936061752094,-0.07952190951647665,-0.130294236110814
2026-07-09,4.538115440266395,-2.800466006758917,0.08734881824631363,0.10538051902797652,0.3474315762270548,0.3511798759821523,-1.5987515472158527,0.16145874090523013,0.39391959109338626,0.4969635962335034,-1.1317711255710625,-0.271847686467595,0.11276172798756176,0.296304104778256,-0.16867664409450878,-0.4193540466256463,-0.08962842803593903,-0.10240780923620622,-0.022931668336115263,-0.19392689237071828,0.010709425861872911,-0.16669382624504353,0.010498218860223951,-0.4475152964844769,-0.38150914615308873,-0.35838493839574853,-1.1856636143709536,-0.46247756738751145,0.014360203915919037,0.08440490246235033,0.9488201385679357,0.26815605794176595,0.6153601004069345,0.5854951811750171,-0.2001575768400966,0.13273561479369073,0.43604058423909975,0.5029255709086876,-0.2845021232616861,-0.47064590353544683,-0.2600923588864087,-0.18722073684499774,-0.14033298096369334,-0.2037219906347048,0.10467335611486803,-0.03173327408600516,-0.40959265006379203,-0.18440899363854943,-0.09590784725101299,-0.1312593575028671
2026-07-10,4.56826996554102,3.0154525274625144,0.7133366389335648,0.14723822033012557,0.3092240592875834,0.3788960244440593,0.7234720816561759,0.1676783244955659,0.3764550672962571,0.4977945386820371,0.7445039386142529,-0.23395699534159572,0.0785759574319031,0.2943139979447777,0.6191979393207712,-0.39590099277497437,-0.11322831244905088,-0.07129519652703231,0.2815976575335166,-0.1777181802653631,0.010723151338110828,-0.14441198886745021,0.10971693994673615,-0.4376383173336765,-0.3565410375023291,-0.36253295374496824,-1.539980878788115,-0.4851372311321809,-0.04234782196538416,0.10461941794220085,6.553116259796284,0.3045542169969834,0.5859986432041069,0.5872529189830865,2.729077763634688,0.18782203513799084,0.4135955419848325,0.5120570358370816,0.40070027004140796,-0.4633951274245001,-0.2763928586534751,-0.18780531623507932,0.22259775539432347,-0.19300019871686008,0.10260454155536887,0.00027063904524645614,-0.21873761032624284,-0.18368477632913402,-0.0812405746011975,-0.1500564823759365
2026-07-13,4.607528165086606,3.9258199545585626,1.8393173816207298,0.09587071981324162,0.347765342048336,0.3999042671803636,2.037048964074288,0.19169327336157693,0.41033681607990424,0.5211930767186201,0.4970519402044449,-0.14965997619108096,0.09166055705917099,0.30646695622312736,0.4128264245486082,-0.35894951656114005,-0.10585593635509213,-0.0715691684357605,1.743915231838208,-0.1663924284111953,0.04379779406703932,-0.13103822847438198,1.1438287991867195,-0.4158635901650463,-0.3247186030597316,-0.3471946764729995,1.2148859176368065,-0.3340433306041427,-0.020295304198101428,0.10633955556978386,2.743296390387139,0.3111499640937477,0.5950998501296836,0.6092392415891152,1.5691374625524959,0.18287932974687465,0.4310618173835356,0.5178198977791184,1.5263949646165123,-0.31330487907794285,-0.26769316260332165,-0.17765507095068517,1.8812880303352317,-0.09020678060107412,0.12222943541240296,-0.009196753510277239,0.07221017792863993,-0.32247046930735235,-0.07509991282784359,-0.1516149112385717
2026-07-14,4.583414879908709,-2.4113285177897126,-1.2688373521332799,0.1582992613470108,0.3495436771116616,0.41430054930722865,-1.282046661983152,0.24407266486012283,0.42471915469171706,0.5386429427283164,-1.0149981778683843,-0.09090172136749938,0.1136917198995757,0.34206070131474914,-0.7332177863129603,-0.30167607321410034,-0.09014431562293755,-0.051201020020492365,-0.6842393541814076,-0.12136585921420423,0.053328025097322485,-0.12299230635948667,-0.03939312863107158,-0.40346249864906614,-0.3537623951273627,-0.3401757187182213,-1.4643817453117314,-0.3231998362497318,-0.017727590517137203,0.12016498849874208,-1.2917238620524385,0.3665014777257007,0.5964668531194396,0.6381810331217118,-1.0581395107899678,0.23993553110119928,0.4592942241137989,0.5431620188994387,-1.6285205491440284,-0.2404987549279682,-0.2368564429687657,-0.15512855076177873,-0.5734474418928324,-0.06232242130086601,0.12519832703033512,0.0010735026283566112,0.5181009245917756,-0.3274533942257535,-0.09776229375664898,-0.14094177923235357
2026-07-15,4.5443055376267445,-3.9109342281964388,-1.2765496359818018,0.21342244235834437,0.39621342717705366,0.43954631217912976,-2.446735122649901,0.29078594487313114,0.4310296809505312,0.5382012364476959,-0.6801089424741695,-0.0611361371910184,-0.03996503335768734,0.319942274271773,-0.4992670152846017,-0.23593759134803655,-0.16719314562929513,-0.04219075416577469,-1.5201809274504638,-0.00030630588636134303,0.14944024080189056,-0.04894750820677156,0.2895640874166081,-0.3886005750440476,-0.1823977660827466,-0.31527736605299683,-1.4097281226127776,-0.27990386572805404,0.018620059739805146,0.17223583439586335,-1.430477203162582,0.389343529043767,0.5398427246701655,0.6284224881158007,-0.4080934996597505,0.24051365976879116,0.3557754348343499,0.5175190013286382,-1.030186385075757,-0.187052888290401,-0.2583383592649125,-0.13578699175267175,-3.282342477159543,0.08618089185881611,0.1821721839287547,0.11347900629054405,0.033203149786806385,-0.28555576450544234,0.03534570047618855,-0.10947649788900529
2026-07-16,4.568417893323962,2.4112355697217147,0.8443559401762146,0.25002049958375727,0.39276603079163896,0.44371963087862865,1.1222489030521248,0.2692242359863609,0.43121033402232173,0.5433089094039468,0.2854123790878047,-0.10536939079942988,-0.029496197048350967,0.32397753360634735,0.2995203498619232,-0.19906699178097434,-0.16409676093647116,-0.04088665023027486,0.11142849581835845,0.06326170086685874,0.14699324713052098,-0.04839260104093016,-0.1458404311904129,-0.323684090670256,-0.18003861366142018,-0.31826119901645117,-1.3215170370939904,-0.20711780653825915,-0.0400845542985679,0.16666298748613126,1.1759284555355585,0.3685396657143355,0.5337338116680973,0.6326001426724998,1.1362607258436002,0.19158319555086215,0.3680175547522263,0.523374914122225,0.4583696162821598,-0.12539898616320183,-0.23612238949647962,-0.13491225252473077,2.7365152434070783,0.16824898477360734,0.20185702523714144,0.12262603918295137,-1.395245361241267,-0.2409662795744116,0.021390773221739268,-0.11523830038785793
2026-07-17,4.540424048161655,-2.799384516230674,1.226171640623856,0.1603438207071962,0.38154687132493975,0.41708654842749854,1.1796508499120386,0.2253803913370252,0.42015123967610646,0.5236402893682577,-0.31924273744981146,-0.08669128610702537,0.0036881902795653032,0.32060903289262316,0.9883632140130882,-0.18616696005175,-0.12499329471293075,-0.042602514281269384,1.4876371667306914,0.07616213763180783,0.17054928099988131,-0.0684918078716359,-0.21861226686048063,-0.25212122939841564,-0.20051769722466298,-0.3156576017042499,2.1769450246823694,-0.29171126199431885,-0.09302686702604894,0.1186954299777767,1.8268252998969376,0.395964768469371,0.4983950239330023,0.6251380241764976,3.5485341389606235,0.07756255388990543,0.3184249201696043,0.472915935975945,2.4094133717735677,-0.23071919889964002,-0.19628926305292385,-0.14953069968643026,-0.9516332054800314,0.26098520701769606,0.23064425157989363,0.1297058993714175,-2.1727055816481275,-0.12104072544597698,0.03329466527745728,-0.09081551427335881
2026-07-20,4.595748861620649,5.532481345899409,-0.34650328257068674,0.09896236996700729,0.29829354583108786,0.4057814172529908,-0.1323566012768317,0.20293568625322744,0.34759984872815575,0.5146539649177624,-0.1021335089728419,-0.08755819779367997,-0.12100379535685515,0.3137160404629536,-0.2726063272722304,-0.2589970727055219,-0.297993752424637,-0.048244381249102644,-0.7036354763740009,-0.031192989171266273,0.004656569437165841,-0.0776173050553128,0.01594925159775168,-0.23981073231305325,-0.22556327453972447,-0.3143002709286762,-2.996465096527421,-0.37892642730701287,-0.23211529204056291,0.08046507858676723,-0.35333012264066144,0.374872206420616,0.4190537745235066,0.6099062779075102,2.6179097625453283,0.16079742111519163,0.24431528239515216,0.48686631319581203,0.16137937833557023,-0.24250276965533957,-0.3446508291355997,-0.1456676944496345,-2.21487592494272,0.12701258642933233,0.0020718895580129834,0.09990417576588666,-0.16858657369883456,-0.16315801595823476,-0.02622491637400353,-0.08826116377611994
2026-07-21,4.6270923038763385,3.1343442255689524,0.26982789651713635,0.20007637918875706,0.3107376954596101,0.4064576829591409,0.29410878546440095,0.25822547947575525,0.3509051798800354,0.5117603630884202,0.15722713011512995,-0.004831419103515721,-0.11032305342278576,0.30816100082715614,1.2289145242570263,-0.13196945129291549,-0.27679365585910454,-0.03877619071219525,0.18761564769062047,0.14789213326013248,0.00922168023999935,-0.07522960996781133,-1.5199137332608672,-0.1449870701773544,-0.27810540540522144,-0.3287318704013993,1.3506515692354015,-0.3451197103839836,-0.18953048347424367,0.09450126726961017,-1.1352799989607583,0.3387181232333738,0.3965632911793986,0.5938502867298696,0.4092362734547744,0.2388632099637984,0.2628819530555491,0.4827036300015124,1.342251339709504,-0.13188080671272182,-0.3208424191160302,-0.1427159077767927,0.42731485000385955,0.3050935721099424,0.0030607640740034233,0.09471671613656941,-1.0420890516443295,-0.06994583506280742,-0.03732071847306778,-0.08987085392359863
2026-07-22,4.655499506680718,2.840720280437914,-0.005846307676675044,0.19847365468676584,0.3104281268721547,0.40384313996531385,-0.15091996423465903,0.24785417438372082,0.3467433376777472,0.5085172608644567,-0.09575961718130566,-0.011659622068080798,-0.1149841134258336,0.31193363223018905,0.32087724665627193,-0.145757314669422,-0.28991615603437587,-0.03277866024079032,0.2898045708735807,0.15697529160152032,0.0022191162821269383,-0.08029574995122114,-1.8942228848661025,-0.16318480453674783,-0.2970268174061734,-0.3577443372717576,0.31393784323807045,-0.3043347718765954,-0.21082049130261837,0.0949407463278808,0.6678826777879455,0.4030982558563806,0.3948455058457228,0.5974691595186546,-0.5145138136224916,0.20556919904811993,0.25693980197798233,0.4831700226020802,-0.14793633700876785,-0.1400124077527794,-0.3240494953356225,-0.13679980010669135,2.704756827143426,0.3317034873450199,0.021706282610128066,0.10089059366434217,-1.696510994468311,-0.09458290296687825,-0.0537916865265544,-0.10408868584297207
2026-07-23,4.701298075643915,4.579856896319701,1.1337656256616544,0.4579911839559168,0.32910172893802986,0.4108011246496463,1.9697159872354466,0.44892709411345355,0.38235081715551145,0.5182967243807437,0.9775841855839364,0.2553769573931397,-0.016730177607888086,0.31625862743226235,-0.3826932740260487,0.0039054583075158224,-0.24159441831066583,-0.04159543667150695,-1.2501476095779203,0.15789165032880662,-0.07252902248023112,-0.0922544058857369,-1.611958244308339,-0.24768610702036753,-0.38824032400792086,-0.369857587797408,0.5681927298600384,-0.1097195302265318,-0.18337494410517333,0.09425963900460635,4.09183956710368,0.4586577666371665,0.38876378045170784,0.6058014532408271,2.3099079335664956,0.19464397661738989,0.283276311334624,0.494919021169535,-1.5786813165484164,-0.0037275717745911584,-0.2372908485628736,-0.15364803081488745,-1.4149362974924156,0.40255436169278924,-0.030496584081781984,0.07382839962724572,-1.9449006885499838,-0.10552705214365388,-0.2063689042651124,-0.1281327353389326
2026-07-24,4.677067812739042,-2.423026290487229,-0.5153416621094906,0.4667341890799298,0.3376879866330607,0.4124045850986883,-1.88440331940872,0.4782676057513557,0.40319584097432054,0.5232202748881478,-1.1810304357787205,0.2837454855421283,0.030638574667481763,0.32555284629280024,-0.5332331935452608,0.06519508993057502,-0.22271156458967079,-0.038445301327659845,-0.1351401550973057,0.17921664693185832,-0.043929670362202834,-0.08862933243701862,0.46131658924372165,-0.2782326142523713,-0.3915741055042666,-0.37420281323177906,2.2709498000098782,-0.22210758938014535,-0.2148609855249466,0.06770363836678045,-3.1245461607941856,0.4922342743003501,0.40947200323523114,0.6080317180628408,-1.3568895454441248,0.2136555747678036,0.3069181210844216,0.5052519926029563,0.4589901388208095,-0.08205023174944553,-0.23336386678291035,-0.16425871531840217,-0.7622477587603872,0.44026857060496527,0.006190427671054099,0.081663667440818,0.5758349651953889,-0.07669772746848134,-0.2096342477455438,-0.12958760014051923
2026-07-27,4.639560870563013,-3.7506942176029234,-0.3398551562465344,0.5125208529424725,0.3422819694686382,0.39639981310789957,-2.121119341901469,0.7241343438676878,0.4294983017842633,0.5164418858269237,-1.2005454601170462,0.6680024103093781,0.06938665094459447,0.3089861853656445,-1.2334950072755393,0.340345098130395,-0.184894320356089,-0.030126387976423363,-1.6063535454648035,0.35872085555343186,-0.006627123954947034,-0.044849264001189305,-0.5097342694164575,-0.16028353733245282,-0.36483637742227987,-0.3375010364015425,-0.17397901139264005,-0.2383670734232663,-0.21158151655146354,0.04290785572711526,-2.2875069186309602,0.5666956500673999,0.424794902525201,0.6008689516969482,-2.1186765141566397,0.44952643888225713,0.336775722810709,0.5043341978926911,-1.0140276593383102,0.07719865538718396,-0.208041394017134,-0.148729673840612,-1.1915036668377663,0.47066062896669014,0.03828286475159828,0.103038274634613,-0.24517931601865928,0.02335824285394843,-0.1980640825424796,-0.12186394953978434
2026-07-28,4.603179900425113,-3.6380970137900093,-0.06872294276498236,0.506030188532062,0.33917033871108293,0.3999082319571417,-0.954931794230457,0.7292923933678294,0.43867716976980314,0.5204549654896363,0.7916354313190173,0.5684842834626098,0.039670921572303175,0.28535664627020263,0.5900219290455201,0.28075908527058624,-0.19554908669830154,-0.03134823079454064,-1.07420369357735,0.41197411815642254,0.02882586665198539,-0.041402500797051864,0.09623946541625117,-0.17354183297592188,-0.37476346889030926,-0.40773729740050013,2.2250428857423747,-0.3562779199603715,-0.24896644299996495,0.02412312791113715,-1.749157674285391,0.593171006892712,0.4402039218913377,0.6087696006400287,-0.06330440102526402,0.4682099963949527,0.338857743194193,0.5033084613641551,1.326367887467136,-0.01393171583553293,-0.23295100930358528,-0.16540091808222673,-1.2905563713665376,0.5018801161631299,0.07214467425264288,0.1043196082171043,-0.7038857280933184,0.07363444171295465,-0.18414089715655263,-0.13593248664421978
2026-07-29,4.621434180080806,1.825427965569304,-1.5803452345857854,0.46478105097242184,0.30940616223287165,0.40736662621061615,-0.34732758514227147,0.7324093217300829,0.44073114248494477,0.5191501277411514,0.3823662503501115,0.5614099175673415,0.06045350654822949,0.2859292565015823,0.034773361610303866,0.24780348034999247,-0.17935047274844498,-0.03269732380681459,-0.05712953982463986,0.38718701587696625,0.03057922745637196,-0.052386078754408434,0.6723131020195838,-0.18421040869224029,-0.3872667967214166,-0.4029711458931451,0.8072454628951427,-0.2739263987292628,-0.2384440103722973,0.029658187463196952,-1.5874116983981952,0.5666952461108071,0.43222732247023377,0.5992114951017471,-0.9462138010683585,0.49058542888001916,0.3321565193236986,0.49739476936042387,-0.9387178310994879,0.034554694973482354,-0.2298414443654334,-0.16494986408304832,-0.2927452315571202,0.4586205172423818,0.06059267578183408,0.09775727089338264,1.0144994321570877,-0.024731302379223764,-0.19752064135078268,-0.13099057601890682
2026-07-30,4.66206594489837,4.063176481756425,1.6297708659196033,0.5020709283288273,0.3200107546127414,0.388977743398475,2.3551525918659264,0.7727960943965617,0.45187997464239404,0.5032660474869423,2.4463366691920414,0.6165052995346405,0.11957884902040898,0.270883244256267,1.177450891344899,0.45075978673323036,-0.14709179900047864,-0.001963106968832144,0.5171716101491843,0.4361000988715906,0.03713135116789997,0.00563616423215842,0.23314842078892806,-0.21833388437747847,-0.3749770666892755,-0.3764970496805384,1.852120103719792,-0.14934367487854253,-0.21856654659925923,0.035785501115811226,4.457729793275545,0.5838808280314842,0.4431232919305038,0.6028273027360567,2.1816961605954974,0.5616600908205596,0.36905346809947953,0.48412657952247057,0.7279980594349444,0.17509433637915287,-0.19118531765572416,-0.16809063896594836,-1.234987064587091,0.444979379597711,0.04291109904114757,0.10110719038732258,0.15859287550790313,-0.05490533885019724,-0.2067491128949875,-0.12646428395951667
2026-07-31,4.743929933292866,8.186398839449538,1.373695923528851,0.5450624336901825,0.3472775723324037,0.42755912407434543,3.137820347716336,0.8144623180288448,0.48825277894413927,0.5279972189486577,1.1071784986674915,0.6441900387998368,0.15666695356640137,0.2793814690725197,0.1805638056766723,0.4046863468562585,-0.14022947511292122,-0.006932811182039814,-0.06734488107939196,0.382983280562739,0.039044095690019785,0.014673303621863589,-0.5480813840216641,-0.2359757307913412,-0.364438086867566,-0.3727323641466714,0.9695445591921954,-0.08032119772259015,-0.1808193748132495,0.06658849073991431,5.820568893188669,0.6573307812003159,0.5035902335444603,0.6258052542345405,2.2043947459071322,0.5904501095808169,0.4028660430602567,0.49659786736834743,-2.6080205411120323,-0.08867828887435665,-0.27745532216900953,-0.2051769645492956,-1.3586743099199037,0.31633511720389795,-0.0019003296193443463,0.07361918891077342,0.426822088416416,0.03157296874357949,-0.1750170035473124,-0.10994711514715265
2026-08-03,4.682677632431211,-6.125230086165434,1.2099278535626061,0.4046330334275666,0.27404272110587613,0.37533963546417937,-1.2506153717943391,0.8092402084262085,0.49935796772598556,0.5093634522806589,-0.6598895648742669,0.6492100837408226,0.18639186229141974,0.24866812319941764,-0.29443580551656956,0.4203816169106755,-0.09202899701131846,-0.0018139428287497537,-0.24470229272456956,0.3747012854788128,0.06824420170741197,0.07456465432680588,0.117405799140336,-0.2638946836658463,-0.3785131198770848,-0.34088959834034577,0.7011537374590496,-0.11039771932292275,-0.20143383091519146,0.009948444022040433,-3.466440568160797,0.7093155825019757,0.5383323400889002,0.6271554474023655,-0.023025528164668962,0.5855747890111688,0.4009686545338772,0.46109449581780154,2.6048449822938915,-0.23836228816849356,-0.3352360580791478,-0.25970369725679354,-1.3115618789950934,0.3621907413390943,0.04201531276814316,0.13568490095656643,-1.7346701429906495,0.14614373226914992,-0.12464291257511499,-0.03923327857051025
2026-08-04,4.625804193676211,-5.687343875500073,0.7058856863976768,0.35524164779936246,0.19967952796199157,0.34971094460146307,-2.290221817597245,0.8250909766271063,0.49120336005664694,0.5217630223956795,-1.0262546845793348,0.6533021665259726,0.16111811791935468,0.2727829954273692,0.7969246843227102,0.24955816321215632,-0.15090263930876519,-0.004886760973556666,1.4636105261374337,0.1750255163272022,-0.04097203918875762,0.04429263668206959,0.2510753881921217,-0.2825613638486914,-0.3341441015505954,-0.3556316929547261,0.06454749136912308,-0.045590399065021936,-0.2401886260287839,-0.008326534156849108,-4.524616599507466,0.7480897949675469,0.5493991585360756,0.6413744344778433,-2.768663922390304,0.6349111814389532,0.4050792322736919,0.4912530643750798,2.2811892051093636,-0.3616271427255128,-0.42478036745129266,-0.2719633832838954,1.4231442250334845,0.1975356948933404,-0.040379917615758786,0.1423592600466348,-0.5664018194845759,0.04502201349333792,-0.06337367479425512,-0.04819835770927849
2026-08-05,4.615720053583209,-1.008414009300207,0.9008857275464909,0.30166730748244625,0.21131297911389094,0.3337672099818258,0.8028769670358848,0.8045235960359657,0.4938486147730153,0.516233097752864,-0.15856932959674563,0.7025046484538464,0.18320791138938583,0.2703954488493006,-0.6872638894027648,0.2740908351566829,-0.1368742364910671,-0.014041067906472856,-0.3801234066787139,0.12155093499508654,-0.03899200091600861,0.046709920506962994,0.7520313452280832,-0.2860228851883084,-0.33767467939670903,-0.3487560118422401,-3.5279400219189982,-0.02218109568208614,-0.2032164582546878,-0.02505659686689465,-1.0167477303908377,0.7391452377972424,0.5535942423700825,0.6378534813338476,1.6106658053620224,0.6129202978717835,0.39809594342118215,0.47571012303542826,1.2822656986503354,-0.4045996301078709,-0.42944315800251237,-0.29114149548512946,-3.574160383356323,0.16748692250710945,-0.021625152489799356,0.1382242700329968,0.5363865542982142,0.1056425315551906,-0.06658560573158433,-0.03665924936964389
2026-08-06,4.66860803332785,5.28879797446411,1.0335473464887839,0.3231366841713306,0.23288300274364104,0.33968915945594724,2.0577615249753247,0.8115894281050492,0.5127222697046495,0.5248604777528215,0.7334800297898463,0.7017415063117991,0.19556581919736266,0.2662498816194694,0.5960674547244129,0.292449400952,-0.12594671057750342,-0.01723416831353044,0.5122763876761698,0.15727453648542072,-0.031360998580412795,0.049944996728061755,-0.06089177969750725,-0.2695902547855525,-0.36174983613201095,-0.35028264249277696,-0.48714863452960966,-0.07167485925390209,-0.2141000019182994,-0.009857080921670496,1.8720781026095168,0.7585552053961319,0.552847791285405,0.65263172316753,1.1020838907857313,0.6030483647921048,0.4007699549734432,0.48999494897316964,0.9137532043332897,-0.38890617988476545,-0.40999858982653936,-0.28589437623108854,1.6027017444257057,0.2360090050492306,0.014939642637743477,0.1374217105705895,0.2372093058863678,0.1457274962441364,-0.07440874287443215,-0.043614906254097724
2026-08-07,4.656576537789215,-1.2031495538634474,-2.6848070855338175,0.3125408103246931,0.24295503752446485,0.3086473695621735,-1.3991256304275232,0.8096020043749639,0.520612813061342,0.5153088733315198,-1.0071488277620966,0.6934362930642949,0.20673436602113912,0.2446833211966296,-0.1443513788120958,0.2821553440586038,-0.1178540698508418,-0.038000452734178604,0.4041999390932802,0.1359796926118503,-0.032186805201446636,0.044708787824371904,-0.5043351189862721,-0.26929360707908157,-0.35201054344398647,-0.3325036928905528,-4.374341722994253,0.011702011157340483,-0.17233499843566294,-0.01738407765951452,-1.3418557069888544,0.7966851205242034,0.5570503231017494,0.6479311857287094,-0.9098385817183936,0.5994402484950107,0.40677645545250674,0.47386441309471994,-0.4815205970586174,-0.3770156218376962,-0.4087607833177886,-0.2976635103224907,0.13316516708118398,0.21915011867179743,0.01813489268990895,0.13388738758023405,0.2633046271725119,0.123488056153469,-0.06992906649205172,-0.03545646617202126
2026-08-10,4.69744967106635,4.08731332771346,1.0025143177041413,0.2944987555130793,0.21084141267547413,0.32987106956124795,0.9891621579776464,0.8057464150468626,0.5318125088711231,0.5344274398877529,0.7643954321387136,0.6992994143674033,0.2770141414545607,0.2582213470290602,1.1650124335193026,0.3150677593483527,-0.055188593426930645,-0.02341480143764829,0.6838993232663617,0.09675076456267494,-0.039328459043254396,0.055850974230680646,0.3389415239007998,-0.3338021183689576,-0.35438213669781893,-0.3259768606123825,-1.2155027140533312,-0.044420647646313115,-0.15533060786548553,-0.027540763518644033,0.3925258725672607,0.7798941389985412,0.5655189819203937,0.6442556533086824,0.2950345839967967,0.5730522371496519,0.3930665808823161,0.4764414261943028,0.5322354979491455,-0.41333261447873065,-0.3715023400124805,-0.3058430554106904,1.3135810385965634,0.21098979412130908,0.07999885667199856,0.14399870146618343,-1.3321191696007615,0.056864429281130155,-0.1375178020542693,-0.045365970949209064
2026-08-11,4.683216193479052,-1.423347758729765,-1.3602902656355713,0.2817772816050715,0.22781717894252065,0.3278254245517579,-0.9470611220109473,0.8028298233056953,0.5504486886513076,0.5418975208282749,-0.5133515338709633,0.6942357505565326,0.29253119668225025,0.2689293418107133,-0.16734988227812797,0.2935933064236865,-0.04492384156977709,-0.016859340959113237,0.984081844710594,0.041464520401388615,-0.045935691999875634,0.04969701478681259,-1.2000956290404448,-0.28277732476126866,-0.3299256990755445,-0.3338601543071187,-1.1065561823892969,-0.057856482416605126,-0.15551483732286428,-0.030186350617654855,-1.5167311798055456,0.7806271137637033,0.5809539996914406,0.6434118072307204,-2.474189031583721,0.5573337436583711,0.416510844489136,0.4903856695712396,-2.049376734143693,-0.41623258459854773,-0.3375218527705851,-0.28458425983721547,2.8527002137846083,0.15111022553913817,0.05626125829018458,0.12818817534141796,-0.27180582336702397,0.09179123137050663,-0.14168505508808824,-0.05649053514238014
2026-08-12,4.688742126161797,0.5525932682744816,-0.6836398628471998,0.22484978824659452,0.22123187011687964,0.3496040606185767,-0.10919247051792969,0.7886845119236487,0.5462542424763451,0.543679127486222,0.0803156198720445,0.6814320967866597,0.2880080422064339,0.17636406369267,-0.9769121072884226,0.23898354827978133,-0.030917681671770447,-0.07285020071008551,0.3401511533920578,-0.0650944999358412,-0.025953434172601382,0.09658075392054051,1.5246517802917503,-0.22784589781456874,-0.30347969193206953,-0.2087573989310635,-2.4810761652976865,-0.09373385191208376,-0.1555650397227367,-0.017545499766929425,-1.5390052267453185,0.7780263162833829,0.573604801897697,0.6039408052578825,0.002792405535337661,0.5539344908123899,0.410705632201166,0.4323153923555824,-0.07174545766937568,-0.49049089808237184,-0.3415273499174287,-0.3107666597467151,0.5811510867607583,0.0640339178515234,0.07334179560513945,0.13342401638914192,-0.03757640553952024,0.12781566975963568,-0.12306223394660927,0.040165438354144156
2026-08-13,4.638763976634427,-4.997814952737034,-0.8355858015031425,0.2581310540360363,0.2540760101156963,0.35076238638018553,-0.669609710342864,0.7781558316070376,0.5383822871464867,0.5416506582364623,0.5045994032022687,0.6134522315251966,0.24631433072964323,0.16740780112770665,0.0015449818026751494,0.23574101997874983,-0.004940456414280685,-0.07165747676967864,1.229713718246877,-0.15069820262107217,-0.037437138607408736,0.0688729935012556,2.6515079376687902,-0.35396626132146536,-0.33582570381543086,-0.2503573830455424,-1.2118149152940254,-0.041828765222421876,-0.10585909471903174,-0.03178878326586223,-1.4095023757704384,0.765656570148871,0.581217854086366,0.6044507879309903,-0.2639470931330401,0.5430622518983528,0.39269272124479115,0.4351279409933343,1.8217267110990014,-0.5301559641491398,-0.3572770793585064,-0.3183606931837088,0.59061998318488,-0.0058909868946762116,0.08459231829309698,0.12666983280758895,0.3791318552495745,0.08495052105571965,-0.08699732693140973,0.029741762518938824
2026-08-14,4.695136202484709,5.637222585028212,0.7301310554576064,0.3333615225762644,0.25429128761679765,0.3711408194471616,2.968888743481174,0.8433148917141653,0.5631595748181294,0.5639918628014126,2.469961131104294,0.6401501193904208,0.30166904180427667,0.23344702194816522,0.8650084296605856,0.3474974328030647,0.05534679784585996,-0.014772097879202906,0.9489347992805666,-0.022558671415718146,0.029295128627194297,0.11683759931217265,0.8875182762747138,-0.296274705521455,-0.2767591112261283,-0.2390043250966288,3.3750706197032834,0.1155063976752788,-0.028146678452642508,0.018454456417001136,3.22211914236959,0.8378636777247043,0.6118803479573094,0.6065782910671025,4.633201327433543,0.7125357125784005,0.4312541624490847,0.47112376304339587,1.0045036759830048,-0.4540158377616306,-0.3436656785592953,-0.26923661094556617,-2.825540209547693,-0.11396311553889257,0.056447673235057616,0.09280333093763038,0.693261916094368,0.0771768791464874,-0.0454907912336403,0.03697343960077014
2026-08-17,4.722941845416152,2.7805642931443053,0.19840699114972288,0.3699513105673489,0.24574253976202484,0.32673952302951126,0.25289054441611836,0.8786730377508963,0.5624082689994906,0.5368040633354461,0.33533307322435524,0.6815703903489707,0.3049807774564475,0.17241168179164798,1.2598725063414273,0.41167800313950076,0.054927158208240325,-0.11378483701355682,-0.2221690415763521,0.027197569563231473,-0.0035204603639876703,0.010792862817480483,-2.569860505386816,-0.325834054240319,-0.2832447405405294,-0.2718348305192386,1.8015829257712672,0.23765888138226982,-0.018170101629994117,-0.007614954404237356,1.9457796376084737,0.8720659397613441,0.6418586217028405,0.5945567399383413,0.841585070315904,0.6921104032508231,0.4405698948220834,0.417573981438746,-0.5951608495175427,-0.4738026829557053,-0.3654830837297843,-0.38543077434895384,-0.8779812132359872,-0.06015027161554007,0.03299770270062106,-0.030945221375459266,-3.1863802145151805,-0.013882651291176914,-0.090001494539968,-0.029373662398635786
2026-08-18,4.7050558564406355,-1.7885988975516298,0.3550926875978879,0.3594982020539196,0.29006759523888787,0.3288442319922008,-1.0070226925505534,0.8862581739999359,0.6006063348004206,0.5418618480460035,-1.5002748073440992,0.685688513063951,0.3722369501773318,0.18888892792354778,-0.8858787480299456,0.40694377103162543,0.13040329555499378,-0.09805762494722732,-1.2884038947452865,0.06792609668869236,0.1082902367303051,0.024781244618369114,-1.0711400437159329,-0.27126379148865337,-0.21886244423796683,-0.2731767258005601,1.889318888544704,0.1891935053208691,-0.037118047958482836,-0.01446686981984322,0.011275929920550487,0.8886239707396393,0.6438853093452318,0.594195629477538,-2.3216541711063425,0.6955651546449502,0.4894774626212821,0.4343613854787826,-1.6263171568300119,-0.4549158337899004,-0.30836931057516415,-0.3685841755758508,-0.6424197594973872,-0.06706297984272576,0.10552556429936732,-0.027198497424473767,-1.0464736331066922,0.021236359283673477,-0.01770882795479845,-0.023307797524607973
2026-08-19,4.651558782051186,-5.3497074389449395,-0.36039891218216,0.37637468062501467,0.30304625658069034,0.3309568173256075,-2.9814512517426817,0.9066624842860783,0.6268878868876504,0.5615118959000492,-2.448519118928787,0.7285964929146169,0.4206828543328154,0.23018898028172863,-1.475483925009072,0.4704394809949537,0.18969781159682214,-0.06500837800078797,-2.1629930456868642,0.1936378383479874,0.19486855294981625,0.06842583634302347,-0.9824560062482048,-0.17085080119139254,-0.16548763069170191,-0.24330951921573749,-0.5145595106302081,0.1992224687451371,-0.02648174667684945,-0.022789668836734788,-3.2575009248675455,0.8971463539554333,0.6991590700806204,0.6085225998310791,-2.372070143155379,0.7374146468732022,0.5166465827415898,0.46110251736458535,-0.8939020929278081,-0.38566877176097175,-0.2708028567399789,-0.34316523308775515,-2.3836936971272253,-0.04806039384917216,0.1567776981462569,0.005530937644064724,-1.3167738211786593,0.11609845429119645,0.026144753001813275,-0.002575340539940667
2026-08-20,4.697110926425277,4.555214437409116,-0.8139758136038416,0.2833621223106851,0.36052223315233084,0.3100393868172793,1.3996180605426751,0.9037994667992894,0.7256334340550286,0.5854146886589003,0.3701599644653904,0.711111189902373,0.5386270525950877,0.289403072683149,-0.9026632154843017,0.4251313167356536,0.27396513834621516,-0.026978350069390353,-0.4527238310434835,0.2474980756034659,0.23127013452852854,0.03936376945862249,-0.1254110146704227,-0.10402122167343647,-0.1683720685223746,-0.27367134656528364,0.018060299310531214,0.18427682915021334,0.033048953267907216,-0.017046819302074682,-0.06771402172382712,0.872699006209853,0.7268072657048217,0.594951363011325,-0.23805508495718658,0.692782389112196,0.5208963926404734,0.46111367452293395,-0.7567669601145148,-0.363511964264727,-0.22248136679083447,-0.2842378022125838,-0.4804893682035162,-0.015329073770991299,0.20592309472696055,-0.007269003130960761,1.582990334623939,0.29324060784812744,0.11041133787645874,-0.049548815555779696
2026-08-21,4.736912975023348,3.980204859807035,0.14654779331402112,0.2727597633926663,0.3546568884495711,0.3116442676884842,0.7046857034649667,0.9023791213758862,0.739680984530181,0.590901233822342,0.16588551391230527,0.6949198938013216,0.5335384530291283,0.3111474277770098,-0.4691145027304016,0.3788822466424106,0.25893669310961176,-0.016612959034936668,-0.6441842900159587,0.2105667691950364,0.21319484172922104,0.04849591903245988,0.48065210994951557,-0.07096237723630124,-0.1532009634648195,-0.2589228250688771,0.13272986673135045,0.22841003992958586,0.03383919727474541,-0.013978181766759013,-0.6568730945919389,0.8501539609187635,0.7135791552129416,0.5870628116158232,0.07561069253414077,0.6768972770299553,0.512470468798214,0.4618961438549236,0.6085941920640403,-0.3347075592789816,-0.2334668154482366,-0.2742447496197995,0.37912501387107167,0.0034022699265782875,0.216424585656841,0.010019253825303422,-0.5860657404280564,0.30345770402540945,0.1294312747286507,-0.04982476161308375
2026-08-24,4.70306802878554,-3.3844946237807427,0.31561793288392614,0.24656863006841878,0.3531086292486897,0.30522794699325123,-1.4189168051640415,0.9025911200247332,0.8235184836627739,0.6000159117949955,-1.7077517324467713,0.692807697249133,0.6598595613578003,0.33234169235547584,-0.9823253685812512,0.3682643462669863,0.35719882038805123,-0.002873703766720736,-0.6669697512828889,0.1711748652338433,0.2541945124058338,0.05285454284073,-0.7388858623333183,-0.06360391968941041,-0.11101484355251806,-0.24025312175672453,-0.10581695261048996,0.22749386468909347,0.025962512643329248,-0.013398744088670858,-2.12998575980047,0.8494573658671652,0.7345034246441069,0.5924074976331546,-1.3556020014833887,0.6695334719887035,0.5897849841775,0.4711996574417628,-0.4337774873343838,-0.36209423434707877,-0.19896667100328294,-0.26883830978570755,0.052295941752736,-0.03389927348197812,0.21056590728743824,0.015395820923562367,-1.3529575770052673,0.34239772293876397,0.19871523276778824,-0.028874281850872815
2026-08-25,4.637650514625964,-6.541751415957631,-0.5526769955981815,0.272260094730739,0.36742840539302213,0.31160148945992056,-0.8137677869277555,0.8820212249678223,0.8108217788569805,0.6010473121879389,0.07522918806496004,0.6963995842268842,0.6350807432113863,0.32117093572701116,-0.14942605592211844,0.4042635595556869,0.35439870164850257,0.003625053097808683,-0.33024135002575683,0.14500863670909953,0.2607731407766857,0.06625086866885842,0.5186564881089889,-0.09307743288157887,-0.13501007488685982,-0.2537259179388817,-0.2895929362667873,0.2911602048889661,0.0214132906604244,-0.011682053985434888,-0.33755940516652805,0.7982405725523047,0.7123624449697351,0.5837691685481092,1.428567566539933,0.5709001475165363,0.536839821644437,0.4366074709030792,0.7885926586497631,-0.3510284233306742,-0.21706093553987502,-0.27917254462267715,-0.39860358358321313,-0.05734284722766601,0.21142566465180096,0.02750606375242358,-1.5070131978429566,0.38622449956692667,0.24765941361052138,0.0003891707833299714
2026-08-26,4.662374260163142,2.4723745537178488,-0.7433848546149728,0.2928592159707854,0.361959076968785,0.29819097478018525,0.31118377090240323,0.8885778587397066,0.8161226333556529,0.6048603385760563,1.0636565939376255,0.6996091623930804,0.638085729678354,0.3402749857473311,0.5359114440751296,0.41453654069480345,0.3447838958853173,0.02876072336129963,-0.13173484441982075,0.14149573860372727,0.24337828305529685,0.06653744875671606,0.2940199906151295,-0.09815188346025311,-0.1374124499216372,-0.2619315679358312,-1.5704404571322095,0.2594336329957422,0.06567114530756338,-0.018494952229446242,0.7496486012281133,0.8184655017728905,0.7097361356414001,0.5874105705387425,1.8082029912772943,0.5957017711136171,0.5569116408409964,0.443666878904317,1.7991739326965086,-0.29858341611784533,-0.17608799621550694,-0.25765556520922966,0.5578250318452926,-0.04244026126686949,0.18245645415942463,0.024181530821740266,-1.1844621187103421,0.35488600324764036,0.19772615520912484,-0.019262493416469014
2026-08-27,4.670296243202308,0.7921983039165248,-1.3982002818169281,0.22167320463153214,0.3466564738725299,0.2840067202887202,-0.6568554071997215,0.8798838661239365,0.8280313979613553,0.6003247443268389,-0.5410659531925313,0.6894516494348178,0.6602648429181854,0.34325512443032724,-0.2585251336997345,0.3734237399229384,0.4135399670933207,0.029753187407343964,-1.0127254045880798,0.10465582855601159,0.25045464661116545,0.060710394293936334,-1.682896075084333,-0.1167098280900035,-0.15569268833411531,-0.2619721513770204,-1.068310750117456,0.2136258229671429,0.09072730612800034,-0.0303908478132344,0.1884178276740287,0.8255061023340305,0.7052601293275146,0.583799369103568,-0.7237494474864961,0.568444834789617,0.570636485196479,0.4524348751958498,0.25421019933753597,-0.3215571897490047,-0.13818492566457052,-0.24668458767223417,0.058656011478668946,-0.012810720087801977,0.19233926537245136,0.02716637839110402,-1.5953818517422813,0.32049177870807455,0.17215538241467745,-0.029997009119060527
2026-08-28,4.721004091735324,5.070784853301635,0.21896771141081617,0.11709043108665526,0.34502779879443324,0.27404692088860466,0.34293528141788787,0.8364958207241826,0.8219585548087988,0.5913845207678766,-0.2383867070972161,0.6321575179239767,0.6444545197188312,0.3316046481328902,-0.4653784542848127,0.3272630806747069,0.38676095896811125,0.01597347492431999,-0.14617634218268805,0.1058483731832311,0.24226421508709017,0.06260546709599989,-0.9646982095194048,-0.129931305958017,-0.17575833767472815,-0.2637167735511287,2.164277950432928,0.2299240319980756,0.12645848334407953,-0.007412637542920081,1.9788440276604833,0.8064156167001064,0.7117543369230859,0.5891721836819828,1.3442410720363873,0.5390336141880805,0.5779418147703729,0.4584709862281557,-0.45425967414243207,-0.1849925177670673,-0.15274832940602528,-0.25467036427202194,-0.006721711280671894,0.07193967631829357,0.1911265970375673,0.027071329458798418,-0.8206645927117666,0.23729339214314413,0.1611615292501293,-0.038203379642593606
2026-08-31,4.756970328795557,3.596623706023294,-0.7050766613736223,0.22041931843653234,0.3254231470910557,0.2565448869071293,1.753402727375773,0.843413992633471,0.824863344605481,0.5964730269955357,2.0603315368036226,0.6468922038795841,0.6464124133245249,0.3505400582098778,1.174365822493859,0.36949522732547435,0.4001215231576689,0.055661539571821884,0.9128936046752223,0.13421044219874123,0.2566737502766003,0.08832330656082144,-0.3385826287558593,-0.1278741369070074,-0.17958885893655838,-0.27256057995220145,0.15829173451874567,0.30334538128333316,0.1282561672255349,-0.004512291090842598,1.6065525500661617,0.7896537016539501,0.7212236988082288,0.5933325335071934,1.7579665032837184,0.5888228616846126,0.5884434670974227,0.46756862085954404,1.7713898965716335,0.00735027318917359,-0.125518018042811,-0.2322491274770189,0.9222605674112513,0.040473118046873466,0.20446407421293625,0.0414716501037309,-0.7045232903262688,0.16489124816358683,0.15926382937768083,-0.043832151069769704
2026-09-01,4.794079178561005,3.710884976544815,2.186530400066723,0.36909497295629995,0.3390148175873008,0.24663793489589886,2.652359718755984,0.8138939123885373,0.8201501485772337,0.5932782990438469,1.565660417053683,0.6438116732323402,0.6404469420347202,0.3346844365398735,-0.047074620854847815,0.49625684664865516,0.3638738650394897,0.03392051266123818,-2.2198440538377757,0.17686810757382543,0.1703030955617879,0.02106170856582671,-2.24600141966535,-0.1644179762230868,-0.20395281588355868,-0.2577019655541999,3.618731885510224,0.38461247419364913,0.18236593503191068,0.009172428620578151,2.7004776858151267,0.7606940852785835,0.7227300028003334,0.5839341539563968,2.012140802753632,0.5465385884492301,0.5875162965515882,0.4529570793050041,-0.14984409023344014,0.15416670484106565,-0.15035176709490983,-0.2637300542083707,-4.967925682772304,0.001030681140772731,0.09532084850637991,-0.03192451484204089,-2.2965637619949346,0.10563283875862636,0.07338117558721122,-0.030505089602108515
2026-09-02,4.793095847311237,-0.09833312497677937,-1.248274465757406,0.4109939461312015,0.31743395181415524,0.2571048440438895,-1.6043326623787202,0.8192511634253835,0.8113250503343733,0.5963849163183673,-1.9055863744438817,0.6226940798570264,0.6443803943210555,0.3450024916380657,-1.5592915074381821,0.4716436846013257,0.3574652668246714,0.04092054398812873,0.011264960802095825,0.16980110143888946,0.14093557198176043,0.020270275151381002,0.19155737710377574,-0.1512625759549204,-0.20418862928051223,-0.25872815858354375,-0.8154902154747776,0.3747014203161208,0.1753422569487974,0.014031936465675996,-3.692354843777318,0.703631610575313,0.7020481866470819,0.5751990105813416,-3.1260647743706116,0.5537715449446335,0.5643356328141714,0.4444031849579248,-2.8154702710860255,0.1915127719347082,-0.14771861503748263,-0.24749087677605014,0.18087821933625303,-0.052947296030059515,0.07047299267130179,-0.03200298626254785,1.2765132603347134,0.10572536634918484,0.09611080588137529,-0.03311972253077855
2026-09-03,4.761016174141788,-3.2079673169449485,-0.8767384555989792,0.37729640607502946,0.3355099011218504,0.26804969810961154,-1.4376241559398721,0.8130546059090012,0.8116591452114049,0.6015630425869121,-0.9011762310507265,0.626847697603307,0.6436094695487696,0.3505758496391073,-0.8650082161086723,0.4642161496133767,0.37367463124841965,0.05117789806759709,-1.4930587844802874,0.18908259931374607,0.17375136574399833,0.03523474210355597,-1.3112195566911353,-0.12050146777007889,-0.1705013979486482,-0.24853211853694243,-0.23543032678523845,0.39617031498400757,0.16458453167375367,0.009294003540557086,-2.4902066723926817,0.7024774807852514,0.7239945730333713,0.5788146074044549,-1.1486319370356992,0.5558786655617298,0.5723648324413598,0.44840803341924124,0.5847752375849282,0.11832871176276522,-0.1622458090334828,-0.25625154845162423,-1.0544062489242236,-0.09975698432854906,0.08303027447090411,-0.020175508699706652,-1.2322642399049277,0.0834315866474687,0.11397707627828702,-0.03276912444051813
2026-09-04,4.782148984047465,2.113280990567734,-0.5674613847404064,0.3707366060123452,0.3212510872849728,0.2670187289439553,-0.6472530058036127,0.7974332445453985,0.80299366789653,0.6027002029506657,-0.7449042222281345,0.6023587372964098,0.628185488548317,0.34632351661605404,-0.5552859423316228,0.4570775534080248,0.35611399946211025,0.051484782321010926,-0.4033582607578288,0.20568117154455628,0.16469829769909838,0.034491352398001884,0.7899745874807715,-0.10334955847334755,-0.1644624510148102,-0.23848108429511677,-1.1699683898852402,0.3796578166077227,0.17293289877684023,0.004671817954818645,-0.432550094777024,0.6932830648848819,0.7487693371379149,0.5786410008638745,-0.2863509760975725,0.5449045569532002,0.5621510605381631,0.44671559967071556,-0.5950962826668988,0.10071304404846991,-0.1708579916816977,-0.2594372737638831,0.27822631067146814,-0.08571981606517377,0.08156609391492448,-0.015705869402074336,-0.8991024208974884,0.10357715699965332,0.10585308763235737,-0.031318795228605464
2026-09-08,4.803288461075598,2.1139477028133236,0.6845757641764288,0.3384539723457662,0.3019806903458408,0.24207197726598173,1.0206501346892192,0.7928201543887903,0.7999037852643793,0.6107598222054522,0.4908029927392512,0.5948074107460883,0.627340252644429,0.3908622370193829,0.455964194246989,0.4250255918653754,0.3517144551279144,0.08884541147070732,0.5014075211575357,0.17934389818519966,0.1349618446718128,0.029140148152594643,0.6803015912835007,-0.11180442128222023,-0.18797813096575974,-0.23669857231062488,1.9952388787040447,0.4453304640202424,0.16912922722891033,0.03569360606940104,0.8540673373674273,0.6986499069276847,0.7442403716276575,0.5927251547797334,1.0260306609528704,0.5555090510188725,0.5568312320541008,0.44660690719506424,0.03259281163569594,0.08075216028891836,-0.19904131056303623,-0.2324970649220092,0.2759668947609377,-0.13186422625458397,0.057607779780920555,0.016641117437069048,1.346404866622291,0.15996731926289842,0.10817238042382549,-0.046042774684103026
2026-09-09,4.835583341685883,3.2294880610284515,0.23843584825619213,0.3308495495367109,0.2888681899274865,0.24624630119559282,1.7238021189982176,0.7936510203415557,0.7988318312695212,0.6258397786504778,1.140741741132304,0.6033888516120296,0.6266657898531566,0.4044738045214532,0.07167167593504331,0.44010961892215045,0.34161548361370214,0.09193688430465857,-0.35837667202670076,0.22845639354935604,0.1224809805464854,0.028022756074400735,-1.016048854166368,-0.15472099351098786,-0.1962964348313255,-0.24799755509465032,1.7927939150212897,0.45017525001056563,0.1692079374774126,0.046012731274316106,0.8723832464511712,0.6982336413358166,0.7439268379553848,0.6009866215552296,0.018778624312290937,0.5386832222550807,0.5453659277409458,0.4547736333020896,-1.2232301805888706,-0.00017281473474436662,-0.24370537404965364,-0.24192112832309146,-0.053754290887292555,-0.0717696029804764,0.05915154408121525,0.01685313731634971,0.7649605932075714,0.2020028138184735,0.1471583752377936,-0.041809719126131906
2026-09-10,4.94324094777158,10.765760608569686,2.094063002102246,0.5100243159697608,0.3479903213331818,0.30546080278953436,3.123028152841399,0.8308716445445995,0.8114892957391324,0.6527470997088054,-0.07394743989318364,0.5101701607155306,0.5684020488047998,0.3767001347786205,-2.4539248621411205,0.05214666392478937,0.10606173150773002,-0.02019445230454594,-1.7192977457996101,0.037873004022120994,-0.027302974260029693,-0.024883527334311446,-1.2401710522320766,-0.21792812764171668,-0.2245081025263111,-0.2707032851488732,5.3274335078800545,0.6347844709761904,0.2830447425280761,0.16266172666122047,3.1444379027219522,0.7483415976310906,0.7531785133018242,0.6101242745012659,-0.717408486427936,0.4034913109971692,0.4696738741116063,0.40217331792638655,-3.759993346497504,-0.29517226894912185,-0.39369620841272857,-0.3312074859788435,-1.3484465273784636,-0.12529680608871863,-0.03338855839682866,-0.0007760617357201827,-0.6863635029212478,0.16887481679559044,0.1470699150304371,-0.03646099111394963
2026-09-11,4.97408499141622,3.0844043644639996,-1.0086354552800634,0.44938144502709165,0.32622561102996894,0.30131502193734,-1.4315433562017152,0.800146083689767,0.785957553949189,0.6315639128549747,-1.9924791037296035,0.518570954780361,0.521419670126455,0.34014301384984247,-0.2616035727442205,0.08766104482979534,0.09975041725743548,-0.005026845217458352,0.6018946022460128,0.22271478236463943,-0.01896015420420194,0.0067790217604000325,0.47767783261335994,-0.009005910276971172,-0.21464419555468314,-0.23904562371486804,1.3559310713159043,0.6062346443230447,0.298111373469125,0.18857140753002996,-4.384374772847216,0.619616412239834,0.6975994014185374,0.5741554849074317,-5.974910600383305,0.27859624211699613,0.36898081160276364,0.3189503947197261,-2.3118088910010473,-0.2192630896770279,-0.4037987354564794,-0.3272474143776389,1.41517797058432,-0.03452436120258663,-0.03711593772795176,0.028620511241435245,2.38050856874306,0.2582308366084552,0.17390077325337375,0.021812167981534163
2026-09-14,4.959815919318036,-1.4269072098183955,-1.3455423579239167,0.4475448006003974,0.3740566830563016,0.30136232737188745,-1.730696008872483,0.7976843679068225,0.8159687992942422,0.6340723031155998,-2.2591571839512814,0.4987357303524068,0.5244789178034979,0.3480879109481819,-1.7238523871893912,0.06852118493271936,0.15646662168524286,0.027710809133665238,-1.7095709712842708,0.18945706391995068,0.049128076670372244,0.041482351721235454,0.022411842342426547,-0.10696995652798731,-0.21886745605981023,-0.23135845004872607,-1.4797823433271038,0.5928081239199682,0.3372033605896547,0.19703740841913983,-3.9661176781851553,0.6019867231404369,0.7300570708396878,0.5839352853841394,-2.0593614075602336,0.21948752229913943,0.4409964924112462,0.32329753344462436,-0.7324956197044544,-0.2791930971071514,-0.37276342911866495,-0.33244541830251345,-2.367337122638816,0.09966146658276004,-0.02598424760826556,0.05601315231256212,-0.8235490318458369,0.2258631301614011,0.1492623718770052,0.035273419810939684
2026-09-15,4.994720030699652,3.4904111381615976,-3.5030444061872594,0.27947956182058664,0.2983029838269718,0.2356838233435515,-2.8213862481503615,0.6944213557006832,0.7709267594828054,0.5962976469065481,-1.5573509313899312,0.4562168962905708,0.5023341460879827,0.3305090226701144,-0.5573094478147136,0.035357765159615126,0.15407818687753866,0.011110281833551115,0.46954006639771184,0.2074565960506729,0.07504722063056218,0.031582987620885655,-0.10254484778091211,-0.06431422506652129,-0.2265253691459226,-0.22664890583643232,-5.614606623942736,0.38551651299995326,0.31681508626734145,0.1464698061814051,-4.281994992889398,0.512418592476147,0.6923223032340852,0.570275231768581,-3.13255085663392,0.16532021725865353,0.38109706631024654,0.3028525091140954,-0.9006685749421248,-0.28406638780310095,-0.38965785214387105,-0.34639282192853477,-0.13195213797135352,0.1114253150077512,0.009253579121769079,0.04397096724127159,-0.7890309504097823,0.28412393282151477,0.13950483011457404,0.02107217448537583
2026-09-16,5.0030040471972805,0.8284016497628777,-0.4999542481069408,0.3119862013956968,0.2951634992881968,0.25945685942844576,-1.777078431177693,0.6821162519809968,0.7620236176471975,0.6092488619052298,-1.0821531992811424,0.4383046318978602,0.49822089674397163,0.35542454097152487,-1.5703452736161023,0.02912216948739579,0.13415702566001553,0.03513899890946971,-0.8915332602638656,0.1839974118519262,0.06920657705089496,0.07540887849872667,0.5621286686226784,-0.10611171170306329,-0.2140404495747845,-0.19901137803676094,-4.399141364490259,0.40577756793865555,0.29604010884455384,0.144232531924437,-1.5711436454492127,0.536187134348774,0.6979597305618911,0.5664995668297399,-1.3198773795446082,0.13861913847164642,0.3774479409307451,0.31872163492033734,-1.689208287681689,-0.31448388378523273,-0.40478195078491774,-0.32751882769770324,-0.8752012232201568,0.11069176142336201,0.0025439148331906605,0.0850993146698199,0.6114651029362074,0.2582351540482976,0.14545535090701547,0.06114596025178672
2026-09-17,4.944651202394219,-5.8352844803061465,-1.1513350094892094,0.36574783890566204,0.31609268460652534,0.2829055986490879,-0.7374066855772545,0.6039251255265337,0.7541186306835649,0.6082628187860619,-0.7278179643864067,0.3411434864518702,0.5007885380416464,0.3637919180358438,-0.07472252452621442,-0.12000455194434097,0.11374951103599411,0.035530251569753514,0.1717617153825599,-0.05503171518014044,0.04052911337781765,0.07326435628208972,-1.2707542755744994,-0.06818126421772781,-0.14993966867637903,-0.15070878160122245,-6.045068399160432,0.5406845300335712,0.36292815125561556,0.2101615951224299,0.9373734674371006,0.3756823700593956,0.6503190140559518,0.5721294945012513,0.8617995270741474,-0.00907669899064653,0.342994137030099,0.2999396280243069,0.6462167986556897,-0.4076590259011424,-0.41572122066213857,-0.3328242047749924,-1.0295532929403106,0.028918678313862255,-0.007169990644350806,0.10285982775998793,-2.3972270374602145,0.32508756246874715,0.2190781480900427,0.1133316267247189
2026-09-18,4.995056686268015,5.040548387379573,3.775541109996464,0.4255782667733318,0.3371470366806363,0.36909211041231615,4.935586686416953,0.5880754876964027,0.7366244401853757,0.6700287462651691,2.0574947397273275,0.37420519575053257,0.5098475899311268,0.45836405950580045,1.1875742324362242,-0.00878336592556841,0.155029012584046,0.13683904955159498,0.8673689941613123,0.01628878245358852,0.0967063532928095,0.12939115259804448,-1.365384433684032,-0.1262765435868248,-0.1482415783591766,-0.16697178647163763,3.5784471369358952,0.5701730649828792,0.3845795355528486,0.27683798927493025,4.057525243042717,0.4175249846851308,0.6534379519215718,0.6065170162186052,2.6032502393230716,0.05356349837291374,0.3477667067344897,0.3239384364896558,-1.0293834217989115,-0.4144350273118976,-0.41037405417147593,-0.3015777435028184,0.08880280983148836,0.04756980920048725,0.018064368857489098,0.14631899993654363,-0.707650302377536,0.271718267174285,0.24729049102398118,0.14755067128130483
2026-09-21,4.961259933442425,-3.3796752825590026,3.775541109996464,0.22795946296409436,0.23523232609672465,0.2812183920633866,4.935586686416953,0.37024922036211705,0.6051860280060309,0.5782439940858869,2.0574947397273275,0.23853307504283067,0.43827377776206383,0.4064662942325377,1.1875742324362242,-0.09871779320837137,0.10585296445329595,0.11141742116903905,0.8673689941613123,-0.05325674127712883,0.06800188369480287,0.11098814228653578,-1.365384433684032,-0.09978679384560175,-0.10581826703823358,-0.1383785155264457,3.5784471369358952,0.46352217255613815,0.35848145610575183,0.23338205185042055,4.057525243042717,0.2924492669764601,0.5756212829750957,0.5579552989436358,2.6032502393230716,-0.032206275863631055,0.2939305107580089,0.28753087371411834,-1.0293834217989115,-0.416257692550663,-0.38483420568576676,-0.2984663649909112,0.08880280983148836,0.005477093825507265,0.004773613415524333,0.14693152156969774,-0.707650302377536,0.273000270454156,0.2707969347371569,0.1739913713716432
